sid,name,season,basin,genesis_date,month,year,lmi_latitude,lmi_longitude,max_wind_kt,min_pressure_mb,wind_source,category,landfall,decade
1980001S13173,Peni,1980,SP,1980-01-01,1,1980,-17.5,175.8,65,970,usa_1min,1,False,1980
1980003S15137,Paul,1980,SP,1980-01-02,1,1980,-21.5,149.1,60,985,usa_1min,0,True,1980
1980005S14120,Amy,1980,SI,1980-01-04,1,1980,-18.9,119.1,100,915,usa_1min,3,True,1980
1980015S18060,Hyacinthe,1980,SI,1980-01-15,1,1980,-20.8,52.4,70,,usa_1min,1,False,1980
1980018S10130,Brian,1980,SI,1980-01-18,1,1980,-17.3,107.4,90,930,usa_1min,2,False,1980
1980021S10090,Clara,1980,SI,1980-01-21,1,1980,-19,110.9,60,980,wmo,0,False,1980
1980027S11129,Dean,1980,SI,1980-01-27,1,1980,-17.6,117.5,85,930,usa_1min,2,True,1980
1980032S14071,Jacinthe,1980,SI,1980-02-01,2,1980,-19.6,60.7,100,,usa_1min,3,False,1980
1980033S12161,Rae,1980,SP,1980-02-02,2,1980,-16.9,172.4,40,990,usa_1min,0,False,1980
1980042S17149,Ruth,1980,SP,1980-02-11,2,1980,-19.1,158.6,55,980,usa_1min,0,False,1980
1980043S16131,Enid,1980,SI,1980-02-12,2,1980,-18.1,120.9,80,930,usa_1min,1,True,1980
1980051S12102,Fred,1980,SI,1980-02-20,2,1980,-16.7,90.9,95,930,usa_1min,2,False,1980
1980052S16155,Simon,1980,SP,1980-02-21,2,1980,-20.7,151.9,100,950,usa_1min,3,True,1980
1980056S15059,Kolia,1980,SI,1980-02-25,2,1980,-14.6,59.3,60,,usa_1min,0,True,1980
1980068S13068,Laure,1980,SI,1980-03-08,3,1980,-19.2,57.8,100,,usa_1min,3,False,1980
1980069S12161,Sina,1980,SP,1980-03-09,3,1980,-23.9,165.8,70,970,usa_1min,1,True,1980
1980073S09133,Doris:Gloria,1980,SI,1980-03-12,3,1980,-18.2,99.9,110,955,usa_1min,3,True,1980
1980075S11072,Unnamed,1980,SI,1980-03-14,3,1980,-12.6,64.9,40,,usa_1min,0,True,1980
1980081S12170,Tia,1980,SP,1980-03-21,3,1980,-16.7,179.5,60,980,usa_1min,0,True,1980
1980085S09170,Val,1980,SP,1980-03-25,3,1980,-15,183,60,980,usa_1min,0,False,1980
1980088S14140,Unnamed,1980,SP,1980-03-27,3,1980,-12.2,138.1,40,995,wmo,0,False,1980
1980092S15183,Wally,1980,SP,1980-04-01,4,1980,-15.3,178.7,50,995,usa_1min,0,True,1980
1980094N02179,Carmen,1980,EP,1980-04-03,4,1980,14.6,177.1,60,985,usa_1min,0,False,1980
1980126N08150,Dom,1980,WP,1980-05-05,5,1980,16.4,123.6,90,960,usa_1min,2,False,1980
1980133N07149,Ellen,1980,WP,1980-05-11,5,1980,12.1,141.4,110,930,usa_1min,3,False,1980
1980137N04158,Forrest,1980,WP,1980-05-16,5,1980,12.7,126.4,55,992,usa_1min,0,True,1980
1980140N16116,Georgia,1980,WP,1980-05-19,5,1980,19.6,114.6,55,980,usa_1min,0,True,1980
1980161N09249,Agatha,1980,EP,1980-06-09,6,1980,12.8,-118.7,100,,usa_1min,3,False,1980
1980169N12250,Blas,1980,EP,1980-06-16,6,1980,12.3,-110.5,50,,usa_1min,0,False,1980
1980171N06142,Herbert,1980,WP,1980-06-19,6,1980,14.9,113.9,50,990,usa_1min,0,True,1980
1980177N13259,Celia,1980,EP,1980-06-25,6,1980,15.3,-108.3,65,,usa_1min,1,False,1980
1980183N13250,Darby,1980,EP,1980-07-01,7,1980,13.3,-120,45,,usa_1min,0,False,1980
1980187N09146,Ida,1980,WP,1980-07-05,7,1980,19.3,124.4,60,980,usa_1min,0,True,1980
1980194N16252,Estelle,1980,EP,1980-07-12,7,1980,15.7,-108.8,40,,usa_1min,0,False,1980
1980197N07154,Joe,1980,WP,1980-07-15,7,1980,16.5,123.7,105,940,usa_1min,3,True,1980
1980200N13249,Frank,1980,EP,1980-07-18,7,1980,17.3,-115.7,45,,usa_1min,0,False,1980
1980201N08155,Kim,1980,WP,1980-07-19,7,1980,15.5,124.5,130,910,usa_1min,4,True,1980
1980208N23153,Lex,1980,WP,1980-07-26,7,1980,25.5,144.3,80,960,usa_1min,1,True,1980
1980210N17251,Georgette,1980,EP,1980-07-28,7,1980,19.9,-114.5,65,,usa_1min,1,False,1980
1980213N11256,Howard,1980,EP,1980-07-31,7,1980,18.6,-116.7,90,,usa_1min,2,False,1980
1980214N11330,Allen,1980,NA,1980-07-31,7,1980,21.8,-86.4,165,899,usa_1min,5,True,1980
1980219N15258,Isis,1980,EP,1980-08-05,8,1980,19.6,-110.3,85,,usa_1min,2,False,1980
1980219N15165,Marge,1980,WP,1980-08-06,8,1980,21.3,155.1,110,945,usa_1min,3,False,1980
1980227N13325,Bonnie,1980,NA,1980-08-14,8,1980,23.7,-38.9,85,975,usa_1min,2,False,1980
1980234N36287,Charley,1980,NA,1980-08-20,8,1980,38.9,-66.7,70,989,usa_1min,1,False,1980
1980236N13255,Javier,1980,EP,1980-08-22,8,1980,16.7,-114.1,100,,usa_1min,3,False,1980
1980236N15144,Norris,1980,WP,1980-08-23,8,1980,24.3,122.8,90,945,usa_1min,2,True,1980
1980245N16322,Georges,1980,NA,1980-09-01,9,1980,40.2,-59,70,993,usa_1min,1,False,1980
1980246N05151,Orchid,1980,WP,1980-09-01,9,1980,30.2,130.4,85,960,usa_1min,2,True,1980
1980249N18336,Earl,1980,NA,1980-09-04,9,1980,30.4,-42.5,65,985,usa_1min,1,False,1980
1980249N28269,Danielle,1980,NA,1980-09-04,9,1980,29.4,-93.4,50,1004,usa_1min,0,True,1980
1980250N13341,Frances,1980,NA,1980-09-06,9,1980,12.8,-29.8,100,958,usa_1min,3,False,1980
1980254N14112,Ruth,1980,WP,1980-09-10,9,1980,19.9,106.7,65,980,usa_1min,1,True,1980
1980256N10154,Sperry,1980,WP,1980-09-12,9,1980,30.8,138.7,65,975,usa_1min,1,False,1980
1980257N17133,Percy,1980,WP,1980-09-13,9,1980,20.7,123.1,125,915,usa_1min,4,True,1980
1980260N13256,Kay,1980,EP,1980-09-16,9,1980,17,-113.9,120,,usa_1min,4,False,1980
1980265N15283,Hermine,1980,NA,1980-09-20,9,1980,17.8,-87.8,60,993,usa_1min,0,True,1980
1980266N16257,Lester,1980,EP,1980-09-21,9,1980,16.8,-107.4,35,,usa_1min,0,False,1980
1980269N15147,Thelma,1980,WP,1980-09-25,9,1980,27.9,143.9,55,960,usa_1min,0,False,1980
1980270N13165,Vernon,1980,WP,1980-09-26,9,1980,25.6,149.2,105,935,usa_1min,3,False,1980
1980275N34340,Ivan,1980,NA,1980-10-01,10,1980,28.1,-31.1,90,970,usa_1min,2,False,1980
1980277N09157,Wynne,1980,WP,1980-10-02,10,1980,19.1,137,150,890,usa_1min,5,False,1980
1980282N19162,Alex,1980,WP,1980-10-08,10,1980,27.2,140.3,35,998,usa_1min,0,False,1980
1980284N09092,Unnamed,1980,NI,1980-10-10,10,1980,8.6,83.8,35,,usa_1min,0,True,1980
1980285N13252,Madeline,1980,EP,1980-10-11,10,1980,13.3,-109.5,45,,usa_1min,0,False,1980
1980296N05165,Betty,1980,WP,1980-10-22,10,1980,15.2,123.7,125,925,usa_1min,4,True,1980
1980300N08137,Cary,1980,WP,1980-10-26,10,1980,15.7,118.2,35,996,usa_1min,0,True,1980
1980302N17250,Newton,1980,EP,1980-10-28,10,1980,16.9,-109.9,35,,usa_1min,0,False,1980
1980308S05102,Adelaide:Alice,1981,SI,1980-11-03,11,1980,-10.5,88.9,105,940,wmo,0,False,1980
1980313N14277,Jeanne,1980,NA,1980-11-07,11,1980,24.1,-87.4,85,986,usa_1min,2,False,1980
1980317N11075,Unnamed,1980,NI,1980-11-12,11,1980,15.3,67.3,35,,usa_1min,0,False,1980
1980323N04180,Dinah,1980,WP,1980-11-18,11,1980,15.1,145.9,100,950,usa_1min,3,False,1980
1980330N36314,Karl,1980,NA,1980-11-25,11,1980,37,-44.2,75,985,usa_1min,1,False,1980
1980332S16214,Diola,1981,SP,1980-11-27,11,1980,-20,-139.2,40,990,wmo,0,False,1980
1980345N09092,Unnamed,1980,NI,1980-12-10,12,1980,8.5,85.9,35,,usa_1min,0,True,1980
1980348S11116,Carol,1981,SI,1980-12-13,12,1980,-16.4,106,110,940,wmo,0,False,1980
1980349S09100,Dan,1981,SI,1980-12-14,12,1980,-9.7,103.7,50,985,wmo,0,False,1980
1980349N10138,Ed,1980,WP,1980-12-14,12,1980,12.7,128.6,50,990,usa_1min,0,True,1980
1980355S10117,Edna,1981,SI,1980-12-20,12,1980,-11.1,102.4,40,994,wmo,0,False,1980
1980357S11127,Felix,1981,SI,1980-12-22,12,1980,-14.6,111.9,100,940,wmo,0,True,1980
1981003S11059,Florine,1981,SI,1981-01-03,1,1981,-19.9,56.2,105,,usa_1min,3,False,1980
1981011S12185,Arthur,1981,SP,1981-01-11,1,1981,-19.2,178.1,75,965,usa_1min,1,True,1980
1981012S12110,Mabel,1981,SI,1981-01-12,1,1981,-20.4,113.4,100,930,usa_1min,3,False,1980
1981015S09078,Gaelle,1981,SI,1981-01-14,1,1981,-13.1,79.7,45,,usa_1min,0,False,1980
1981028S12069,Helyette,1981,SI,1981-01-28,1,1981,-16.8,68.6,45,,usa_1min,0,True,1980
1981030S17190,Betsy,1981,SP,1981-01-30,1,1981,-18.2,189.7,40,990,wmo,0,False,1980
1981039S09178,Cliff,1981,SP,1981-02-08,2,1981,-20,166.7,75,970,usa_1min,1,True,1980
1981039S14153,Eddie,1981,SP,1981-02-08,2,1981,-16.3,138.9,40,980,usa_1min,0,True,1980
1981047S18181,Unnamed,1981,SP,1981-02-16,2,1981,-22,-160.4,50,985,wmo,0,False,1980
1981048S12055,Iadine,1981,SI,1981-02-16,2,1981,-15.9,43.7,55,,usa_1min,0,True,1980
1981051S14181,Daman,1981,SP,1981-02-20,2,1981,-18.4,-162.8,55,980,wmo,0,False,1980
1981054S12181,Unnamed,1981,SP,1981-02-22,2,1981,-16.6,198.8,40,990,wmo,0,False,1980
1981056S14141,Freda,1981,SP,1981-02-24,2,1981,-19.9,163.7,75,955,usa_1min,1,True,1980
1981055S19120,Neil,1981,SI,1981-02-24,2,1981,-17,105.1,100,940,usa_1min,3,True,1980
1981060S06176,Esau,1981,SP,1981-03-01,3,1981,-11.8,186.5,50,980,usa_1min,0,False,1980
1981061S22047,Johanne,1981,SI,1981-03-01,3,1981,-27,66.1,80,,usa_1min,1,True,1980
1981068S19199,Tahmar,1981,SP,1981-03-08,3,1981,-20.9,-147.5,65,970,wmo,0,False,1980
1981069S12135,Max,1981,SI,1981-03-09,3,1981,-14.2,114.3,100,960,usa_1min,3,True,1980
1981070N03173,Freda,1981,WP,1981-03-11,3,1981,19.2,165,100,945,usa_1min,3,False,1980
1981077S13198,Fran,1981,SP,1981-03-17,3,1981,-19,-155.8,50,985,wmo,0,False,1980
1981086S16183,Unnamed,1981,SP,1981-03-27,3,1981,-22,-172.6,35,995,wmo,0,False,1980
1981087S07057,Klara,1981,SI,1981-03-28,3,1981,-16.8,51.8,40,,usa_1min,0,False,1980
1981094S06094,Olga,1981,SI,1981-04-04,4,1981,-15.8,88.4,120,940,usa_1min,4,False,1980
1981096S14059,Lisa,1981,SI,1981-04-06,4,1981,-18.5,58.2,40,,usa_1min,0,False,1980
1981102N04162,Gerald,1981,WP,1981-04-12,4,1981,7.9,147.9,60,980,usa_1min,0,False,1980
1981118N04164,Holly,1981,WP,1981-04-28,4,1981,9.4,155.1,45,996,usa_1min,0,False,1980
1981127N18276,Arlene,1981,NA,1981-05-06,5,1981,23,-74.5,50,999,usa_1min,0,True,1980
1981142S08091,Paddy,1981,SI,1981-05-22,5,1981,-12.7,91.6,35,973,usa_1min,0,False,1980
1981151N11255,Adrian,1981,EP,1981-05-30,5,1981,13,-102.8,40,,usa_1min,0,True,1980
1981158N17119,Ike,1981,WP,1981-06-07,6,1981,20.5,117.4,65,965,usa_1min,1,True,1980
1981166N11135,June,1981,WP,1981-06-15,6,1981,20.8,123.6,75,965,usa_1min,1,True,1980
1981176N08150,Kelly,1981,WP,1981-06-25,6,1981,16.8,112.8,75,975,usa_1min,1,True,1980
1981178N05160,Lynn,1981,WP,1981-06-27,6,1981,20.8,113.7,55,985,usa_1min,0,True,1980
1981180N11257,Beatriz,1981,EP,1981-06-28,6,1981,16.1,-112.9,75,,usa_1min,1,False,1980
1981181N36295,Bret,1981,NA,1981-06-29,6,1981,36,-71,60,996,usa_1min,0,True,1980
1981186N13258,Calvin,1981,EP,1981-07-04,7,1981,14.3,-105.6,45,,usa_1min,0,False,1980
1981192N13253,Dora,1981,EP,1981-07-10,7,1981,17.4,-121.2,80,,usa_1min,1,False,1980
1981195N11138,Maury,1981,WP,1981-07-14,7,1981,24,126,55,985,usa_1min,0,True,1980
1981198N18253,Eugene,1981,EP,1981-07-16,7,1981,18.1,-112.7,45,,usa_1min,0,False,1980
1981202N24123,Nina,1981,WP,1981-07-21,7,1981,26.2,122.1,35,992,usa_1min,0,True,1980
1981207N22150,Ogden,1981,WP,1981-07-26,7,1981,31.2,132.7,65,975,usa_1min,1,True,1980
1981212N17142,Phyllis,1981,WP,1981-07-31,7,1981,31.3,145.8,45,975,usa_1min,0,True,1980
1981212N18142,Unnamed,1981,WP,1981-07-31,7,1981,18.9,141.1,40,988,wmo,0,False,1980
1981215N36292,Cindy,1981,NA,1981-08-02,8,1981,39,-63.8,50,1002,usa_1min,0,False,1980
1981214N13113,Roy,1981,WP,1981-08-02,8,1981,17.8,117.8,50,985,usa_1min,0,True,1980
1981218N20168,Susan,1981,WP,1981-08-06,8,1981,31.2,161.6,60,980,usa_1min,0,False,1980
1981219N12255,Fernanda,1981,EP,1981-08-06,8,1981,17.8,-130.6,90,,usa_1min,2,False,1980
1981219N11334,Dennis,1981,NA,1981-08-07,8,1981,37.1,-70.4,70,995,usa_1min,1,True,1980
1981225N16249,Greg,1981,EP,1981-08-13,8,1981,18,-138.7,65,,usa_1min,1,False,1980
1981226N16119,Warren,1981,WP,1981-08-14,8,1981,19.8,107.4,45,992,usa_1min,0,True,1980
1981226N17142,Vanessa,1981,WP,1981-08-14,8,1981,28.5,159.3,55,980,usa_1min,0,False,1980
1981227N18129,Thad,1981,WP,1981-08-15,8,1981,24.8,134.3,85,955,usa_1min,2,True,1980
1981234N18253,Hilary,1981,EP,1981-08-21,8,1981,21,-117.1,75,,usa_1min,1,False,1980
1981237N16148,Agnes,1981,WP,1981-08-25,8,1981,27.3,124.7,95,950,usa_1min,2,True,1980
1981240N17257,Irwin,1981,EP,1981-08-27,8,1981,19.1,-105.5,45,,usa_1min,0,True,1980
1981244N30287,Emily,1981,NA,1981-08-31,8,1981,39.4,-59.9,80,966,usa_1min,1,False,1980
1981245N23161,Bill,1981,WP,1981-09-01,9,1981,26.1,146.6,85,960,usa_1min,2,False,1980
1981247N16300,Floyd,1981,NA,1981-09-03,9,1981,26.4,-69.1,100,975,usa_1min,3,False,1980
1981250N15306,Gert,1981,NA,1981-09-07,9,1981,29,-72,90,988,usa_1min,2,True,1980
1981255N14311,Harvey,1981,NA,1981-09-11,9,1981,28.4,-62.6,115,946,usa_1min,4,False,1980
1981256N10150,Clara,1981,WP,1981-09-13,9,1981,18.4,122.9,120,925,usa_1min,4,True,1980
1981258N15237,Jova,1981,EP,1981-09-14,9,1981,16.7,-133.3,75,,usa_1min,1,False,1980
1981261N25174,Doyle,1981,WP,1981-09-17,9,1981,29.4,162.4,80,965,usa_1min,1,False,1980
1981262N16256,Knut,1981,EP,1981-09-19,9,1981,18.6,-109.9,55,,usa_1min,0,True,1980
1981265N14328,Irene,1981,NA,1981-09-21,9,1981,25.8,-56.8,105,959,usa_1min,3,False,1980
1981266N09151,Elsie,1981,WP,1981-09-22,9,1981,16.7,135.3,150,895,usa_1min,5,True,1980
1981280N20250,Lidia,1981,EP,1981-10-06,10,1981,20.4,-109.5,45,,usa_1min,0,True,1980
1981281N15245,Max,1981,EP,1981-10-07,10,1981,17.3,-117.2,45,,usa_1min,0,False,1980
1981282N15256,Norma,1981,EP,1981-10-08,10,1981,17.8,-108.2,110,,usa_1min,3,True,1980
1981283N07132,Fabian,1981,WP,1981-10-10,10,1981,11.5,110.8,45,994,usa_1min,0,True,1980
1981286N10150,Gay,1981,WP,1981-10-13,10,1981,21.4,128.9,95,950,usa_1min,2,False,1980
1981291S05081,Alex,1982,SI,1981-10-18,10,1981,-12.6,85.5,85,,usa_1min,2,False,1980
1981297N11261,Otis,1981,EP,1981-10-24,10,1981,14,-101.9,75,,usa_1min,1,True,1980
1981298N07083,Unnamed,1981,NI,1981-10-25,10,1981,12.3,72.2,60,,usa_1min,0,True,1980
1981303N25313,Jose,1981,NA,1981-10-29,10,1981,31.5,-42.2,45,998,usa_1min,0,False,1980
1981306S03096,Armelle:Bessi,1982,SI,1981-11-01,11,1981,-11.8,84.9,80,976,usa_1min,1,False,1980
1981307N17279,Katrina,1981,NA,1981-11-03,11,1981,20,-80.5,75,980,usa_1min,1,True,1980
1981317N14153,Hazen,1981,WP,1981-11-12,11,1981,13.5,137.5,100,955,usa_1min,3,True,1980
1981317N31286,Unnamed,1981,NA,1981-11-12,11,1981,33.7,-70.6,60,978,usa_1min,0,False,1980
1981319N07163,Irma,1981,WP,1981-11-15,11,1981,12.8,132.8,135,905,usa_1min,4,True,1980
1981321N13092,Unnamed,1981,NI,1981-11-17,11,1981,17.5,90.7,75,,usa_1min,1,True,1980
1981324N08158,Jeff,1981,WP,1981-11-20,11,1981,13.9,148.8,35,1000,usa_1min,0,False,1980
1981335S16139,Amelia,1982,SI,1981-11-30,11,1981,-12.2,125.8,45,996,usa_1min,0,True,1980
1981339N11089,Unnamed,1981,NI,1981-12-05,12,1981,16.5,86.6,75,,usa_1min,1,True,1980
1981343N05150,Kit,1981,WP,1981-12-09,12,1981,15.5,136.8,115,925,usa_1min,4,True,1980
1981351S12060,Benedicte,1982,SI,1981-12-17,12,1981,-17.2,40.3,72,954,wmo,0,True,1980
1981353S09172,Gyan,1982,SP,1981-12-18,12,1981,-18.9,162.3,100,925,wmo,0,True,1980
1981354S12140,Unnamed,1982,SI,1981-12-19,12,1981,-12,137.3,45,988,wmo,0,True,1980
1981355N07149,Lee,1981,WP,1981-12-21,12,1981,12.6,126.3,95,950,usa_1min,2,True,1980
1981363S10079,Clarissee,1982,SI,1981-12-29,12,1981,-13.5,77.7,45,997,usa_1min,0,False,1980
1982005S10105,Chris:Damia,1982,SI,1982-01-05,1,1982,-14.3,75.1,120,898,usa_1min,4,False,1980
1982011S07094,Daphne:Fifi,1982,SI,1982-01-10,1,1982,-11.8,106.3,50,986,usa_1min,0,True,1980
1982011S11141,Bruno,1982,SI,1982-01-10,1,1982,-16.1,125.9,40,980,usa_1min,0,True,1980
1982011S12119,Errol,1982,SI,1982-01-11,1,1982,-14.4,112.3,50,980,usa_1min,0,False,1980
1982022S26154,Abigail,1982,SP,1982-01-22,1,1982,-21.5,162.3,65,965,usa_1min,1,False,1980
1982024S18166,Hettie,1982,SP,1982-01-24,1,1982,-18.7,175.1,70,965,usa_1min,1,False,1980
1982027S16120,Graham,1982,SI,1982-01-26,1,1982,-20.8,118.6,35,980,usa_1min,0,True,1980
1982030S15065,Electre,1982,SI,1982-01-30,1,1982,-19.2,51.5,45,984,usa_1min,0,True,1980
1982031S20048,Frida,1982,SI,1982-01-31,1,1982,-22.5,48.8,36,991,wmo,0,True,1980
1982035S13141,Coral,1982,SP,1982-02-04,2,1982,-14.7,138.6,35,996,wmo,0,True,1980
1982036S16060,Gabrielle,1982,SI,1982-02-05,2,1982,-20.1,56,44,984,wmo,0,False,1980
1982043S12104,Harriet,1982,SI,1982-02-12,2,1982,-13.9,111.7,35,988,usa_1min,0,False,1980
1982054S23036,Unnamed,1982,SI,1982-02-22,2,1982,-25.4,41.1,45,,usa_1min,0,False,1980
1982054S13123,Ian,1982,SI,1982-02-23,2,1982,-19.2,116.9,65,964,usa_1min,1,True,1980
1982058S10185,Isaac,1982,SP,1982-02-27,2,1982,-20.8,-175.3,95,930,wmo,0,False,1980
1982073N07153,Mamie,1982,WP,1982-03-14,3,1982,8.2,130,60,990,usa_1min,0,True,1980
1982075S11096,Unnamed,1982,SI,1982-03-15,3,1982,-16.2,91.2,40,,usa_1min,0,False,1980
1982075S12055,Justine,1982,SI,1982-03-16,3,1982,-21.1,40.4,75,941,usa_1min,1,True,1980
1982077N04161,Nelson,1982,WP,1982-03-18,3,1982,10.4,126.3,105,935,usa_1min,3,True,1980
1982087N04157,Odessa,1982,WP,1982-03-28,3,1982,13.3,159.8,75,965,usa_1min,1,False,1980
1982091S03159,Bernie,1982,SP,1982-03-31,3,1982,-18.6,156.9,95,945,usa_1min,2,False,1980
1982095S11138,Dominic,1982,SP,1982-04-04,4,1982,-14.6,141.4,70,950,usa_1min,1,True,1980
1982113S06085,Karla,1982,SI,1982-04-23,4,1982,-11.5,78.2,100,927,usa_1min,3,False,1980
1982120N11083,Unnamed,1982,NI,1982-04-30,4,1982,17.5,92.3,120,,usa_1min,4,True,1980
1982131S09157,Claudia,1982,SP,1982-05-11,5,1982,-14.3,158.9,40,990,usa_1min,0,False,1980
1982136N08140,Pat,1982,WP,1982-05-16,5,1982,19.3,125.2,105,945,usa_1min,3,False,1980
1982140N11255,Aletta,1982,EP,1982-05-20,5,1982,14.1,-103.8,55,,usa_1min,0,False,1980
1982150N13087,Unnamed,1982,NI,1982-05-30,5,1982,14.7,90.3,55,952,usa_1min,0,True,1980
1982154N22273,Alberto,1982,NA,1982-06-02,6,1982,24,-83.6,75,985,usa_1min,1,False,1980
1982167N13255,Bud,1982,EP,1982-06-15,6,1982,13.3,-106.4,45,,usa_1min,0,False,1980
1982169N26274,Unnamed,1982,NA,1982-06-18,6,1982,31.4,-80.3,60,984,usa_1min,0,True,1980
1982169N09149,Ruby,1982,WP,1982-06-18,6,1982,23.9,139.3,75,975,usa_1min,1,True,1980
1982176N18114,Tess:Val,1982,WP,1982-06-25,6,1982,24.8,127.8,55,985,usa_1min,0,False,1980
1982179N19128,Skip,1982,WP,1982-06-28,6,1982,28.2,146.2,50,992,usa_1min,0,False,1980
1982183N13253,Carlotta,1982,EP,1982-07-01,7,1982,17.9,-112.9,50,,usa_1min,0,False,1980
1982188N09262,Daniel,1982,EP,1982-07-07,7,1982,14.3,-114.3,100,,usa_1min,3,False,1980
1982190N09148,Winona,1982,WP,1982-07-09,7,1982,18.8,115.1,55,985,usa_1min,0,True,1980
1982194N10224,Emilia,1982,EP,1982-07-12,7,1982,12.3,-145.3,55,,usa_1min,0,False,1980
1982199N11257,Fabio,1982,EP,1982-07-17,7,1982,15.4,-107.4,70,,usa_1min,1,False,1980
1982202N11165,Bess,1982,WP,1982-07-21,7,1982,21.4,143.5,140,900,usa_1min,5,True,1980
1982202N12148,Andy,1982,WP,1982-07-21,7,1982,20.5,125.7,120,930,usa_1min,4,True,1980
1982207N09243,Gilma,1982,EP,1982-07-26,7,1982,15.7,-135.8,110,,usa_1min,3,False,1980
1982210N11245,Hector,1982,EP,1982-07-29,7,1982,13.2,-122.6,65,,usa_1min,1,False,1980
1982213N12253,Iva,1982,EP,1982-08-01,8,1982,13.2,-111.8,35,,usa_1min,0,False,1980
1982213N13145,Cecil,1982,WP,1982-08-01,8,1982,22.9,123.6,125,920,usa_1min,4,True,1980
1982215N10236,John,1982,EP,1982-08-02,8,1982,12.3,-141,100,,usa_1min,3,False,1980
1982221N10250,Lane,1982,EP,1982-08-08,8,1982,13.2,-117.7,55,,usa_1min,0,False,1980
1982221N10236,Kristy,1982,EP,1982-08-08,8,1982,15.3,-157.7,80,,usa_1min,1,False,1980
1982220N08154,Dot,1982,WP,1982-08-08,8,1982,13.8,134.4,80,970,usa_1min,1,True,1980
1982227N09140,Faye,1982,WP,1982-08-15,8,1982,14,119.6,90,960,usa_1min,2,True,1980
1982229N09154,Ellis,1982,WP,1982-08-17,8,1982,19.2,135,125,915,usa_1min,4,True,1980
1982238N10161,Gordon,1982,WP,1982-08-26,8,1982,24.6,148.9,100,945,usa_1min,3,False,1980
1982241N14338,Beryl,1982,NA,1982-08-28,8,1982,17.2,-36.4,60,989,usa_1min,0,False,1980
1982242N11191,Akoni,1982,EP,1982-08-30,8,1982,13.7,-173.9,45,,usa_1min,0,False,1980
1982242N13253,Miriam,1982,EP,1982-08-30,8,1982,15.6,-127,75,,usa_1min,1,False,1980
1982246N16119,Hope,1982,WP,1982-09-03,9,1982,16.4,112.4,60,980,usa_1min,0,True,1980
1982247N11147,Judy,1982,WP,1982-09-04,9,1982,22.5,133.9,90,955,usa_1min,2,True,1980
1982248N14133,Irving,1982,WP,1982-09-04,9,1982,16.7,113.9,90,950,usa_1min,2,True,1980
1982252N26269,Chris,1982,NA,1982-09-09,9,1982,29.8,-93.8,55,994,usa_1min,0,True,1980
1982253N10250,Norman,1982,EP,1982-09-09,9,1982,16,-121.3,90,,usa_1min,2,False,1980
1982257N20291,Debby,1982,NA,1982-09-13,9,1982,38.8,-62.3,115,950,usa_1min,4,False,1980
1982257N20172,Lola,1982,WP,1982-09-14,9,1982,27.9,159.1,50,990,usa_1min,0,False,1980
1982257N17140,Ken,1982,WP,1982-09-14,9,1982,20.6,125.9,110,940,usa_1min,3,True,1980
1982259N15202,Hana,1982,EP,1982-09-15,9,1982,15.7,-158.7,40,,usa_1min,0,False,1980
1982259N16218,Ema,1982,EP,1982-09-15,9,1982,16.5,-142.2,40,,usa_1min,0,False,1980
1982262N11258,Olivia,1982,EP,1982-09-18,9,1982,17.1,-110,125,,usa_1min,4,False,1980
1982262N12270,Paul,1982,EP,1982-09-18,9,1982,21.5,-110.2,95,,usa_1min,2,True,1980
1982272N11156,Mac,1982,WP,1982-09-29,9,1982,16.2,138.3,140,895,usa_1min,5,False,1980
1982274N25295,Ernesto,1982,NA,1982-09-30,9,1982,28.5,-66.2,60,997,usa_1min,0,False,1980
1982274N13265,Rosa,1982,EP,1982-09-30,9,1982,13.7,-98.7,45,,usa_1min,0,False,1980
1982283N17148,Nancy,1982,WP,1982-10-10,10,1982,17.6,123.6,115,935,usa_1min,4,True,1980
1982286N09170,Owen,1982,WP,1982-10-13,10,1982,25.9,146,105,940,usa_1min,3,False,1980
1982287N13091,Unnamed,1982,NI,1982-10-13,10,1982,16.2,83.2,50,,usa_1min,0,True,1980
1982287N09269,Sergio,1982,EP,1982-10-14,10,1982,13.7,-108.6,110,,usa_1min,3,False,1980
1982290N09084,Unnamed,1982,NI,1982-10-16,10,1982,11.6,82.3,50,982,usa_1min,0,True,1980
1982293N09257,Tara,1982,EP,1982-10-19,10,1982,14.7,-118.2,45,,usa_1min,0,False,1980
1982304S10171,Joti,1983,SP,1982-10-31,10,1982,-14.4,167.5,65,975,usa_1min,1,True,1980
1982309N12066,Unnamed,1982,NI,1982-11-04,11,1982,19.8,70.3,85,962,usa_1min,2,True,1980
1982311S09181,Kina,1983,SP,1982-11-06,11,1982,-12.2,172.2,40,990,usa_1min,0,False,1980
1982324N10193,Iwa,1982,EP,1982-11-19,11,1982,20.1,-162.9,80,,usa_1min,1,False,1980
1982325N08176,Pamela,1982,WP,1982-11-21,11,1982,11.5,161,100,940,usa_1min,3,True,1980
1982334S09060,Bemany,1983,SI,1982-11-29,11,1982,-15.2,56.8,65,966,usa_1min,1,False,1980
1982339N07139,Roger,1982,WP,1982-12-05,12,1982,15,122,65,980,usa_1min,1,True,1980
1982344S09200,Lisa,1983,SP,1982-12-10,12,1982,-20.4,-154.9,55,975,usa_1min,0,False,1980
1982355S09060,Dadafy,1983,SI,1982-12-21,12,1982,-18,72.5,65,976,usa_1min,1,False,1980
1983002S11112,Jane,1983,SI,1983-01-02,1,1983,-18.1,118.5,80,947,usa_1min,1,True,1980
1983010S08049,Elinah,1983,SI,1983-01-09,1,1983,-14.8,41.3,65,966,usa_1min,1,False,1980
1983014S15143,Des,1983,SP,1983-01-13,1,1983,-19.1,153.5,55,994,usa_1min,0,True,1980
1983019S14176,Mark,1983,SP,1983-01-18,1,1983,-16.6,172.6,80,955,usa_1min,1,False,1980
1983022S10218,Nano,1983,SP,1983-01-21,1,1983,-17.9,-140,65,970,wmo,0,False,1980
1983037S18062,Unnamed,1983,SI,1983-02-05,2,1983,-17.9,62.8,35,,usa_1min,0,False,1980
1983042S11158,Elinor,1983,SP,1983-02-10,2,1983,-16,157.8,100,935,usa_1min,3,True,1980
1983051S15214,Nisha:Orama,1983,SP,1983-02-20,2,1983,-15.8,-147,100,925,usa_1min,3,False,1980
1983054S15179,Oscar,1983,SP,1983-02-22,2,1983,-17.8,175.7,100,920,usa_1min,3,False,1980
1983056S11193,Prema,1983,SP,1983-02-25,2,1983,-12.7,-157.8,41,987,usa_1min,0,False,1980
1983059S13127,Ken,1983,SI,1983-02-27,2,1983,-15.3,124.5,55,970,usa_1min,0,True,1980
1983066S11213,Rewa,1983,SP,1983-03-07,3,1983,-15.3,-149.8,90,925,usa_1min,2,False,1980
1983079S13224,Saba,1983,SP,1983-03-20,3,1983,-18.2,-135.3,50,985,wmo,0,False,1980
1983082S11180,Sarah,1983,SP,1983-03-22,3,1983,-17.9,182.2,90,940,usa_1min,2,False,1980
1983086S08204,Tomasi,1983,SP,1983-03-27,3,1983,-18.4,-168.1,102,925,usa_1min,3,False,1980
1983092S10125,Lena,1983,SI,1983-04-02,4,1983,-16.8,114.4,60,980,usa_1min,0,True,1980
1983097S10224,Veena,1983,SP,1983-04-07,4,1983,-14.1,-148.1,100,925,usa_1min,3,False,1980
1983105S09228,William,1983,SP,1983-04-15,4,1983,-17.5,-139.9,76,955,usa_1min,1,False,1980
1983110S12080,Naomi,1983,SI,1983-04-19,4,1983,-11.1,85.5,60,960,usa_1min,0,False,1980
1983112S10096,Monty,1983,SI,1983-04-22,4,1983,-16.2,103.9,55,975,usa_1min,0,False,1980
1983141N07269,Adolph,1983,EP,1983-05-21,5,1983,11.4,-103.2,95,,usa_1min,2,True,1980
1983160N11266,Barbara,1983,EP,1983-06-09,6,1983,13.5,-111.5,115,,usa_1min,4,False,1980
1983167N05145,Sarah,1983,WP,1983-06-16,6,1983,15.6,109.9,35,998,usa_1min,0,True,1980
1983183N11251,Cosme,1983,EP,1983-07-02,7,1983,14.8,-112.8,35,,usa_1min,0,False,1980
1983186N04153,Vera,1983,WP,1983-07-05,7,1983,19,112.2,90,965,usa_1min,2,True,1980
1983187N12259,Dalilia,1983,EP,1983-07-05,7,1983,16.9,-109.2,60,,usa_1min,0,False,1980
1983188N06136,Tip,1983,WP,1983-07-07,7,1983,15.6,115.9,65,975,usa_1min,1,True,1980
1983192S05089,Unnamed,1984,SI,1983-07-11,7,1983,-7.3,84.9,35,,usa_1min,0,False,1980
1983193N11256,Erick,1983,EP,1983-07-12,7,1983,14.2,-111.4,55,,usa_1min,0,False,1980
1983198N18255,Flossie,1983,EP,1983-07-17,7,1983,20.3,-112.2,50,,usa_1min,0,False,1980
1983201N08144,Wayne,1983,WP,1983-07-20,7,1983,19.9,123,135,920,usa_1min,4,True,1980
1983205N11265,Gil,1983,EP,1983-07-23,7,1983,11.7,-112.8,80,,usa_1min,1,False,1980
1983208N11265,Henriette,1983,EP,1983-07-27,7,1983,12,-114.3,115,,usa_1min,4,False,1980
1983212N06151,Abby,1983,WP,1983-07-31,7,1983,17.4,131.4,145,895,usa_1min,5,True,1980
1983216N23088,Unnamed,1983,NI,1983-08-04,8,1983,21.1,60.2,45,,usa_1min,0,True,1980
1983220N16111,Carmen,1983,WP,1983-08-08,8,1983,19.9,124.3,45,992,usa_1min,0,False,1980
1983221N13254,Ismael,1983,EP,1983-08-08,8,1983,20.5,-115.5,85,,usa_1min,2,False,1980
1983223N23143,Ben,1983,WP,1983-08-11,8,1983,29.3,145.3,50,985,usa_1min,0,False,1980
1983228N27270,Alicia,1983,NA,1983-08-15,8,1983,28.9,-95,100,962,usa_1min,3,True,1980
1983229N15140,Dom,1983,WP,1983-08-17,8,1983,16.9,132.1,55,996,usa_1min,0,False,1980
1983236N26284,Barry,1983,NA,1983-08-23,8,1983,25.4,-97.4,70,986,usa_1min,1,True,1980
1983237N11253,Juliette,1983,EP,1983-08-24,8,1983,18.2,-119.1,50,,usa_1min,0,False,1980
1983239N10183,Ellen,1983,WP,1983-08-27,8,1983,18.3,123.1,125,925,usa_1min,4,True,1980
1983243N12259,Kiko,1983,EP,1983-08-31,8,1983,18.9,-108.4,125,,usa_1min,4,False,1980
1983249N15260,Lorena,1983,EP,1983-09-06,9,1983,16.5,-103.8,100,,usa_1min,3,False,1980
1983254N30296,Chantal,1983,NA,1983-09-10,9,1983,32.8,-60,65,994,usa_1min,1,False,1980
1983255N12261,Manuel,1983,EP,1983-09-12,9,1983,19.9,-114.8,100,,usa_1min,3,False,1980
1983259N08161,Forrest,1983,WP,1983-09-16,9,1983,18.6,133.5,150,885,usa_1min,5,True,1980
1983264N15248,Narda,1983,EP,1983-09-21,9,1983,17.5,-151.5,60,,usa_1min,0,False,1980
1983270N28287,Dean,1983,NA,1983-09-26,9,1983,34.5,-70.8,55,999,usa_1min,0,True,1980
1983271N12242,Octave,1983,EP,1983-09-27,9,1983,14.2,-121.9,45,,usa_1min,0,False,1980
1983271N18118,Georgia,1983,WP,1983-09-27,9,1983,19.3,113.8,55,980,usa_1min,0,True,1980
1983274N12251,Priscilla,1983,EP,1983-09-30,9,1983,15.1,-118.1,100,,usa_1min,3,False,1980
1983274N18089,Unnamed,1983,NI,1983-10-01,10,1983,17.9,84.8,50,,usa_1min,0,True,1980
1983276N06130,Herbert,1983,WP,1983-10-03,10,1983,12.4,110.4,50,994,usa_1min,0,True,1980
1983279N04140,Joe,1983,WP,1983-10-06,10,1983,20.6,113.3,65,975,usa_1min,1,True,1980
1983279N17148,Ida,1983,WP,1983-10-06,10,1983,28.8,133.2,65,975,usa_1min,1,False,1980
1983281N12256,Raymond,1983,EP,1983-10-08,10,1983,12.4,-121.2,125,,usa_1min,4,True,1980
1983283N13230,Sonia,1983,EP,1983-10-09,10,1983,11.2,-149.7,40,,usa_1min,0,False,1980
1983282N09155,Kim,1983,WP,1983-10-09,10,1983,10.3,110,40,994,usa_1min,0,True,1980
1983285N09260,Tico,1983,EP,1983-10-11,10,1983,20.1,-109.5,115,,usa_1min,4,True,1980
1983287N09164,Lex,1983,WP,1983-10-14,10,1983,17.1,111.5,70,985,usa_1min,1,True,1980
1983287N19091,Herbert,1983,NI,1983-10-14,10,1983,19.5,90.5,55,,wmo,0,False,1980
1983295S08089,Oscar,1984,SI,1983-10-22,10,1983,-16.9,89.6,70,968,usa_1min,1,False,1980
1983299N07172,Marge,1983,WP,1983-10-26,10,1983,18.4,134.5,145,895,usa_1min,5,False,1980
1983306N08259,Velma,1983,EP,1983-11-01,11,1983,7.9,-101.6,35,,usa_1min,0,False,1980
1983309N10091,Unnamed,1983,NI,1983-11-05,11,1983,19.1,90.6,55,,usa_1min,0,True,1980
1983311N15161,Norris,1983,WP,1983-11-07,11,1983,18.8,151.7,50,994,usa_1min,0,False,1980
1983315S06090,Pearl,1984,SI,1983-11-10,11,1983,-12.9,94.8,35,998,usa_1min,0,False,1980
1983317N12153,Orchid,1983,WP,1983-11-13,11,1983,17,126.2,125,930,usa_1min,4,False,1980
1983321N11111,Percy,1983,WP,1983-11-17,11,1983,7.3,111.4,70,970,usa_1min,1,True,1980
1983324S08073,Unnamed,1984,SI,1983-11-20,11,1983,-12.2,66,45,,usa_1min,0,False,1980
1983325N08148,Ruth,1983,WP,1983-11-21,11,1983,17.8,128.3,60,992,usa_1min,0,False,1980
1983330S11113,Quenton,1984,SI,1983-11-26,11,1983,-17.8,119.5,70,955,usa_1min,1,True,1980
1983334N09142,Sperry,1983,WP,1983-11-30,11,1983,17.9,131.9,55,996,usa_1min,0,False,1980
1983339N13257,Winnie,1983,EP,1983-12-04,12,1983,17,-104.1,80,,usa_1min,1,False,1980
1983339S10065,Andry,1984,SI,1983-12-05,12,1983,-11,49.5,130,927,usa_1min,4,True,1980
1983343S14148,Fritz,1984,SP,1983-12-09,12,1983,-14.8,151.6,45,990,usa_1min,0,False,1980
1983347N06154,Thelma,1983,WP,1983-12-13,12,1983,14.7,133.3,55,990,usa_1min,0,False,1980
1983353S06130,Esther,1984,SI,1983-12-18,12,1983,-7.6,128,45,990,usa_1min,0,True,1980
1983353S08070,Bakoly,1984,SI,1983-12-19,12,1983,-14.6,58.6,90,927,usa_1min,2,False,1980
1983360S13174,Atu,1984,SP,1983-12-26,12,1983,-20.9,172.4,35,987,usa_1min,0,False,1980
1984002S14108,Tim,1984,SI,1984-01-02,1,1984,-14.6,102.4,45,980,usa_1min,0,False,1980
1984005S15044,Caboto,1984,SI,1984-01-04,1,1984,-16.2,43.8,36,991,wmo,0,True,1980
1984011S18149,Grace,1984,SP,1984-01-11,1,1984,-20.2,153,65,970,usa_1min,1,False,1980
1984016S15073,Domoina,1984,SI,1984-01-16,1,1984,-22.8,37,55,976,usa_1min,0,True,1980
1984020S11077,Edoara,1984,SI,1984-01-19,1,1984,-17.8,69,35,991,usa_1min,0,False,1980
1984022S08086,Fanja:Vivienne,1984,SI,1984-01-22,1,1984,-15.2,80.6,75,975,usa_1min,1,False,1980
1984025S14073,Galy,1984,SI,1984-01-25,1,1984,-14,55.4,36,991,wmo,0,True,1980
1984032S15160,Beti,1984,SP,1984-02-01,2,1984,-19.7,166.2,65,970,usa_1min,1,False,1980
1984033S12115,Willy,1984,SI,1984-02-02,2,1984,-14.8,108.6,55,960,usa_1min,0,False,1980
1984035S09101,Annette:Jaminy,1984,SI,1984-02-03,2,1984,-20,79.1,100,927,usa_1min,3,False,1980
1984035S15152,Harvey,1984,SP,1984-02-03,2,1984,-19.4,157,60,980,usa_1min,0,True,1980
1984038S12073,Haja,1984,SI,1984-02-07,2,1984,-25,50.3,45,976,usa_1min,0,False,1980
1984041S17042,Imboa,1984,SI,1984-02-10,2,1984,-23.8,40.5,45,976,usa_1min,0,False,1980
1984048S16120,Bobby,1984,SI,1984-02-16,2,1984,-21.9,110,85,950,usa_1min,2,False,1980
1984051S17147,Ingrid,1984,SP,1984-02-20,2,1984,-16.9,153.6,60,975,usa_1min,0,False,1980
1984051S20163,Unnamed,1984,SP,1984-02-20,2,1984,-26.6,175,45,987,wmo,0,False,1980
1984057S14124,Chloe,1984,SI,1984-02-25,2,1984,-20.5,117.4,75,955,usa_1min,1,True,1980
1984062S12131,Ferdinand,1984,SI,1984-03-02,3,1984,-11.9,134.1,60,980,wmo,0,True,1980
1984066S12151,Jim,1984,SP,1984-03-05,3,1984,-14.1,138,45,970,usa_1min,0,True,1980
1984067S09101,Daryl,1984,SI,1984-03-06,3,1984,-17.8,85.1,75,955,usa_1min,1,False,1980
1984076S13173,Cyril,1984,SP,1984-03-16,3,1984,-21.6,180.3,40,987,usa_1min,0,False,1980
1984077S12149,Kathy,1984,SP,1984-03-16,3,1984,-14.9,137.9,125,920,usa_1min,4,True,1980
1984083S16174,Unnamed,1984,SP,1984-03-23,3,1984,-14.9,175.1,40,990,wmo,0,False,1980
1984094S14156,Lance,1984,SP,1984-04-03,4,1984,-16.9,151.1,40,980,usa_1min,0,False,1980
1984094S10080,Kamisy,1984,SI,1984-04-03,4,1984,-12.6,52.6,100,927,usa_1min,3,True,1980
1984139N09260,Alma,1984,EP,1984-05-17,5,1984,9.5,-110.5,50,,usa_1min,0,False,1980
1984145N11056,Unnamed,1984,NI,1984-05-23,5,1984,13.5,50.4,45,,usa_1min,0,True,1980
1984150N12266,Boris,1984,EP,1984-05-28,5,1984,13.4,-97.1,65,,usa_1min,1,False,1980
1984159N12116,Vernon,1984,WP,1984-06-07,6,1984,14.8,111.8,40,994,usa_1min,0,True,1980
1984169N14257,Cristina,1984,EP,1984-06-17,6,1984,14.8,-110.2,90,,usa_1min,2,False,1980
1984169N20137,Wynne,1984,WP,1984-06-17,6,1984,21.1,114.7,60,980,usa_1min,0,True,1980
1984177N10254,Douglas,1984,EP,1984-06-25,6,1984,13.8,-121.8,125,,usa_1min,4,False,1980
1984180N10258,Elida,1984,EP,1984-06-28,6,1984,15.7,-112,115,,usa_1min,4,False,1980
1984180N16130,Alex,1984,WP,1984-06-28,6,1984,23.3,121.3,75,960,usa_1min,1,True,1980
1984184N06139,Betty,1984,WP,1984-07-02,7,1984,20.7,113,55,985,usa_1min,0,True,1980
1984186N16256,Fausto,1984,EP,1984-07-03,7,1984,18.2,-108.3,95,,usa_1min,2,False,1980
1984186N16154,Cary,1984,WP,1984-07-04,7,1984,21.9,144.5,90,955,usa_1min,2,False,1980
1984189N11265,Genevieve,1984,EP,1984-07-07,7,1984,18.8,-107.8,100,,usa_1min,3,True,1980
1984204N21162,Dinah,1984,WP,1984-07-21,7,1984,22.8,153.7,125,915,usa_1min,4,False,1980
1984207N29135,Ed,1984,WP,1984-07-24,7,1984,30.5,128.3,100,950,usa_1min,3,True,1980
1984210N16249,Hernan,1984,EP,1984-07-27,7,1984,17.5,-117.6,45,,usa_1min,0,False,1980
1984214N12143,Freda,1984,WP,1984-08-01,8,1984,24.5,123.1,55,985,usa_1min,0,True,1980
1984217N14264,Iselle,1984,EP,1984-08-03,8,1984,18.3,-115.5,115,,usa_1min,4,False,1980
1984225N18142,Holly,1984,WP,1984-08-12,8,1984,27.7,126.5,75,960,usa_1min,1,True,1980
1984227N18118,Gerald,1984,WP,1984-08-14,8,1984,18.4,115.3,55,980,usa_1min,0,True,1980
1984228N15261,Julio,1984,EP,1984-08-15,8,1984,17.2,-105,55,,usa_1min,0,False,1980
1984230N09210,Keli,1984,EP,1984-08-16,8,1984,14.6,-169.4,100,,usa_1min,3,False,1980
1984230N12226,Kenna,1984,EP,1984-08-16,8,1984,12.2,-142.2,50,,usa_1min,0,False,1980
1984231N33295,Unnamed,1984,NA,1984-08-18,8,1984,43.7,-48.3,50,1000,usa_1min,0,False,1980
1984237N11230,Lala,1984,EP,1984-08-23,8,1984,12.8,-148.1,45,,usa_1min,0,False,1980
1984238N18137,June,1984,WP,1984-08-25,8,1984,20.6,118.3,60,985,usa_1min,0,True,1980
1984239N08146,Ike,1984,WP,1984-08-26,8,1984,9.4,126.9,125,950,usa_1min,4,True,1980
1984239N16246,Lowell,1984,EP,1984-08-26,8,1984,17.8,-122.6,75,,usa_1min,1,False,1980
1984242N11309,Arthur,1984,NA,1984-08-28,8,1984,11.8,-55.8,45,1004,usa_1min,0,False,1980
1984244N13319,Bertha,1984,NA,1984-08-30,8,1984,14.9,-45.3,35,1007,usa_1min,0,False,1980
1984244N37293,Cesar,1984,NA,1984-08-31,8,1984,46,-50.4,50,989,usa_1min,0,False,1980
1984248N27180,Moke,1984,EP,1984-09-03,9,1984,29.2,181.4,45,,usa_1min,0,False,1980
1984250N17256,Marie,1984,EP,1984-09-05,9,1984,23.4,-113.3,80,,usa_1min,1,False,1980
1984253N29283,Diana,1984,NA,1984-09-08,9,1984,33.9,-77.7,115,949,usa_1min,4,True,1980
1984255N25173,Kelly,1984,WP,1984-09-11,9,1984,31.7,165.6,75,965,usa_1min,1,False,1980
1984258N20264,Edouard,1984,NA,1984-09-14,9,1984,20.3,-95.8,55,998,usa_1min,0,False,1980
1984259N19245,Norbert,1984,EP,1984-09-14,9,1984,17.3,-116.1,115,,usa_1min,4,True,1980
1984260N14339,Fran,1984,NA,1984-09-15,9,1984,18.4,-27.1,55,994,usa_1min,0,False,1980
1984261N29295,Gustav,1984,NA,1984-09-16,9,1984,32.1,-64.7,45,1006,usa_1min,0,False,1980
1984262N14259,Odile,1984,EP,1984-09-17,9,1984,16.5,-100.9,90,,usa_1min,2,True,1980
1984267N18120,Lynn,1984,WP,1984-09-22,9,1984,18.1,113.6,40,998,usa_1min,0,True,1980
1984267N31302,Hortense,1984,NA,1984-09-23,9,1984,29.7,-60.8,65,993,usa_1min,1,False,1980
1984270N23287,Isidore,1984,NA,1984-09-25,9,1984,25.8,-79.1,50,999,usa_1min,0,True,1980
1984270N19141,Nina,1984,WP,1984-09-26,9,1984,32.4,149.6,55,992,usa_1min,0,False,1980
1984270N22147,Maury,1984,WP,1984-09-26,9,1984,24.7,150.4,60,990,usa_1min,0,False,1980
1984270N13262,Polo,1984,EP,1984-09-26,9,1984,19.4,-114.1,100,,usa_1min,3,True,1980
1984277N07151,Ogden,1984,WP,1984-10-03,10,1984,29.4,158.1,70,980,usa_1min,1,False,1980
1984281N13146,Phyllis,1984,WP,1984-10-07,10,1984,23.9,151.1,80,975,usa_1min,1,False,1980
1984281N24291,Josephine,1984,NA,1984-10-07,10,1984,31.4,-71.7,90,965,usa_1min,2,False,1980
1984282N11263,Rachel,1984,EP,1984-10-07,10,1984,12.6,-105.9,55,,usa_1min,0,False,1980
1984283N09139,Roy,1984,WP,1984-10-09,10,1984,13.6,143.2,35,996,usa_1min,0,False,1980
1984284N11116,Susan,1984,WP,1984-10-10,10,1984,12.4,110.3,40,996,usa_1min,0,True,1980
1984285N17089,Unnamed,1984,NI,1984-10-10,10,1984,19.5,88.4,45,,usa_1min,0,True,1980
1984290N06153,Thad,1984,WP,1984-10-16,10,1984,24.8,144.1,120,935,usa_1min,4,False,1980
1984291N13130,Warren,1984,WP,1984-10-17,10,1984,14.7,114.6,65,975,usa_1min,1,True,1980
1984294N04163,Vanessa,1984,WP,1984-10-20,10,1984,16,131.7,155,880,usa_1min,5,False,1980
1984302N00149,Agnes,1984,WP,1984-10-28,10,1984,11.2,125.8,120,925,usa_1min,4,True,1980
1984305N13262,Simon,1984,EP,1984-10-31,10,1984,15.3,-113.8,55,,usa_1min,0,False,1980
1984311N15291,Klaus,1984,NA,1984-11-05,11,1984,19.9,-61.4,80,971,usa_1min,1,True,1980
1984313N14154,Bill,1984,WP,1984-11-08,11,1984,14.3,131,130,910,usa_1min,4,False,1980
1984314N09088,Unnamed,1984,NI,1984-11-09,11,1984,13.3,80.6,85,,usa_1min,2,True,1980
1984314S08081,Unnamed,1985,SI,1984-11-09,11,1984,-9.8,71.9,45,,usa_1min,0,False,1980
1984317N04164,Clara,1984,WP,1984-11-12,11,1984,12.5,134.6,110,940,usa_1min,3,False,1980
1984325S15052,Anety,1985,SI,1984-11-20,11,1984,-14.2,48.6,36,1003,wmo,0,True,1980
1984332N08086,Unnamed,1984,NI,1984-11-27,11,1984,10.9,80.5,75,,usa_1min,1,True,1980
1984336N05156,Doyle,1984,WP,1984-12-01,12,1984,17.5,130.4,125,940,usa_1min,4,False,1980
1984337S11082,Bobalahy,1985,SI,1984-12-02,12,1984,-15.6,74.7,55,984,usa_1min,0,False,1980
1984339S05102,Emma,1985,SI,1984-12-03,12,1984,-14.1,107.3,45,967,usa_1min,0,True,1980
1984343S10132,Unnamed,1985,SI,1984-12-08,12,1984,-14,139.2,35,,usa_1min,0,True,1980
1984348N35300,Lili,1984,NA,1984-12-12,12,1984,31.1,-52.4,70,980,usa_1min,1,True,1980
1984355S16129,Frank,1985,SI,1984-12-19,12,1984,-17.6,117.3,75,950,usa_1min,1,True,1980
1984361S12146,Monica,1985,SP,1984-12-25,12,1984,-18.9,156.1,70,982,usa_1min,1,False,1980
1984361S08178,Unnamed,1985,SP,1984-12-26,12,1984,-9,179.7,45,987,usa_1min,0,False,1980
1984362S11165,Unnamed,1985,SP,1984-12-26,12,1984,-18,170.6,45,,usa_1min,0,False,1980
1985004N04131,Fabian,1985,WP,1985-01-04,1,1985,10.4,135.3,55,990,usa_1min,0,False,1980
1985005N04157,Elsie,1985,WP,1985-01-05,1,1985,8.3,152.2,40,1000,usa_1min,0,False,1980
1985009S12182,Drena,1985,SP,1985-01-09,1,1985,-16.7,-174,50,987,usa_1min,0,False,1980
1985009S11072,Celestina,1985,SI,1985-01-09,1,1985,-17.1,55.7,65,976,usa_1min,1,False,1980
1985012S11085,Unnamed,1985,SI,1985-01-12,1,1985,-15.2,85.2,35,,usa_1min,0,False,1980
1985012S16161,Eric,1985,SP,1985-01-12,1,1985,-18.1,178.3,100,955,usa_1min,3,True,1980
1985014S16151,Nigel,1985,SP,1985-01-14,1,1985,-16.7,175.2,105,955,usa_1min,3,False,1980
1985017S15146,Odette,1985,SP,1985-01-16,1,1985,-16.2,158.4,100,930,usa_1min,3,False,1980
1985025S15203,Freda,1985,SP,1985-01-24,1,1985,-27,-171.8,80,955,usa_1min,1,False,1980
1985025S09073,Ditra,1985,SI,1985-01-25,1,1985,-17.6,65.5,70,966,usa_1min,1,False,1980
1985026S16126,Gertie,1985,SI,1985-01-26,1,1985,-18.7,117.3,55,973,usa_1min,0,True,1980
1985033S12157,Unnamed,1985,SP,1985-02-02,2,1985,-12.6,156.6,35,,usa_1min,0,True,1980
1985034S12082,Esitera,1985,SI,1985-02-03,2,1985,-16.6,53.3,50,984,usa_1min,0,True,1980
1985041S14129,Hubert,1985,SI,1985-02-10,2,1985,-16.2,117.6,55,954,usa_1min,0,True,1980
1985042S08101,Isobel,1985,SI,1985-02-11,2,1985,-14.6,105.5,50,960,usa_1min,0,False,1980
1985042S18060,Gerimena,1985,SI,1985-02-11,2,1985,-21.4,50.1,65,984,usa_1min,1,False,1980
1985043S16042,Feliksa,1985,SI,1985-02-12,2,1985,-13.3,45.3,50,976,usa_1min,0,True,1980
1985046S09128,Jacob,1985,SI,1985-02-15,2,1985,-15.7,110.8,75,950,usa_1min,1,False,1980
1985050S12076,Unnamed,1985,SI,1985-02-18,2,1985,-12.2,76.7,35,,usa_1min,0,False,1980
1985049S12143,Pierre,1985,SP,1985-02-18,2,1985,-17.4,147.9,45,986,usa_1min,0,True,1980
1985051S11135,Rebecca,1985,SP,1985-02-20,2,1985,-12.1,140.5,40,994,wmo,0,True,1980
1985060S11112,Kirsty,1985,SI,1985-03-01,3,1985,-16.5,84.7,115,920,usa_1min,4,False,1980
1985062S15170,Gavin,1985,SP,1985-03-02,3,1985,-24.3,179.6,55,985,usa_1min,0,False,1980
1985065S09118,Lindsay,1985,SI,1985-03-06,3,1985,-16,120.7,55,950,usa_1min,0,True,1980
1985070S17175,Hina,1985,SP,1985-03-11,3,1985,-15.3,173.8,135,910,usa_1min,4,False,1980
1985078S14138,Sandy,1985,SI,1985-03-19,3,1985,-15.2,138.4,120,953,usa_1min,4,True,1980
1985086S13152,Tanya,1985,SP,1985-03-27,3,1985,-13.7,147,60,982,usa_1min,0,True,1980
1985097S09076,Helisaonina,1985,SI,1985-04-07,4,1985,-18,63.1,110,941,usa_1min,3,False,1980
1985100S07104,Margot,1985,SI,1985-04-10,4,1985,-13.9,103.1,70,942,usa_1min,1,False,1980
1985101S10136,Gretel,1985,SI,1985-04-11,4,1985,-11,132.6,45,984,usa_1min,0,True,1980
1985136N07129,Gay,1985,WP,1985-05-16,5,1985,21.5,129.1,100,950,usa_1min,3,False,1980
1985142N16089,Unnamed,1985,NI,1985-05-21,5,1985,21.1,90.6,60,,usa_1min,0,True,1980
1985148N15067,Unnamed,1985,NI,1985-05-28,5,1985,18.4,68.1,50,,usa_1min,0,True,1980
1985157N16259,Andres,1985,EP,1985-06-05,6,1985,17,-109.8,60,,usa_1min,0,False,1980
1985158N10267,Blanca,1985,EP,1985-06-06,6,1985,16.5,-114.6,105,,usa_1min,3,False,1980
1985159N09241,Carlos,1985,EP,1985-06-07,6,1985,8.8,-120.5,35,,usa_1min,0,False,1980
1985162N05154,Hal,1985,WP,1985-06-11,6,1985,20.9,117.9,100,960,usa_1min,3,True,1980
1985168N05156,Irma,1985,WP,1985-06-17,6,1985,24.4,130.2,90,960,usa_1min,2,True,1980
1985177N10258,Dolores,1985,EP,1985-06-26,6,1985,17.5,-122.8,100,,usa_1min,3,False,1980
1985178N10236,Enrique,1985,EP,1985-06-27,6,1985,12.4,-129.9,35,,usa_1min,0,False,1980
1985184N15258,Fefa,1985,EP,1985-07-02,7,1985,19.3,-107.8,60,,usa_1min,0,False,1980
1985189N12260,Guillermo,1985,EP,1985-07-07,7,1985,19.6,-110.5,50,,usa_1min,0,False,1980
1985197N29296,Ana,1985,NA,1985-07-15,7,1985,44.2,-60.3,60,996,usa_1min,0,True,1980
1985199N08143,Jeff,1985,WP,1985-07-18,7,1985,27.4,121.9,75,970,usa_1min,1,True,1980
1985199N18248,Hilda,1985,EP,1985-07-18,7,1985,21.5,-113.5,35,,usa_1min,0,False,1980
1985201N12256,Jimena,1985,EP,1985-07-20,7,1985,18,-116.1,115,,usa_1min,4,False,1980
1985202N13226,Ignacio,1985,EP,1985-07-21,7,1985,14.8,-143.8,115,,usa_1min,4,False,1980
1985202N26275,Bob,1985,NA,1985-07-21,7,1985,30.5,-80.5,65,1002,usa_1min,1,True,1980
1985211N12237,Linda,1985,EP,1985-07-29,7,1985,13.7,-131.8,45,,usa_1min,0,False,1980
1985210N14257,Kevin,1985,EP,1985-07-29,7,1985,19.9,-117.6,55,,usa_1min,0,False,1980
1985212N22148,Kit,1985,WP,1985-07-30,7,1985,30.8,129.5,85,960,usa_1min,2,True,1980
1985219N14254,Marty,1985,EP,1985-08-06,8,1985,17.4,-113.7,65,,usa_1min,1,False,1980
1985220N18128,Lee,1985,WP,1985-08-08,8,1985,29.6,126.3,60,975,usa_1min,0,True,1980
1985222N32280,Claudette,1985,NA,1985-08-09,8,1985,35.8,-40,75,980,usa_1min,1,False,1980
1985224N18279,Danny,1985,NA,1985-08-12,8,1985,28.9,-92.6,80,987,usa_1min,1,True,1980
1985226N23126,Mamie,1985,WP,1985-08-14,8,1985,29.6,124.2,70,975,usa_1min,1,True,1980
1985227N16149,Nelson,1985,WP,1985-08-15,8,1985,24.3,126.8,95,950,usa_1min,2,True,1980
1985231N16142,Odessa,1985,WP,1985-08-19,8,1985,28.2,140.7,90,955,usa_1min,2,True,1980
1985232N16248,Nora,1985,EP,1985-08-19,8,1985,19,-122,40,,usa_1min,0,False,1980
1985234N13258,Olaf,1985,EP,1985-08-22,8,1985,20,-115.7,75,,usa_1min,1,False,1980
1985236N23125,Pat,1985,WP,1985-08-24,8,1985,28.8,130.7,95,955,usa_1min,2,True,1980
1985237N21130,Ruby,1985,WP,1985-08-25,8,1985,26.7,143.4,55,985,usa_1min,0,True,1980
1985240N16256,Pauline,1985,EP,1985-08-27,8,1985,18.2,-138.1,75,,usa_1min,1,False,1980
1985240N09198,Skip,1985,WP,1985-08-28,8,1985,30.2,175.1,80,970,usa_1min,1,False,1980
1985240N08148,Tess,1985,WP,1985-08-28,8,1985,20.6,113,75,970,usa_1min,1,True,1980
1985240N20286,Elena,1985,NA,1985-08-28,8,1985,28.9,-84.8,110,953,usa_1min,3,True,1980
1985244N14254,Rick,1985,EP,1985-09-01,9,1985,17.2,-139.4,125,,usa_1min,4,False,1980
1985249N13265,Sandra,1985,EP,1985-09-05,9,1985,15.5,-109.5,110,,usa_1min,3,False,1980
1985256N13146,Val,1985,WP,1985-09-12,9,1985,21.2,121.9,50,996,usa_1min,0,False,1980
1985259N12262,Terry,1985,EP,1985-09-15,9,1985,18.2,-110.7,100,,usa_1min,3,False,1980
1985259N24289,Fabian,1985,NA,1985-09-15,9,1985,28.1,-61.2,55,994,usa_1min,0,False,1980
1985260N13336,Gloria,1985,NA,1985-09-16,9,1985,25.1,-70.9,125,920,usa_1min,4,True,1980
1985260N13115,Winona,1985,WP,1985-09-17,9,1985,20,111.4,50,990,usa_1min,0,True,1980
1985261N13243,Vivian,1985,EP,1985-09-18,9,1985,15.2,-118.2,35,,usa_1min,0,False,1980
1985262N18090,Unnamed,1985,NI,1985-09-19,9,1985,19.8,86.2,45,,wmo,0,True,1980
1985265N30286,Henri,1985,NA,1985-09-21,9,1985,36,-74.1,50,996,usa_1min,0,False,1980
1985265S10080,Unnamed,1986,SI,1985-09-22,9,1985,-10,73.6,40,,usa_1min,0,False,1980
1985268N03161,Brendan,1985,WP,1985-09-25,9,1985,20.6,124.3,90,955,usa_1min,2,True,1980
1985268N16126,Andy,1985,WP,1985-09-25,9,1985,18.8,110.8,70,985,usa_1min,1,True,1980
1985280N15254,Waldo,1985,EP,1985-10-07,10,1985,23.1,-108.3,90,,usa_1min,2,True,1980
1985280N18291,Isabel,1985,NA,1985-10-07,10,1985,26.3,-72,60,997,usa_1min,0,True,1980
1985282N12090,Unnamed,1985,NI,1985-10-08,10,1985,17,84,50,,usa_1min,0,True,1980
1985281N02144,Cecil,1985,WP,1985-10-08,10,1985,15.9,110.6,100,960,usa_1min,3,True,1980
1985284N05159,Dot,1985,WP,1985-10-11,10,1985,14.6,131.2,150,895,usa_1min,5,True,1980
1985286N05162,Ellis,1985,WP,1985-10-13,10,1985,9.3,149.8,50,996,usa_1min,0,False,1980
1985287N13093,Unnamed,1985,NI,1985-10-13,10,1985,20.9,86.9,50,,usa_1min,0,True,1980
1985294N10122,Faye,1985,WP,1985-10-21,10,1985,22.9,126,100,965,usa_1min,3,True,1980
1985297N10201,Nele,1985,EP,1985-10-23,10,1985,14.3,-164.2,80,,usa_1min,1,False,1980
1985298N12249,Xina,1985,EP,1985-10-25,10,1985,16.5,-121.3,100,,usa_1min,3,False,1980
1985299N25270,Juan,1985,NA,1985-10-26,10,1985,29.4,-92,75,971,usa_1min,1,True,1980
1985317N12082,Unnamed,1985,NI,1985-11-13,11,1985,14.7,80.2,55,,usa_1min,0,True,1980
1985320N21296,Kate,1985,NA,1985-11-15,11,1985,25.2,-85.3,105,954,usa_1min,3,True,1980
1985323N05107,Gordon,1985,WP,1985-11-19,11,1985,12,110.9,45,998,usa_1min,0,True,1980
1985329S09104,Nicholas,1986,SI,1985-11-25,11,1985,-10,114.2,75,945,usa_1min,1,False,1980
1985343N04090,Unnamed,1985,NI,1985-12-09,12,1985,11.4,83.1,50,,usa_1min,0,True,1980
1985347N07155,Hope,1985,WP,1985-12-13,12,1985,13.6,132.4,100,950,usa_1min,3,False,1980
1985347N09114,Irving,1985,WP,1985-12-13,12,1985,7.7,114.4,60,992,usa_1min,0,False,1980
1985356S20040,Alifredy,1986,SI,1985-12-22,12,1985,-20.1,39,36,997,wmo,0,True,1980
1986005S15043,Berobia,1986,SI,1986-01-05,1,1986,-19.5,37.5,50,984,usa_1min,0,True,1980
1986006N03087,Unnamed,1986,NI,1986-01-06,1,1986,5.3,83.4,45,,usa_1min,0,False,1980
1986007S07080,Delifina,1986,SI,1986-01-07,1,1986,-17.8,81.2,110,976,usa_1min,3,False,1980
1986007S09098,Ophelia,1986,SI,1986-01-07,1,1986,-11.9,97.2,35,986,usa_1min,0,False,1980
1986007S11055,Costa,1986,SI,1986-01-07,1,1986,-18.3,63.8,70,976,usa_1min,1,False,1980
1986011S12130,Unnamed,1986,SI,1986-01-11,1,1986,-13.4,122.3,35,,usa_1min,0,False,1980
1986017S12131,Hector,1986,SI,1986-01-17,1,1986,-15.8,126.9,45,982,usa_1min,0,True,1980
1986018S14108,Pancho,1986,SI,1986-01-18,1,1986,-14.7,114,35,976,usa_1min,0,False,1980
1986021S16140,Vernon,1986,SP,1986-01-21,1,1986,-19,152.1,45,990,usa_1min,0,True,1980
1986027S13145,Winifred,1986,SP,1986-01-27,1,1986,-17.4,146.5,90,957,usa_1min,2,True,1980
1986029N04152,Judy,1986,WP,1986-01-29,1,1986,18.6,136.5,85,970,usa_1min,2,False,1980
1986029S13069,Erinesta,1986,SI,1986-01-29,1,1986,-15.8,54.2,115,927,usa_1min,4,False,1980
1986036S16187,Ima,1986,SP,1986-02-05,2,1986,-19.3,-156.1,75,940,usa_1min,1,False,1980
1986036S19216,June,1986,SP,1986-02-05,2,1986,-24.1,-137.7,55,980,usa_1min,0,False,1980
1986036S10082,Filomena,1986,SI,1986-02-05,2,1986,-14.2,78.4,55,991,usa_1min,0,False,1980
1986038S13158,Keli,1986,SP,1986-02-07,2,1986,-19.6,170.2,45,987,usa_1min,0,False,1980
1986048S16116,Rhonda,1986,SI,1986-02-17,2,1986,-20.5,113.5,50,968,usa_1min,0,True,1980
1986049S18043,Gista,1986,SI,1986-02-18,2,1986,-30.8,40.4,85,976,usa_1min,2,False,1980
1986052S13114,Selwyn,1986,SI,1986-02-21,2,1986,-19.9,108.9,50,980,usa_1min,0,False,1980
1986056S09130,Tiffany,1986,SI,1986-02-25,2,1986,-17.6,113.9,35,984,usa_1min,0,False,1980
1986060S16158,Lusi,1986,SP,1986-03-01,3,1986,-18.5,162.9,45,990,usa_1min,0,False,1980
1986061S13124,Victor,1986,SI,1986-03-02,3,1986,-18.1,115.5,105,930,usa_1min,3,False,1980
1986062S15150,Alfred,1986,SP,1986-03-02,3,1986,-17.7,161.4,45,990,usa_1min,0,False,1980
1986067S11080,Honorinina,1986,SI,1986-03-07,3,1986,-15.9,54.8,110,941,usa_1min,3,True,1980
1986070S13082,Iarima,1986,SI,1986-03-11,3,1986,-17.6,77.1,35,991,usa_1min,0,False,1980
1986085S13091,Jefotra,1986,SI,1986-03-25,3,1986,-18,70,105,954,usa_1min,3,False,1980
1986095S11105,Alison:Krisostoma,1986,SI,1986-04-04,4,1986,-15.9,86.7,75,974,usa_1min,1,False,1980
1986099S12168,Martin,1986,SP,1986-04-09,4,1986,-15.9,178.9,75,970,usa_1min,1,True,1980
1986111S08156,Manu,1986,SP,1986-04-21,4,1986,-13.5,149.5,70,970,usa_1min,1,True,1980
1986112N02152,Ken,1986,WP,1986-04-22,4,1986,9.9,139.2,90,980,usa_1min,2,False,1980
1986124S05090,Billy:Lila,1986,SI,1986-05-04,5,1986,-17.8,90,95,950,usa_1min,2,True,1980
1986134N08149,Lola,1986,WP,1986-05-14,5,1986,12.4,155.3,150,910,usa_1min,5,False,1980
1986135S07160,Namu,1986,SP,1986-05-15,5,1986,-14.6,158.5,80,955,usa_1min,1,True,1980
1986136N18114,Mac,1986,WP,1986-05-16,5,1986,21.2,121.6,45,992,usa_1min,0,True,1980
1986142N13253,Agatha,1986,EP,1986-05-22,5,1986,15.8,-103.6,65,,usa_1min,1,False,1980
1986156N26284,Andrew,1986,NA,1986-06-05,6,1986,30.7,-78,45,999,usa_1min,0,False,1980
1986169N09247,Blas,1986,EP,1986-06-17,6,1986,9,-115.2,35,,usa_1min,0,False,1980
1986169N07152,Nancy,1986,WP,1986-06-18,6,1986,22.4,121.8,80,955,usa_1min,1,True,1980
1986172N04161,Owen,1986,WP,1986-06-21,6,1986,16.8,129.2,50,985,usa_1min,0,False,1980
1986175N26273,Bonnie,1986,NA,1986-06-23,6,1986,29,-93.7,75,990,usa_1min,1,True,1980
1986176N11262,Celia,1986,EP,1986-06-24,6,1986,15.6,-108.8,75,,usa_1min,1,False,1980
1986179N11175,Peggy,1986,WP,1986-06-28,6,1986,16.7,130.4,140,900,usa_1min,5,True,1980
1986185N14256,Darby,1986,EP,1986-07-03,7,1986,18.1,-111.5,35,,usa_1min,0,False,1980
1986190N11162,Roger,1986,WP,1986-07-09,7,1986,25.2,129.9,85,955,usa_1min,2,False,1980
1986198N10245,Estelle,1986,EP,1986-07-16,7,1986,14.6,-134.6,115,,usa_1min,4,False,1980
1986200N17111,Unnamed,1986,WP,1986-07-19,7,1986,20.3,110.6,35,996,wmo,0,True,1980
1986206N11265,Frank,1986,EP,1986-07-24,7,1986,17.8,-131.6,75,,usa_1min,1,False,1980
1986209N13139,Sarah,1986,WP,1986-07-28,7,1986,21.1,127.7,55,980,usa_1min,0,False,1980
1986212S08085,Unnamed,1987,SI,1986-07-30,7,1986,-7.6,79.2,45,,usa_1min,0,False,1980
1986214N09234,Georgette,1986,WP,1986-08-02,8,1986,15.7,170.4,65,970,usa_1min,1,False,1980
1986221N17163,Tip,1986,WP,1986-08-09,8,1986,24.9,153.5,80,965,usa_1min,1,False,1980
1986225N17134,Vera,1986,WP,1986-08-13,8,1986,21.9,145.5,110,925,usa_1min,3,True,1980
1986226N30276,Charley,1986,NA,1986-08-13,8,1986,36.5,-75.8,70,980,usa_1min,1,True,1980
1986228N19120,Wayne,1986,WP,1986-08-16,8,1986,18.8,116.8,90,955,usa_1min,2,True,1980
1986229N17256,Howard,1986,EP,1986-08-16,8,1986,17.8,-105.7,35,,usa_1min,0,False,1980
1986229N18130,Unnamed,1986,WP,1986-08-16,8,1986,18.4,129.9,40,,usa_1min,0,False,1980
1986232N15246,Isis,1986,EP,1986-08-19,8,1986,16.7,-120.2,45,,usa_1min,0,False,1980
1986233N10263,Javier,1986,EP,1986-08-20,8,1986,17.1,-110.8,115,,usa_1min,4,False,1980
1986240N24160,Unnamed,1986,WP,1986-08-28,8,1986,30.9,139.4,35,992,wmo,0,True,1980
1986241N18248,Kay,1986,EP,1986-08-28,8,1986,18.7,-120.3,40,,usa_1min,0,False,1980
1986250N11308,Danielle,1986,NA,1986-09-07,9,1986,12.2,-59.4,50,1000,usa_1min,0,False,1980
1986252N06153,Abby,1986,WP,1986-09-09,9,1986,22.2,122.9,95,945,usa_1min,2,True,1980
1986254N22309,Earl,1986,NA,1986-09-10,9,1986,27.2,-55.4,90,979,usa_1min,2,False,1980
1986257N14230,Lester,1986,EP,1986-09-13,9,1986,16,-136.3,45,,usa_1min,0,False,1980
1986259N13256,Madeline,1986,EP,1986-09-15,9,1986,13.2,-118.2,60,,usa_1min,0,False,1980
1986259N07170,Ben,1986,WP,1986-09-16,9,1986,19.6,140,120,920,usa_1min,4,False,1980
1986262N12266,Newton,1986,EP,1986-09-18,9,1986,25.2,-109.9,75,,usa_1min,1,True,1980
1986264N12221,Orlene,1986,EP,1986-09-21,9,1986,14.8,-140.3,70,,usa_1min,1,False,1980
1986270N05178,Carmen,1986,WP,1986-09-27,9,1986,19.7,138.4,100,940,usa_1min,3,False,1980
1986271N12267,Paine,1986,EP,1986-09-28,9,1986,22.5,-109.1,85,,usa_1min,2,True,1980
1986275N10134,Dom,1986,WP,1986-10-02,10,1986,16.1,113.4,45,996,usa_1min,0,True,1980
1986276N07177,Ellen,1986,WP,1986-10-03,10,1986,17.8,117.6,80,965,usa_1min,1,True,1980
1986283N10179,Forrest,1986,WP,1986-10-10,10,1986,19.4,144.3,110,930,usa_1min,3,False,1980
1986287N09141,Georgia,1986,WP,1986-10-14,10,1986,12.3,125.2,55,985,usa_1min,0,True,1980
1986289N10267,Roslyn,1986,EP,1986-10-15,10,1986,13.4,-110.1,125,,usa_1min,4,True,1980
1986302N05178,Herbert,1986,WP,1986-10-29,10,1986,13.9,116.3,60,985,usa_1min,0,True,1980
1986308N11090,Unnamed,1986,NI,1986-11-04,11,1986,21.4,88.8,50,,usa_1min,0,True,1980
1986309N07162,Ida,1986,WP,1986-11-05,11,1986,17.8,114.2,55,985,usa_1min,0,True,1980
1986311N12072,Unnamed,1986,NI,1986-11-07,11,1986,11.8,67.2,45,,usa_1min,0,False,1980
1986316N06146,Joe,1986,WP,1986-11-12,11,1986,18.9,123.9,100,940,usa_1min,3,False,1980
1986323N23297,Frances,1986,NA,1986-11-18,11,1986,27.8,-59.6,75,1000,usa_1min,1,False,1980
1986325S10171,Osea,1987,SP,1986-11-20,11,1986,-15.1,169.5,55,980,usa_1min,0,True,1980
1986330N05173,Kim,1986,WP,1986-11-26,11,1986,15.5,147.5,135,905,usa_1min,4,False,1980
1986333N04179,Lex,1986,WP,1986-11-29,11,1986,8.2,161.4,40,994,usa_1min,0,False,1980
1986343N05176,Marge,1986,WP,1986-12-09,12,1986,10.8,133,95,950,usa_1min,2,True,1980
1986346S12173,Patsy,1987,SP,1986-12-12,12,1986,-15.9,166.3,55,975,usa_1min,0,True,1980
1986353N03178,Norris,1986,WP,1986-12-19,12,1986,13.4,137.4,90,955,usa_1min,2,True,1980
1986356S07183,Raja,1987,SP,1986-12-21,12,1986,-17.4,180.4,90,955,usa_1min,2,False,1980
1986360S13195,Sally,1987,SP,1986-12-26,12,1986,-17.2,-161.1,65,955,usa_1min,1,False,1980
1987006S06076,Unnamed,1987,SI,1987-01-06,1,1987,-11.3,80,45,,usa_1min,0,False,1980
1987007N06162,Orchid,1987,WP,1987-01-06,1,1987,10.2,138,95,955,usa_1min,2,False,1980
1987009S08095,Unnamed,1987,SI,1987-01-09,1,1987,-9.9,97.9,55,,usa_1min,0,False,1980
1987015S16125,Connie,1987,SI,1987-01-15,1,1987,-18.2,120,55,950,usa_1min,0,True,1980
1987015S09187,Tusi,1987,SP,1987-01-15,1,1987,-15.4,-168.7,100,955,usa_1min,3,False,1980
1987016S13066,Alinina,1987,SI,1987-01-16,1,1987,-17.4,69,75,976,usa_1min,1,False,1980
1987030N06089,Unnamed,1987,NI,1987-01-30,1,1987,13.5,87.6,55,970,usa_1min,0,False,1980
1987031S15124,Damien,1987,SI,1987-01-30,1,1987,-17.8,119.5,50,980,usa_1min,0,False,1980
1987034S16187,Unnamed,1987,SP,1987-02-03,2,1987,-16,-170.3,40,,usa_1min,0,False,1980
1987035S12160,Uma:Veli,1987,SP,1987-02-04,2,1987,-16.5,166.5,75,940,usa_1min,1,False,1980
1987036S12140,Jason,1987,SP,1987-02-04,2,1987,-12.7,135.5,65,970,usa_1min,1,True,1980
1987036S15066,Bemazava,1987,SI,1987-02-05,2,1987,-25.6,59.3,36,997,wmo,0,False,1980
1987037S14152,Veli,1987,SP,1987-02-05,2,1987,-13.1,161.8,40,990,wmo,0,False,1980
1987040S19051,Clotilda,1987,SI,1987-02-09,2,1987,-20.8,54.8,45,970,usa_1min,0,True,1980
1987053S15127,Elsie,1987,SI,1987-02-21,2,1987,-19.3,120.9,60,940,usa_1min,0,True,1980
1987058S10173,Wini,1987,SP,1987-02-27,2,1987,-21.3,194.8,65,965,usa_1min,1,False,1980
1987059S12196,Unnamed,1987,SP,1987-02-28,2,1987,-20.5,-158.6,40,985,usa_1min,0,False,1980
1987062S13072,Daodo,1987,SI,1987-03-02,3,1987,-14,73.4,75,954,usa_1min,1,False,1980
1987065S11164,Yali,1987,SP,1987-03-05,3,1987,-17.3,163.7,65,970,usa_1min,1,False,1980
1987093N05155,Percy,1987,WP,1987-04-03,4,1987,9.3,142.9,40,1000,usa_1min,0,False,1980
1987096S11144,Kay,1987,SI,1987-04-06,4,1987,-14.2,122,65,976,usa_1min,1,True,1980
1987110S10179,Zuman,1987,SP,1987-04-19,4,1987,-15.4,191.3,55,975,usa_1min,0,False,1980
1987110S07073,Unnamed,1987,SI,1987-04-20,4,1987,-14.3,74.9,45,,usa_1min,0,False,1980
1987110S27050,Elizabetha,1987,SI,1987-04-20,4,1987,-29.1,42.8,75,976,usa_1min,1,False,1980
1987140S08170,Blanch:Blanche,1987,SP,1987-05-20,5,1987,-14.4,158.4,45,990,usa_1min,0,False,1980
1987150N13095,Unnamed,1987,NI,1987-05-30,5,1987,21.1,90.5,55,980,usa_1min,0,True,1980
1987155N16061,Unnamed,1987,NI,1987-06-04,6,1987,16.1,63.5,50,,usa_1min,0,False,1980
1987159N12264,Adrian,1987,EP,1987-06-07,6,1987,12.3,-98.1,40,,usa_1min,0,False,1980
1987168N17118,Ruth,1987,WP,1987-06-16,6,1987,20.8,112.7,35,992,usa_1min,0,True,1980
1987176N10150,Sperry,1987,WP,1987-06-24,6,1987,16.3,134.4,75,980,usa_1min,1,False,1980
1987185N13244,Beatriz,1987,EP,1987-07-03,7,1987,16.5,-121.5,45,,usa_1min,0,False,1980
1987187N13258,Calvin,1987,EP,1987-07-05,7,1987,14.8,-116,55,,usa_1min,0,False,1980
1987188N10151,Thelma,1987,WP,1987-07-06,7,1987,17.9,128.9,130,915,usa_1min,4,True,1980
1987196N15258,Dora,1987,EP,1987-07-15,7,1987,17.9,-112.4,50,,usa_1min,0,False,1980
1987196N09146,Vernon,1987,WP,1987-07-15,7,1987,17.9,125.4,65,985,usa_1min,1,False,1980
1987200N04191,Wynne,1987,WP,1987-07-18,7,1987,18.4,143.6,125,920,usa_1min,4,False,1980
1987202N09144,Alex,1987,WP,1987-07-21,7,1987,18.6,124.6,65,970,usa_1min,1,True,1980
1987203N11263,Eugene,1987,EP,1987-07-22,7,1987,18.5,-104.6,85,,usa_1min,2,True,1980
1987205N12229,Fernanda,1987,EP,1987-07-24,7,1987,12.6,-139.8,55,,usa_1min,0,False,1980
1987209N12259,Greg,1987,EP,1987-07-28,7,1987,19.8,-113.3,70,,usa_1min,1,False,1980
1987213N11268,Hilary,1987,EP,1987-07-31,7,1987,14.6,-106.4,105,,usa_1min,3,False,1980
1987216N10270,Irwin,1987,EP,1987-08-03,8,1987,15.3,-99.1,55,,usa_1min,0,False,1980
1987219N08134,Betty,1987,WP,1987-08-07,8,1987,12.2,127.6,140,890,usa_1min,5,True,1980
1987219N08155,Cary,1987,WP,1987-08-07,8,1987,16.3,123.5,85,960,usa_1min,2,True,1980
1987220N34283,Arlene,1987,NA,1987-08-08,8,1987,36.5,-43,65,987,usa_1min,1,True,1980
1987222N26266,Unnamed,1987,NA,1987-08-09,8,1987,28.4,-94.4,40,1007,usa_1min,0,True,1980
1987222N27145,Unnamed,1987,WP,1987-08-09,8,1987,30.9,141.7,35,1002,wmo,0,False,1980
1987226N13241,Jova,1987,EP,1987-08-13,8,1987,14.1,-132.2,90,,usa_1min,2,False,1980
1987230N15340,Bret,1987,NA,1987-08-18,8,1987,15.7,-35.5,45,1000,usa_1min,0,False,1980
1987231N10159,Dinah,1987,WP,1987-08-19,8,1987,17.9,130.3,130,915,usa_1min,4,True,1980
1987232N07173,Ed,1987,WP,1987-08-20,8,1987,15.9,149.2,35,,usa_1min,0,False,1980
1987238N10213,Oka,1987,EP,1987-08-26,8,1987,11.6,-155.5,50,,usa_1min,0,False,1980
1987241N10241,Knut,1987,EP,1987-08-28,8,1987,10.2,-121.5,35,,usa_1min,0,False,1980
1987242N13257,Lidia,1987,EP,1987-08-29,8,1987,17.4,-114.3,75,,usa_1min,1,False,1980
1987244N11177,Holly,1987,WP,1987-09-01,9,1987,18.4,155.8,140,900,usa_1min,5,False,1980
1987245N15133,Gerald,1987,WP,1987-09-02,9,1987,20.6,122.5,105,950,usa_1min,3,True,1980
1987247N09150,Freda,1987,WP,1987-09-03,9,1987,17,137.4,125,915,usa_1min,4,False,1980
1987249N15329,Cindy,1987,NA,1987-09-05,9,1987,28.2,-39.4,45,1000,usa_1min,0,False,1980
1987252N11342,Dennis,1987,NA,1987-09-08,9,1987,12.3,-27.7,45,1000,usa_1min,0,False,1980
1987253N11260,Max,1987,EP,1987-09-09,9,1987,15.1,-116.8,135,,usa_1min,4,False,1980
1987258N15253,Norma,1987,EP,1987-09-14,9,1987,19.9,-113.4,65,,usa_1min,1,False,1980
1987263N10241,Otis,1987,EP,1987-09-20,9,1987,14.5,-121.8,100,,usa_1min,3,False,1980
1987263N10309,Emily,1987,NA,1987-09-20,9,1987,16.7,-69.1,110,958,usa_1min,3,True,1980
1987264N10190,Peke,1987,WP,1987-09-21,9,1987,25.2,177.2,100,950,usa_1min,3,False,1980
1987266N16148,Ian,1987,WP,1987-09-22,9,1987,20.6,140.9,110,955,usa_1min,3,False,1980
1987270N15160,June,1987,WP,1987-09-27,9,1987,25.1,155,40,992,usa_1min,0,False,1980
1987274N21249,Pilar,1987,EP,1987-09-30,9,1987,22.4,-110.9,35,,usa_1min,0,False,1980
1987279N12256,Ramon,1987,EP,1987-10-05,10,1987,15.1,-114.4,120,,usa_1min,4,False,1980
1987282N12137,Kelly,1987,WP,1987-10-09,10,1987,26.6,131.8,95,955,usa_1min,2,True,1980
1987282N15277,Floyd,1987,NA,1987-10-09,10,1987,24,-82.9,65,993,usa_1min,1,True,1980
1987287N12089,Unnamed,1987,NI,1987-10-14,10,1987,15.8,81.4,45,994,usa_1min,0,True,1980
1987288N13168,Lynn,1987,WP,1987-10-14,10,1987,17.3,141.2,140,920,usa_1min,5,True,1980
1987300N10239,Selma,1987,EP,1987-10-27,10,1987,11.8,-124.4,35,,usa_1min,0,False,1980
1987303N06088,Unnamed,1987,NI,1987-10-30,10,1987,13.8,83.7,55,984,usa_1min,0,True,1980
1987304S04086,Unnamed,1988,SI,1987-10-31,10,1987,-11.9,67.5,55,,usa_1min,0,False,1980
1987311N10148,Maury,1987,WP,1987-11-07,11,1987,13.5,113.1,45,994,usa_1min,0,True,1980
1987312N09095,Unnamed,1987,NI,1987-11-08,11,1987,15.4,81.3,50,990,usa_1min,0,True,1980
1987320N03171,Nina,1987,WP,1987-11-16,11,1987,13.1,124.5,145,930,usa_1min,5,True,1980
1987325N13126,Ogden,1987,WP,1987-11-20,11,1987,12.6,109.6,45,,usa_1min,0,True,1980
1987325S06050,Unnamed,1988,SI,1987-11-20,11,1987,-11.5,41.1,40,,usa_1min,0,True,1980
1987336N10085,Unnamed,1987,NI,1987-12-02,12,1987,14.3,70.6,45,,usa_1min,0,True,1980
1987340S07095,Ariny,1988,SI,1987-12-05,12,1987,-15.2,84.6,55,997,usa_1min,0,False,1980
1987343N05154,Phyllis,1987,WP,1987-12-09,12,1987,11.8,125,100,960,usa_1min,3,True,1980
1987351N09086,Unnamed,1987,NI,1987-12-17,12,1987,11.6,83.4,35,,usa_1min,0,True,1980
1987353S08177,Unnamed,1988,SP,1987-12-18,12,1987,-8.9,177.6,35,,usa_1min,0,False,1980
1987358S10070,Benandro,1988,SI,1987-12-24,12,1987,-13.9,69.9,35,991,usa_1min,0,False,1980
1988003S12171,Agi,1988,SP,1988-01-03,1,1988,-17.1,158.4,70,980,usa_1min,1,True,1980
1988005N03174,Roy,1988,WP,1988-01-05,1,1988,9.9,155.3,115,940,usa_1min,4,True,1980
1988006S05182,Anne,1988,SP,1988-01-05,1,1988,-15.1,165.3,140,925,usa_1min,5,True,1980
1988012S11061,Calidera,1988,SI,1988-01-11,1,1988,-16.2,50.2,65,966,usa_1min,1,True,1980
1988021S12080,Doaza,1988,SI,1988-01-21,1,1988,-24,38.2,115,954,usa_1min,4,True,1980
1988028S07100,Frederic,1988,SI,1988-01-28,1,1988,-18.1,95.7,65,955,usa_1min,1,False,1980
1988037S13109,Ezenina:Gwenda,1988,SI,1988-02-06,2,1988,-17.1,90.1,90,941,usa_1min,2,False,1980
1988050S13155,Charlie,1988,SP,1988-02-19,2,1988,-14.6,155.6,45,972,usa_1min,0,True,1980
1988055S10051,Filao,1988,SI,1988-02-23,2,1988,-18.9,38.4,85,954,usa_1min,2,True,1980
1988055S10180,Bola,1988,SP,1988-02-23,2,1988,-18.1,169,105,940,usa_1min,3,False,1980
1988058S19198,Cilla,1988,SP,1988-02-26,2,1988,-25.3,-149.7,45,970,usa_1min,0,False,1980
1988072S08088,Gasitao,1988,SI,1988-03-12,3,1988,-16.2,62.9,130,927,usa_1min,4,False,1980
1988076S14056,Hely,1988,SI,1988-03-16,3,1988,-11.4,52.6,45,976,usa_1min,0,True,1980
1988100S15171,Dovi,1988,SP,1988-04-08,4,1988,-18.2,170.7,70,975,usa_1min,1,False,1980
1988125S10071,Iarisena,1988,SI,1988-05-04,5,1988,-15.3,64.7,40,991,usa_1min,0,False,1980
1988138S07092,Herbie,1988,SI,1988-05-17,5,1988,-12.6,96.5,35,982,usa_1min,0,True,1980
1988150N19119,Susan,1988,WP,1988-05-28,5,1988,21.1,118.7,80,970,usa_1min,1,False,1980
1988160N14074,Unnamed,1988,NI,1988-06-08,6,1988,16.9,70.6,35,,usa_1min,0,False,1980
1988169N14259,Aletta,1988,EP,1988-06-16,6,1988,16.1,-101.6,60,992,usa_1min,0,False,1980
1988170N05141,Thad,1988,WP,1988-06-17,6,1988,16.8,124.6,70,970,usa_1min,1,False,1980
1988173N12268,Bud,1988,EP,1988-06-20,6,1988,15.1,-97.8,45,1000,usa_1min,0,False,1980
1988177N07137,Vanessa,1988,WP,1988-06-24,6,1988,10.1,126.1,45,990,usa_1min,0,True,1980
1988191N13256,Carlotta,1988,EP,1988-07-08,7,1988,17.3,-114.5,65,994,usa_1min,1,False,1980
1988193N09149,Warren,1988,WP,1988-07-11,7,1988,16.3,127.2,115,940,usa_1min,4,True,1980
1988202N15248,Daniel,1988,EP,1988-07-19,7,1988,22.2,-128.3,55,994,usa_1min,0,False,1980
1988208N27135,Agnes,1988,WP,1988-07-26,7,1988,25.7,141.7,45,975,usa_1min,0,False,1980
1988210N14251,Emilia,1988,EP,1988-07-27,7,1988,15.4,-116.9,60,992,usa_1min,0,False,1980
1988211N12239,Fabio,1988,EP,1988-07-28,7,1988,14.7,-143.8,120,943,usa_1min,4,False,1980
1988211N15225,Gilma,1988,EP,1988-07-28,7,1988,15.9,-136.2,45,1000,usa_1min,0,True,1980
1988213N11262,Hector,1988,EP,1988-07-30,7,1988,16.4,-115.2,125,935,usa_1min,4,False,1980
1988213N20134,Unnamed,1988,WP,1988-07-30,7,1988,32.5,137.2,35,998,wmo,0,False,1980
1988218N21128,Bill,1988,WP,1988-08-04,8,1988,28.3,124.3,45,985,usa_1min,0,True,1980
1988218N13264,Iva,1988,EP,1988-08-05,8,1988,18,-110.5,90,968,usa_1min,2,False,1980
1988219N27175,Clara,1988,WP,1988-08-05,8,1988,28.7,160.4,45,994,usa_1min,0,False,1980
1988219N32283,Alberto,1988,NA,1988-08-05,8,1988,41.5,-69,35,1002,usa_1min,0,True,1980
1988221N30270,Beryl,1988,NA,1988-08-08,8,1988,29.3,-89.1,45,1001,usa_1min,0,True,1980
1988226N22173,Doyle,1988,WP,1988-08-13,8,1988,21.6,164.4,115,930,usa_1min,4,False,1980
1988226N26127,Unnamed,1988,WP,1988-08-13,8,1988,30.5,135.2,35,1000,wmo,0,True,1980
1988227N24123,Unnamed,1988,WP,1988-08-13,8,1988,32,136,35,1000,wmo,0,True,1980
1988230N18254,John,1988,EP,1988-08-16,8,1988,19.1,-107.8,35,1004,usa_1min,0,False,1980
1988235N15317,Chris,1988,NA,1988-08-21,8,1988,30.8,-80.8,45,1005,usa_1min,0,True,1980
1988237N30143,Fabian,1988,WP,1988-08-24,8,1988,34.1,153.7,75,970,usa_1min,1,False,1980
1988237N23154,Elsie,1988,WP,1988-08-24,8,1988,22.4,158.3,35,992,usa_1min,0,False,1980
1988242N12215,Uleki,1988,EP,1988-08-28,8,1988,15.4,200.2,110,945,usa_1min,3,False,1980
1988242N13262,Kristy,1988,EP,1988-08-29,8,1988,18.4,-109.5,80,976,usa_1min,1,False,1980
1988245N20269,Debby,1988,NA,1988-08-31,8,1988,20.8,-96.6,65,987,usa_1min,1,True,1980
1988246N26133,Gay,1988,WP,1988-09-02,9,1988,28.5,138,45,996,usa_1min,0,False,1980
1988247N33300,Ernesto,1988,NA,1988-09-03,9,1988,43.1,-29.7,55,994,usa_1min,0,False,1980
1988249N18163,Hal,1988,WP,1988-09-05,9,1988,19.8,145.8,105,945,usa_1min,3,False,1980
1988251N13343,Unnamed,1988,NA,1988-09-07,9,1988,17.5,-20.5,50,994,usa_1min,0,False,1980
1988251N23268,Florence,1988,NA,1988-09-07,9,1988,28.5,-89.3,70,982,usa_1min,1,True,1980
1988253N12306,Gilbert,1988,NA,1988-09-08,9,1988,19.7,-83.8,160,888,usa_1min,5,True,1980
1988255N15132,Jeff,1988,WP,1988-09-11,9,1988,18.2,138.2,45,994,usa_1min,0,False,1980
1988255N21159,Irma,1988,WP,1988-09-11,9,1988,25.5,158,55,990,usa_1min,0,False,1980
1988260N15157,Lee,1988,WP,1988-09-16,9,1988,18.7,131.4,55,990,usa_1min,0,False,1980
1988263N15126,Kit,1988,WP,1988-09-18,9,1988,21.5,117.1,60,980,usa_1min,0,True,1980
1988263N18115,Mamie,1988,WP,1988-09-19,9,1988,17.8,112.8,45,990,usa_1min,0,True,1980
1988264N13328,Helene,1988,NA,1988-09-19,9,1988,15.3,-46.1,125,938,usa_1min,4,False,1980
1988265N13263,Lane,1988,EP,1988-09-21,9,1988,17.2,-110.2,90,970,usa_1min,2,False,1980
1988265N12218,Wila,1988,EP,1988-09-21,9,1988,17,-145.4,35,,usa_1min,0,False,1980
1988273N09315,Isaac,1988,NA,1988-09-28,9,1988,11.8,-57.7,40,1005,usa_1min,0,False,1980
1988274N12142,Nelson,1988,WP,1988-09-30,9,1988,20,124.7,140,915,usa_1min,5,False,1980
1988282N15118,Unnamed,1988,WP,1988-10-07,10,1988,14.4,112.6,45,992,wmo,0,True,1980
1988282N17153,Odessa,1988,WP,1988-10-08,10,1988,23.5,130.9,90,965,usa_1min,2,False,1980
1988285N09318,Joan:Miriam,1988,NA,1988-10-10,10,1988,11.9,-83.2,125,932,usa_1min,4,True,1980
1988290N08145,Pat,1988,WP,1988-10-16,10,1988,16.3,124.5,75,980,usa_1min,1,True,1980
1988291N15095,Unnamed,1988,NI,1988-10-17,10,1988,18.4,91.8,35,,usa_1min,0,True,1980
1988295N10138,Ruby,1988,WP,1988-10-20,10,1988,14.6,123,125,950,usa_1min,4,True,1980
1988304S08077,Adelinina,1989,SI,1988-10-30,10,1988,-12.3,78.3,75,991,usa_1min,1,False,1980
1988307N09131,Tess,1988,WP,1988-11-01,11,1988,10.2,113.4,65,975,usa_1min,1,True,1980
1988308N09140,Skip,1988,WP,1988-11-03,11,1988,9.9,129.9,125,950,usa_1min,4,True,1980
1988310S08100,Barisaona,1989,SI,1988-11-05,11,1988,-13.5,72.5,100,954,usa_1min,3,False,1980
1988319N08090,Unnamed,1988,NI,1988-11-14,11,1988,19.7,93,55,,usa_1min,0,True,1980
1988320N10087,Unnamed,1988,NI,1988-11-15,11,1988,11.7,90.7,55,,wmo,0,False,1980
1988323N15286,Keith,1988,NA,1988-11-17,11,1988,48,-43,65,945,usa_1min,1,True,1980
1988327N06100,Unnamed,1988,NI,1988-11-21,11,1988,21.8,89,110,,usa_1min,3,True,1980
1988341N08090,Unnamed,1988,NI,1988-12-06,12,1988,10.9,90.2,45,,usa_1min,0,False,1980
1988347S12128,Ilona,1989,SI,1988-12-12,12,1988,-18.3,115.3,85,960,usa_1min,2,True,1980
1988352S14166,Eseta,1989,SP,1988-12-17,12,1988,-23,175,55,980,wmo,0,True,1980
1988356N05142,Val,1988,WP,1988-12-21,12,1988,14.7,124.7,55,992,usa_1min,0,True,1980
1988364S17148,Delilah,1989,SP,1988-12-28,12,1988,-20.2,165,60,975,usa_1min,0,False,1980
1989002S14192,Fili,1989,SP,1989-01-02,1,1989,-22.7,-167.5,50,985,wmo,0,False,1980
1989006S13184,Gina,1989,SP,1989-01-06,1,1989,-17,-171.6,45,987,usa_1min,0,False,1980
1989006S15044,Calasanjy,1989,SI,1989-01-06,1,1989,-17.6,42.2,75,954,usa_1min,1,True,1980
1989010N16212,Winona,1989,WP,1989-01-09,1,1989,15.2,145.6,55,1000,usa_1min,0,False,1980
1989018S10082,Edme,1989,SI,1989-01-17,1,1989,-19.8,81.2,115,976,usa_1min,4,False,1980
1989023S08103,John,1989,SI,1989-01-23,1,1989,-12.2,96.2,40,990,wmo,0,False,1980
1989024S11064,Firinga,1989,SI,1989-01-24,1,1989,-19.5,57.6,90,954,usa_1min,2,False,1980
1989035S11106,Kirrily,1989,SI,1989-02-03,2,1989,-20.9,107.2,75,955,usa_1min,1,False,1980
1989037S16164,Harry,1989,SP,1989-02-06,2,1989,-19.2,158,130,925,usa_1min,4,True,1980
1989042S23178,Unnamed,1989,SP,1989-02-11,2,1989,-21.2,183.8,45,987,wmo,0,False,1980
1989044S12102,Hanitra:Leon,1989,SI,1989-02-13,2,1989,-13.9,82.3,125,954,usa_1min,4,False,1980
1989047S13079,Gizela,1989,SI,1989-02-16,2,1989,-18.7,72.5,65,976,usa_1min,1,False,1980
1989052S27233,Hinano,1989,SP,1989-02-21,2,1989,-26.9,-140.7,90,970,usa_1min,2,False,1980
1989053S14210,Judy,1989,SP,1989-02-22,2,1989,-22.4,-157.3,90,965,usa_1min,2,False,1980
1989053S15170,Ivy,1989,SP,1989-02-22,2,1989,-21.2,170.8,100,960,usa_1min,3,False,1980
1989054S17117,Unnamed,1989,SI,1989-02-23,2,1989,-20,117.3,45,,usa_1min,0,True,1980
1989056S23039,Iana,1989,SI,1989-02-25,2,1989,-21.7,43.4,44,984,wmo,0,True,1980
1989060S09097,Marcia,1989,SI,1989-02-28,2,1989,-17.7,99.4,35,995,usa_1min,0,False,1980
1989067S17041,Unnamed,1989,SI,1989-03-07,3,1989,-22.3,41.5,35,,usa_1min,0,False,1980
1989080S16066,Jinabo,1989,SI,1989-03-21,3,1989,-19.5,50.1,65,966,usa_1min,1,False,1980
1989084S18122,Ned,1989,SI,1989-03-24,3,1989,-20.3,109.1,100,941,usa_1min,3,True,1980
1989087S11073,Krisy,1989,SI,1989-03-28,3,1989,-14.8,69.9,105,941,usa_1min,3,False,1980
1989088S15187,Kerry,1989,SP,1989-03-29,3,1989,-21.8,177.6,50,985,usa_1min,0,False,1980
1989089S11158,Aivu,1989,SP,1989-03-29,3,1989,-17.9,148.8,120,935,usa_1min,4,True,1980
1989094S05086,Lezissy,1989,SI,1989-04-04,4,1989,-12.8,72.1,45,984,usa_1min,0,False,1980
1989096S13159,Lili,1989,SP,1989-04-06,4,1989,-18,164.8,110,955,usa_1min,3,True,1980
1989103N07154,Andy,1989,WP,1989-04-13,4,1989,12.6,145.9,140,920,usa_1min,5,False,1980
1989106S11128,Orson,1989,SI,1989-04-16,4,1989,-17.4,116.2,140,905,usa_1min,5,True,1980
1989122S09162,Meena,1989,SP,1989-05-01,5,1989,-15,155.7,50,990,usa_1min,0,True,1980
1989126S13178,Ernie,1989,SP,1989-05-06,5,1989,-12.2,166.1,35,997,usa_1min,0,False,1980
1989134N07138,Brenda,1989,WP,1989-05-14,5,1989,19.7,115.2,75,970,usa_1min,1,True,1980
1989142N11114,Cecil,1989,WP,1989-05-21,5,1989,16,109.2,75,975,usa_1min,1,True,1980
1989143N17090,Unnamed,1989,NI,1989-05-23,5,1989,21.3,87.3,55,,usa_1min,0,True,1980
1989150N09257,Adolph,1989,EP,1989-05-29,5,1989,11.3,-119.5,55,994,usa_1min,0,False,1980
1989153N04144,Dot,1989,WP,1989-06-02,6,1989,16.6,113.6,100,955,usa_1min,3,True,1980
1989159N17072,Unnamed,1989,NI,1989-06-07,6,1989,21.4,65.7,35,,usa_1min,0,True,1980
1989165N11255,Barbara,1989,EP,1989-06-13,6,1989,16.2,-110.3,70,984,usa_1min,1,False,1980
1989169N13265,Cosme,1989,EP,1989-06-18,6,1989,15.6,-99.3,75,979,usa_1min,1,True,1980
1989169N16142,Ellis,1989,WP,1989-06-18,6,1989,21,126.9,35,985,usa_1min,0,True,1980
1989176N27264,Allison,1989,NA,1989-06-24,6,1989,29.1,-95.7,45,999,usa_1min,0,True,1980
1989187N15132,Faye,1989,WP,1989-07-05,7,1989,16.9,122.3,60,980,usa_1min,0,True,1980
1989191N13322,Barry,1989,NA,1989-07-09,7,1989,21.4,-53.1,45,1005,usa_1min,0,False,1980
1989190N13261,Dalilia,1989,EP,1989-07-09,7,1989,13.9,-135.9,80,977,usa_1min,1,False,1980
1989190N20160,Gordon,1989,WP,1989-07-09,7,1989,16.9,125.2,140,915,usa_1min,5,True,1980
1989194S06095,Unnamed,1990,SI,1989-07-12,7,1989,-15.2,94.2,35,,usa_1min,0,False,1990
1989194N13149,Hope,1989,WP,1989-07-13,7,1989,25.9,125.1,55,990,usa_1min,0,True,1980
1989199N05139,Irving,1989,WP,1989-07-18,7,1989,18.7,106.4,55,985,usa_1min,0,True,1980
1989200N12236,Erick,1989,EP,1989-07-19,7,1989,14.9,-130.5,35,1005,usa_1min,0,False,1980
1989201N11145,Judy,1989,WP,1989-07-20,7,1989,23.9,138.1,95,940,usa_1min,2,True,1980
1989203N18086,Unnamed,1989,NI,1989-07-22,7,1989,18,85,45,,wmo,0,True,1980
1989205N13260,Flossie,1989,EP,1989-07-23,7,1989,14.2,-102.3,35,1004,usa_1min,0,False,1980
1989209N22130,Ken:Lola,1989,WP,1989-07-28,7,1989,29.1,132.5,50,980,usa_1min,0,True,1980
1989210N14259,Gil,1989,EP,1989-07-28,7,1989,18.7,-108.4,75,979,usa_1min,1,False,1980
1989212N23270,Chantal,1989,NA,1989-07-30,7,1989,28.7,-93.5,70,984,usa_1min,1,True,1980
1989211N24153,Mac,1989,WP,1989-07-30,7,1989,26.5,145,80,950,usa_1min,1,True,1980
1989212N15318,Dean,1989,NA,1989-07-31,7,1989,34,-64.9,90,968,usa_1min,2,True,1980
1989216N06159,Owen,1989,WP,1989-08-04,8,1989,23.6,151.9,75,960,usa_1min,1,False,1980
1989221N10149,Nancy,1989,WP,1989-08-09,8,1989,27.4,155.4,75,965,usa_1min,1,False,1980
1989227N12236,Henriette,1989,EP,1989-08-14,8,1989,17,-132.2,45,1000,usa_1min,0,False,1980
1989227N13261,Ismael,1989,EP,1989-08-14,8,1989,18.7,-116.8,105,955,usa_1min,3,False,1980
1989227N16145,Peggy,1989,WP,1989-08-14,8,1989,21.5,148.8,35,996,usa_1min,0,False,1980
1989230N14338,Erin,1989,NA,1989-08-18,8,1989,34.1,-44.5,90,968,usa_1min,2,False,1980
1989234N16244,Juliette,1989,EP,1989-08-21,8,1989,18.9,-119.6,55,992,usa_1min,0,False,1980
1989235N26122,Roger,1989,WP,1989-08-22,8,1989,33.3,134.1,50,975,usa_1min,0,True,1980
1989238N22253,Kiko,1989,EP,1989-08-25,8,1989,23.5,-109.3,105,955,usa_1min,3,True,1980
1989238N17339,Felix,1989,NA,1989-08-26,8,1989,36.7,-48.3,75,979,usa_1min,1,False,1980
1989240N14256,Lorena,1989,EP,1989-08-27,8,1989,20.6,-115.6,65,989,usa_1min,1,False,1980
1989241N13265,Manuel,1989,EP,1989-08-28,8,1989,14.9,-101.4,40,1002,usa_1min,0,False,1980
1989243N12339,Gabrielle,1989,NA,1989-08-30,8,1989,19.3,-55.7,125,935,usa_1min,4,False,1980
1989246N14263,Narda,1989,EP,1989-09-03,9,1989,15.9,-108.2,45,1000,usa_1min,0,False,1980
1989246N16159,Sarah,1989,WP,1989-09-03,9,1989,23.3,122,125,950,usa_1min,4,True,1980
1989250N17148,Tip,1989,WP,1989-09-07,9,1989,36.9,158.8,50,984,usa_1min,0,False,1980
1989252N11260,Octave,1989,EP,1989-09-08,9,1989,20.9,-113.8,115,948,usa_1min,4,False,1980
1989254N13340,Hugo,1989,NA,1989-09-10,9,1989,14.6,-54.6,140,918,usa_1min,5,True,1980
1989254N17145,Vera,1989,WP,1989-09-11,9,1989,20.7,137.6,50,972,usa_1min,0,True,1980
1989259N20126,Wayne,1989,WP,1989-09-16,9,1989,30.2,128.5,65,970,usa_1min,1,True,1980
1989260N11316,Iris,1989,NA,1989-09-16,9,1989,19.2,-58.2,60,1001,usa_1min,0,False,1980
1989260N13264,Priscilla,1989,EP,1989-09-16,9,1989,20.7,-110,55,993,usa_1min,0,False,1980
1989268N14261,Raymond,1989,EP,1989-09-24,9,1989,17,-113.4,125,935,usa_1min,4,True,1980
1989271N14168,Colleen,1989,WP,1989-09-27,9,1989,22,143.8,80,950,usa_1min,1,False,1980
1989271N12142,Angela,1989,WP,1989-09-28,9,1989,18.1,124,130,925,usa_1min,4,True,1980
1989272N18120,Brian,1989,WP,1989-09-28,9,1989,18.4,110.6,80,970,usa_1min,1,True,1980
1989279N07151,Dan,1989,WP,1989-10-06,10,1989,16.6,112.3,70,960,usa_1min,1,True,1980
1989286N19268,Jerry,1989,NA,1989-10-12,10,1989,29.1,-95,75,982,usa_1min,1,True,1980
1989286N14137,Elsie,1989,WP,1989-10-13,10,1989,16.4,124.1,140,915,usa_1min,5,True,1980
1989291N05158,Forrest,1989,WP,1989-10-18,10,1989,22.6,137.6,95,940,usa_1min,2,False,1980
1989302S05079,Unnamed,1990,SI,1989-10-28,10,1989,-7.8,84.6,35,,usa_1min,0,False,1990
1989305N07105,Gay,1989,NI,1989-10-31,10,1989,14.8,80.3,140,970,usa_1min,5,True,1980
1989309S07100,Pedro,1990,SI,1989-11-04,11,1989,-13.2,96,65,982,usa_1min,1,False,1990
1989314N10152,Hunt,1989,WP,1989-11-10,11,1989,14.6,127,90,960,usa_1min,2,True,1980
1989324N17174,Irma,1989,WP,1989-11-20,11,1989,13.2,134.3,140,925,usa_1min,5,False,1980
1989333N17276,Karen,1989,NA,1989-11-28,11,1989,20.8,-83.4,50,1000,usa_1min,0,False,1980
1989346S10133,Felicity,1990,SP,1989-12-12,12,1989,-16.2,140.5,60,970,usa_1min,0,True,1990
1989349S08065,Alibera,1990,SI,1989-12-14,12,1989,-10.9,55.7,135,954,usa_1min,4,True,1990
1989354N05155,Jack,1989,WP,1989-12-20,12,1989,13.8,148.2,125,925,usa_1min,4,False,1980
1989364S05095,Baomavo,1990,SI,1989-12-29,12,1989,-18.1,84.6,85,,usa_1min,2,False,1990
1990005S13112,Rosita,1990,SI,1990-01-04,1,1990,-13.9,102.2,45,988,wmo,0,False,1990
1990008N01172,Koryn,1990,WP,1990-01-08,1,1990,15.5,145.8,75,980,usa_1min,1,False,1990
1990012S12131,Sam,1990,SI,1990-01-11,1,1990,-16,113.1,50,966,usa_1min,0,False,1990
1990024S14117,Tina,1990,SI,1990-01-24,1,1990,-18.5,113,45,976,usa_1min,0,True,1990
1990027S18156,Nancy,1990,SP,1990-01-27,1,1990,-21.2,160.7,65,980,usa_1min,1,False,1990
1990028S10183,Ofa,1990,SP,1990-01-28,1,1990,-15.6,187.1,115,925,usa_1min,4,False,1990
1990031S09070,Dety,1990,SI,1990-01-30,1,1990,-16.1,67,95,954,usa_1min,2,False,1990
1990032S11059,Cezera,1990,SI,1990-01-31,1,1990,-12.2,59.9,80,976,usa_1min,1,False,1990
1990043S09206,Peni,1990,SP,1990-02-12,2,1990,-19,-159.1,60,970,usa_1min,0,False,1990
1990056S11125,Vincent,1990,SI,1990-02-24,2,1990,-22.9,109.6,70,966,usa_1min,1,False,1990
1990058S16075,Edisoana,1990,SI,1990-02-26,2,1990,-20.8,61.2,100,954,usa_1min,3,False,1990
1990060S15170,Hilda,1990,SP,1990-03-01,3,1990,-19.2,157.2,60,970,usa_1min,0,False,1990
1990062S13091,Gregoara:Walter,1990,SI,1990-03-03,3,1990,-16.6,81.6,110,927,usa_1min,3,False,1990
1990065S07083,Felana,1990,SI,1990-03-05,3,1990,-15.2,76.5,45,991,usa_1min,0,False,1990
1990073S13170,Ivor,1990,SP,1990-03-14,3,1990,-13.9,147.9,75,965,usa_1min,1,True,1990
1990074S12115,Alex,1990,SI,1990-03-14,3,1990,-16.9,100.4,130,927,usa_1min,4,False,1990
1990076S12165,Rae,1990,SP,1990-03-17,3,1990,-23.2,182.9,40,985,usa_1min,0,False,1990
1990101S07048,Hanta,1990,SI,1990-04-10,4,1990,-11.9,46.1,45,991,usa_1min,0,False,1990
1990102S11092,Bessi,1990,SI,1990-04-11,4,1990,-16.5,91,40,990,usa_1min,0,False,1990
1990117N04152,Lewis,1990,WP,1990-04-27,4,1990,7.9,151.1,35,998,usa_1min,0,False,1990
1990124N09088,Unnamed,1990,NI,1990-05-03,5,1990,13.6,81.5,125,920,usa_1min,4,True,1990
1990129N05138,Marian,1990,WP,1990-05-09,5,1990,17.2,112.7,90,965,usa_1min,2,True,1990
1990130S03081,Ikonjo,1990,SI,1990-05-09,5,1990,-8.7,54.9,55,976,usa_1min,0,False,1990
1990133N09259,Alma,1990,EP,1990-05-12,5,1990,13.4,-117.1,75,979,usa_1min,1,False,1990
1990154N11260,Boris,1990,EP,1990-06-02,6,1990,16.7,-113.4,80,977,usa_1min,1,False,1990
1990160N12250,Cristina,1990,EP,1990-06-08,6,1990,15,-113.9,55,994,usa_1min,0,False,1990
1990163N08133,Nathan,1990,WP,1990-06-12,6,1990,19.4,111.6,55,980,usa_1min,0,True,1990
1990166N06141,Ofelia,1990,WP,1990-06-15,6,1990,21,121.5,90,970,usa_1min,2,True,1990
1990170N13260,Douglas,1990,EP,1990-06-19,6,1990,16.7,-103.7,55,992,usa_1min,0,False,1990
1990171N11148,Percy,1990,WP,1990-06-20,6,1990,12.3,130,115,950,usa_1min,4,True,1990
1990177N14257,Elida,1990,EP,1990-06-26,6,1990,18.6,-110.8,70,990,usa_1min,1,False,1990
1990180N09159,Robyn,1990,WP,1990-06-29,6,1990,23.3,124.4,45,992,usa_1min,0,False,1990
1990187N13258,Fausto,1990,EP,1990-07-06,7,1990,18.9,-110.1,75,979,usa_1min,1,False,1990
1990191N10266,Genevieve,1990,EP,1990-07-10,7,1990,20.2,-117,90,970,usa_1min,2,False,1990
1990201N12254,Hernan,1990,EP,1990-07-19,7,1990,17.3,-117.2,135,928,usa_1min,4,False,1990
1990202N10264,Iselle,1990,EP,1990-07-20,7,1990,19.2,-111.7,105,958,usa_1min,3,False,1990
1990202N13130,Tasha,1990,WP,1990-07-21,7,1990,22.3,115.7,55,980,usa_1min,0,True,1990
1990203N09318,Arthur,1990,NA,1990-07-22,7,1990,13.1,-63.7,60,995,usa_1min,0,False,1990
1990205N16141,Steve,1990,WP,1990-07-23,7,1990,22.9,144.9,115,940,usa_1min,4,False,1990
1990206N34285,Bertha,1990,NA,1990-07-24,7,1990,36.6,-67,70,973,usa_1min,1,True,1990
1990208N18132,Vernon,1990,WP,1990-07-26,7,1990,24.7,139.2,95,955,usa_1min,2,False,1990
1990212N10338,Cesar,1990,NA,1990-07-31,7,1990,16.1,-33.5,45,1000,usa_1min,0,False,1990
1990215N38337,Edouard,1990,NA,1990-08-02,8,1990,39.5,-23.9,40,1003,usa_1min,0,False,1990
1990216N13281,Diana,1990,NA,1990-08-04,8,1990,20.9,-96.8,85,980,usa_1min,2,True,1990
1990216N29125,Winona,1990,WP,1990-08-04,8,1990,32.3,137.4,65,975,usa_1min,1,True,1990
1990219N10214,Aka,1990,EP,1990-08-06,8,1990,11.3,195.5,55,994,usa_1min,0,False,1990
1990221N07162,Yancy,1990,WP,1990-08-09,8,1990,21.7,124.7,90,950,usa_1min,2,True,1990
1990224N09328,Fran,1990,NA,1990-08-11,8,1990,9,-53.6,35,1007,usa_1min,0,True,1990
1990228N15141,Zola,1990,WP,1990-08-15,8,1990,28.3,134.9,100,960,usa_1min,3,True,1990
1990229N11261,Julio,1990,EP,1990-08-17,8,1990,16.7,-119.5,100,960,usa_1min,3,False,1990
1990232N13141,Becky,1990,WP,1990-08-20,8,1990,17.7,116.4,70,965,usa_1min,1,True,1990
1990234N14248,Kenna,1990,EP,1990-08-21,8,1990,15.8,-129.3,75,980,usa_1min,1,False,1990
1990235N10152,Abe,1990,WP,1990-08-22,8,1990,25.2,124.7,90,955,usa_1min,2,True,1990
1990236N14264,Lowell,1990,EP,1990-08-23,8,1990,19.5,-112.5,65,986,usa_1min,1,False,1990
1990236N13314,Gustav,1990,NA,1990-08-24,8,1990,30.3,-57.5,105,956,usa_1min,3,False,1990
1990237N13325,Hortense,1990,NA,1990-08-25,8,1990,21.7,-43.6,55,993,usa_1min,0,False,1990
1990245N20123,Cecil,1990,WP,1990-09-02,9,1990,27.1,120.2,45,,usa_1min,0,True,1990
1990245N16149,Dot,1990,WP,1990-09-02,9,1990,21,125.4,75,960,usa_1min,1,True,1990
1990247N07337,Isidore,1990,NA,1990-09-04,9,1990,18.5,-37.6,85,978,usa_1min,2,False,1990
1990250N13157,Ed,1990,WP,1990-09-07,9,1990,16.1,113,90,965,usa_1min,2,True,1990
1990251N12238,Marie,1990,EP,1990-09-07,9,1990,14.8,-132.1,120,944,usa_1min,4,False,1990
1990251N06171,Flo,1990,WP,1990-09-08,9,1990,25.6,128.9,145,890,usa_1min,5,True,1990
1990253N12248,Norbert,1990,EP,1990-09-10,9,1990,21.1,-124.4,70,983,usa_1min,1,False,1990
1990261N12141,Gene,1990,WP,1990-09-18,9,1990,24.7,126.2,80,950,usa_1min,1,True,1990
1990264N14328,Josephine,1990,NA,1990-09-21,9,1990,34.1,-38.4,75,980,usa_1min,1,False,1990
1990267N13252,Odile,1990,EP,1990-09-23,9,1990,15.2,-122.1,125,935,usa_1min,4,False,1990
1990270N13261,Rachel,1990,EP,1990-09-27,9,1990,20.3,-112.1,55,994,usa_1min,0,True,1990
1990271N13153,Hattie,1990,WP,1990-09-28,9,1990,22.1,132.5,90,950,usa_1min,2,True,1990
1990272N10223,Polo,1990,EP,1990-09-28,9,1990,15,-139,65,987,usa_1min,1,False,1990
1990272N11121,Ira,1990,WP,1990-09-29,9,1990,13.3,112,35,996,usa_1min,0,True,1990
1990277N16301,Klaus,1990,NA,1990-10-03,10,1990,17.2,-61.2,70,985,usa_1min,1,False,1990
1990279N36316,Lili,1990,NA,1990-10-06,10,1990,31.2,-55.9,65,987,usa_1min,1,True,1990
1990283N23281,Marco,1990,NA,1990-10-09,10,1990,26.7,-82.6,55,989,usa_1min,0,True,1990
1990282N15250,Simon,1990,EP,1990-10-09,10,1990,17.9,-120,60,990,usa_1min,0,False,1990
1990283N15129,Jeana,1990,WP,1990-10-09,10,1990,13,110.5,35,,usa_1min,0,True,1990
1990287N13156,Kyle,1990,WP,1990-10-13,10,1990,19.9,143.6,90,955,usa_1min,2,False,1990
1990288N15118,Lola,1990,WP,1990-10-15,10,1990,13.8,110,40,998,usa_1min,0,True,1990
1990289N10261,Trudy,1990,EP,1990-10-16,10,1990,15.5,-111,135,924,usa_1min,4,False,1990
1990289N22300,Nana,1990,NA,1990-10-16,10,1990,24.1,-63.8,75,989,usa_1min,1,False,1990
1990295N11261,Vance,1990,EP,1990-10-21,10,1990,17.9,-107.9,85,975,usa_1min,2,False,1990
1990309N08167,Page,1990,WP,1990-11-05,11,1990,13.1,129.2,140,910,usa_1min,5,True,1990
1990310N07152,Mike,1990,WP,1990-11-06,11,1990,7.9,134.2,150,915,usa_1min,5,True,1990
1990312N12121,Nell,1990,WP,1990-11-08,11,1990,12.7,111.5,50,990,usa_1min,0,True,1990
1990319N07197,Owen,1990,WP,1990-11-14,11,1990,8.3,152.1,140,925,usa_1min,5,True,1990
1990327S07175,Sina,1991,SP,1990-11-23,11,1990,-16.6,174.8,125,960,usa_1min,4,False,1990
1990334S08078,Unnamed,1991,SI,1990-11-29,11,1990,-14.9,79.5,55,997,usa_1min,0,False,1990
1990343S10128,Laurence,1991,SI,1990-12-08,12,1990,-13.6,128,35,992,usa_1min,0,False,1990
1990348N04087,Unnamed,1990,NI,1990-12-13,12,1990,14.7,86.2,45,,usa_1min,0,True,1990
1990347N05173,Russ,1990,WP,1990-12-13,12,1990,11.2,149.5,125,915,usa_1min,4,False,1990
1990350S11165,Joy,1991,SP,1990-12-15,12,1990,-16.1,146.7,90,940,usa_1min,2,True,1990
1991008S09078,Alison,1991,SI,1991-01-08,1,1991,-13.4,81.1,65,1002,usa_1min,1,False,1990
1991013S04096,Bella,1991,SI,1991-01-13,1,1991,-17.7,61.8,130,936,usa_1min,4,False,1990
1991015N02087,Unnamed,1991,NI,1991-01-14,1,1991,3.7,75.5,35,,usa_1min,0,False,1990
1991046S15122,Chris,1991,SI,1991-02-15,2,1991,-15.5,119.5,50,976,usa_1min,0,False,1990
1991046S18150,Daphne,1991,SI,1991-02-15,2,1991,-20.5,113.6,60,976,usa_1min,0,True,1990
1991047S16041,Cynthia,1991,SI,1991-02-16,2,1991,-20,44.3,50,970,usa_1min,0,True,1990
1991053S21040,Debra,1991,SI,1991-02-22,2,1991,-25.5,37.8,90,966,usa_1min,2,False,1990
1991055S12142,Kelvin,1991,SP,1991-02-24,2,1991,-16.5,150.7,55,980,usa_1min,0,True,1990
1991057S10087,Elma,1991,SI,1991-02-26,2,1991,-16.1,88.2,60,965,usa_1min,0,False,1990
1991062N04156,Sharon,1991,WP,1991-03-03,3,1991,6.4,138.4,60,985,usa_1min,0,True,1990
1991077N03165,Tim,1991,WP,1991-03-18,3,1991,16.6,152.8,70,970,usa_1min,1,False,1990
1991080S06092,Fatima,1991,SI,1991-03-20,3,1991,-12,80.7,90,954,usa_1min,2,False,1990
1991083S11100,Errol,1991,SI,1991-03-23,3,1991,-10.5,99.9,110,950,usa_1min,3,False,1990
1991099S10132,Marian,1991,SI,1991-04-08,4,1991,-14.1,119.7,95,930,usa_1min,2,False,1990
1991105S12103,Fifi,1991,SI,1991-04-14,4,1991,-15.6,102.2,55,975,usa_1min,0,False,1990
1991111N04145,Vanessa,1991,WP,1991-04-20,4,1991,12.8,114.2,45,994,usa_1min,0,True,1990
1991113N10091,Unnamed,1991,NI,1991-04-22,4,1991,20.6,90.6,140,918,usa_1min,5,True,1990
1991124N05152,Walt,1991,WP,1991-05-04,5,1991,14.8,130.6,140,915,usa_1min,5,False,1990
1991124S08154,Lisa,1991,SP,1991-05-04,5,1991,-15.6,156.3,80,972,usa_1min,1,False,1990
1991136N11238,Andres,1991,EP,1991-05-16,5,1991,10.7,-123,55,994,usa_1min,0,False,1990
1991150N14091,Unnamed,1991,NI,1991-05-30,5,1991,22.3,91,50,990,usa_1min,0,True,1990
1991156S07084,Gritelle,1991,SI,1991-06-05,6,1991,-10.5,69.8,40,984,usa_1min,0,False,1990
1991163N11128,Yunya,1991,WP,1991-06-11,6,1991,14.4,123.5,105,950,usa_1min,3,True,1990
1991166N10257,Blanca,1991,EP,1991-06-14,6,1991,12.6,-121.5,55,994,usa_1min,0,False,1990
1991168N11265,Carlos,1991,EP,1991-06-16,6,1991,15.3,-127,105,955,usa_1min,3,False,1990
1991174N13259,Delores,1991,EP,1991-06-22,6,1991,17.8,-106.7,75,979,usa_1min,1,False,1990
1991181N26282,Ana,1991,NA,1991-06-29,6,1991,37.1,-67.8,45,1000,usa_1min,0,True,1990
1991187N06139,Zeke,1991,WP,1991-07-06,7,1991,18.5,110.8,80,970,usa_1min,1,True,1990
1991194N11147,Amy,1991,WP,1991-07-12,7,1991,20.6,122.4,125,930,usa_1min,4,True,1990
1991197N09248,Enrique,1991,EP,1991-07-15,7,1991,12.6,238.5,65,987,usa_1min,1,False,1990
1991196N06153,Brendan,1991,WP,1991-07-15,7,1991,17.5,122.1,70,980,usa_1min,1,True,1990
1991200N05157,Caitlin,1991,WP,1991-07-18,7,1991,27.2,126.8,95,940,usa_1min,2,False,1990
1991210N11253,Fefa,1991,EP,1991-07-29,7,1991,16.6,-122.7,105,959,usa_1min,3,False,1990
1991216N12262,Guillermo,1991,EP,1991-08-04,8,1991,15.6,-104.8,70,983,usa_1min,1,False,1990
1991219N25165,Doug,1991,WP,1991-08-07,8,1991,29.6,158.4,35,,usa_1min,0,False,1990
1991220N10133,Fred,1991,WP,1991-08-08,8,1991,20.3,110.4,95,960,usa_1min,2,True,1990
1991220N13258,Hilda,1991,EP,1991-08-08,8,1991,19,-113.5,55,992,usa_1min,0,False,1990
1991220N20160,Ellie,1991,WP,1991-08-08,8,1991,26.5,136.7,85,960,usa_1min,2,False,1990
1991226N18159,Gladys,1991,WP,1991-08-13,8,1991,29,130.1,65,965,usa_1min,1,True,1990
1991228N26286,Bob,1991,NA,1991-08-16,8,1991,36.5,-74.5,100,950,usa_1min,3,True,1990
1991239N20133,Harry,1991,WP,1991-08-27,8,1991,31.1,135.4,40,984,usa_1min,0,True,1990
1991243N05172,Ivy,1991,WP,1991-08-31,8,1991,26.2,139,115,935,usa_1min,4,False,1990
1991244N19126,Joel,1991,WP,1991-09-01,9,1991,22.6,115.4,55,985,usa_1min,0,True,1990
1991248N27304,Claudette,1991,NA,1991-09-04,9,1991,27,-61.5,115,944,usa_1min,4,False,1990
1991250N10334,Danny,1991,NA,1991-09-07,9,1991,11.8,-39.6,45,998,usa_1min,0,False,1990
1991252N24311,Erika,1991,NA,1991-09-08,9,1991,34.7,-46.1,50,997,usa_1min,0,False,1990
1991251N12138,Kinna,1991,WP,1991-09-08,9,1991,26.8,127.7,90,955,usa_1min,2,True,1990
1991253S09080,Unnamed,1992,SI,1991-09-10,9,1991,-11.3,81,45,,usa_1min,0,False,1990
1991256N13171,Mireille,1991,WP,1991-09-13,9,1991,16.3,133.2,130,925,usa_1min,4,True,1990
1991256N14148,Luke,1991,WP,1991-09-13,9,1991,23.1,131.1,50,972,usa_1min,0,False,1990
1991257N16130,Nat,1991,WP,1991-09-14,9,1991,21.8,123.3,110,950,usa_1min,3,True,1990
1991259N14258,Ignacio,1991,EP,1991-09-16,9,1991,17.5,-103.5,55,994,usa_1min,0,False,1990
1991264N10260,Jimena,1991,EP,1991-09-20,9,1991,13.4,-108.9,115,945,usa_1min,4,False,1990
1991268N12264,Kevin,1991,EP,1991-09-25,9,1991,17.6,-112,125,935,usa_1min,4,False,1990
1991274N08164,Pat,1991,WP,1991-10-01,10,1991,18.3,151.1,125,925,usa_1min,4,False,1990
1991274N14149,Orchid,1991,WP,1991-10-01,10,1991,19.4,131.1,115,930,usa_1min,4,False,1990
1991277N13251,Linda,1991,EP,1991-10-03,10,1991,16.7,-108.6,105,957,usa_1min,3,False,1990
1991281N12265,Marty,1991,EP,1991-10-07,10,1991,17.3,-108.4,70,979,usa_1min,1,False,1990
1991285S08064,Unnamed,1992,SI,1991-10-11,10,1991,-11.1,52.4,35,997,usa_1min,0,False,1990
1991288N19274,Fabian,1991,NA,1991-10-15,10,1991,21.2,-83.1,40,1002,usa_1min,0,True,1990
1991289N06156,Ruth,1991,WP,1991-10-16,10,1991,14.8,134.3,145,895,usa_1min,5,True,1990
1991299N27295,Grace,1991,NA,1991-10-25,10,1991,31.5,-61.8,90,980,usa_1min,2,False,1990
1991301N08173,Seth,1991,WP,1991-10-28,10,1991,16,145.1,130,925,usa_1min,4,False,1990
1991302N44301,Unnamed,1991,NA,1991-10-28,10,1991,38.2,-66.5,65,972,usa_1min,1,True,1990
1991304N08140,Thelma,1991,WP,1991-10-31,10,1991,12.1,126.5,45,992,usa_1min,0,True,1990
1991307N06177,Verne,1991,WP,1991-11-03,11,1991,16.3,148.7,55,980,usa_1min,0,False,1990
1991311N10256,Nora,1991,EP,1991-11-07,11,1991,13.3,-113.3,90,970,usa_1min,2,False,1990
1991313N10095,Unnamed,1991,NI,1991-11-09,11,1991,11.1,80.2,40,998,usa_1min,0,True,1990
1991317N09141,Wilda,1991,WP,1991-11-12,11,1991,12.8,125.2,45,992,usa_1min,0,True,1990
1991317S07164,Tia,1992,SP,1991-11-12,11,1991,-13.3,169.1,95,960,usa_1min,2,False,1990
1991320N06171,Yuri,1991,WP,1991-11-16,11,1991,11.6,145.5,150,895,usa_1min,5,False,1990
1991324S08074,Unnamed,1992,SI,1991-11-20,11,1991,-14.4,71.7,45,991,usa_1min,0,False,1990
1991329N04181,Zelda,1991,WP,1991-11-24,11,1991,11.2,159.6,80,975,usa_1min,1,False,1990
1991335S04095,Graham,1992,SI,1991-12-01,12,1991,-11.1,97.7,120,915,usa_1min,4,False,1990
1991338S08181,Val,1992,SP,1991-12-04,12,1991,-13.8,-172.5,125,940,usa_1min,4,True,1990
1991339S10203,Wasa,1992,SP,1991-12-05,12,1991,-13.2,-159,105,940,usa_1min,3,False,1990
1991348S23218,Arthur,1992,SP,1991-12-13,12,1991,-18.6,-134.7,45,985,usa_1min,0,False,1990
1991352S08066,Alexandra,1992,SI,1991-12-17,12,1991,-16.6,79.2,105,972,usa_1min,3,False,1990
1991360S13058,Bryna,1992,SI,1991-12-25,12,1991,-15,53.9,45,988,usa_1min,0,True,1990
1992003N03176,Axel,1992,WP,1992-01-03,1,1992,6,168.1,70,980,usa_1min,1,False,1990
1992005S07172,Betsy,1992,SP,1992-01-04,1,1992,-16.8,166.9,95,940,usa_1min,2,True,1990
1992006S13134,Mark,1992,SP,1992-01-06,1,1992,-13.4,141,55,980,usa_1min,0,True,1990
1992017S12198,Unnamed,1992,SP,1992-01-16,1,1992,-18.8,-154,35,,usa_1min,0,False,1990
1992027N05206,Ekeka,1992,EP,1992-01-26,1,1992,9.2,186.3,100,990,usa_1min,3,False,1990
1992036S11212,Cliff,1992,SP,1992-02-04,2,1992,-15,-139.1,70,980,usa_1min,1,False,1990
1992039S14063,Celesta,1992,SI,1992-02-08,2,1992,-23.8,68.7,45,985,usa_1min,0,False,1990
1992044S09181,Daman,1992,SP,1992-02-13,2,1992,-19.6,161.5,85,965,usa_1min,2,True,1990
1992048S18067,Davilia,1992,SI,1992-02-16,2,1992,-20.8,71.9,35,988,usa_1min,0,False,1990
1992050S19155,Unnamed,1992,SP,1992-02-19,2,1992,-22.3,151.9,35,,usa_1min,0,True,1990
1992054S14044,Elizabetha,1992,SI,1992-02-22,2,1992,-14.8,45.7,35,992,wmo,0,True,1990
1992055S11086,Farida,1992,SI,1992-02-23,2,1992,-18.9,75.7,120,941,usa_1min,4,False,1990
1992055S12119,Ian,1992,SI,1992-02-23,2,1992,-17.8,116.7,115,930,usa_1min,4,True,1990
1992056S11102,Harriet:Heather,1992,SI,1992-02-24,2,1992,-15.1,89.4,120,930,usa_1min,4,False,1990
1992055S13169,Esau,1992,SP,1992-02-24,2,1992,-13.8,159.5,130,925,usa_1min,4,True,1990
1992058S15060,Gerda,1992,SI,1992-02-26,2,1992,-15.3,61.2,35,992,usa_1min,0,False,1990
1992064S10184,Fran,1992,SP,1992-03-04,3,1992,-17.3,170.8,140,920,usa_1min,5,True,1990
1992074S12185,Gene,1992,SP,1992-03-13,3,1992,-20,-161.9,60,985,usa_1min,0,False,1990
1992084S10212,Hettie,1992,SP,1992-03-23,3,1992,-23.5,-143.8,55,987,usa_1min,0,False,1990
1992088N05188,Hali,1992,EP,1992-03-28,3,1992,6,-174.1,45,,usa_1min,0,False,1990
1992096S08132,Neville,1992,SI,1992-04-04,4,1992,-11.4,128.5,120,945,usa_1min,4,False,1990
1992096S05101,Irna:Jane,1992,SI,1992-04-05,4,1992,-14.7,87.3,120,915,usa_1min,4,False,1990
1992113N24301,Unnamed,1992,NA,1992-04-21,4,1992,24.9,-61.5,45,1002,usa_1min,0,False,1990
1992118S11179,Innis,1992,SP,1992-04-27,4,1992,-13.4,169.5,65,985,usa_1min,1,False,1990
1992136N10090,Unnamed,1992,NI,1992-05-15,5,1992,18.5,93.6,65,992,usa_1min,1,True,1990
1992154N11258,Agatha,1992,EP,1992-06-01,6,1992,15,-102.7,60,990,usa_1min,0,False,1990
1992155N10070,Unnamed,1992,NI,1992-06-03,6,1992,10.3,63.9,35,994,usa_1min,0,False,1990
1992167N12088,Unnamed,1992,NI,1992-06-14,6,1992,20.4,87,45,,usa_1min,0,True,1990
1992172N07144,Bobbie,1992,WP,1992-06-20,6,1992,19.1,124.4,120,940,usa_1min,4,False,1990
1992174N13126,Chuck,1992,WP,1992-06-21,6,1992,18.5,109.9,80,965,usa_1min,1,True,1990
1992175N12269,Celia,1992,EP,1992-06-22,6,1992,14.7,-110.7,125,935,usa_1min,4,False,1990
1992175N16249,Blas,1992,EP,1992-06-22,6,1992,16.5,-112.8,35,1004,usa_1min,0,False,1990
1992176N06145,Deanna,1992,WP,1992-06-24,6,1992,19.1,127.7,40,,usa_1min,0,False,1990
1992185N13265,Darby,1992,EP,1992-07-02,7,1992,19.9,-113,105,968,usa_1min,3,False,1990
1992188N07156,Eli,1992,WP,1992-07-05,7,1992,15.7,122.3,75,965,usa_1min,1,True,1990
1992191N12252,Estelle,1992,EP,1992-07-09,7,1992,16.8,-122.3,120,943,usa_1min,4,False,1990
1992194N07140,Faye,1992,WP,1992-07-11,7,1992,22.3,113.7,55,1000,usa_1min,0,True,1990
1992195N14254,Frank,1992,EP,1992-07-13,7,1992,15.9,-120.6,125,935,usa_1min,4,False,1990
1992197N11266,Georgette,1992,EP,1992-07-14,7,1992,14.8,-107,95,964,usa_1min,2,False,1990
1992198N13135,Gary,1992,WP,1992-07-16,7,1992,20.4,111.4,65,980,usa_1min,1,True,1990
1992206N25161,Helen,1992,WP,1992-07-24,7,1992,26.7,157.9,45,996,usa_1min,0,False,1990
1992207N18090,Unnamed,1992,NI,1992-07-24,7,1992,20.3,86.4,40,,usa_1min,0,True,1990
1992208N13246,Howard,1992,EP,1992-07-26,7,1992,12.7,-122.2,55,992,usa_1min,0,False,1990
1992210N14254,Isis,1992,EP,1992-07-28,7,1992,20.7,-116.2,55,992,usa_1min,0,False,1990
1992213N12256,Javier,1992,EP,1992-07-30,7,1992,18.4,-128.6,70,985,usa_1min,1,False,1990
1992212N20135,Irving,1992,WP,1992-07-30,7,1992,32.3,133.9,80,980,usa_1min,1,True,1990
1992212N05154,Janis,1992,WP,1992-07-30,7,1992,21.8,133.2,115,935,usa_1min,4,True,1990
1992216N06182,Kent,1992,WP,1992-08-03,8,1992,21.2,147.8,130,930,usa_1min,4,True,1990
1992227N13130,Lois,1992,WP,1992-08-13,8,1992,19.5,136,40,996,usa_1min,0,False,1990
1992227N17112,Mark,1992,WP,1992-08-13,8,1992,21.8,117.7,50,990,usa_1min,0,True,1990
1992229N24162,Nina,1992,WP,1992-08-16,8,1992,31.4,155.7,45,996,usa_1min,0,False,1990
1992230N11325,Andrew,1992,NA,1992-08-16,8,1992,25.4,-75.8,150,922,usa_1min,5,True,1990
1992231N19249,Kay,1992,EP,1992-08-18,8,1992,19.1,-118.4,45,1000,usa_1min,0,False,1990
1992233N16254,Lester,1992,EP,1992-08-20,8,1992,24,-114.1,70,985,usa_1min,1,True,1990
1992236N07159,Omar,1992,WP,1992-08-23,8,1992,14.7,140.6,130,920,usa_1min,4,True,1990
1992237N14144,Polly,1992,WP,1992-08-23,8,1992,22.9,122.9,50,975,usa_1min,0,True,1990
1992241N11253,Newton,1992,EP,1992-08-27,8,1992,13,-119.8,45,999,usa_1min,0,False,1990
1992241N13237,Madeline,1992,EP,1992-08-27,8,1992,14.3,-128.9,45,999,usa_1min,0,False,1990
1992242N13166,Ryan,1992,WP,1992-08-29,8,1992,24.9,149.3,115,945,usa_1min,4,True,1990
1992247N10258,Orlene,1992,EP,1992-09-02,9,1992,14,-121.7,125,934,usa_1min,4,False,1990
1992248N19166,Sibyl,1992,WP,1992-09-04,9,1992,26.3,158.3,110,940,usa_1min,3,False,1990
1992249N12229,Iniki,1992,EP,1992-09-05,9,1992,19.5,-160,125,938,usa_1min,4,False,1990
1992255N19247,Paine,1992,EP,1992-09-11,9,1992,17.8,-122.8,65,987,usa_1min,1,False,1990
1992258N17249,Roslyn,1992,EP,1992-09-13,9,1992,18.9,-134.8,85,975,usa_1min,2,False,1990
1992259N11159,Ted,1992,WP,1992-09-14,9,1992,21.1,121.9,65,985,usa_1min,1,True,1990
1992262N10262,Tina,1992,EP,1992-09-17,9,1992,17.3,-117.7,130,932,usa_1min,4,False,1990
1992262N17252,Seymour,1992,EP,1992-09-17,9,1992,22.3,-114.3,75,980,usa_1min,1,False,1990
1992262N34301,Bonnie,1992,NA,1992-09-17,9,1992,37.5,-52.3,95,965,usa_1min,2,False,1990
1992263N05175,Val,1992,WP,1992-09-19,9,1992,26,153.2,55,970,usa_1min,0,False,1990
1992266N30327,Charley,1992,NA,1992-09-21,9,1992,36.1,-34.1,95,965,usa_1min,2,False,1990
1992267N33285,Danielle,1992,NA,1992-09-22,9,1992,35.9,-75.2,55,1001,usa_1min,0,True,1990
1992268N11193,Ward,1992,WP,1992-09-23,9,1992,24,163,95,945,usa_1min,2,False,1990
1992269S05087,Aviona,1993,SI,1992-09-25,9,1992,-9.4,87.4,65,988,usa_1min,1,False,1990
1992271N26291,Earl,1992,NA,1992-09-26,9,1992,28.4,-70.3,55,990,usa_1min,0,False,1990
1992273N12077,Unnamed,1992,NI,1992-09-29,9,1992,17.7,61.7,55,996,usa_1min,0,True,1990
1992275N14260,Virgil,1992,EP,1992-10-01,10,1992,15.9,-102.6,115,948,usa_1min,4,True,1990
1992277N16140,Yvette,1992,WP,1992-10-03,10,1992,19.1,129.4,155,915,usa_1min,5,False,1990
1992279N10097,Unnamed,1992,NI,1992-10-04,10,1992,14.3,83.7,45,,usa_1min,0,True,1990
1992279N08175,Zack,1992,WP,1992-10-05,10,1992,24.3,153.8,40,992,usa_1min,0,False,1990
1992281N11263,Winifred,1992,EP,1992-10-06,10,1992,17.5,-104.3,100,960,usa_1min,3,True,1990
1992286N12115,Angela,1992,WP,1992-10-12,10,1992,11.9,114,90,970,usa_1min,2,True,1990
1992288N10253,Xavier,1992,EP,1992-10-13,10,1992,10.2,-107.6,40,1003,usa_1min,0,False,1990
1992289N09171,Brian,1992,WP,1992-10-14,10,1992,19,140.4,95,950,usa_1min,2,False,1990
1992289N08135,Colleen,1992,WP,1992-10-15,10,1992,14.5,130.2,80,980,usa_1min,1,True,1990
1992290N11253,Yolanda,1992,EP,1992-10-15,10,1992,15.7,-129.2,55,993,usa_1min,0,False,1990
1992292S09083,Babie,1993,SI,1992-10-17,10,1992,-11.8,81.2,45,991,usa_1min,0,False,1990
1992297N26299,Frances,1992,NA,1992-10-22,10,1992,30.6,-58.8,75,976,usa_1min,1,True,1990
1992298N10188,Dan,1992,WP,1992-10-23,10,1992,18.6,167.1,110,935,usa_1min,3,False,1990
1992300N13249,Zeke,1992,EP,1992-10-25,10,1992,19.3,-114.9,45,1000,usa_1min,0,False,1990
1992302N06150,Elsie,1992,WP,1992-10-27,10,1992,17.9,135.1,145,915,usa_1min,5,False,1990
1992306N12093,Unnamed,1992,NI,1992-10-31,10,1992,16.3,86,55,996,usa_1min,0,False,1990
1992311N06107,Unnamed,1992,NI,1992-11-06,11,1992,7.9,78.3,70,994,usa_1min,1,True,1990
1992314N08141,Forrest,1992,WP,1992-11-08,11,1992,18.5,89,125,952,usa_1min,4,True,1990
1992318N06182,Gay,1992,WP,1992-11-13,11,1992,11.3,156,160,900,usa_1min,5,False,1990
1992318N11160,Hunt,1992,WP,1992-11-13,11,1992,18.9,139.4,125,940,usa_1min,4,False,1990
1992331S11082,Unnamed,1993,SI,1992-11-26,11,1992,-8.6,49,35,997,usa_1min,0,False,1990
1992335N03077,Unnamed,1992,NI,1992-11-29,11,1992,5.3,76.8,50,,usa_1min,0,False,1990
1992338S04173,Joni,1993,SP,1992-12-03,12,1992,-16.8,176.7,110,985,usa_1min,3,False,1990
1992352S11100,Ken,1993,SI,1992-12-17,12,1992,-13.2,95.3,45,990,usa_1min,0,False,1990
1992354N03075,Unnamed,1992,NI,1992-12-18,12,1992,7.6,53.3,50,,usa_1min,0,True,1990
1992357S13143,Nina,1993,SP,1992-12-21,12,1992,-11.6,160.5,75,960,usa_1min,1,True,1990
1992358S07161,Kina,1993,SP,1992-12-23,12,1992,-14.2,172.6,120,997,usa_1min,4,False,1990
1992361S23039,Unnamed,1993,SI,1992-12-26,12,1992,-23.8,41.2,37,998,wmo,0,False,1990
1993002S17196,Unnamed,1993,SP,1993-01-01,1,1993,-19.9,-156.7,45,,usa_1min,0,False,1990
1993012S09074,Colina,1993,SI,1993-01-11,1,1993,-20.1,55.2,95,970,usa_1min,2,False,1990
1993016S06091,Edwina,1993,SI,1993-01-16,1,1993,-14.8,69.6,110,925,usa_1min,3,False,1990
1993016S16042,Dessilia,1993,SI,1993-01-16,1,1993,-19.5,41.3,35,975,usa_1min,0,True,1990
1993023S14120,Lena,1993,SI,1993-01-22,1,1993,-16.2,118.1,55,972,usa_1min,0,False,1990
1993025S12136,Unnamed,1993,SI,1993-01-25,1,1993,-14.2,135.7,35,,usa_1min,0,True,1990
1993029S11178,Lin,1993,SP,1993-01-29,1,1993,-19.2,192,90,995,usa_1min,2,True,1990
1993034S12151,Oliver,1993,SP,1993-02-03,2,1993,-17.4,151.9,115,950,usa_1min,4,False,1990
1993034S14191,Mick,1993,SP,1993-02-03,2,1993,-19.3,182.9,45,990,usa_1min,0,False,1990
1993041S16052,Finella,1993,SI,1993-02-10,2,1993,-26.2,54.8,75,984,usa_1min,1,False,1990
1993043S11193,Nisha,1993,SP,1993-02-11,2,1993,-20.8,-158.7,65,980,usa_1min,1,False,1990
1993045S13170,Oli,1993,SP,1993-02-14,2,1993,-19.5,178.3,50,990,usa_1min,0,False,1990
1993051S14046,Gracia,1993,SI,1993-02-20,2,1993,-16.7,44.1,37,990,wmo,0,True,1990
1993053S12161,Polly,1993,SP,1993-02-22,2,1993,-19.1,160.1,100,945,usa_1min,3,False,1990
1993061S14042,Ionia,1993,SI,1993-03-02,3,1993,-16.8,44,34,993,wmo,0,True,1990
1993064N03174,Irma,1993,WP,1993-03-05,3,1993,10,155.7,55,985,usa_1min,0,False,1990
1993069S08164,Roger,1993,SP,1993-03-10,3,1993,-18.7,155.8,55,980,usa_1min,0,True,1990
1993083S12181,Prema,1993,SP,1993-03-24,3,1993,-16.4,168.8,125,975,usa_1min,4,False,1990
1993091S13092,Jourdanne,1993,SI,1993-04-01,4,1993,-18.2,76,125,930,usa_1min,4,False,1990
1993096S11101,Monty,1993,SI,1993-04-06,4,1993,-16.8,105.7,50,992,usa_1min,0,False,1990
1993120S10075,Konita,1993,SI,1993-04-29,4,1993,-11.1,68.4,90,955,usa_1min,2,False,1990
1993131S04158,Adel,1993,SP,1993-05-11,5,1993,-8.5,152.8,45,970,usa_1min,0,True,1990
1993134N04160,Jack,1993,WP,1993-05-14,5,1993,12.5,155.2,35,,usa_1min,0,False,1990
1993152N22276,Unnamed,1993,NA,1993-05-31,5,1993,28.4,-69.9,35,999,usa_1min,0,True,1990
1993162N10245,Adrian,1993,EP,1993-06-11,6,1993,13,-119.6,75,979,usa_1min,1,False,1990
1993164N04160,Koryn,1993,WP,1993-06-13,6,1993,13.6,129.8,130,905,usa_1min,4,True,1990
1993169N13265,Beatriz,1993,EP,1993-06-18,6,1993,15.9,-97.8,55,995,usa_1min,0,True,1990
1993169N21268,Arlene,1993,NA,1993-06-18,6,1993,25.9,-95.9,35,1000,usa_1min,0,True,1990
1993185N09137,Lewis,1993,WP,1993-07-04,7,1993,18.1,111.9,85,975,usa_1min,2,True,1990
1993186N13262,Calvin,1993,EP,1993-07-04,7,1993,18.2,-104.1,95,966,usa_1min,2,True,1990
1993193N08144,Marian,1993,WP,1993-07-11,7,1993,12.5,130.7,45,,usa_1min,0,False,1990
1993196N11241,Dora,1993,EP,1993-07-14,7,1993,13.8,-128,115,945,usa_1min,4,False,1990
1993197N11247,Eugene,1993,EP,1993-07-15,7,1993,14.9,-122.3,110,948,usa_1min,3,True,1990
1993199N10156,Nathan,1993,WP,1993-07-17,7,1993,29.6,137.7,70,980,usa_1min,1,True,1990
1993205N15137,Ofelia,1993,WP,1993-07-24,7,1993,24.8,134.2,45,990,usa_1min,0,True,1990
1993207N19130,Percy,1993,WP,1993-07-25,7,1993,31.7,129.5,65,975,usa_1min,1,True,1990
1993211N07161,Robyn,1993,WP,1993-07-30,7,1993,20.9,131.9,120,940,usa_1min,4,True,1990
1993215N08154,Steve,1993,WP,1993-08-03,8,1993,16.8,137.8,65,980,usa_1min,1,False,1990
1993217N10320,Bret,1993,NA,1993-08-04,8,1993,10.1,-52.9,50,1002,usa_1min,0,True,1990
1993221N12216,Keoni,1993,WP,1993-08-09,8,1993,14.8,189.4,115,940,usa_1min,4,False,1990
1993221N13256,Fernanda,1993,EP,1993-08-09,8,1993,14.8,-123.9,125,934,usa_1min,4,False,1990
1993224N07153,Tasha,1993,WP,1993-08-12,8,1993,20.5,113.3,80,970,usa_1min,1,True,1990
1993227N14301,Cindy,1993,NA,1993-08-14,8,1993,17.3,-69.3,40,1007,usa_1min,0,True,1990
1993227N15258,Greg,1993,EP,1993-08-15,8,1993,18.2,-115.8,115,948,usa_1min,4,False,1990
1993229N10159,Vernon,1993,WP,1993-08-17,8,1993,26,147.5,80,965,usa_1min,1,True,1990
1993229N13265,Hilary,1993,EP,1993-08-17,8,1993,18.6,-107.9,105,957,usa_1min,3,True,1990
1993231N09134,Winona,1993,WP,1993-08-19,8,1993,14.2,117,45,990,usa_1min,0,True,1990
1993233N13260,Irwin,1993,EP,1993-08-21,8,1993,16.7,-102.9,60,999,usa_1min,0,False,1990
1993235N20307,Emily,1993,NA,1993-08-22,8,1993,34.5,-75.2,100,960,usa_1min,3,False,1990
1993236N14329,Dennis,1993,NA,1993-08-23,8,1993,16.4,-35.8,45,1000,usa_1min,0,False,1990
1993240N17142,Yancy,1993,WP,1993-08-27,8,1993,26,126.3,130,925,usa_1min,4,True,1990
1993241N14264,Jova,1993,EP,1993-08-29,8,1993,17.5,-105.9,115,948,usa_1min,4,False,1990
1993246N16129,Zola,1993,WP,1993-09-03,9,1993,32.8,134.3,55,985,usa_1min,0,True,1990
1993249N12253,Kenneth,1993,EP,1993-09-05,9,1993,17.2,-119.6,130,932,usa_1min,4,False,1990
1993250N17119,Abe,1993,WP,1993-09-07,9,1993,22.1,117.9,110,945,usa_1min,3,True,1990
1993251N25293,Floyd,1993,NA,1993-09-07,9,1993,48,-7.5,70,966,usa_1min,1,False,1990
1993252N11265,Lidia,1993,EP,1993-09-08,9,1993,16.7,-105.4,130,930,usa_1min,4,True,1990
1993253N06150,Becky,1993,WP,1993-09-09,9,1993,20.9,115.1,65,980,usa_1min,1,True,1990
1993258N11279,Gert,1993,NA,1993-09-14,9,1993,21.3,-97,85,970,usa_1min,2,True,1990
1993261N11131,Dot,1993,WP,1993-09-18,9,1993,21.1,112.4,80,965,usa_1min,1,True,1990
1993262N27298,Harvey,1993,NA,1993-09-18,9,1993,35.6,-55.2,65,990,usa_1min,1,False,1990
1993263N11168,Cecil,1993,WP,1993-09-20,9,1993,22.9,144.7,100,950,usa_1min,3,False,1990
1993270N07153,Ed,1993,WP,1993-09-27,9,1993,19.8,132.7,140,915,usa_1min,5,False,1990
1993271N14134,Flo,1993,WP,1993-09-28,9,1993,16.6,122.8,70,970,usa_1min,1,True,1990
1993273N11245,Max,1993,EP,1993-09-30,9,1993,11,-116.7,40,1000,usa_1min,0,False,1990
1993275N04159,Gene,1993,WP,1993-10-02,10,1993,16.9,134.5,35,998,usa_1min,0,False,1990
1993276N13249,Norma,1993,EP,1993-10-02,10,1993,17.5,-114.4,45,1000,usa_1min,0,False,1990
1993285N12192,Hattie,1993,WP,1993-10-12,10,1993,24.6,153.8,50,980,usa_1min,0,False,1990
1993298N11154,Ira,1993,WP,1993-10-25,10,1993,15.6,125,120,950,usa_1min,4,True,1990
1993306N10168,Jeana,1993,WP,1993-11-02,11,1993,20.3,135.8,50,992,usa_1min,0,False,1990
1993312S06080,Alexina,1994,SI,1993-11-07,11,1993,-11.3,79.7,60,982,usa_1min,0,False,1990
1993316N11070,Unnamed,1993,NI,1993-11-12,11,1993,20.6,64.4,80,986,usa_1min,1,False,1990
1993322N09137,Kyle,1993,WP,1993-11-17,11,1993,12.9,110.5,95,960,usa_1min,2,True,1990
1993327S07093,Bettina,1994,SI,1993-11-22,11,1993,-15.9,77.4,55,970,usa_1min,0,False,1990
1993331N05172,Lola,1993,WP,1993-11-27,11,1993,11.4,110.5,105,955,usa_1min,3,True,1990
1993331N07108,Unnamed,1993,NI,1993-11-27,11,1993,10.2,81.3,75,968,usa_1min,1,True,1990
1993336N05164,Manny,1993,WP,1993-12-01,12,1993,13.4,126.4,120,955,usa_1min,4,True,1990
1993345S08083,Cecilia,1994,SI,1993-12-11,12,1993,-17.2,60.2,85,972,usa_1min,2,False,1990
1993348S13120,Naomi,1994,SI,1993-12-14,12,1993,-18.5,121.4,55,960,usa_1min,0,True,1990
1993353N05159,Nell,1993,WP,1993-12-18,12,1993,9.2,126.8,70,975,usa_1min,1,True,1990
1993360S04171,Rewa,1994,SP,1993-12-26,12,1993,-17.8,154.1,125,920,usa_1min,4,True,1990
1993362S12130,Oscar,1994,SI,1993-12-28,12,1993,-14,123.4,40,995,usa_1min,0,False,1990
1994007S16056,Daisy,1994,SI,1994-01-07,1,1994,-19.2,49.4,95,935,usa_1min,2,True,1990
1994010S17124,Farah:Pearl,1994,SI,1994-01-10,1,1994,-16.4,93.2,95,950,usa_1min,2,True,1990
1994012S09075,Edmea,1994,SI,1994-01-11,1,1994,-13.5,68.3,50,976,usa_1min,0,False,1990
1994019S17174,Sarah,1994,SP,1994-01-18,1,1994,-14.3,161.7,100,975,usa_1min,3,False,1990
1994022S12113,Quenton,1994,SI,1994-01-22,1,1994,-17,104.5,75,955,usa_1min,1,False,1990
1994026S11078,Geralda,1994,SI,1994-01-25,1,1994,-14.5,57.3,145,905,usa_1min,5,True,1990
1994028S11136,Sadie,1994,SP,1994-01-28,1,1994,-15.3,140.8,35,990,usa_1min,0,True,1990
1994036S09075,Hollanda,1994,SI,1994-02-05,2,1994,-20.6,56.7,105,940,usa_1min,3,False,1990
1994037S12095,Ivy,1994,SI,1994-02-06,2,1994,-23.8,62.4,100,950,usa_1min,3,False,1990
1994047S16124,Unnamed,1994,SI,1994-02-16,2,1994,-18.1,121.6,35,,usa_1min,0,True,1990
1994053S08155,Theodore,1994,SP,1994-02-22,2,1994,-15.6,159.3,115,910,usa_1min,4,False,1990
1994064S13099,Litanne,1994,SI,1994-03-05,3,1994,-17.9,56.2,130,910,usa_1min,4,True,1990
1994064S15052,Kelvina,1994,SI,1994-03-05,3,1994,-20.9,52.4,50,985,usa_1min,0,False,1990
1994067S14109,Mariola,1994,SI,1994-03-07,3,1994,-15.2,82.7,90,966,usa_1min,2,False,1990
1994071S10119,Sharon,1994,SI,1994-03-12,3,1994,-17.3,112.5,110,930,usa_1min,3,False,1990
1994076S14078,Nadia,1994,SI,1994-03-16,3,1994,-12.9,55.4,120,925,usa_1min,4,True,1990
1994078N06096,Unnamed,1994,NI,1994-03-18,3,1994,13.3,90.3,40,,usa_1min,0,False,1990
1994078S06184,Thomas:Tomas,1994,SP,1994-03-19,3,1994,-20.6,174,105,987,usa_1min,3,False,1990
1994081S11154,Usha,1994,SP,1994-03-22,3,1994,-17.2,168.9,55,990,usa_1min,0,False,1990
1994086S08092,Odille,1994,SI,1994-03-26,3,1994,-15.9,60,105,925,usa_1min,3,False,1990
1994087S10115,Tim,1994,SI,1994-03-28,3,1994,-11.4,108.4,40,995,usa_1min,0,False,1990
1994088N09148,Owen,1994,WP,1994-03-28,3,1994,10.3,126.4,75,980,usa_1min,1,True,1990
1994095S08129,Vivienne,1994,SI,1994-04-05,4,1994,-14.4,118.7,70,955,usa_1min,1,False,1990
1994116S05095,Willy,1994,SI,1994-04-26,4,1994,-11.5,96,40,985,usa_1min,0,False,1990
1994117N07096,Unnamed,1994,NI,1994-04-26,4,1994,19.6,91.6,125,940,usa_1min,4,True,1990
1994128N04155,Page,1994,WP,1994-05-08,5,1994,20.3,137.4,90,965,usa_1min,2,False,1990
1994153N19113,Russ,1994,WP,1994-06-02,6,1994,19.6,115.4,55,985,usa_1min,0,True,1990
1994157N17074,Unnamed,1994,NI,1994-06-05,6,1994,19.2,63,45,980,usa_1min,0,True,1990
1994169N06152,Sharon,1994,WP,1994-06-18,6,1994,17.3,116.3,45,996,usa_1min,0,True,1990
1994169N13240,Aletta,1994,EP,1994-06-18,6,1994,13.8,-124.2,45,999,usa_1min,0,False,1990
1994178N16248,Bud,1994,EP,1994-06-27,6,1994,16,-114.5,40,1003,usa_1min,0,False,1990
1994180N12255,Carlotta,1994,EP,1994-06-28,6,1994,16.6,-112.9,90,967,usa_1min,2,False,1990
1994181N22276,Alberto,1994,NA,1994-06-30,6,1994,29.9,-86.7,55,993,usa_1min,0,True,1990
1994186N09139,Tim,1994,WP,1994-07-05,7,1994,21.9,122.5,125,930,usa_1min,4,True,1990
1994189N16117,Vanessa,1994,WP,1994-07-08,7,1994,15.6,117.8,45,990,usa_1min,0,False,1990
1994190N13239,Daniel,1994,EP,1994-07-08,7,1994,11.5,-127.8,55,993,usa_1min,0,False,1990
1994191N08141,Zeke,1994,WP,1994-07-10,7,1994,28.7,154.7,65,985,usa_1min,1,False,1990
1994192N05139,Walt,1994,WP,1994-07-11,7,1994,21.7,133.1,130,915,usa_1min,4,True,1990
1994197N09229,Emilia,1994,EP,1994-07-16,7,1994,11.7,-149.6,140,926,usa_1min,5,False,1990
1994197N14115,Yunya,1994,WP,1994-07-16,7,1994,17.4,119.9,45,990,usa_1min,0,True,1990
1994200N13235,Fabio,1994,EP,1994-07-19,7,1994,14.1,-127.9,40,1002,usa_1min,0,False,1990
1994202N11238,Gilma,1994,EP,1994-07-21,7,1994,12.1,-143.3,140,920,usa_1min,5,False,1990
1994206N14131,Brendan,1994,WP,1994-07-25,7,1994,31.7,125.5,50,992,usa_1min,0,True,1990
1994206N22107,Amy,1994,WP,1994-07-25,7,1994,19,107.8,40,985,usa_1min,0,True,1990
1994210N16144,Caitlin,1994,WP,1994-07-29,7,1994,22.6,122,60,990,usa_1min,0,True,1990
1994211N12152,Doug,1994,WP,1994-07-30,7,1994,16.9,128.5,140,925,usa_1min,5,True,1990
1994212N11240,Li,1994,EP,1994-07-30,7,1994,12.6,181.2,65,994,usa_1min,1,False,1990
1994215N30149,Ellie,1994,WP,1994-08-03,8,1994,28.8,132.9,80,965,usa_1min,1,True,1990
1994219N19252,Hector,1994,EP,1994-08-07,8,1994,21.9,-111.7,55,993,usa_1min,0,False,1990
1994222N11267,John,1994,EP,1994-08-10,8,1994,14.2,204.9,150,929,usa_1min,5,False,1990
1994223N15253,Ileana,1994,EP,1994-08-10,8,1994,21,-111.2,65,986,usa_1min,1,False,1990
1994224N20152,Fred,1994,WP,1994-08-12,8,1994,22.2,126,130,925,usa_1min,4,True,1990
1994227N29273,Beryl,1994,NA,1994-08-14,8,1994,30,-85.6,50,999,usa_1min,0,True,1990
1994229N11321,Chris,1994,NA,1994-08-16,8,1994,17,-50.6,70,979,usa_1min,1,False,1990
1994231N12157,Gladys,1994,WP,1994-08-19,8,1994,24.1,122.4,105,955,usa_1min,3,True,1990
1994232N10144,Harry,1994,WP,1994-08-20,8,1994,20.3,111.5,60,990,usa_1min,0,True,1990
1994237N24167,Ivy,1994,WP,1994-08-24,8,1994,28.2,159,75,960,usa_1min,1,False,1990
1994241N14236,Kristy,1994,EP,1994-08-28,8,1994,16.5,-144.1,90,992,usa_1min,2,False,1990
1994242N12112,Joel,1994,WP,1994-08-30,8,1994,19.2,108.5,45,990,usa_1min,0,True,1990
1994244N07151,Kinna,1994,WP,1994-09-01,9,1994,30.5,139.2,85,960,usa_1min,2,False,1990
1994247N18251,Lane,1994,EP,1994-09-03,9,1994,18.4,-123.9,115,948,usa_1min,4,False,1990
1994249N11200,Mele,1994,EP,1994-09-06,9,1994,11.6,-165,35,,usa_1min,0,False,1990
1994250N14133,Luke,1994,WP,1994-09-06,9,1994,19.4,112.2,50,990,usa_1min,0,True,1990
1994251N10180,Melissa,1994,WP,1994-09-08,9,1994,20.2,159.6,135,910,usa_1min,4,False,1990
1994253N13303,Debby,1994,NA,1994-09-09,9,1994,14.1,-61.6,60,1006,usa_1min,0,False,1990
1994257N13139,Nat,1994,WP,1994-09-14,9,1994,15.8,152.1,45,992,usa_1min,0,False,1990
1994259N13244,Miriam,1994,EP,1994-09-15,9,1994,16.3,-126.1,40,1002,usa_1min,0,False,1990
1994259N12128,Orchid,1994,WP,1994-09-16,9,1994,20.2,136.7,135,925,usa_1min,4,True,1990
1994262N16249,Norman,1994,EP,1994-09-19,9,1994,18.1,-114.7,35,1004,usa_1min,0,False,1990
1994263N17170,Pat,1994,WP,1994-09-19,9,1994,22.1,162.7,95,965,usa_1min,2,False,1990
1994265N10330,Ernesto,1994,NA,1994-09-21,9,1994,13.1,-30.4,50,997,usa_1min,0,False,1990
1994265N13251,Olivia,1994,EP,1994-09-22,9,1994,17.8,-119.8,130,923,usa_1min,4,False,1990
1994265N16149,Pat:Ruth,1994,WP,1994-09-22,9,1994,31.7,149.2,50,992,usa_1min,0,False,1990
1994268N15232,Paul,1994,EP,1994-09-24,9,1994,15.6,-128.3,40,1003,usa_1min,0,False,1990
1994273N08176,Seth,1994,WP,1994-09-30,9,1994,17.6,127.4,120,910,usa_1min,4,True,1990
1994282N17247,Rosa,1994,EP,1994-10-08,10,1994,19.8,-107.5,90,974,usa_1min,2,True,1990
1994287N08176,Verne,1994,WP,1994-10-13,10,1994,18.2,130,115,950,usa_1min,4,False,1990
1994287N14156,Teresa,1994,WP,1994-10-14,10,1994,15.5,124.4,80,955,usa_1min,1,True,1990
1994291N12170,Wilda,1994,WP,1994-10-18,10,1994,16.6,149.8,125,935,usa_1min,4,False,1990
1994295N25188,Yuri,1994,WP,1994-10-21,10,1994,24.1,168.5,35,996,usa_1min,0,False,1990
1994294N13203,Nona,1994,EP,1994-10-21,10,1994,12,-168.4,35,,usa_1min,0,False,1990
1994298N25161,Zelda,1994,WP,1994-10-25,10,1994,18.3,141.4,135,910,usa_1min,4,False,1990
1994302N11086,Unnamed,1994,NI,1994-10-28,10,1994,12.9,80.2,45,988,usa_1min,0,True,1990
1994306N23313,Florence,1994,NA,1994-11-02,11,1994,37,-49.9,95,972,usa_1min,2,False,1990
1994313N12278,Gordon,1994,NA,1994-11-08,11,1994,33.1,-74.2,75,980,usa_1min,1,True,1990
1994315S07168,Vania,1995,SP,1994-11-10,11,1994,-17.3,168.2,60,980,usa_1min,0,False,1990
1994317N07070,Unnamed,1994,NI,1994-11-13,11,1994,8,54.4,55,984,usa_1min,0,True,1990
1994325S06076,Albertine,1995,SI,1994-11-21,11,1994,-11,71.5,115,925,usa_1min,4,False,1990
1994344S09112,Annette,1995,SI,1994-12-10,12,1994,-18.2,120.2,110,925,usa_1min,3,True,1990
1994345N06165,Axel,1994,WP,1994-12-10,12,1994,11.2,128.6,115,950,usa_1min,4,True,1990
1994347S09167,Unnamed,1995,SP,1994-12-13,12,1994,-15.5,179.7,35,,usa_1min,0,False,1990
1994348N04175,Bobbie,1994,WP,1994-12-14,12,1994,13.3,154.4,50,972,usa_1min,0,False,1990
1994362S11054,Christelle,1995,SI,1994-12-27,12,1994,-16.7,57.8,40,980,usa_1min,0,True,1990
1994364S11195,William,1995,SP,1994-12-30,12,1994,-19.3,-159.2,65,975,usa_1min,1,False,1990
1994365S06063,Bentha,1995,SI,1994-12-30,12,1994,-17.8,58.6,55,984,usa_1min,0,False,1990
1995017S10078,Dorina,1995,SI,1995-01-16,1,1995,-17.5,76.6,100,925,usa_1min,3,False,1990
1995020S20038,Fodah,1995,SI,1995-01-19,1,1995,-22.2,40.9,45,970,usa_1min,0,True,1990
1995032S10074,Gail,1995,SI,1995-01-31,1,1995,-16.2,67.9,75,970,usa_1min,1,False,1990
1995032S10095,Heida,1995,SI,1995-01-31,1,1995,-18.5,83.3,40,990,usa_1min,0,False,1990
1995049S11133,Bobby,1995,SI,1995-02-18,2,1995,-21.3,115.5,110,925,usa_1min,3,True,1990
1995053S14065,Ingrid,1995,SI,1995-02-21,2,1995,-24.6,59.7,100,945,usa_1min,3,False,1990
1995059S11155,Violet,1995,SP,1995-02-28,2,1995,-22.3,158.2,75,960,usa_1min,1,False,1990
1995063S13141,Warren,1995,SP,1995-03-03,3,1995,-16.3,139.3,55,960,usa_1min,0,True,1990
1995064S13042,Josta,1995,SI,1995-03-04,3,1995,-13.9,43,65,972,usa_1min,1,False,1990
1995064S13055,Kylie,1995,SI,1995-03-04,3,1995,-15.7,57.1,85,984,usa_1min,2,False,1990
1995088S10078,Marlene,1995,SI,1995-03-28,3,1995,-16.4,69.4,125,920,usa_1min,4,False,1990
1995089S09131,Chloe,1995,SI,1995-03-29,3,1995,-15,123.7,125,920,usa_1min,4,True,1990
1995106S09144,Agnes,1995,SP,1995-04-15,4,1995,-12.9,147.7,110,945,usa_1min,3,False,1990
1995113N06169,Chuck,1995,WP,1995-04-23,4,1995,7.5,165.5,35,998,usa_1min,0,False,1990
1995148N07150,Deanna,1995,WP,1995-05-28,5,1995,14.2,119.5,50,990,usa_1min,0,True,1990
1995150N05156,Eli,1995,WP,1995-05-30,5,1995,13.2,144,40,,usa_1min,0,False,1990
1995154N17276,Allison,1995,NA,1995-06-03,6,1995,24.7,-86.2,65,982,usa_1min,1,True,1990
1995167N11254,Adolph,1995,EP,1995-06-15,6,1995,17.1,-107.8,115,948,usa_1min,4,False,1990
1995186N32288,Barry,1995,NA,1995-07-05,7,1995,33.2,-70.2,60,989,usa_1min,0,True,1990
1995189N11257,Barbara,1995,EP,1995-07-07,7,1995,14.2,-124.5,120,940,usa_1min,4,False,1990
1995193N06156,Faye,1995,WP,1995-07-12,7,1995,25.5,126.7,105,950,usa_1min,3,True,1990
1995193N17305,Chantal,1995,NA,1995-07-12,7,1995,27.2,-69.4,60,991,usa_1min,0,False,1990
1995198N17252,Cosme,1995,EP,1995-07-17,7,1995,20.8,-115.4,65,985,usa_1min,1,False,1990
1995206N13252,Dalila,1995,EP,1995-07-24,7,1995,16.2,-115.9,55,994,usa_1min,0,False,1990
1995206N15133,Gary,1995,WP,1995-07-25,7,1995,19.5,117.3,65,980,usa_1min,1,True,1990
1995210N26273,Dean,1995,NA,1995-07-28,7,1995,29,-95,40,999,usa_1min,0,True,1990
1995212N22287,Erin,1995,NA,1995-07-31,7,1995,30,-86.8,85,973,usa_1min,2,True,1990
1995214N15249,Erick,1995,EP,1995-08-01,8,1995,17.2,-119.2,55,994,usa_1min,0,False,1990
1995215N12145,Helen,1995,WP,1995-08-03,8,1995,22.5,114.7,70,985,usa_1min,1,True,1990
1995220N15256,Flossie,1995,EP,1995-08-07,8,1995,20,-109.3,70,978,usa_1min,1,False,1990
1995220N14329,Felix,1995,NA,1995-08-08,8,1995,24.3,-61,120,929,usa_1min,4,False,1990
1995222N24265,Gabrielle,1995,NA,1995-08-09,8,1995,23.6,-97.5,60,988,usa_1min,0,True,1990
1995225N12124,Irving,1995,WP,1995-08-13,8,1995,19.6,111.6,60,990,usa_1min,0,True,1990
1995229N12144,Janis,1995,WP,1995-08-17,8,1995,27.5,122.5,55,990,usa_1min,0,True,1990
1995233N15261,Gil,1995,EP,1995-08-20,8,1995,19.7,-114.7,55,993,usa_1min,0,False,1990
1995233N16115,Lois,1995,WP,1995-08-21,8,1995,18.4,110.3,65,980,usa_1min,1,True,1990
1995234N13327,Humberto,1995,NA,1995-08-22,8,1995,15.7,-43.2,95,968,usa_1min,2,False,1990
1995235N13311,Iris,1995,NA,1995-08-22,8,1995,25.5,-58.8,95,957,usa_1min,2,False,1990
1995235N24281,Jerry,1995,NA,1995-08-22,8,1995,26.4,-79.7,35,1002,usa_1min,0,True,1990
1995236N10134,Kent,1995,WP,1995-08-24,8,1995,19,124.1,130,945,usa_1min,4,True,1990
1995239N15327,Karen,1995,NA,1995-08-26,8,1995,17.4,-43.6,45,1000,usa_1min,0,False,1990
1995240N24151,Mark,1995,WP,1995-08-28,8,1995,34.8,160.7,95,985,usa_1min,2,False,1990
1995241N11333,Luis,1995,NA,1995-08-28,8,1995,17,-56.8,130,935,usa_1min,4,False,1990
1995244N08139,Nina,1995,WP,1995-09-01,9,1995,19.7,111.8,45,992,usa_1min,0,True,1990
1995244N16256,Henriette,1995,EP,1995-09-01,9,1995,22.6,-109.7,85,970,usa_1min,2,False,1990
1995250N09161,Oscar,1995,WP,1995-09-07,9,1995,24,137.4,140,925,usa_1min,5,False,1990
1995252N08142,Polly,1995,WP,1995-09-09,9,1995,23,137.8,90,960,usa_1min,2,True,1990
1995256N15253,Ismael,1995,EP,1995-09-12,9,1995,20.8,-108.5,70,983,usa_1min,1,True,1990
1995256N12309,Marilyn,1995,NA,1995-09-12,9,1995,19.7,-66.4,100,949,usa_1min,3,False,1990
1995255N14104,Unnamed,1995,NI,1995-09-12,9,1995,21.3,87.5,45,998,usa_1min,0,True,1990
1995258N14115,Ryan,1995,WP,1995-09-14,9,1995,20.8,119.7,130,940,usa_1min,4,True,1990
1995260N15255,Juliette,1995,EP,1995-09-16,9,1995,17.8,-113.5,130,930,usa_1min,4,False,1990
1995264N06174,Sibyl,1995,WP,1995-09-21,9,1995,13.7,121.7,95,985,usa_1min,2,True,1990
1995270N10322,Noel,1995,NA,1995-09-26,9,1995,15.2,-42.6,65,987,usa_1min,1,False,1990
1995271N19273,Opal,1995,NA,1995-09-27,9,1995,26.6,-88.8,130,916,usa_1min,4,True,1990
1995277N07141,Ted,1995,WP,1995-10-03,10,1995,18,108.3,75,990,usa_1min,1,True,1990
1995278N08329,Pablo,1995,NA,1995-10-04,10,1995,11.5,-41.9,50,994,usa_1min,0,False,1990
1995279N15153,Val,1995,WP,1995-10-05,10,1995,24.7,140.2,45,996,usa_1min,0,False,1990
1995281N14278,Roxanne,1995,NA,1995-10-07,10,1995,20,-86.7,100,956,usa_1min,3,True,1990
1995284N17074,Unnamed,1995,NI,1995-10-11,10,1995,17.1,68.4,50,996,usa_1min,0,True,1990
1995287N08163,Ward,1995,WP,1995-10-13,10,1995,20.9,134.8,140,940,usa_1min,5,False,1990
1995292N08150,Yvette,1995,WP,1995-10-18,10,1995,13.4,109.7,65,985,usa_1min,1,True,1990
1995293N05177,Angela,1995,WP,1995-10-20,10,1995,12.7,129.6,155,910,usa_1min,5,True,1990
1995294N14306,Sebastien,1995,NA,1995-10-20,10,1995,21.5,-58.5,55,1001,usa_1min,0,False,1990
1995294N05163,Zack,1995,WP,1995-10-21,10,1995,13.8,114.8,120,950,usa_1min,4,True,1990
1995300N25301,Tanya,1995,NA,1995-10-27,10,1995,33.8,-51.8,75,970,usa_1min,1,False,1990
1995302N17174,Brian,1995,WP,1995-10-29,10,1995,25.8,151.9,50,998,usa_1min,0,False,1990
1995310N09096,Unnamed,1995,NI,1995-11-05,11,1995,16.8,84.7,70,978,usa_1min,1,True,1990
1995314N25186,Colleen,1995,WP,1995-11-10,11,1995,16.6,178.1,35,,usa_1min,0,False,1990
1995319S05092,Agnielle:Daryl,1996,SI,1995-11-15,11,1995,-12.8,84.6,150,925,usa_1min,5,False,1990
1995323N05097,Unnamed,1995,NI,1995-11-18,11,1995,15.1,85.4,105,956,usa_1min,3,True,1990
1995336S10106,Emma,1996,SI,1995-12-01,12,1995,-9.3,92.5,40,990,usa_1min,0,False,1990
1995340S10116,Frank,1996,SI,1995-12-06,12,1995,-19.8,114.7,115,950,usa_1min,4,True,1990
1995348S15135,Gertie,1996,SI,1995-12-14,12,1995,-21.2,122.4,75,965,usa_1min,1,True,1990
1995357N07139,Dan,1995,WP,1995-12-23,12,1995,10,128,55,985,usa_1min,0,False,1990
1996001S08075,Bonita,1996,SI,1995-12-31,12,1995,-18.7,54.3,135,920,usa_1min,4,True,1990
1996002S15133,Barry,1996,SP,1996-01-02,1,1996,-16.1,140.9,80,950,usa_1min,1,True,1990
1996007S10100,Coryna:Hubert,1996,SI,1996-01-06,1,1996,-13.4,92.5,75,955,usa_1min,1,False,1990
1996015S18182,Yasi,1996,SP,1996-01-15,1,1996,-22.3,-171.9,45,987,usa_1min,0,False,1990
1996021S16152,Celeste,1996,SP,1996-01-21,1,1996,-19.6,148.1,65,965,usa_1min,1,False,1990
1996025S14125,Isobel,1996,SI,1996-01-25,1,1996,-13.3,117.3,45,995,usa_1min,0,False,1990
1996026S14143,Jacob,1996,SI,1996-01-25,1,1996,-17.9,117.4,90,955,usa_1min,2,True,1990
1996037S09095,Unnamed,1996,SI,1996-02-05,2,1996,-10.8,93.2,35,,usa_1min,0,False,1990
1996042S13139,Dennis,1996,SP,1996-02-10,2,1996,-13.1,146.2,45,990,usa_1min,0,True,1990
1996043S07053,Doloresse,1996,SI,1996-02-11,2,1996,-10.6,42.4,75,977,usa_1min,1,True,1990
1996046S14087,Unnamed,1996,SI,1996-02-14,2,1996,-15.3,82.9,35,,usa_1min,0,False,1990
1996049S10068,Edwige,1996,SI,1996-02-18,2,1996,-20.5,48.8,95,945,usa_1min,2,True,1990
1996057S12074,Flossy,1996,SI,1996-02-25,2,1996,-16.9,66.1,115,945,usa_1min,4,False,1990
1996064S12155,Atu,1996,SP,1996-03-04,3,1996,-22,171.2,55,987,usa_1min,0,False,1990
1996066S17129,Kirsty,1996,SI,1996-03-06,3,1996,-19.8,119.7,100,935,usa_1min,3,True,1990
1996067S16138,Ethel,1996,SP,1996-03-07,3,1996,-12.5,141.9,45,980,usa_1min,0,True,1990
1996069S21166,Zaka,1996,SP,1996-03-09,3,1996,-24.2,174.1,40,995,usa_1min,0,False,1990
1996078S12072,Guylianne,1996,SI,1996-03-17,3,1996,-18.3,57.6,35,992,usa_1min,0,False,1990
1996079S12170,Beti,1996,SP,1996-03-19,3,1996,-19.7,164.8,105,935,usa_1min,3,True,1990
1996090N04150,Ann,1996,WP,1996-03-29,3,1996,10.6,126.5,40,1000,usa_1min,0,True,1990
1996093S16074,Hansella,1996,SI,1996-04-02,4,1996,-19.9,63.7,95,962,usa_1min,2,False,1990
1996095S09133,Olivia,1996,SI,1996-04-03,4,1996,-18.6,114.8,125,925,usa_1min,4,True,1990
1996098S13085,Itelle,1996,SI,1996-04-06,4,1996,-15,63.5,140,925,usa_1min,5,False,1990
1996122S05093,Jenna,1996,SI,1996-04-30,4,1996,-14.2,89.2,60,984,usa_1min,0,False,1990
1996122N08092,Unnamed,1996,NI,1996-05-01,5,1996,20.4,90.7,40,1000,usa_1min,0,True,1990
1996128N07138,Bart,1996,WP,1996-05-07,5,1996,15.7,125.7,125,930,usa_1min,4,False,1990
1996134N11246,Unnamed,1996,EP,1996-05-13,5,1996,12.1,-118.8,45,1000,usa_1min,0,False,1990
1996137N13111,Cam,1996,WP,1996-05-16,5,1996,20.5,121.7,60,994,usa_1min,0,False,1990
1996161N17063,Unnamed,1996,NI,1996-06-09,6,1996,18.6,58.7,40,,usa_1min,0,True,1990
1996163N08088,Unnamed,1996,NI,1996-06-11,6,1996,12.1,83.9,45,992,usa_1min,0,True,1990
1996167N16072,Unnamed,1996,NI,1996-06-15,6,1996,20.4,70.7,65,972,usa_1min,1,True,1990
1996170N27282,Arthur,1996,NA,1996-06-17,6,1996,37.8,-56.2,45,992,usa_1min,0,False,1990
1996172N13261,Alma,1996,EP,1996-06-20,6,1996,17.2,-102.8,90,969,usa_1min,2,True,1990
1996179N13266,Boris,1996,EP,1996-06-27,6,1996,16.6,-100.8,80,979,usa_1min,1,True,1990
1996184N09271,Cristina,1996,EP,1996-07-01,7,1996,15.3,-95.9,60,991,usa_1min,0,True,1990
1996186N19156,Dan,1996,WP,1996-07-03,7,1996,25.5,140.5,75,970,usa_1min,1,False,1990
1996187N10326,Bertha,1996,NA,1996-07-05,7,1996,20.3,-67.7,100,960,usa_1min,3,True,1990
1996190S07096,Lindsay,1997,SI,1996-07-08,7,1996,-12,92.1,35,990,usa_1min,0,False,1990
1996192N19152,Eve,1996,WP,1996-07-10,7,1996,24.1,135.3,140,940,usa_1min,5,True,1990
1996201N07137,Gloria,1996,WP,1996-07-19,7,1996,17.8,123.4,90,965,usa_1min,2,True,1990
1996202N17115,Frankie,1996,WP,1996-07-19,7,1996,20,107.2,90,975,usa_1min,2,True,1990
1996203N12152,Herb,1996,WP,1996-07-21,7,1996,23.2,126,140,925,usa_1min,5,True,1990
1996207N12297,Cesar,1996,NA,1996-07-24,7,1996,12.2,-83.9,75,985,usa_1min,1,True,1990
1996208N20165,Joy,1996,WP,1996-07-25,7,1996,30.5,151.8,75,980,usa_1min,1,False,1990
1996209N12144,Ian,1996,WP,1996-07-27,7,1996,18.9,141.2,40,,usa_1min,0,False,1990
1996210N05156,Kirk,1996,WP,1996-07-28,7,1996,26.3,127.9,95,955,usa_1min,2,True,1990
1996211N13270,Douglas,1996,EP,1996-07-29,7,1996,17.6,-108,115,946,usa_1min,4,False,1990
1996217N16111,Lisa,1996,WP,1996-08-04,8,1996,18.8,114.2,40,996,usa_1min,0,True,1990
1996225N23108,Marty,1996,WP,1996-08-11,8,1996,20.6,106.9,50,,usa_1min,0,True,1990
1996227N08156,Niki,1996,WP,1996-08-13,8,1996,18.2,110.3,95,970,usa_1min,2,True,1990
1996228S05084,Unnamed,1997,SI,1996-08-14,8,1996,-11.7,86.1,45,995,usa_1min,0,False,1990
1996227N15176,Orson,1996,WP,1996-08-14,8,1996,24.7,147.4,115,955,usa_1min,4,False,1990
1996232N17280,Dolly,1996,NA,1996-08-19,8,1996,21.6,-97.7,70,989,usa_1min,1,True,1990
1996232N21170,Piper,1996,WP,1996-08-19,8,1996,34.1,158.8,65,996,usa_1min,1,False,1990
1996233N12340,Edouard,1996,NA,1996-08-19,8,1996,15.4,-47,125,933,usa_1min,4,False,1990
1996237N14339,Fran,1996,NA,1996-08-23,8,1996,27,-74.7,105,946,usa_1min,3,True,1990
1996239N13337,Gustav,1996,NA,1996-08-26,8,1996,12.5,-35.2,40,1005,usa_1min,0,False,1990
1996240N22168,Rick,1996,WP,1996-08-27,8,1996,22.8,169,35,,usa_1min,0,False,1990
1996244N13257,Elida,1996,EP,1996-08-30,8,1996,21.7,-111.8,55,994,usa_1min,0,False,1990
1996246N08148,Sally,1996,WP,1996-09-02,9,1996,19.2,121.8,140,940,usa_1min,5,True,1990
1996247S09084,Unnamed,1997,SI,1996-09-02,9,1996,-8.7,76.6,40,,usa_1min,0,False,1990
1996248N15319,Hortense,1996,NA,1996-09-03,9,1996,25.9,-71.5,120,935,usa_1min,4,True,1990
1996250N08148,Unnamed,1996,WP,1996-09-06,9,1996,15.8,110,45,,usa_1min,0,False,1990
1996252N11162,Tom,1996,WP,1996-09-08,9,1996,21.7,145.1,75,965,usa_1min,1,False,1990
1996254N13138,Violet,1996,WP,1996-09-09,9,1996,19.4,126.6,130,935,usa_1min,4,False,1990
1996254N14258,Fausto,1996,EP,1996-09-10,9,1996,19.8,-109.5,105,955,usa_1min,3,True,1990
1996260N19107,Willie,1996,WP,1996-09-15,9,1996,19.9,111.4,65,985,usa_1min,1,True,1990
1996261N08184,Yates,1996,WP,1996-09-17,9,1996,16,147.9,130,935,usa_1min,4,False,1990
1996268N15140,Zane,1996,WP,1996-09-23,9,1996,22.8,125.3,110,950,usa_1min,3,False,1990
1996269N09337,Isidore,1996,NA,1996-09-24,9,1996,15.8,-42.9,100,960,usa_1min,3,False,1990
1996272N16250,Genevieve,1996,EP,1996-09-27,9,1996,15.4,-113.6,45,999,usa_1min,0,False,1990
1996274N13261,Hernan,1996,EP,1996-09-30,9,1996,17.9,-103.1,75,980,usa_1min,1,True,1990
1996279N23264,Josephine,1996,NA,1996-10-04,10,1996,26.9,-87.3,60,970,usa_1min,0,True,1990
1996282N11162,Abel:Beth,1996,WP,1996-10-07,10,1996,17.7,122.7,90,975,usa_1min,2,True,1990
1996283N12133,Beth,1996,WP,1996-10-09,10,1996,17.9,119.2,50,,usa_1min,0,True,1990
1996286N17274,Kyle,1996,NA,1996-10-11,10,1996,16.9,-87.1,45,1001,usa_1min,0,True,1990
1996288N09092,Unnamed,1996,NI,1996-10-14,10,1996,16.7,70.4,65,994,usa_1min,1,True,1990
1996289N13280,Lili,1996,NA,1996-10-14,10,1996,24.4,-74,100,960,usa_1min,3,True,1990
1996289S05093,Antoinette,1997,SI,1996-10-15,10,1996,-11.1,79,65,965,usa_1min,1,False,1990
1996291N17168,Carlo,1996,WP,1996-10-17,10,1996,22.6,144.8,105,965,usa_1min,3,False,1990
1996296N09093,Unnamed,1996,NI,1996-10-21,10,1996,13.6,85.4,45,998,usa_1min,0,True,1990
1996302S07095,Bellamine:Melanie,1997,SI,1996-10-28,10,1996,-12.3,78.9,125,925,usa_1min,4,False,1990
1996305N11121,Unnamed,1996,WP,1996-10-31,10,1996,13.8,111.3,40,,usa_1min,0,True,1990
1996306N15097,Unnamed,1996,NI,1996-11-01,11,1996,16.2,83.2,115,988,usa_1min,4,True,1990
1996307N09154,Dale,1996,WP,1996-11-02,11,1996,14.6,136.5,140,930,usa_1min,5,False,1990
1996309N21175,Unnamed,1996,WP,1996-11-04,11,1996,23.5,173.7,50,,usa_1min,0,False,1990
1996312N14125,Ernie,1996,WP,1996-11-06,11,1996,19.4,117.9,45,992,usa_1min,0,True,1990
1996319N11283,Marco,1996,NA,1996-11-13,11,1996,13.8,-78.5,65,983,usa_1min,1,False,1990
1996324S04164,Cyril,1997,SP,1996-11-19,11,1996,-16.2,160.9,50,987,usa_1min,0,True,1990
1996325S08104,Chantelle:Daniella,1997,SI,1996-11-20,11,1996,-14.3,56.1,120,915,usa_1min,4,False,1990
1996332N09092,Unnamed,1996,NI,1996-11-26,11,1996,14.9,81.9,75,984,usa_1min,1,True,1990
1996339S03094,Elvina,1997,SI,1996-12-03,12,1996,-13,79.1,55,985,usa_1min,0,False,1990
1996346S09129,Nicholas,1997,SI,1996-12-10,12,1996,-14.7,123.7,45,985,usa_1min,0,True,1990
1996348S09108,Ophelia,1997,SI,1996-12-13,12,1996,-11.5,110.4,55,980,usa_1min,0,False,1990
1996353N05151,Fern,1996,WP,1996-12-17,12,1996,11.8,138.6,80,975,usa_1min,1,False,1990
1996354S05170,Fergus,1997,SP,1996-12-19,12,1996,-17.5,167,90,955,usa_1min,2,True,1990
1996356N08110,Greg,1996,WP,1996-12-21,12,1996,6.6,113.9,45,,usa_1min,0,True,1990
1996357S10136,Phil,1997,SI,1996-12-22,12,1996,-15.6,119.7,85,975,usa_1min,2,True,1990
1996361S12060,Fabriola,1997,SI,1996-12-25,12,1996,-15.7,50.3,60,985,usa_1min,0,True,1990
1996365S15137,Rachel,1997,SI,1996-12-30,12,1996,-18.9,119.3,80,965,usa_1min,1,True,1990
1997001S10176,Drena,1997,SP,1997-01-01,1,1997,-15.6,159.2,120,935,usa_1min,4,False,1990
1997008S16093,Unnamed,1997,SI,1997-01-07,1,1997,-19.1,91.5,45,991,usa_1min,0,False,1990
1997009S16188,Evan,1997,SP,1997-01-08,1,1997,-21.3,-165.9,70,965,usa_1min,1,False,1990
1997011N04176,Hannah,1997,WP,1997-01-11,1,1997,6.9,137.5,50,,usa_1min,0,False,1990
1997013S08101,Helinda:Pancho,1997,SI,1997-01-13,1,1997,-13,91.2,125,915,usa_1min,4,False,1990
1997018S10074,Iletta,1997,SI,1997-01-17,1,1997,-16.2,70.8,75,975,usa_1min,1,False,1990
1997018S11059,Gretelle,1997,SI,1997-01-18,1,1997,-22.6,48.6,115,950,usa_1min,4,True,1990
1997021S16172,Freda,1997,SP,1997-01-20,1,1997,-23.8,176.5,65,980,usa_1min,1,False,1990
1997032S17055,Josie,1997,SI,1997-02-01,2,1997,-22.4,40.1,90,950,usa_1min,2,True,1990
1997039S10155,Gillian,1997,SP,1997-02-08,2,1997,-15.6,149.3,45,995,usa_1min,0,True,1990
1997042S13096,Karlette,1997,SI,1997-02-11,2,1997,-20.3,63.5,65,970,usa_1min,1,False,1990
1997045S11163,Harold,1997,SP,1997-02-14,2,1997,-17.1,155.3,55,975,usa_1min,0,False,1990
1997048S12103,Unnamed,1997,SI,1997-02-16,2,1997,-17.4,114.8,45,,usa_1min,0,False,1990
1997053S12142,Ita,1997,SP,1997-02-22,2,1997,-17.3,148.7,35,994,usa_1min,0,True,1990
1997054S18201,Unnamed,1997,SP,1997-02-23,2,1997,-45,-170,50,975,usa_1min,0,False,1990
1997056S15041,Lisette,1997,SI,1997-02-24,2,1997,-20.1,37.1,75,980,usa_1min,1,True,1990
1997061S08171,Gavin,1997,SP,1997-03-02,3,1997,-21.1,176.7,120,925,usa_1min,4,False,1990
1997062S16158,Justin,1997,SP,1997-03-03,3,1997,-12.2,155.1,90,955,usa_1min,2,True,1990
1997071S13176,Hina,1997,SP,1997-03-12,3,1997,-27.8,192.2,75,965,usa_1min,1,False,1990
1997099N06153,Isa,1997,WP,1997-04-09,4,1997,16.6,137.7,145,940,usa_1min,5,False,1990
1997105S10168,Ian,1997,SP,1997-04-15,4,1997,-20.4,177.3,55,987,usa_1min,0,False,1990
1997108N05168,Jimmy,1997,WP,1997-04-18,4,1997,17.4,153.7,55,994,usa_1min,0,False,1990
1997118S09166,June,1997,SP,1997-04-27,4,1997,-15.5,176.5,65,985,usa_1min,1,False,1990
1997124N03171,Kelly,1997,WP,1997-05-04,5,1997,11.7,167.1,45,998,usa_1min,0,False,1990
1997125S08079,Rhonda,1997,SI,1997-05-04,5,1997,-15.4,96.1,100,935,usa_1min,3,False,1990
1997133N03092,Unnamed,1997,NI,1997-05-13,5,1997,20.8,91.2,115,964,usa_1min,4,True,1990
1997143N17111,Levi,1997,WP,1997-05-23,5,1997,21.8,126.7,45,992,usa_1min,0,True,1990
1997146N09161,Marie,1997,WP,1997-05-25,5,1997,22,160.3,90,965,usa_1min,2,False,1990
1997147S12168,Unnamed,1997,SP,1997-05-26,5,1997,-16,167.8,35,,usa_1min,0,False,1990
1997152N29283,Unnamed,1997,NA,1997-05-31,5,1997,35.5,-74.1,45,1003,usa_1min,0,False,1990
1997152N06171,Nestor,1997,WP,1997-06-01,6,1997,18.3,147.5,140,930,usa_1min,5,False,1990
1997152N10265,Andres,1997,EP,1997-06-01,6,1997,14.6,-95.1,45,998,usa_1min,0,True,1990
1997156S11192,Keli,1997,SP,1997-06-05,6,1997,-12,182,115,955,usa_1min,4,False,1990
1997161N14266,Blanca,1997,EP,1997-06-09,6,1997,14.8,-96.9,40,1002,usa_1min,0,False,1990
1997165N12139,Opal,1997,WP,1997-06-13,6,1997,18.3,132.8,90,960,usa_1min,2,True,1990
1997167N06162,Peter,1997,WP,1997-06-15,6,1997,45.9,154.7,70,968,usa_1min,1,True,1990
1997176N16252,Carlos,1997,EP,1997-06-25,6,1997,18.2,-111.1,45,996,usa_1min,0,False,1990
1997182N32283,Ana,1997,NA,1997-06-30,6,1997,31.7,-74.6,40,1000,usa_1min,0,False,1990
1997187N13250,Dolores,1997,EP,1997-07-05,7,1997,17.5,-127.5,80,975,usa_1min,1,False,1990
1997192N30290,Bill,1997,NA,1997-07-11,7,1997,37.9,-61.1,65,986,usa_1min,1,False,1990
1997193N09248,Enrique,1997,EP,1997-07-12,7,1997,15.5,-124.5,100,960,usa_1min,3,False,1990
1997194N31286,Claudette,1997,NA,1997-07-13,7,1997,31.9,-73,40,1003,usa_1min,0,False,1990
1997196N10251,Felicia,1997,EP,1997-07-14,7,1997,15.6,-126.7,115,948,usa_1min,4,False,1990
1997196N08142,Rosie,1997,WP,1997-07-15,7,1997,18.2,132.1,140,920,usa_1min,5,True,1990
1997198N27267,Danny,1997,NA,1997-07-16,7,1997,29.5,-89.4,70,984,usa_1min,1,True,1990
1997199S04079,Unnamed,1998,SI,1997-07-18,7,1997,-7.1,76.3,45,995,usa_1min,0,False,1990
1997201N24152,Scott,1997,WP,1997-07-20,7,1997,25.5,155.9,55,988,usa_1min,0,False,1990
1997202N04152,Tina,1997,WP,1997-07-21,7,1997,20.9,126.7,90,955,usa_1min,2,True,1990
1997210N15120,Victor,1997,WP,1997-07-28,7,1997,22.3,114.1,65,980,usa_1min,1,True,1990
1997212N11265,Guillermo,1997,EP,1997-07-30,7,1997,14.2,-116.6,140,919,usa_1min,5,False,1990
1997217N06168,Winnie,1997,WP,1997-08-05,8,1997,17.2,147.1,140,915,usa_1min,5,True,1990
1997221N03179,Yule,1997,WP,1997-08-09,8,1997,43.7,167,65,980,usa_1min,1,False,1990
1997222N11246,Hilda,1997,EP,1997-08-10,8,1997,13.1,-118.4,45,1000,usa_1min,0,False,1990
1997229N19242,Ignacio,1997,EP,1997-08-17,8,1997,20.4,-119.4,35,1005,usa_1min,0,False,1990
1997232N14136,Amber,1997,WP,1997-08-19,8,1997,19.8,125.1,110,950,usa_1min,3,True,1990
1997232N17115,Zita,1997,WP,1997-08-19,8,1997,20.9,110.1,75,980,usa_1min,1,True,1990
1997236N10172,Bing,1997,WP,1997-08-24,8,1997,23.9,139,135,940,usa_1min,4,False,1990
1997238N11227,Jimena,1997,EP,1997-08-25,8,1997,18,-137.5,120,942,usa_1min,4,False,1990
1997238N19112,Cass,1997,WP,1997-08-26,8,1997,19.7,118,45,992,usa_1min,0,True,1990
1997240N12193,Oliwa,1997,WP,1997-08-28,8,1997,18.4,153.6,140,915,usa_1min,5,True,1990
1997247N18248,Kevin,1997,EP,1997-09-03,9,1997,20,-117.8,50,994,usa_1min,0,False,1990
1997246N11316,Erika,1997,NA,1997-09-03,9,1997,23.2,-62.5,110,946,usa_1min,3,False,1990
1997252N10171,David,1997,WP,1997-09-09,9,1997,20.2,160.5,95,945,usa_1min,2,False,1990
1997253N12255,Linda,1997,EP,1997-09-09,9,1997,17.1,-109.6,160,902,usa_1min,5,False,1990
1997256N14227,Marty,1997,EP,1997-09-12,9,1997,13.6,-135.6,40,1002,usa_1min,0,False,1990
1997259N13258,Nora,1997,EP,1997-09-16,9,1997,16.6,-108,115,950,usa_1min,4,True,1990
1997261N13114,Fritz,1997,WP,1997-09-17,9,1997,15.8,110.4,75,980,usa_1min,1,True,1990
1997262N22184,Ella,1997,WP,1997-09-18,9,1997,26.4,162.5,40,,usa_1min,0,False,1990
1997263N14084,Unnamed,1997,NI,1997-09-19,9,1997,21.9,90.7,65,984,usa_1min,1,True,1990
1997265N10175,Ginger,1997,WP,1997-09-21,9,1997,21.7,159.3,145,925,usa_1min,5,False,1990
1997270N11265,Olaf,1997,EP,1997-09-26,9,1997,14.5,-94.8,60,989,usa_1min,0,True,1990
1997270N18111,Hank,1997,WP,1997-09-27,9,1997,14.8,111.8,40,,usa_1min,0,True,1990
1997277S04170,Lusi,1998,SP,1997-10-04,10,1997,-14.5,172.4,60,980,usa_1min,0,False,1990
1997278N24296,Fabian,1997,NA,1997-10-04,10,1997,29.2,-48.8,40,1004,usa_1min,0,False,1990
1997279N12263,Pauline,1997,EP,1997-10-05,10,1997,13.2,-94.5,115,948,usa_1min,4,True,1990
1997283N07177,Ivan,1997,WP,1997-10-09,10,1997,14.7,128.3,160,905,usa_1min,5,True,1990
1997284N04179,Joan,1997,WP,1997-10-11,10,1997,14.6,150.2,160,905,usa_1min,5,False,1990
1997288N20291,Grace,1997,NA,1997-10-14,10,1997,20.6,-68,40,999,usa_1min,0,False,1990
1997297S11177,Unnamed,1998,SP,1997-10-24,10,1997,-12.9,174.1,35,,usa_1min,0,False,1990
1997298N06140,Linda,1997,WP,1997-10-25,10,1997,9.3,103.7,65,985,usa_1min,1,True,1990
1997299N07169,Keith,1997,WP,1997-10-26,10,1997,12.7,150.2,155,910,usa_1min,5,False,1990
1997301N09202,Unnamed,1997,EP,1997-10-27,10,1997,11,-161.3,35,,usa_1min,0,False,1990
1997302S08199,Martin,1998,SP,1997-10-28,10,1997,-16.5,-154.3,100,945,usa_1min,3,False,1990
1997307N08082,Unnamed,1997,NI,1997-11-02,11,1997,12.4,66.1,55,1005,usa_1min,0,True,1990
1997308N08069,Unnamed,1997,NI,1997-11-04,11,1997,10.2,55.5,35,,usa_1min,0,True,1990
1997311N09258,Rick,1997,EP,1997-11-07,11,1997,15.3,-99.8,85,973,usa_1min,2,True,1990
1997311N10151,Mort,1997,WP,1997-11-07,11,1997,13.5,133.2,65,992,usa_1min,1,True,1990
1997319S09180,Nute,1998,SP,1997-11-15,11,1997,-16.1,159.7,70,975,usa_1min,1,False,1990
1997326S09203,Osea,1998,SP,1997-11-21,11,1997,-17.2,-152,90,950,usa_1min,2,False,1990
1997333N06194,Paka,1997,WP,1997-11-28,11,1997,14.3,139.7,160,920,usa_1min,5,False,1990
1997336S09195,Pam,1998,SP,1997-12-02,12,1997,-12,-162.9,65,974,usa_1min,1,False,1990
1997355S05189,Susan,1998,SP,1997-12-20,12,1997,-14.4,170.1,140,900,usa_1min,5,False,1990
1997359S12129,Sid,1998,SP,1997-12-24,12,1997,-12.1,135.5,40,985,usa_1min,0,True,1990
1997360S12111,Selwyn,1998,SI,1997-12-25,12,1997,-15,109.9,65,960,usa_1min,1,False,1990
1998001S09195,Ron,1998,SP,1998-01-01,1,1998,-12.9,-175.5,145,900,usa_1min,5,False,1990
1998002S14151,Katrina,1998,SP,1998-01-01,1,1998,-15.7,164.7,90,940,usa_1min,2,False,1990
1998016S12043,Unnamed,1998,SI,1998-01-15,1,1998,-16.2,38.6,35,995,usa_1min,0,True,1990
1998022S15143,Les,1998,SI,1998-01-21,1,1998,-14.3,135.7,50,976,usa_1min,0,True,1990
1998022S15125,Tiffany,1998,SI,1998-01-22,1,1998,-18.7,117.4,120,940,usa_1min,4,True,1990
1998025S12185,Tui,1998,SP,1998-01-24,1,1998,-13.3,-172.5,40,990,usa_1min,0,False,1990
1998030S14208,Ursula,1998,SP,1998-01-29,1,1998,-23.4,-137.5,65,975,usa_1min,1,False,1990
1998030S13194,Veli,1998,SP,1998-01-30,1,1998,-18.1,-146.7,75,980,usa_1min,1,False,1990
1998031S12187,Wes,1998,SP,1998-01-31,1,1998,-12,-168,45,985,usa_1min,0,False,1990
1998032S18036,Beltane,1998,SI,1998-02-01,2,1998,-22.6,41.5,40,992,usa_1min,0,True,1990
1998036S13135,Cindy:Victor,1998,SI,1998-02-04,2,1998,-16.7,109,90,970,usa_1min,2,True,1990
1998036S13066,Anacelle,1998,SI,1998-02-05,2,1998,-20.8,59,115,950,usa_1min,4,False,1990
1998046S19070,Unnamed,1998,SI,1998-02-15,2,1998,-28.3,63.8,45,997,usa_1min,0,False,1990
1998056S14139,May,1998,SP,1998-02-24,2,1998,-15.9,138.6,35,990,usa_1min,0,True,1990
1998064S09093,Elsie,1998,SI,1998-03-04,3,1998,-19.5,81.5,90,975,usa_1min,2,False,1990
1998064S13061,Donaline,1998,SI,1998-03-04,3,1998,-19.1,69.2,55,988,usa_1min,0,False,1990
1998073S11065,Fiona,1998,SI,1998-03-13,3,1998,-17,61.7,35,995,usa_1min,0,False,1990
1998076S11170,Yali,1998,SP,1998-03-17,3,1998,-18,167.7,90,944,usa_1min,2,True,1990
1998079S10145,Nathan,1998,SP,1998-03-19,3,1998,-14.3,146,65,990,usa_1min,1,False,1990
1998087S15172,Zuman,1998,SP,1998-03-28,3,1998,-14.9,167,100,955,usa_1min,3,True,1990
1998096S13071,Gemma,1998,SI,1998-04-06,4,1998,-15.4,75.1,70,985,usa_1min,1,False,1990
1998106S09135,Unnamed,1998,SI,1998-04-16,4,1998,-12.9,126,40,,usa_1min,0,True,1990
1998107S11084,Unnamed,1998,SI,1998-04-17,4,1998,-10.5,75,40,,usa_1min,0,False,1990
1998108S10203,Alan,1998,SP,1998-04-18,4,1998,-10.8,-159.2,45,995,usa_1min,0,False,1990
1998120S16220,Bart,1998,SP,1998-04-29,4,1998,-18.8,-137.4,35,987,usa_1min,0,False,1990
1998133N04086,Unnamed,1998,NI,1998-05-13,5,1998,21.7,91.5,70,972,usa_1min,1,True,1990
1998147N11061,Unnamed,1998,NI,1998-05-27,5,1998,12.8,60.4,35,,usa_1min,0,False,1990
1998152N11075,Unnamed,1998,NI,1998-06-01,6,1998,21.5,69,105,958,usa_1min,3,True,1990
1998161N09261,Agatha,1998,EP,1998-06-09,6,1998,16.3,-116.2,55,993,usa_1min,0,False,1990
1998173N08266,Blas,1998,EP,1998-06-22,6,1998,15.3,-106.8,120,943,usa_1min,4,False,1990
1998188N18117,Nichole,1998,WP,1998-07-07,7,1998,23.1,120,50,998,usa_1min,0,True,1990
1998197N13259,Celia,1998,EP,1998-07-16,7,1998,21.8,-113.6,50,997,usa_1min,0,False,1990
1998201S05086,Unnamed,1999,SI,1998-07-20,7,1998,-9.6,80.1,35,,usa_1min,0,False,1990
1998203N11253,Darby,1998,EP,1998-07-21,7,1998,15.2,-119.3,100,958,usa_1min,3,False,1990
1998204N17144,Unnamed,1998,WP,1998-07-22,7,1998,30.9,147.2,45,,usa_1min,0,False,1990
1998209N11335,Alex,1998,NA,1998-07-27,7,1998,15.1,-46.1,45,1002,usa_1min,0,False,1990
1998210N14263,Estelle,1998,EP,1998-07-28,7,1998,16.8,-117.5,115,948,usa_1min,4,False,1990
1998213N14128,Otto,1998,WP,1998-08-01,8,1998,22.2,121.9,100,970,usa_1min,3,True,1990
1998216N09260,Frank,1998,EP,1998-08-04,8,1998,25.4,-113.3,40,1001,usa_1min,0,False,1990
1998217N10130,Penny,1998,WP,1998-08-05,8,1998,20.4,112.5,60,985,usa_1min,0,True,1990
1998222N09257,Georgette,1998,EP,1998-08-09,8,1998,19.8,-120.1,100,960,usa_1min,3,False,1990
1998230N11267,Howard,1998,EP,1998-08-18,8,1998,14.4,-108,130,932,usa_1min,4,False,1990
1998232N15312,Bonnie,1998,NA,1998-08-19,8,1998,24.1,-71.5,100,954,usa_1min,3,True,1990
1998233N25268,Charley,1998,NA,1998-08-21,8,1998,27.5,-96.5,60,1000,usa_1min,0,True,1990
1998235N17131,Rex,1998,WP,1998-08-22,8,1998,27,140.8,115,955,usa_1min,4,False,1990
1998236N13326,Danielle,1998,NA,1998-08-24,8,1998,18.4,-49.1,90,960,usa_1min,2,False,1990
1998242N14252,Isis,1998,EP,1998-08-29,8,1998,24.1,-109.2,65,988,usa_1min,1,True,1990
1998244N22267,Earl,1998,NA,1998-08-31,8,1998,28.7,-87.9,85,964,usa_1min,2,True,1990
1998249N16256,Javier,1998,EP,1998-09-05,9,1998,20.7,-112,50,995,usa_1min,0,True,1990
1998252N26266,Frances,1998,NA,1998-09-08,9,1998,27.2,-95.9,55,990,usa_1min,0,True,1990
1998253N17150,Stella,1998,WP,1998-09-10,9,1998,27,137.6,65,965,usa_1min,1,True,1990
1998258N19126,Todd,1998,WP,1998-09-14,9,1998,23.2,134.7,130,955,usa_1min,4,True,1990
1998259N10335,Georges,1998,NA,1998-09-15,9,1998,16,-56.3,135,937,usa_1min,4,True,1990
1998259N17118,Vicki,1998,WP,1998-09-16,9,1998,29.6,133.1,90,960,usa_1min,2,True,1990
1998261N27270,Hermine,1998,NA,1998-09-17,9,1998,28.3,-91.1,40,999,usa_1min,0,True,1990
1998262N20137,Waldo,1998,WP,1998-09-18,9,1998,33,135.7,45,994,usa_1min,0,True,1990
1998262N13333,Ivan,1998,NA,1998-09-19,9,1998,39.2,-36.3,80,975,usa_1min,1,False,1990
1998264N10343,Jeanne,1998,NA,1998-09-21,9,1998,15.9,-33.4,90,969,usa_1min,2,True,1990
1998267N33295,Karl,1998,NA,1998-09-23,9,1998,33.9,-47.3,90,970,usa_1min,2,False,1990
1998267N13134,Yanni,1998,WP,1998-09-24,9,1998,26.1,123.4,80,965,usa_1min,1,True,1990
1998271S05084,Unnamed,1999,SI,1998-09-27,9,1998,-8.6,78.4,35,,usa_1min,0,False,1990
1998272N18068,Unnamed,1998,NI,1998-09-28,9,1998,18.2,65.7,35,,usa_1min,0,False,1990
1998278N14314,Lisa,1998,NA,1998-10-05,10,1998,41.6,-38.7,65,995,usa_1min,1,False,1990
1998279S10092,Zelia,1999,SI,1998-10-06,10,1998,-14.6,95.2,45,990,usa_1min,0,False,1990
1998281N11151,Zeb,1998,WP,1998-10-07,10,1998,16,124.7,155,900,usa_1min,5,True,1990
1998283N13268,Madeline,1998,EP,1998-10-09,10,1998,20.6,-106.6,75,979,usa_1min,1,False,1990
1998283N13149,Unnamed,1998,WP,1998-10-10,10,1998,13.6,147.4,50,,usa_1min,0,False,1990
1998284N13243,Kay,1998,EP,1998-10-11,10,1998,16,-118.6,65,987,usa_1min,1,False,1990
1998285N12149,Babs,1998,WP,1998-10-11,10,1998,12.2,127.2,135,940,usa_1min,4,True,1990
1998285N14068,Unnamed,1998,NI,1998-10-11,10,1998,17.1,65.1,35,994,usa_1min,0,True,1990
1998288N11268,Lester,1998,EP,1998-10-15,10,1998,16.8,-108.8,100,965,usa_1min,3,False,1990
1998295N12284,Mitch,1998,NA,1998-10-22,10,1998,16.9,-83.1,155,905,usa_1min,5,True,1990
1998310S10096,Alison,1999,SI,1998-11-06,11,1998,-14.1,95.4,70,955,usa_1min,1,False,1990
1998315N09116,Chip,1998,WP,1998-11-10,11,1998,11.1,110.1,50,994,usa_1min,0,False,1990
1998317N11087,Unnamed,1998,NI,1998-11-13,11,1998,17.7,82.9,85,982,usa_1min,2,True,1990
1998321N11117,Dawn,1998,WP,1998-11-16,11,1998,11.8,110.5,45,998,usa_1min,0,True,1990
1998320N10102,Unnamed,1998,NI,1998-11-16,11,1998,20.1,87.9,75,984,usa_1min,1,True,1990
1998327N09126,Elvis,1998,WP,1998-11-22,11,1998,13,112.1,45,992,usa_1min,0,True,1990
1998328N28332,Nicole,1998,NA,1998-11-24,11,1998,35.1,-37.9,75,979,usa_1min,1,False,1990
1998335S12138,Thelma,1999,SI,1998-12-01,12,1998,-11.6,129.2,135,920,usa_1min,4,True,1990
1998336S13120,Billy,1999,SI,1998-12-01,12,1998,-18,116.9,65,965,usa_1min,1,True,1990
1998342N06141,Faith,1998,WP,1998-12-07,12,1998,11.4,118.8,90,970,usa_1min,2,True,1990
1998343N08114,Gil,1998,WP,1998-12-08,12,1998,8.1,105.8,35,992,usa_1min,0,True,1990
1998346N10072,Unnamed,1998,NI,1998-12-11,12,1998,16.7,65.7,65,993,usa_1min,1,True,1990
1998348S17156,Unnamed,1999,SP,1998-12-13,12,1998,-32,165.1,35,,usa_1min,0,False,1990
1998355S14187,Cora,1999,SP,1998-12-21,12,1998,-19.9,-175.8,90,960,usa_1min,2,False,1990
1998355S20210,Unnamed,1999,SP,1998-12-21,12,1998,-33.3,-143.5,50,,usa_1min,0,False,1990
1998357S11101,Cathy,1999,SI,1998-12-22,12,1998,-16.6,94.8,40,991,usa_1min,0,False,1990
1999003N05114,Unnamed,1999,WP,1999-01-03,1,1999,9.3,114.2,35,,usa_1min,0,False,1990
1999013S13164,Dani,1999,SP,1999-01-13,1,1999,-15.1,163.4,115,925,usa_1min,4,True,1990
1999015S20036,Alda,1999,SI,1999-01-14,1,1999,-27.5,39.1,65,975,usa_1min,1,False,1990
1999020S17158,Olinda,1999,SP,1999-01-19,1,1999,-20.8,160.5,55,980,usa_1min,0,False,1990
1999021S15149,Pete,1999,SP,1999-01-21,1,1999,-22.9,159.8,55,985,usa_1min,0,False,1990
1999021S13113,Birenda:Damien,1999,SI,1999-01-21,1,1999,-16.1,98.1,80,950,usa_1min,1,False,1990
1999024S11138,Unnamed,1999,SP,1999-01-24,1,1999,-13.2,138.7,35,,usa_1min,0,False,1990
1999029S14096,Chikita,1999,SI,1999-01-29,1,1999,-17.2,83.5,40,990,usa_1min,0,False,1990
1999031N08092,Unnamed,1999,NI,1999-01-30,1,1999,11.4,85.3,40,998,usa_1min,0,False,1990
1999033S14118,Unnamed,1999,SI,1999-02-02,2,1999,-18.8,111.2,40,,usa_1min,0,False,1990
1999040S13160,Ella,1999,SP,1999-02-08,2,1999,-13.5,164.5,45,987,usa_1min,0,False,1990
1999040S15147,Rona,1999,SP,1999-02-09,2,1999,-16.4,145.7,55,970,usa_1min,0,True,1990
1999043S18038,Unnamed,1999,SI,1999-02-11,2,1999,-22.9,39.2,45,994,usa_1min,0,False,1990
1999045N11138,Iris,1999,WP,1999-02-13,2,1999,11.8,130.9,35,,usa_1min,0,False,1990
1999048S21152,Frank,1999,SP,1999-02-16,2,1999,-20.8,165.2,95,955,usa_1min,2,True,1990
1999057S22203,Gita,1999,SP,1999-02-26,2,1999,-27.1,-155.2,40,987,usa_1min,0,False,1990
1999060S10089,Davina,1999,SI,1999-03-01,3,1999,-16.9,70.8,110,930,usa_1min,3,False,1990
1999062S12121,Unnamed,1999,SI,1999-03-03,3,1999,-14.8,93.8,35,,usa_1min,0,False,1990
1999070S19206,Hali,1999,SP,1999-03-11,3,1999,-20.1,-160.2,50,970,usa_1min,0,False,1990
1999071S15087,Unnamed,1999,SI,1999-03-11,3,1999,-13.5,73.9,35,995,usa_1min,0,False,1990
1999074S13132,Vance,1999,SI,1999-03-14,3,1999,-17.3,116.2,125,910,usa_1min,4,True,1990
1999074S13118,Elaine,1999,SI,1999-03-15,3,1999,-19.6,110.8,100,945,usa_1min,3,True,1990
1999084S12119,Evrina:Frederic,1999,SI,1999-03-25,3,1999,-17.6,91.9,140,920,usa_1min,5,False,1990
1999092S11131,Gwenda,1999,SI,1999-04-02,4,1999,-17.4,116.8,130,900,usa_1min,4,True,1990
1999096N10136,Unnamed,1999,WP,1999-04-05,4,1999,12.6,128.4,35,,usa_1min,0,True,1990
1999107S12090,Hamish,1999,SI,1999-04-17,4,1999,-13.3,92.4,45,980,usa_1min,0,False,1990
1999111N08126,Kate,1999,WP,1999-04-21,4,1999,22.1,136.4,75,980,usa_1min,1,True,1990
1999116N14114,Leo,1999,WP,1999-04-25,4,1999,19.9,115.4,110,970,usa_1min,3,True,1990
1999135N12073,Unnamed,1999,NI,1999-05-15,5,1999,20.4,67.3,110,946,usa_1min,3,True,1990
1999140S16157,Unnamed,1999,SP,1999-05-20,5,1999,-35.9,160.3,55,972,wmo,0,False,1990
1999151N09132,Maggie,1999,WP,1999-05-30,5,1999,18.9,124.5,105,955,usa_1min,3,True,1990
1999159N18091,Unnamed,1999,NI,1999-06-08,6,1999,21.1,88.4,35,,usa_1min,0,True,1990
1999163N27302,Arlene,1999,NA,1999-06-11,6,1999,28.8,-57.5,50,1006,usa_1min,0,False,1990
1999169N13264,Adrian,1999,EP,1999-06-17,6,1999,17.8,-109.7,85,973,usa_1min,2,False,1990
1999189N12263,Beatriz,1999,EP,1999-07-07,7,1999,14.5,-120.3,105,955,usa_1min,3,False,1990
1999203N17129,Neil,1999,WP,1999-07-22,7,1999,29.3,128.9,40,980,usa_1min,0,True,1990
1999205N11254,Calvin,1999,EP,1999-07-23,7,1999,15,-115.9,35,1005,usa_1min,0,False,1990
1999208N06139,Olga,1999,WP,1999-07-26,7,1999,30.1,126,80,970,usa_1min,1,True,1990
1999213N12144,Paul,1999,WP,1999-07-31,7,1999,27,132.5,50,980,usa_1min,0,False,1990
1999217N11265,Dora,1999,EP,1999-08-05,8,1999,14.9,233.6,120,943,usa_1min,4,False,1990
1999218N12241,Eugene,1999,EP,1999-08-05,8,1999,14,-132.4,95,964,usa_1min,2,False,1990
1999218N21116,Rachel,1999,WP,1999-08-05,8,1999,21.6,117.3,35,992,usa_1min,0,True,1990
1999228N10252,Fernanda,1999,EP,1999-08-15,8,1999,16.7,-122.1,55,994,usa_1min,0,False,1990
1999230N12129,Sam,1999,WP,1999-08-17,8,1999,22.2,114.6,75,980,usa_1min,1,True,1990
1999231N20266,Bret,1999,NA,1999-08-18,8,1999,25.5,-95.5,125,944,usa_1min,4,True,1990
1999231N14341,Cindy,1999,NA,1999-08-19,8,1999,30.1,-58,120,942,usa_1min,4,False,1990
1999231N30181,Tanya,1999,WP,1999-08-19,8,1999,32.6,163.8,70,1000,usa_1min,1,False,1990
1999235N27140,Virgil,1999,WP,1999-08-23,8,1999,26.3,143.6,70,994,usa_1min,1,False,1990
1999236N12306,Emily,1999,NA,1999-08-24,8,1999,11.6,-53.9,45,1004,usa_1min,0,False,1990
1999236N22292,Dennis,1999,NA,1999-08-24,8,1999,27.7,-77.3,90,962,usa_1min,2,True,1990
1999241N12133,Wendy,1999,WP,1999-08-29,8,1999,20.3,119.5,40,996,usa_1min,0,True,1990
1999248N17256,Greg,1999,EP,1999-09-05,9,1999,21.5,-108.4,65,986,usa_1min,1,True,1990
1999251N15314,Floyd,1999,NA,1999-09-07,9,1999,23.6,-70,135,921,usa_1min,4,True,1990
1999253N17124,York,1999,WP,1999-09-09,9,1999,21.8,115,70,980,usa_1min,1,True,1990
1999254N18142,Zia,1999,WP,1999-09-11,9,1999,31.3,131.2,45,985,usa_1min,0,True,1990
1999255N13336,Gert,1999,NA,1999-09-11,9,1999,17.8,-50.8,130,930,usa_1min,4,False,1990
1999258N25128,Ann,1999,WP,1999-09-14,9,1999,29.8,125.7,45,985,usa_1min,0,False,1990
1999260N15255,Hilary,1999,EP,1999-09-16,9,1999,20.7,-113.6,65,987,usa_1min,1,False,1990
1999260N20130,Bart,1999,WP,1999-09-17,9,1999,25.9,127,140,930,usa_1min,5,True,1990
1999262N25272,Harvey,1999,NA,1999-09-19,9,1999,27,-85.5,50,994,usa_1min,0,True,1990
1999266N18113,Cam,1999,WP,1999-09-22,9,1999,19.9,115,40,992,usa_1min,0,True,1990
1999275N16135,Dan,1999,WP,1999-10-01,10,1999,18.2,122.5,110,955,usa_1min,3,True,1990
1999281N16255,Irwin,1999,EP,1999-10-07,10,1999,19,-107.1,50,996,usa_1min,0,False,1990
1999286N16278,Irene,1999,NA,1999-10-12,10,1999,34.8,-75.2,95,958,usa_1min,2,True,1990
1999288N12129,Eve,1999,WP,1999-10-14,10,1999,15.9,110.2,35,990,usa_1min,0,True,1990
1999288N15093,Unnamed,1999,NI,1999-10-15,10,1999,17.7,85.7,120,968,usa_1min,4,True,1990
1999291N10309,Jose,1999,NA,1999-10-17,10,1999,16.8,-61.1,85,979,usa_1min,2,False,1990
1999298N12099,Unnamed,1999,NI,1999-10-25,10,1999,19.2,87.1,140,912,usa_1min,5,True,1990
1999302N11279,Katrina,1999,NA,1999-10-28,10,1999,13.2,-82.9,35,999,usa_1min,0,True,1990
1999310N09138,Frankie,1999,WP,1999-11-05,11,1999,12.2,124.5,35,,usa_1min,0,True,1990
1999315N13127,Gloria,1999,WP,1999-11-10,11,1999,27.7,137.8,65,980,usa_1min,1,False,1990
1999318N17278,Lenny,1999,NA,1999-11-13,11,1999,17.4,-64.8,135,933,usa_1min,4,False,1990
1999343S09095,Ilsa,2000,SI,1999-12-08,12,1999,-12.5,112.5,60,980,usa_1min,0,True,2000
1999343S11123,John,2000,SI,1999-12-09,12,1999,-19.5,117.3,130,915,usa_1min,4,True,2000
1999357S08076,Astride,2000,SI,1999-12-23,12,1999,-14.5,61.3,65,985,usa_1min,1,True,2000
2000003S13082,Babiola,2000,SI,2000-01-03,1,2000,-19.5,67.6,90,950,usa_1min,2,False,2000
2000006S15164,Iris,2000,SP,2000-01-06,1,2000,-16.6,166.6,70,964,usa_1min,1,False,2000
2000018S15190,Unnamed,2000,SP,2000-01-17,1,2000,-25,-169,40,998,wmo,0,False,2000
2000023S15172,Jo,2000,SP,2000-01-23,1,2000,-22.4,175.9,65,972,usa_1min,1,False,2000
2000024S12100,Kirrily,2000,SI,2000-01-24,1,2000,-20.9,107,85,975,usa_1min,2,False,2000
2000025S15056,Connie,2000,SI,2000-01-25,1,2000,-16.3,57,120,930,usa_1min,4,False,2000
2000031S11074,Damienne,2000,SI,2000-01-30,1,2000,-15.8,77.4,50,994,usa_1min,0,False,2000
2000032S11116,Eline:Leone,2000,SI,2000-02-01,2,2000,-20.6,35,115,930,usa_1min,4,True,2000
2000045S14100,Marcia,2000,SI,2000-02-14,2,2000,-14.9,102.5,35,995,wmo,0,False,2000
2000050S13078,Felicia,2000,SI,2000-02-18,2,2000,-23.1,67.2,65,975,usa_1min,1,False,2000
2000055S23227,Kim,2000,SP,2000-02-23,2,2000,-24.5,-138.5,100,935,usa_1min,3,False,2000
2000056S17152,Steve,2000,SI,2000-02-25,2,2000,-20.3,116.9,65,975,usa_1min,1,True,2000
2000058S14063,Gloria,2000,SI,2000-02-27,2,2000,-12.9,51.2,50,985,usa_1min,0,True,2000
2000060S17123,Norman,2000,SI,2000-02-28,2,2000,-19.7,106.2,120,930,usa_1min,4,True,2000
2000060S12086,Unnamed,2000,SI,2000-02-29,2,2000,-13.6,86.9,35,998,usa_1min,0,False,2000
2000064S19209,Leo,2000,SP,2000-03-04,3,2000,-25.6,-164.9,55,974,usa_1min,0,False,2000
2000067S15189,Mona,2000,SP,2000-03-06,3,2000,-24.3,-173.3,80,960,usa_1min,1,False,2000
2000075S17119,Olga,2000,SI,2000-03-14,3,2000,-19.1,108.9,50,985,usa_1min,0,False,2000
2000083S17102,Hudah,2000,SI,2000-03-22,3,2000,-16.6,56.9,125,905,usa_1min,4,True,2000
2000088N08090,Unnamed,2000,NI,2000-03-27,3,2000,15,89.5,45,998,wmo,0,False,2000
2000089S20168,Vaughan,2000,SP,2000-03-28,3,2000,-13.7,155.1,50,975,usa_1min,0,False,2000
2000091S14156,Tessi,2000,SP,2000-03-31,3,2000,-18.8,147.6,50,980,usa_1min,0,True,2000
2000099S28037,Unnamed,2000,SI,2000-04-07,4,2000,-23.6,36,50,992,wmo,0,False,2000
2000102S13128,Paul,2000,SI,2000-04-10,4,2000,-13.7,100.2,130,915,usa_1min,4,False,2000
2000103S10095,Innocente,2000,SI,2000-04-11,4,2000,-16.5,75.8,45,993,usa_1min,0,False,2000
2000104S17182,Neil,2000,SP,2000-04-13,4,2000,-20,178.7,40,992,usa_1min,0,False,2000
2000105S09127,Rosita,2000,SI,2000-04-14,4,2000,-18.4,122.3,125,930,usa_1min,4,True,2000
2000125N06136,Damrey,2000,WP,2000-05-03,5,2000,18.6,136,155,930,usa_1min,5,False,2000
2000138N16119,Longwang,2000,WP,2000-05-17,5,2000,23.3,128.5,40,990,usa_1min,0,True,2000
2000142N12262,Aletta,2000,EP,2000-05-21,5,2000,14.8,-105.9,90,970,usa_1min,2,False,2000
2000164N12256,Bud,2000,EP,2000-06-12,6,2000,14.9,-108.3,45,994,usa_1min,0,False,2000
2000170N10268,Carlotta,2000,EP,2000-06-17,6,2000,15.1,-103.8,135,932,usa_1min,4,False,2000
2000184N13133,Kirogi,2000,WP,2000-07-02,7,2000,19.2,131.6,115,940,usa_1min,4,False,2000
2000185N15117,Kai-Tak,2000,WP,2000-07-02,7,2000,19.7,118.7,75,960,usa_1min,1,True,2000
2000199N20145,Tembin,2000,WP,2000-07-17,7,2000,26.4,142.3,45,992,usa_1min,0,False,2000
2000201N11224,Upana,2000,EP,2000-07-19,7,2000,10.2,-151.4,40,,usa_1min,0,False,2000
2000202N12131,Bolaven,2000,WP,2000-07-19,7,2000,27.1,129.9,50,980,usa_1min,0,True,2000
2000205N10260,Daniel,2000,EP,2000-07-22,7,2000,14.3,-121.1,110,954,usa_1min,3,False,2000
2000206N11266,Emilia,2000,EP,2000-07-24,7,2000,18.1,-111.8,55,994,usa_1min,0,False,2000
2000209N06182,Chanchu,2000,WP,2000-07-26,7,2000,12.2,175.9,40,996,usa_1min,0,False,2000
2000214N22155,Jelawat,2000,WP,2000-07-31,7,2000,24.4,144.4,125,940,usa_1min,4,True,2000
2000214S06080,Unnamed,2001,SI,2000-08-01,8,2000,-6.2,77.7,35,,usa_1min,0,False,2000
2000215N15254,Fabio,2000,EP,2000-08-01,8,2000,16.8,-117.6,45,1000,usa_1min,0,False,2000
2000217N11342,Alberto,2000,NA,2000-08-03,8,2000,35.9,-55.3,110,950,usa_1min,3,False,2000
2000217N12260,Gilma,2000,EP,2000-08-04,8,2000,19.1,-118.2,70,984,usa_1min,1,False,2000
2000222N14143,Ewiniar,2000,WP,2000-08-08,8,2000,34.8,148.4,75,975,usa_1min,1,False,2000
2000223N18257,Hector,2000,EP,2000-08-10,8,2000,19.1,-119.3,70,983,usa_1min,1,False,2000
2000226N16258,Ileana,2000,EP,2000-08-13,8,2000,21.5,-108.5,60,991,usa_1min,0,False,2000
2000227N23267,Beryl,2000,NA,2000-08-13,8,2000,23.9,-96.3,45,1007,usa_1min,0,True,2000
2000228N31180,Wene,2000,EP,2000-08-14,8,2000,33.7,180.9,45,,usa_1min,0,False,2000
2000230N08139,Bilis,2000,WP,2000-08-17,8,2000,20.3,125.1,140,920,usa_1min,5,True,2000
2000231N14308,Chris,2000,NA,2000-08-17,8,2000,16.2,-55.4,35,1008,usa_1min,0,False,2000
2000232N12116,Kaemi,2000,WP,2000-08-18,8,2000,15.5,109.3,45,985,usa_1min,0,True,2000
2000233N12316,Debby,2000,NA,2000-08-19,8,2000,15.7,-56.3,75,991,usa_1min,1,False,2000
2000237N08138,Prapiroon,2000,WP,2000-08-24,8,2000,28.6,123.3,75,965,usa_1min,1,True,2000
2000240N22115,Maria,2000,WP,2000-08-27,8,2000,21.6,115.5,55,985,usa_1min,0,True,2000
2000241N15223,John,2000,EP,2000-08-28,8,2000,17.3,-140.4,60,994,usa_1min,0,False,2000
2000244N13229,Kristy,2000,EP,2000-08-31,8,2000,13.2,-133.3,35,1004,usa_1min,0,False,2000
2000245N14157,Saomai,2000,WP,2000-08-31,8,2000,24.2,132.4,140,925,usa_1min,5,True,2000
2000246N15315,Ernesto,2000,NA,2000-09-01,9,2000,16.2,-49.5,35,1008,usa_1min,0,False,2000
2000248N17117,Wukong,2000,WP,2000-09-04,9,2000,18.4,110.6,95,955,usa_1min,2,True,2000
2000248N18126,Bopha,2000,WP,2000-09-04,9,2000,25.5,128.4,55,988,usa_1min,0,True,2000
2000249N15258,Lane,2000,EP,2000-09-05,9,2000,20.2,-112.5,85,967,usa_1min,2,False,2000
2000255N31289,Florence,2000,NA,2000-09-10,9,2000,36.1,-61.8,70,985,usa_1min,1,False,2000
2000258N22138,Sonamu,2000,WP,2000-09-14,9,2000,33.3,142.1,75,980,usa_1min,1,False,2000
2000259N20273,Gordon,2000,NA,2000-09-14,9,2000,26.1,-84.9,70,981,usa_1min,1,True,2000
2000260N15178,Shanshan,2000,WP,2000-09-15,9,2000,23.6,165.4,135,925,usa_1min,4,False,2000
2000260N15308,Helene,2000,NA,2000-09-15,9,2000,27.1,-87.1,60,986,usa_1min,0,True,2000
2000260N19253,Miriam,2000,EP,2000-09-15,9,2000,20.6,-107.8,35,1004,usa_1min,0,False,2000
2000264N17257,Norman,2000,EP,2000-09-20,9,2000,18.3,-103.1,45,998,usa_1min,0,True,2000
2000266N12337,Isaac,2000,NA,2000-09-21,9,2000,26.6,-54.2,120,943,usa_1min,4,False,2000
2000270N11330,Joyce,2000,NA,2000-09-25,9,2000,12.2,-42.5,80,975,usa_1min,1,False,2000
2000272N24165,Unnamed,2000,WP,2000-09-27,9,2000,27.3,165.6,35,,usa_1min,0,False,2000
2000273N16277,Keith,2000,NA,2000-09-28,9,2000,17.9,-87.2,120,939,usa_1min,4,True,2000
2000277N15257,Olivia,2000,EP,2000-10-02,10,2000,15.4,-104.5,55,994,usa_1min,0,False,2000
2000279N29279,Leslie,2000,NA,2000-10-04,10,2000,53,-10,60,973,usa_1min,0,True,2000
2000281N11111,Unnamed,2000,WP,2000-10-06,10,2000,11.5,112.3,40,,usa_1min,0,False,2000
2000289N15089,Unnamed,2000,NI,2000-10-14,10,2000,14.4,86.2,35,996,usa_1min,0,False,2000
2000290N30289,Michael,2000,NA,2000-10-15,10,2000,44,-58.5,85,965,usa_1min,2,True,2000
2000294N26300,Nadine,2000,NA,2000-10-19,10,2000,32.4,-55.2,50,999,usa_1min,0,False,2000
2000295N20146,Yagi,2000,WP,2000-10-21,10,2000,24.1,125.5,105,965,usa_1min,3,False,2000
2000299N08139,Xangsane,2000,WP,2000-10-24,10,2000,16.5,118.3,90,960,usa_1min,2,True,2000
2000299N10252,Paul,2000,EP,2000-10-25,10,2000,10.3,-116.7,40,1003,usa_1min,0,False,2000
2000299N13093,Unnamed,2000,NI,2000-10-25,10,2000,20.4,88.5,35,998,usa_1min,0,True,2000
2000299N22291,Unnamed,2000,NA,2000-10-25,10,2000,38,-65.5,55,976,usa_1min,0,False,2000
2000305N06136,Bebinca,2000,WP,2000-10-30,10,2000,14.5,122.5,85,980,usa_1min,2,True,2000
2000309N10270,Rosa,2000,EP,2000-11-03,11,2000,11.8,-98.8,55,993,usa_1min,0,True,2000
2000315S08083,Unnamed,2001,SI,2000-11-10,11,2000,-10.5,79.4,35,,usa_1min,0,False,2000
2000331N09092,Unnamed,2000,NI,2000-11-26,11,2000,11.5,82,65,958,usa_1min,1,True,2000
2000332N08133,Rumbia,2000,WP,2000-11-27,11,2000,11.1,125.4,55,990,usa_1min,0,True,2000
2000333S11140,Sam,2001,SI,2000-11-28,11,2000,-17.8,120.9,110,935,usa_1min,3,True,2000
2000358N08086,Unnamed,2000,NI,2000-12-23,12,2000,8.5,81,65,970,usa_1min,1,True,2000
2000364N07130,Soulik,2000,WP,2000-12-28,12,2000,18.1,136.2,110,955,usa_1min,3,False,2000
2000366S09068,Ando,2001,SI,2000-12-31,12,2000,-17.8,54.7,120,925,usa_1min,4,False,2000
2001003S09091,Bindu,2001,SI,2001-01-03,1,2001,-18,69.1,100,955,usa_1min,3,False,2000
2001005S12136,Unnamed,2001,SI,2001-01-05,1,2001,-12.3,132.1,40,996,wmo,0,True,2000
2001018S12086,Charly,2001,SI,2001-01-17,1,2001,-18.8,72.9,105,930,usa_1min,3,False,2000
2001028S15128,Terri,2001,SI,2001-01-27,1,2001,-19.7,119.4,50,975,usa_1min,0,True,2000
2001031S13072,Unnamed,2001,SI,2001-01-30,1,2001,-30.6,69.8,45,985,wmo,0,False,2000
2001039S13117,Vincent,2001,SI,2001-02-07,2,2001,-14.7,111.8,35,980,usa_1min,0,True,2000
2001039S11139,Winsome,2001,SP,2001-02-08,2,2001,-14.5,135.6,40,981,usa_1min,0,True,2000
2001045S14142,Wylva,2001,SI,2001-02-14,2,2001,-15.3,138.7,40,988,wmo,0,True,2000
2001047S17157,Unnamed,2001,SP,2001-02-16,2,2001,-19.6,165.6,35,997,usa_1min,0,False,2000
2001049S17198,Oma,2001,SP,2001-02-18,2,2001,-24.7,-159.1,45,980,usa_1min,0,False,2000
2001054S15155,Abigail,2001,SI,2001-02-23,2,2001,-16.7,138.5,60,970,usa_1min,0,True,2000
2001056S11163,Paula,2001,SP,2001-02-25,2,2001,-22,180.8,105,930,usa_1min,3,False,2000
2001060S19223,Rita,2001,SP,2001-02-28,2,2001,-23.9,-135.8,40,986,usa_1min,0,False,2000
2001064S10052,Dera,2001,SI,2001-03-04,3,2001,-29.4,41,90,955,usa_1min,2,True,2000
2001091S11111,Walter,2001,SI,2001-04-01,4,2001,-11.7,96.6,90,940,usa_1min,2,False,2000
2001091S13094,Unnamed,2001,SI,2001-04-01,4,2001,-14.9,82.9,35,998,usa_1min,0,False,2000
2001093S10062,Evariste,2001,SI,2001-04-02,4,2001,-14.9,61.1,75,973,usa_1min,1,False,2000
2001094S12172,Sose,2001,SP,2001-04-03,4,2001,-20.3,169.2,70,975,usa_1min,1,False,2000
2001106S08137,Alistair,2001,SI,2001-04-15,4,2001,-15.9,122.1,65,975,usa_1min,1,True,2000
2001125N05129,Cimaron,2001,WP,2001-05-05,5,2001,24.3,125.1,60,984,usa_1min,0,True,2000
2001141N14068,Unnamed,2001,NI,2001-05-21,5,2001,16.9,69,110,927,usa_1min,3,True,2000
2001146N14259,Adolph,2001,EP,2001-05-25,5,2001,15,-102.1,125,940,usa_1min,4,False,2000
2001157N28265,Allison,2001,NA,2001-06-05,6,2001,28.5,-95.3,50,1000,usa_1min,0,True,2000
2001171S35037,Unnamed,2001,SI,2001-06-19,6,2001,-26.6,34.7,65,991,usa_1min,1,False,2000
2001170N11138,Chebi,2001,WP,2001-06-19,6,2001,22.2,119.4,100,944,usa_1min,3,True,2000
2001171N12234,Barbara,2001,EP,2001-06-20,6,2001,14.7,-134.1,50,997,usa_1min,0,False,2000
2001180N15118,Durian,2001,WP,2001-06-29,6,2001,20.8,110.8,75,967,usa_1min,1,True,2000
2001181N08141,Utor,2001,WP,2001-06-30,6,2001,18.8,122.2,80,963,usa_1min,1,True,2000
2001189N13130,Trami,2001,WP,2001-07-07,7,2001,20.4,123.5,40,997,usa_1min,0,True,2000
2001194N15252,Cosme,2001,EP,2001-07-13,7,2001,16.3,-111.4,40,1000,usa_1min,0,False,2000
2001202N14243,Erick,2001,EP,2001-07-20,7,2001,16.2,-120.4,35,1001,usa_1min,0,False,2000
2001202N11266,Dalila,2001,EP,2001-07-21,7,2001,18.2,-109,65,987,usa_1min,1,False,2000
2001202N23152,Kong-Rey,2001,WP,2001-07-21,7,2001,30.2,141.9,85,958,usa_1min,2,False,2000
2001204N19127,Yutu,2001,WP,2001-07-22,7,2001,20.6,115.8,85,958,usa_1min,2,True,2000
2001206N14134,Toraji,2001,WP,2001-07-25,7,2001,23.8,121.3,100,944,usa_1min,3,True,2000
2001212N10158,Man-Yi,2001,WP,2001-07-31,7,2001,22.4,144.1,120,922,usa_1min,4,False,2000
2001215N26275,Barry,2001,NA,2001-08-02,8,2001,28.6,-86.4,60,990,usa_1min,0,True,2000
2001220N17118,Usagi,2001,WP,2001-08-08,8,2001,18.1,107.5,40,994,usa_1min,0,True,2000
2001225N18146,Pabuk,2001,WP,2001-08-13,8,2001,25.4,134.4,90,954,usa_1min,2,True,2000
2001227N13323,Chantal,2001,NA,2001-08-14,8,2001,15.4,-78.4,60,997,usa_1min,0,True,2000
2001235N18296,Dean,2001,NA,2001-08-22,8,2001,40.6,-59.4,60,994,usa_1min,0,False,2000
2001238N16139,Wutip,2001,WP,2001-08-26,8,2001,24,146.4,130,910,usa_1min,4,False,2000
2001238N18162,Sepat,2001,WP,2001-08-26,8,2001,24.5,161.2,45,991,usa_1min,0,False,2000
2001238N19252,Flossie,2001,EP,2001-08-26,8,2001,20.9,-116.6,90,972,usa_1min,2,False,2000
2001239N19116,Fitow,2001,WP,2001-08-27,8,2001,21.1,109.1,45,991,usa_1min,0,True,2000
2001245N13326,Erin,2001,NA,2001-09-01,9,2001,32.4,-62.8,105,968,usa_1min,3,True,2000
2001246N19156,Danas,2001,WP,2001-09-03,9,2001,27.2,147.6,105,938,usa_1min,3,True,2000
2001247N15237,Gil,2001,EP,2001-09-04,9,2001,14.9,-128,85,975,usa_1min,2,False,2000
2001248N17251,Henriette,2001,EP,2001-09-04,9,2001,20.5,-122.9,55,994,usa_1min,0,False,2000
2001248N23125,Nari,2001,WP,2001-09-05,9,2001,26.4,127.1,100,944,usa_1min,3,True,2000
2001251N14332,Felix,2001,NA,2001-09-07,9,2001,28.2,-47.2,100,962,usa_1min,3,False,2000
2001254N15261,Ivo,2001,EP,2001-09-10,9,2001,20.3,-109.6,45,997,usa_1min,0,False,2000
2001255N26276,Gabrielle,2001,NA,2001-09-11,9,2001,35.3,-66.6,70,975,usa_1min,1,True,2000
2001259N20138,Vipa,2001,WP,2001-09-16,9,2001,36.1,145.8,75,967,usa_1min,1,False,2000
2001260N14167,Francisco,2001,WP,2001-09-17,9,2001,26.3,147.5,100,944,usa_1min,3,False,2000
2001265N25296,Humberto,2001,NA,2001-09-21,9,2001,41,-59.2,90,970,usa_1min,2,False,2000
2001265N16244,Kiko,2001,EP,2001-09-21,9,2001,18.2,-123.3,65,990,usa_1min,1,False,2000
2001264N13269,Juliette,2001,EP,2001-09-21,9,2001,15.9,-105.3,125,923,usa_1min,4,True,2000
2001264N21126,Lekima,2001,WP,2001-09-21,9,2001,21.6,121.4,95,949,usa_1min,2,True,2000
2001266N10217,Unnamed,2001,EP,2001-09-22,9,2001,9.9,-147.2,35,1008,usa_1min,0,False,2000
2001267N17070,Unnamed,2001,NI,2001-09-24,9,2001,17.9,66.8,35,997,usa_1min,0,False,2000
2001275N12258,Lorena,2001,EP,2001-10-02,10,2001,15.7,-106.5,50,997,usa_1min,0,False,2000
2001276N13146,Krosa,2001,WP,2001-10-03,10,2001,19.7,137.2,105,938,usa_1min,3,False,2000
2001277S10082,Unnamed,2002,SI,2001-10-04,10,2001,-11,83,35,997,usa_1min,0,False,2000
2001278N12302,Iris,2001,NA,2001-10-04,10,2001,16.5,-88,125,948,usa_1min,4,True,2000
2001280N11309,Jerry,2001,NA,2001-10-06,10,2001,11.7,-57.7,45,1004,usa_1min,0,False,2000
2001281N18071,Unnamed,2001,NI,2001-10-08,10,2001,18.8,68.4,35,997,usa_1min,0,False,2000
2001284N14261,Manuel,2001,EP,2001-10-10,10,2001,18,-118.1,50,997,usa_1min,0,False,2000
2001284N16132,Haiyan,2001,WP,2001-10-11,10,2001,23.9,125.1,90,954,usa_1min,2,False,2000
2001284N28297,Karen,2001,NA,2001-10-11,10,2001,38.6,-63.7,70,982,usa_1min,1,True,2000
2001288N13084,Unnamed,2001,NI,2001-10-14,10,2001,13.7,81,35,998,wmo,0,True,2000
2001291N05158,Podul,2001,WP,2001-10-17,10,2001,17.1,156.9,140,898,usa_1min,5,False,2000
2001294N11235,Narda,2001,EP,2001-10-20,10,2001,14.5,-131.4,75,980,usa_1min,1,False,2000
2001298S07098,Alex:Andre,2002,SI,2001-10-24,10,2001,-7.9,89.9,55,984,usa_1min,0,False,2000
2001301N27325,Lorenzo,2001,NA,2001-10-27,10,2001,28.5,-44.6,35,1007,usa_1min,0,False,2000
2001303N13276,Michelle,2001,NA,2001-10-29,10,2001,20.1,-83.3,120,933,usa_1min,4,True,2000
2001304N12237,Octave,2001,EP,2001-10-31,10,2001,16.5,-128.6,75,980,usa_1min,1,False,2000
2001308N34310,Noel,2001,NA,2001-11-04,11,2001,37.8,-50.3,65,986,usa_1min,1,False,2000
2001309N10130,Lingling,2001,WP,2001-11-05,11,2001,13.6,114.1,115,927,usa_1min,4,True,2000
2001320S11146,Unnamed,2002,SP,2001-11-16,11,2001,-6.6,129.3,35,997,usa_1min,0,True,2000
2001321N07148,Unnamed,2001,WP,2001-11-16,11,2001,14.2,134.4,35,997,usa_1min,0,False,2000
2001323N05107,Unnamed,2001,WP,2001-11-18,11,2001,6.2,112.2,35,997,usa_1min,0,False,2000
2001324S12081,Unnamed,2002,SI,2001-11-20,11,2001,-11.4,82.8,35,997,usa_1min,0,False,2000
2001327N31309,Olga,2001,NA,2001-11-23,11,2001,32.6,-57,80,973,usa_1min,1,False,2000
2001329S06095,Bako:Bessi,2002,SI,2001-11-25,11,2001,-17,85.8,75,967,usa_1min,1,False,2000
2001334S21200,Trina,2002,SP,2001-11-30,11,2001,-21.5,-159.3,35,997,usa_1min,0,False,2000
2001338N10130,Kajiki,2001,WP,2001-12-04,12,2001,10.8,123.9,35,997,usa_1min,0,True,2000
2001345N05155,Unnamed,2001,WP,2001-12-10,12,2001,5.7,159.7,35,997,usa_1min,0,False,2000
2001347N04162,Faxai,2001,WP,2001-12-13,12,2001,14.8,150.2,155,879,usa_1min,5,False,2000
2001361N01106,Vamei,2001,NI,2001-12-26,12,2001,1.5,105.2,65,976,usa_1min,1,True,2000
2001363S10185,Waka,2002,SP,2001-12-28,12,2001,-16.2,-175.4,100,944,usa_1min,3,False,2000
2001364S19036,Cyprien,2002,SI,2001-12-30,12,2001,-20.7,41.8,50,987,usa_1min,0,True,2000
2001365S12138,Bernie,2002,SP,2001-12-30,12,2001,-15.1,139.1,45,991,usa_1min,0,True,2000
2002008N07141,Tapah,2002,WP,2002-01-08,1,2002,13.8,125.6,50,987,usa_1min,0,True,2000
2002017S07078,Dina,2002,SI,2002-01-16,1,2002,-18,64.2,130,910,usa_1min,4,False,2000
2002023S10089,Eddy,2002,SI,2002-01-22,1,2002,-20.1,89.6,75,967,usa_1min,1,False,2000
2002030S13093,Francesca,2002,SI,2002-01-30,1,2002,-15.9,78.4,115,927,usa_1min,4,False,2000
2002033S13121,Chris,2002,SI,2002-02-02,2,2002,-19.2,120.3,125,916,usa_1min,4,True,2000
2002042S20156,Claudia,2002,SP,2002-02-10,2,2002,-24.1,160,75,967,usa_1min,1,False,2000
2002045S18049,Guillaume,2002,SI,2002-02-14,2,2002,-18.2,59.5,120,922,usa_1min,4,True,2000
2002054S17176,Unnamed,2002,SP,2002-02-23,2,2002,-20.4,175.6,35,997,usa_1min,0,False,2000
2002057N06156,Mitag,2002,WP,2002-02-26,2,2002,13.7,130.1,140,898,usa_1min,5,False,2000
2002063S11066,Hary,2002,SI,2002-03-03,3,2002,-14.7,50.8,140,898,usa_1min,5,True,2000
2002062S15154,Des,2002,SP,2002-03-03,3,2002,-20.1,162.3,50,987,usa_1min,0,False,2000
2002073S16161,Unnamed,2002,SP,2002-03-13,3,2002,-19.9,165.4,35,997,usa_1min,0,False,2000
2002081S08084,Ikala,2002,SI,2002-03-21,3,2002,-17.1,76.1,110,933,usa_1min,3,False,2000
2002096S10103,Dianne:Jery,2002,SI,2002-04-05,4,2002,-17.7,88.1,105,938,usa_1min,3,False,2000
2002098S07133,Bonnie,2002,SI,2002-04-07,4,2002,-11,113.2,50,987,usa_1min,0,True,2000
2002122S07063,Kesiny,2002,SI,2002-05-02,5,2002,-10.5,61.1,65,976,usa_1min,1,True,2000
2002126N09068,Unnamed,2002,NI,2002-05-05,5,2002,14.6,58.1,45,991,usa_1min,0,True,2000
2002128S05097,Errol,2002,SI,2002-05-08,5,2002,-5.9,96.5,45,991,usa_1min,0,False,2000
2002129N08096,Unnamed,2002,NI,2002-05-09,5,2002,12.9,95.8,45,991,usa_1min,0,True,2000
2002133N03150,Hagibis,2002,WP,2002-05-13,5,2002,19.3,142.1,140,898,usa_1min,5,False,2000
2002143S07157,Upia,2002,SP,2002-05-23,5,2002,-7.9,153.7,35,997,usa_1min,0,True,2000
2002145N11259,Alma,2002,EP,2002-05-24,5,2002,15.3,-115.4,100,960,usa_1min,3,False,2000
2002155N20112,Noguri,2002,WP,2002-06-03,6,2002,22.7,124.7,85,958,usa_1min,2,True,2000
2002160N16258,Boris,2002,EP,2002-06-08,6,2002,16.8,-104.1,50,997,usa_1min,0,False,2000
2002178N10139,Rammasun,2002,WP,2002-06-26,6,2002,23.2,126.3,110,933,usa_1min,3,True,2000
2002178N04155,Chataan,2002,WP,2002-06-27,6,2002,20.8,134.1,130,910,usa_1min,4,True,2000
2002187N11160,Halong,2002,WP,2002-07-05,7,2002,20.2,132.2,135,904,usa_1min,4,True,2000
2002189N21116,Nakri,2002,WP,2002-07-07,7,2002,25.3,124.1,40,990,usa_1min,0,True,2000
2002191N12260,Cristina,2002,EP,2002-07-09,7,2002,16.6,-117.8,55,994,usa_1min,0,False,2000
2002195N11172,Fengshen,2002,WP,2002-07-13,7,2002,20.5,154.3,145,892,usa_1min,5,True,2000
2002196N34283,Arthur,2002,NA,2002-07-14,7,2002,37.9,-65.1,50,992,usa_1min,0,True,2000
2002199N08130,Unnamed,2002,WP,2002-07-17,7,2002,13.7,122,35,997,usa_1min,0,True,2000
2002200N21150,Fung-Wong,2002,WP,2002-07-18,7,2002,22.9,131.1,65,976,usa_1min,1,False,2000
2002202N13254,Douglas,2002,EP,2002-07-20,7,2002,17.2,-112.7,90,970,usa_1min,2,False,2000
2002204N12263,Elida,2002,EP,2002-07-23,7,2002,14.3,-109.5,140,921,usa_1min,5,False,2000
2002214N19120,Kammuri,2002,WP,2002-08-01,8,2002,22.2,115.5,50,987,usa_1min,0,True,2000
2002217N29272,Bertha,2002,NA,2002-08-04,8,2002,29.3,-89.2,35,1007,usa_1min,0,True,2000
2002218N32283,Cristobal,2002,NA,2002-08-05,8,2002,29.7,-75.3,45,999,usa_1min,0,False,2000
2002222N09163,Phanfone,2002,WP,2002-08-10,8,2002,23.9,143.3,135,904,usa_1min,4,False,2000
2002222N11131,Unnamed,2002,WP,2002-08-10,8,2002,13,126.8,35,997,usa_1min,0,True,2000
2002227N14115,Vongfong,2002,WP,2002-08-14,8,2002,19.9,111.1,55,984,usa_1min,0,True,2000
2002234N13253,Fausto,2002,EP,2002-08-21,8,2002,15.7,-121.8,125,936,usa_1min,4,False,2000
2002234N11221,Alika,2002,EP,2002-08-21,8,2002,12.7,-152.6,55,995,usa_1min,0,False,2000
2002234N14164,Rusa,2002,WP,2002-08-22,8,2002,22.5,145.6,115,927,usa_1min,4,True,2000
2002237N10202,Ele,2002,WP,2002-08-25,8,2002,15,177.6,115,927,usa_1min,4,False,2000
2002238N15250,Genevieve,2002,EP,2002-08-26,8,2002,14.1,-114.9,60,989,usa_1min,0,False,2000
2002240N16155,Sinlaku,2002,WP,2002-08-27,8,2002,23.7,149.7,110,933,usa_1min,3,True,2000
2002242N10329,Dolly,2002,NA,2002-08-29,8,2002,10.3,-36.3,50,997,usa_1min,0,False,2000
2002242N14257,Hernan,2002,EP,2002-08-30,8,2002,17.2,-111.1,140,921,usa_1min,5,False,2000
2002245N29281,Edouard,2002,NA,2002-09-01,9,2002,30.4,-78.4,55,1002,usa_1min,0,True,2000
2002247S03067,Abaimba,2003,SI,2002-09-04,9,2002,-4,58.1,35,997,usa_1min,0,False,2000
2002249N28266,Fay,2002,NA,2002-09-05,9,2002,27.7,-94.5,50,998,usa_1min,0,True,2000
2002252N20121,Hagupit,2002,WP,2002-09-08,9,2002,21,113.7,45,991,usa_1min,0,True,2000
2002252N29289,Gustav,2002,NA,2002-09-08,9,2002,40.3,-66.8,85,960,usa_1min,2,True,2000
2002255N26273,Hanna,2002,NA,2002-09-12,9,2002,28,-89.2,50,1001,usa_1min,0,True,2000
2002258N10300,Isidore,2002,NA,2002-09-14,9,2002,21.9,-86.1,110,934,usa_1min,3,True,2000
2002258N15256,Iselle,2002,EP,2002-09-15,9,2002,21.6,-114,60,990,usa_1min,0,False,2000
2002261N33308,Josephine,2002,NA,2002-09-17,9,2002,41.5,-43.3,50,1004,usa_1min,0,False,2000
2002263N22139,Changmi,2002,WP,2002-09-20,9,2002,30.9,138.8,45,968,wmo,0,False,2000
2002264N28308,Kyle,2002,NA,2002-09-20,9,2002,27.9,-58.3,75,980,usa_1min,1,True,2000
2002265N10315,Lili,2002,NA,2002-09-21,9,2002,25.9,-89.9,125,938,usa_1min,4,True,2000
2002264N13114,Mekkhala,2002,WP,2002-09-21,9,2002,18.3,109.1,55,984,usa_1min,0,True,2000
2002268N15163,Higos,2002,WP,2002-09-25,9,2002,20.9,136.7,135,904,usa_1min,4,True,2000
2002268N15258,Julio,2002,EP,2002-09-25,9,2002,17,-101.9,40,1000,usa_1min,0,True,2000
2002282N10156,Bavi,2002,WP,2002-10-08,10,2002,25.8,146.8,70,972,usa_1min,1,False,2000
2002295N11261,Kenna,2002,EP,2002-10-22,10,2002,18.3,-108.3,145,913,usa_1min,5,True,2000
2002296N11230,Lowell,2002,EP,2002-10-22,10,2002,13.3,-144.9,45,1002,usa_1min,0,False,2000
2002297N09206,Huko,2002,EP,2002-10-23,10,2002,14.1,188.6,75,967,usa_1min,1,False,2000
2002298N17169,Maysak,2002,WP,2002-10-25,10,2002,30.4,166.3,75,967,usa_1min,1,False,2000
2002307S07070,Atang,2003,SI,2002-11-03,11,2002,-9.2,58.9,45,991,usa_1min,0,True,2000
2002314N12083,Unnamed,2002,NI,2002-11-09,11,2002,20.9,87.5,55,984,usa_1min,0,True,2000
2002319S06078,Boura,2003,SI,2002-11-14,11,2002,-13.1,68.2,75,967,usa_1min,1,False,2000
2002323N09155,Haishen,2002,WP,2002-11-19,11,2002,21.1,136.4,95,949,usa_1min,2,False,2000
2002327N10089,Unnamed,2002,NI,2002-11-22,11,2002,12.4,87.9,45,991,usa_1min,0,False,2000
2002335S13182,Yolande,2003,SP,2002-12-01,12,2002,-19.2,-176.4,35,997,usa_1min,0,False,2000
2002335N05166,Pongsona,2002,WP,2002-12-01,12,2002,13.5,145.2,130,910,usa_1min,4,False,2000
2002355N04077,Unnamed,2002,NI,2002-12-21,12,2002,5.1,81.5,35,997,usa_1min,0,False,2000
2002356S07070,Crystal,2003,SI,2002-12-21,12,2002,-19.1,59.5,90,954,usa_1min,2,False,2000
2002358S08185,Zoe,2003,SP,2002-12-23,12,2002,-11.7,170.6,155,879,usa_1min,5,False,2000
2002364S16045,Delfina,2003,SI,2002-12-30,12,2002,-16,40.4,55,984,usa_1min,0,True,2000
2003004S10136,Unnamed,2003,SI,2003-01-04,1,2003,-11.9,135.8,50,988,wmo,0,True,2000
2003007S10072,Ebula,2003,SI,2003-01-06,1,2003,-17.7,70.8,65,976,usa_1min,1,False,2000
2003011S09182,Ami,2003,SP,2003-01-10,1,2003,-19.2,180.8,110,944,usa_1min,3,False,2000
2003011N02180,Yanyan,2003,WP,2003-01-11,1,2003,14.5,147,50,987,usa_1min,0,False,2000
2003021S10163,Beni,2003,SP,2003-01-20,1,2003,-16.5,162.7,125,916,usa_1min,4,True,2000
2003021S11081,Fari,2003,SI,2003-01-21,1,2003,-20,49.4,55,984,usa_1min,0,True,2000
2003025S16173,Cilla,2003,SP,2003-01-25,1,2003,-19.1,183.5,35,997,usa_1min,0,True,2000
2003034S12117,Fiona,2003,SI,2003-02-03,2,2003,-16,98.9,110,933,usa_1min,3,False,2000
2003035S10099,Isha,2003,SI,2003-02-03,2,2003,-18.2,84.4,45,991,usa_1min,0,False,2000
2003036S10197,Dovi,2003,SP,2003-02-04,2,2003,-18.4,-166.7,130,910,usa_1min,4,False,2000
2003037S12061,Gerry,2003,SI,2003-02-05,2,2003,-19.4,58.5,105,938,usa_1min,3,False,2000
2003039S15066,Hape,2003,SI,2003-02-07,2,2003,-15.6,70.5,90,954,usa_1min,2,False,2000
2003056S17119,Graham,2003,SI,2003-02-24,2,2003,-19,120.9,40,994,usa_1min,0,True,2000
2003056S21042,Japhet,2003,SI,2003-02-24,2,2003,-23.9,37.6,115,927,usa_1min,4,True,2000
2003060S13103,Harriet,2003,SI,2003-03-01,3,2003,-14.9,113.5,35,997,usa_1min,0,False,2000
2003061S21148,Erica,2003,SP,2003-03-01,3,2003,-19.5,161.3,130,910,usa_1min,4,True,2000
2003062S10080,Kalunde,2003,SI,2003-03-03,3,2003,-14,70.4,140,898,usa_1min,5,False,2000
2003067S13130,Craig,2003,SI,2003-03-07,3,2003,-10.9,130.7,35,997,usa_1min,0,True,2000
2003068S14172,Eseta,2003,SP,2003-03-08,3,2003,-22.8,187.5,110,952,usa_1min,3,False,2000
2003088S07131,Inigo,2003,SI,2003-03-29,3,2003,-12.6,115.8,140,898,usa_1min,5,True,2000
2003098N03159,Kujira,2003,WP,2003-04-08,4,2003,13.1,137,135,904,usa_1min,4,True,2000
2003098S23041,Luma,2003,SI,2003-04-08,4,2003,-32.5,56,70,980,wmo,0,False,2000
2003103S14180,Fili,2003,SP,2003-04-13,4,2003,-24.6,-170.6,45,997,usa_1min,0,False,2000
2003108N29294,Ana,2003,NA,2003-04-18,4,2003,31.4,-66.4,50,994,usa_1min,0,False,2000
2003122S11065,Manou,2003,SI,2003-05-01,5,2003,-19.2,49.4,75,967,usa_1min,1,False,2000
2003129N05091,Unnamed,2003,NI,2003-05-08,5,2003,10.6,86.7,60,980,usa_1min,0,True,2000
2003138N04148,Chan-Hom,2003,WP,2003-05-18,5,2003,17.4,151.5,115,927,usa_1min,4,False,2000
2003140N10258,Andres,2003,EP,2003-05-19,5,2003,9.7,-106.1,50,997,usa_1min,0,False,2000
2003144N16119,Linfa,2003,WP,2003-05-24,5,2003,16.1,119.4,55,984,usa_1min,0,True,2000
2003150N17119,Nangka,2003,WP,2003-05-30,5,2003,19.3,118.8,45,991,usa_1min,0,False,2000
2003155S10172,Gina,2003,SP,2003-06-04,6,2003,-16.8,162.1,90,954,usa_1min,2,False,2000
2003156S07155,Epi,2003,SP,2003-06-05,6,2003,-7.7,153.6,40,993,wmo,0,True,2000
2003158N08156,Soudelor,2003,WP,2003-06-07,6,2003,26.3,124.5,115,927,usa_1min,4,False,2000
2003168N16257,Blanca,2003,EP,2003-06-17,6,2003,16.7,-104.3,50,997,usa_1min,0,False,2000
2003177N14263,Carlos,2003,EP,2003-06-26,6,2003,15.7,-97.6,55,996,usa_1min,0,True,2000
2003179N20271,Bill,2003,NA,2003-06-28,6,2003,28.2,-91.5,50,997,usa_1min,0,True,2000
2003187N14244,Dolores,2003,EP,2003-07-06,7,2003,14.6,-117,35,1005,usa_1min,0,False,2000
2003188N11307,Claudette,2003,NA,2003-07-07,7,2003,28.3,-96.2,80,979,usa_1min,1,True,2000
2003192N14254,Enrique,2003,EP,2003-07-10,7,2003,15.3,-112.1,55,993,usa_1min,0,False,2000
2003196N11137,Koni,2003,WP,2003-07-14,7,2003,16.9,114.3,65,976,usa_1min,1,True,2000
2003196N05150,Imbudo,2003,WP,2003-07-15,7,2003,12.6,130.7,130,910,usa_1min,4,True,2000
2003198N31306,Danny,2003,NA,2003-07-16,7,2003,39.2,-53.4,65,1000,usa_1min,1,False,2000
2003199N14255,Felicia,2003,EP,2003-07-17,7,2003,14.9,-110.1,45,1000,usa_1min,0,False,2000
2003212N12130,Morakot,2003,WP,2003-07-30,7,2003,21.4,121.4,65,976,usa_1min,1,True,2000
2003212N09150,Etau,2003,WP,2003-07-31,7,2003,26.5,128.2,110,933,usa_1min,3,True,2000
2003219N16244,Guillermo,2003,EP,2003-08-07,8,2003,16.1,-119.2,50,997,usa_1min,0,False,2000
2003221N14249,Hilda,2003,EP,2003-08-09,8,2003,14.5,-114.8,35,1004,usa_1min,0,False,2000
2003226N07156,Krovanh,2003,WP,2003-08-13,8,2003,17.8,124.5,90,954,usa_1min,2,True,2000
2003227N26277,Erika,2003,NA,2003-08-14,8,2003,25.3,-97.4,65,986,usa_1min,1,True,2000
2003230N18125,Vamco,2003,WP,2003-08-18,8,2003,25.5,122.3,35,997,usa_1min,0,True,2000
2003235N20253,Ignacio,2003,EP,2003-08-22,8,2003,23.1,-108.9,90,970,usa_1min,2,True,2000
2003240N15329,Fabian,2003,NA,2003-08-27,8,2003,19,-57.3,125,939,usa_1min,4,False,2000
2003240N20139,Dujuan,2003,WP,2003-08-27,8,2003,21.2,121.9,125,916,usa_1min,4,True,2000
2003240N14230,Jimena,2003,EP,2003-08-28,8,2003,17.3,217.1,90,970,usa_1min,2,False,2000
2003243N24268,Grace,2003,NA,2003-08-30,8,2003,24.9,-93.3,35,1007,usa_1min,0,True,2000
2003247N19249,Kevin,2003,EP,2003-09-03,9,2003,21.2,-114.6,35,1000,usa_1min,0,False,2000
2003247N27272,Henri,2003,NA,2003-09-03,9,2003,28.3,-84.2,50,997,usa_1min,0,True,2000
2003247N10153,Maemi,2003,WP,2003-09-04,9,2003,23.7,127.2,150,885,usa_1min,5,True,2000
2003249N14329,Isabel,2003,NA,2003-09-06,9,2003,21.5,-54.8,145,915,usa_1min,5,True,2000
2003257N15252,Linda,2003,EP,2003-09-13,9,2003,19,-112.5,65,987,usa_1min,1,False,2000
2003259N13133,Choi-Wan,2003,WP,2003-09-16,9,2003,31,137.1,100,944,usa_1min,3,False,2000
2003262N17254,Marty,2003,EP,2003-09-18,9,2003,22,-109.6,85,970,usa_1min,2,True,2000
2003267N15140,Koppu,2003,WP,2003-09-23,9,2003,28.4,141.8,90,954,usa_1min,2,False,2000
2003268N28298,Juan,2003,NA,2003-09-24,9,2003,35.5,-63.2,90,969,usa_1min,2,False,2000
2003269N12322,Kate,2003,NA,2003-09-25,9,2003,30.2,-54,110,952,usa_1min,3,False,2000
2003271N18275,Larry,2003,NA,2003-09-27,9,2003,20.5,-94,55,993,usa_1min,0,True,2000
2003272S05066,Abaimba,2004,SI,2003-09-28,9,2003,-4.4,66.1,45,991,usa_1min,0,False,2000
2003275N16252,Nora,2003,EP,2003-10-01,10,2003,16.9,-111.5,90,969,usa_1min,2,True,2000
2003276N12262,Olaf,2003,EP,2003-10-03,10,2003,16.5,-104.2,65,987,usa_1min,1,True,2000
2003284N19291,Mindy,2003,NA,2003-10-10,10,2003,19.1,-68.8,40,1002,usa_1min,0,False,2000
2003286N09323,Nicholas,2003,NA,2003-10-13,10,2003,15.5,-48,60,990,usa_1min,0,False,2000
2003290N15132,Ketsana,2003,WP,2003-10-17,10,2003,16.9,131.2,125,916,usa_1min,4,False,2000
2003291N17147,Parma,2003,WP,2003-10-18,10,2003,30.8,158.7,130,910,usa_1min,4,False,2000
2003294N10260,Patricia,2003,EP,2003-10-20,10,2003,11.7,-105,70,984,usa_1min,1,False,2000
2003295N09101,Unnamed,2003,NI,2003-10-21,10,2003,14.1,90.1,35,997,usa_1min,0,True,2000
2003302N11133,Melor,2003,WP,2003-10-28,10,2003,16.9,122.5,75,967,usa_1min,1,True,2000
2003313S05079,Beni,2004,SI,2003-11-08,11,2003,-11.1,75.7,100,944,usa_1min,3,False,2000
2003315N09067,Unnamed,2003,NI,2003-11-10,11,2003,5.6,55.6,80,963,usa_1min,1,False,2000
2003316N11141,Nepartak,2003,WP,2003-11-11,11,2003,14.3,113.9,75,967,usa_1min,1,True,2000
2003319N13172,Lupit,2003,WP,2003-11-14,11,2003,14.9,133.8,145,892,usa_1min,5,False,2000
2003338S09065,Cela,2004,SI,2003-12-04,12,2003,-20.7,41.6,65,976,usa_1min,1,True,2000
2003339N13284,Odette,2003,NA,2003-12-04,12,2003,15.9,-72.5,55,993,usa_1min,0,True,2000
2003340S07093,Jana,2004,SI,2003-12-06,12,2003,-11.1,99.3,80,963,usa_1min,1,False,2000
2003342N28326,Peter,2003,NA,2003-12-07,12,2003,21,-37,60,990,usa_1min,0,False,2000
2003345N05092,Unnamed,2003,NI,2003-12-11,12,2003,14.5,81.5,55,984,usa_1min,0,True,2000
2003350S10140,Debbie,2004,SI,2003-12-16,12,2003,-11.3,133.8,65,976,usa_1min,1,True,2000
2003357N11142,Unnamed,2003,WP,2003-12-23,12,2003,13.7,130.3,35,997,usa_1min,0,False,2000
2003358S06067,Darius,2004,SI,2003-12-23,12,2003,-14.6,59.7,55,984,usa_1min,0,False,2000
2003359S15177,Heta,2004,SP,2003-12-25,12,2003,-14,186,140,898,usa_1min,5,False,2000
2004001S16124,Ken,2004,SI,2004-01-01,1,2004,-16.5,120.2,35,997,usa_1min,0,True,2000
2004025S16044,Elita,2004,SI,2004-01-24,1,2004,-19.7,43.4,65,976,usa_1min,1,True,2000
2004026S12063,Frank,2004,SI,2004-01-26,1,2004,-17.2,68.1,125,916,usa_1min,4,False,2000
2004028S06090,Linda,2004,SI,2004-01-28,1,2004,-14.7,96.1,45,991,usa_1min,0,False,2000
2004041S14147,Fritz,2004,SP,2004-02-10,2,2004,-16.7,139.9,35,997,usa_1min,0,True,2000
2004042N08148,Unnamed,2004,WP,2004-02-10,2,2004,14,135.4,40,994,usa_1min,0,False,2000
2004052S15172,Ivy,2004,SP,2004-02-21,2,2004,-16.3,167.8,105,938,usa_1min,3,True,2000
2004056S18125,Monty,2004,SI,2004-02-25,2,2004,-19.8,115.4,110,933,usa_1min,3,True,2000
2004061S12072,Gafilo,2004,SI,2004-03-01,3,2004,-14.7,53.4,140,898,usa_1min,5,True,2000
2004068S13089,Helma:Nicky,2004,SI,2004-03-07,3,2004,-16.4,89.7,65,976,usa_1min,1,False,2000
2004072S11146,Fay,2004,SI,2004-03-12,3,2004,-13.9,122.2,120,922,usa_1min,4,True,2000
2004074N03143,Unnamed,2004,WP,2004-03-14,3,2004,10.5,128.8,35,997,usa_1min,0,False,2000
2004081S15148,Grace,2004,SP,2004-03-20,3,2004,-19.9,154.5,35,997,usa_1min,0,False,2000
2004081S12103,Itsang:Itseng:Oscar,2004,SI,2004-03-21,3,2004,-16.9,92.4,115,927,usa_1min,4,False,2000
2004086S29318,Unnamed,2004,SA,2004-03-25,3,2004,-29.3,-45.6,75,981,usa_1min,1,True,2000
2004093N07154,Sudal,2004,WP,2004-04-02,4,2004,10.8,135.2,130,910,usa_1min,4,False,2000
2004098S15173,Unnamed,2004,SP,2004-04-07,4,2004,-17,177.3,35,997,usa_1min,0,True,2000
2004125N11074,Unnamed,2004,NI,2004-05-04,5,2004,11.9,72.9,45,991,usa_1min,0,False,2000
2004125S08084,Juba,2004,SI,2004-05-04,5,2004,-12.8,67.7,65,976,usa_1min,1,False,2000
2004134N07132,Nida,2004,WP,2004-05-13,5,2004,12.6,125.6,140,898,usa_1min,5,True,2000
2004135N09114,Unnamed,2004,WP,2004-05-14,5,2004,9.7,108.8,35,997,usa_1min,0,False,2000
2004136N15090,Unnamed,2004,NI,2004-05-14,5,2004,19.9,91.8,65,976,usa_1min,1,True,2000
2004136N05148,Omais,2004,WP,2004-05-15,5,2004,10.3,134.9,60,980,usa_1min,0,False,2000
2004143N15252,Agatha,2004,EP,2004-05-22,5,2004,17.1,-109.9,50,997,usa_1min,0,False,2000
2004156N16117,Conson,2004,WP,2004-06-04,6,2004,23.6,123.7,100,944,usa_1min,3,True,2000
2004158N07142,Chanthu,2004,WP,2004-06-05,6,2004,14,110.1,75,967,usa_1min,1,True,2000
2004164N06139,Dianmu,2004,WP,2004-06-11,6,2004,15.1,136,155,879,usa_1min,5,False,2000
2004174N14146,Mindulle,2004,WP,2004-06-21,6,2004,18.8,124.1,125,916,usa_1min,4,True,2000
2004177N12154,Tingting,2004,WP,2004-06-24,6,2004,17.5,145,80,963,usa_1min,1,False,2000
2004193N19136,Kompasu,2004,WP,2004-07-11,7,2004,20.1,120.1,45,991,usa_1min,0,True,2000
2004195N15255,Blas,2004,EP,2004-07-12,7,2004,18.4,-110.8,55,991,usa_1min,0,False,2000
2004201N14247,Celia,2004,EP,2004-07-19,7,2004,16.3,-121.5,75,981,usa_1min,1,False,2000
2004206N20151,Namtheun,2004,WP,2004-07-24,7,2004,27,146.6,115,927,usa_1min,4,True,2000
2004209N12247,Darby,2004,EP,2004-07-26,7,2004,16.8,-126.2,105,957,usa_1min,3,False,2000
2004214N30282,Alex,2004,NA,2004-07-31,7,2004,38.5,-66,105,957,usa_1min,3,False,2000
2004215N22148,Malou,2004,WP,2004-08-02,8,2004,29.9,137.7,35,997,usa_1min,0,True,2000
2004216N16166,Meranti,2004,WP,2004-08-02,8,2004,28,167.4,90,954,usa_1min,2,False,2000
2004217N13306,Bonnie,2004,NA,2004-08-03,8,2004,26.4,-89.6,55,1001,usa_1min,0,True,2000
2004219N15137,Rananim,2004,WP,2004-08-06,8,2004,24.5,125.1,90,954,usa_1min,2,True,2000
2004222N24150,Malakas,2004,WP,2004-08-09,8,2004,26.7,158.4,35,997,usa_1min,0,False,2000
2004223N11301,Charley,2004,NA,2004-08-09,8,2004,26.6,-82.2,130,941,usa_1min,4,True,2000
2004227N09314,Earl,2004,NA,2004-08-13,8,2004,11.5,-58.3,45,1009,usa_1min,0,False,2000
2004227N12338,Danielle,2004,NA,2004-08-13,8,2004,19,-38.2,95,964,usa_1min,2,False,2000
2004227N15144,Megi,2004,WP,2004-08-13,8,2004,28.5,125.2,65,976,usa_1min,1,True,2000
2004230N09172,Chaba,2004,WP,2004-08-17,8,2004,15.2,143.6,155,879,usa_1min,5,True,2000
2004231N09147,Aere,2004,WP,2004-08-17,8,2004,25.5,122.1,90,954,usa_1min,2,True,2000
2004232N12228,Estelle,2004,EP,2004-08-19,8,2004,15,-140.8,60,989,usa_1min,0,False,2000
2004236N17250,Frank,2004,EP,2004-08-23,8,2004,19.5,-113.7,75,979,usa_1min,1,False,2000
2004238N11325,Frances,2004,NA,2004-08-25,8,2004,20.3,-65,125,935,usa_1min,4,True,2000
2004239N11171,Songda,2004,WP,2004-08-26,8,2004,17.3,147.7,125,916,usa_1min,4,True,2000
2004240N15254,Georgette,2004,EP,2004-08-26,8,2004,17.9,-111.3,55,995,usa_1min,0,False,2000
2004241N29295,Hermine,2004,NA,2004-08-27,8,2004,33.8,-71.5,50,1002,usa_1min,0,False,2000
2004241N32282,Gaston,2004,NA,2004-08-27,8,2004,32.8,-79.5,65,985,usa_1min,1,True,2000
2004243S03088,Phoebe,2005,SI,2004-08-30,8,2004,-9.1,92.3,55,984,usa_1min,0,False,2000
2004244N12257,Howard,2004,EP,2004-08-30,8,2004,17.8,-113.3,120,943,usa_1min,4,False,2000
2004247N10332,Ivan,2004,NA,2004-09-02,9,2004,18,-79,145,910,usa_1min,5,True,2000
2004248N14156,Sarika,2004,WP,2004-09-03,9,2004,19,144.2,60,980,usa_1min,0,False,2000
2004252N15250,Isis,2004,EP,2004-09-08,9,2004,17.8,-131.8,65,987,usa_1min,1,False,2000
2004255N11267,Javier,2004,EP,2004-09-10,9,2004,15.9,-106.8,130,930,usa_1min,4,True,2000
2004255N23120,Haima,2004,WP,2004-09-10,9,2004,24.4,122.1,35,997,usa_1min,0,True,2000
2004258N16300,Jeanne,2004,NA,2004-09-13,9,2004,26.9,-78.2,105,950,usa_1min,3,True,2000
2004260N11331,Karl,2004,NA,2004-09-16,9,2004,19.6,-47.3,125,938,usa_1min,4,True,2000
2004263N13153,Meari,2004,WP,2004-09-18,9,2004,20.1,133.3,125,916,usa_1min,4,True,2000
2004264N13328,Lisa,2004,NA,2004-09-19,9,2004,40.3,-41.6,65,987,usa_1min,1,False,2000
2004274N16069,Unnamed,2004,NI,2004-09-30,9,2004,20.3,66.6,35,997,usa_1min,0,True,2000
2004275N14139,Ma-On,2004,WP,2004-10-01,10,2004,23.9,131.4,140,898,usa_1min,5,True,2000
2004279N14249,Kay,2004,EP,2004-10-04,10,2004,14.4,-115.1,40,1004,usa_1min,0,False,2000
2004283N24265,Matthew,2004,NA,2004-10-08,10,2004,24.6,-93.7,40,997,usa_1min,0,True,2000
2004284N07157,Tokage,2004,WP,2004-10-10,10,2004,19.3,131.9,125,916,usa_1min,4,True,2000
2004284N30295,Nicole,2004,NA,2004-10-10,10,2004,36,-61.8,45,986,usa_1min,0,False,2000
2004286N14263,Lester,2004,EP,2004-10-11,10,2004,16.4,-99.6,45,1000,usa_1min,0,False,2000
2004288N09164,Nock-Ten,2004,WP,2004-10-13,10,2004,17.4,132.3,110,933,usa_1min,3,False,2000
2004299S09063,Unnamed,2005,SI,2004-10-24,10,2004,-9.1,52.2,35,997,usa_1min,0,False,2000
2004307N09068,Unnamed,2004,NI,2004-11-01,11,2004,14.1,65.8,40,994,usa_1min,0,False,2000
2004312S05085,Arola,2005,SI,2004-11-06,11,2004,-10.9,77.3,65,976,usa_1min,1,False,2000
2004319N10134,Muifa,2004,WP,2004-11-13,11,2004,15.8,123.9,115,927,usa_1min,4,True,2000
2004325S06078,Bentojana,2005,SI,2004-11-19,11,2004,-8.5,74.7,140,898,usa_1min,5,False,2000
2004327N16125,Merbok,2004,WP,2004-11-21,11,2004,15.7,122.5,35,1000,wmo,0,True,2000
2004331N28320,Otto,2004,NA,2004-11-26,11,2004,30.2,-48.8,45,995,usa_1min,0,False,2000
2004332N02072,Unnamed,2004,NI,2004-11-27,11,2004,2.7,65,65,976,usa_1min,1,True,2000
2004333N06154,Nanmadol,2004,WP,2004-11-28,11,2004,13.7,126.8,130,910,usa_1min,4,True,2000
2004338S09113,Unnamed,2005,SI,2004-12-03,12,2004,-11.3,109.5,35,997,usa_1min,0,False,2000
2004344N06178,Talas,2004,WP,2004-12-09,12,2004,10,155.4,50,987,usa_1min,0,False,2000
2004352N10154,Noru,2004,WP,2004-12-16,12,2004,17.5,146.3,55,984,usa_1min,0,False,2000
2004357S06095,Chambo,2005,SI,2004-12-21,12,2004,-17.4,78.8,105,944,usa_1min,3,False,2000
2004357S16216,Judy,2005,SP,2004-12-21,12,2004,-21.7,-146.3,45,987,wmo,0,False,2000
2004365S13120,Raymond,2005,SP,2004-12-30,12,2004,-14.3,123.8,50,987,usa_1min,0,True,2000
2005003S09177,Kerry,2005,SP,2005-01-03,1,2005,-18.1,159.2,90,954,usa_1min,2,False,2000
2005006S09099,Sally,2005,SI,2005-01-06,1,2005,-14.6,99.4,45,991,usa_1min,0,False,2000
2005012N04090,Unnamed,2005,NI,2005-01-11,1,2005,5.3,87.2,35,997,usa_1min,0,False,2000
2005013N05153,Kulap,2005,WP,2005-01-13,1,2005,16.3,150.7,65,976,usa_1min,1,False,2000
2005013S14124,Unnamed,2005,SI,2005-01-13,1,2005,-14.6,117.2,35,997,usa_1min,0,False,2000
2005015S06089,Daren,2005,SI,2005-01-15,1,2005,-12.3,80.3,45,991,usa_1min,0,False,2000
2005017S09061,Ernest,2005,SI,2005-01-16,1,2005,-20.6,42,100,944,usa_1min,3,True,2000
2005022S14112,Tim,2005,SI,2005-01-22,1,2005,-15.6,109.5,35,997,usa_1min,0,False,2000
2005026S20040,Felapi,2005,SI,2005-01-26,1,2005,-22.7,42.9,35,995,wmo,0,True,2000
2005027S18168,Lola,2005,SP,2005-01-27,1,2005,-23.5,184.4,40,990,wmo,0,False,2000
2005029S11072,Gerard,2005,SI,2005-01-29,1,2005,-24.8,57.5,60,980,usa_1min,0,False,2000
2005032S14195,Meena,2005,SP,2005-02-01,2,2005,-17.4,-162.2,125,916,usa_1min,4,False,2000
2005035S14136,Harvey,2005,SP,2005-02-03,2,2005,-16.1,138,50,987,usa_1min,0,True,2000
2005035S15118,Vivienne,2005,SI,2005-02-04,2,2005,-16.4,116.3,35,997,usa_1min,0,False,2000
2005041S13181,Olaf,2005,SP,2005-02-10,2,2005,-12.8,-171.2,145,892,usa_1min,5,False,2000
2005042S12190,Nancy,2005,SP,2005-02-10,2,2005,-15.2,-160.9,125,916,usa_1min,4,False,2000
2005054S09173,Percy,2005,SP,2005-02-23,2,2005,-15.7,194.8,140,898,usa_1min,5,False,2000
2005060S12179,Rae,2005,SP,2005-02-28,2,2005,-21.8,196.2,35,997,usa_1min,0,False,2000
2005063S12141,Ingrid,2005,SP,2005-03-03,3,2005,-11.5,134.9,135,904,usa_1min,4,True,2000
2005067S12120,Willy,2005,SI,2005-03-08,3,2005,-17.3,112.1,90,954,usa_1min,2,False,2000
2005071N06152,Roke,2005,WP,2005-03-12,3,2005,11.9,131.2,80,963,usa_1min,1,True,2000
2005079S10067,Hennie,2005,SI,2005-03-19,3,2005,-20.4,58.8,65,976,usa_1min,1,False,2000
2005089S10085,Isang,2005,SI,2005-03-29,3,2005,-24.6,66.5,55,984,usa_1min,0,False,2000
2005092S11102,Adeline:Juliet,2005,SI,2005-04-01,4,2005,-17.3,70,125,916,usa_1min,4,False,2000
2005103S08138,Unnamed,2005,SP,2005-04-13,4,2005,-9.6,145.6,40,990,wmo,0,True,2000
2005107N07151,Sonca,2005,WP,2005-04-16,4,2005,14.5,130.8,115,927,usa_1min,4,False,2000
2005110S17180,Sheila,2005,SP,2005-04-20,4,2005,-19.3,193.5,40,990,wmo,0,False,2000
2005138N10265,Adrian,2005,EP,2005-05-17,5,2005,12.5,-90.7,70,982,usa_1min,1,True,2000
2005148N06156,Nesat,2005,WP,2005-05-27,5,2005,14.1,131.8,125,916,usa_1min,4,False,2000
2005160N17276,Arlene,2005,NA,2005-06-08,6,2005,26.5,-85.6,60,989,usa_1min,0,True,2000
2005173N14258,Beatriz,2005,EP,2005-06-21,6,2005,15.7,-107.1,45,1000,usa_1min,0,False,2000
2005177N13263,Calvin,2005,EP,2005-06-26,6,2005,14.7,-99.4,45,1000,usa_1min,0,False,2000
2005180N20265,Bret,2005,NA,2005-06-28,6,2005,19.9,-95.7,35,1002,usa_1min,0,True,2000
2005185N18273,Cindy,2005,NA,2005-07-03,7,2005,28.5,-90.3,65,991,usa_1min,1,True,2000
2005185N15261,Dora,2005,EP,2005-07-04,7,2005,16.1,-99.7,40,1002,usa_1min,0,False,2000
2005186N12299,Dennis,2005,NA,2005-07-04,7,2005,20.9,-79.5,130,930,usa_1min,4,True,2000
2005192N22155,Haitang,2005,WP,2005-07-10,7,2005,20.7,127.7,140,898,usa_1min,5,True,2000
2005192N11318,Emily,2005,NA,2005-07-11,7,2005,17.1,-79.5,140,929,usa_1min,5,True,2000
2005199N21168,Nalgae,2005,WP,2005-07-18,7,2005,27.7,160.4,55,984,usa_1min,0,False,2000
2005199N15256,Eugene,2005,EP,2005-07-18,7,2005,19.5,-108.7,60,989,usa_1min,0,False,2000
2005202N13138,Banyan,2005,WP,2005-07-20,7,2005,23.5,137.3,60,980,usa_1min,0,False,2000
2005203N25285,Franklin,2005,NA,2005-07-21,7,2005,29.2,-75.4,60,997,usa_1min,0,False,2000
2005205N19267,Gert,2005,NA,2005-07-23,7,2005,21.8,-97.6,40,1005,usa_1min,0,True,2000
2005210N19115,Washi,2005,WP,2005-07-28,7,2005,19.2,110.2,45,991,usa_1min,0,True,2000
2005211N09141,Matsa,2005,WP,2005-07-29,7,2005,24.6,124.2,90,954,usa_1min,2,True,2000
2005215N28291,Harvey,2005,NA,2005-08-02,8,2005,32,-62.1,55,994,usa_1min,0,False,2000
2005217N13327,Irene,2005,NA,2005-08-04,8,2005,36.5,-62,90,970,usa_1min,2,False,2000
2005222N14131,Sanvu,2005,WP,2005-08-09,8,2005,22.8,117.2,65,976,usa_1min,1,True,2000
2005222N14246,Fernanda,2005,EP,2005-08-09,8,2005,17.9,-122.6,75,978,usa_1min,1,False,2000
2005223N13251,Greg,2005,EP,2005-08-11,8,2005,13.6,-111.5,45,1000,usa_1min,0,False,2000
2005229N21156,Guchol,2005,WP,2005-08-17,8,2005,33.5,148.2,65,976,usa_1min,1,False,2000
2005230N20144,Mawar,2005,WP,2005-08-18,8,2005,23,139.8,125,916,usa_1min,4,True,2000
2005232N13263,Hilary,2005,EP,2005-08-19,8,2005,17.2,-108.5,90,970,usa_1min,2,False,2000
2005235N19266,Jose,2005,NA,2005-08-22,8,2005,19.7,-96.4,50,998,usa_1min,0,True,2000
2005236N23285,Katrina,2005,NA,2005-08-23,8,2005,26.3,-88.6,150,902,usa_1min,5,True,2000
2005237N14148,Talim,2005,WP,2005-08-24,8,2005,21.8,128.4,130,910,usa_1min,4,True,2000
2005238N17255,Irwin,2005,EP,2005-08-25,8,2005,17.7,-108.7,45,1000,usa_1min,0,False,2000
2005241N14315,Lee,2005,NA,2005-08-28,8,2005,29,-50.4,35,1006,usa_1min,0,False,2000
2005241N15155,Nabi,2005,WP,2005-08-28,8,2005,18.8,138.5,140,898,usa_1min,5,True,2000
2005245N19315,Maria,2005,NA,2005-09-01,9,2005,32.6,-56.6,100,962,usa_1min,3,False,2000
2005248N08142,Khanun,2005,WP,2005-09-05,9,2005,26.1,123.5,115,927,usa_1min,4,True,2000
2005249N28293,Nate,2005,NA,2005-09-05,9,2005,32.6,-61.1,80,979,usa_1min,1,False,2000
2005249N26281,Ophelia,2005,NA,2005-09-06,9,2005,31.7,-75.9,75,976,usa_1min,1,True,2000
2005255N15246,Jova,2005,EP,2005-09-12,9,2005,16,-143.3,110,951,usa_1min,3,False,2000
2005257N15120,Vicente,2005,WP,2005-09-14,9,2005,17.2,108.5,50,987,usa_1min,0,True,2000
2005258N12242,Kenneth,2005,EP,2005-09-14,9,2005,14.2,-129.2,115,947,usa_1min,4,False,2000
2005260N20091,Unnamed,2005,NI,2005-09-17,9,2005,19.5,86.5,35,988,wmo,0,True,2000
2005261N13245,Lidia,2005,EP,2005-09-17,9,2005,12.4,-115.2,35,1005,usa_1min,0,False,2000
2005261N13306,Philippe,2005,NA,2005-09-17,9,2005,17.7,-56.6,70,985,usa_1min,1,False,2000
2005261N14252,Max,2005,EP,2005-09-17,9,2005,19.3,-118.8,70,987,usa_1min,1,False,2000
2005261N21290,Rita,2005,NA,2005-09-18,9,2005,24.7,-87.3,155,895,usa_1min,5,True,2000
2005262N13127,Damrey,2005,WP,2005-09-19,9,2005,19,112.4,90,954,usa_1min,2,True,2000
2005262N20155,Saola,2005,WP,2005-09-19,9,2005,28.4,138.7,100,944,usa_1min,3,False,2000
2005266N15252,Norma,2005,EP,2005-09-23,9,2005,16.3,-110.8,50,997,usa_1min,0,False,2000
2005268N19146,Longwang,2005,WP,2005-09-25,9,2005,22.5,136.2,125,916,usa_1min,4,True,2000
2005271N17255,Otis,2005,EP,2005-09-28,9,2005,21.6,-111.5,90,970,usa_1min,2,False,2000
2005274N17086,Unnamed,2005,NI,2005-10-01,10,2005,20.2,87.1,40,994,usa_1min,0,True,2000
2005275N19274,Stan,2005,NA,2005-10-01,10,2005,18.6,-94.9,70,977,usa_1min,1,True,2000
2005277N34328,Unnamed,2005,NA,2005-10-04,10,2005,37.1,-26.7,45,997,usa_1min,0,False,2000
2005278N27280,Tammy,2005,NA,2005-10-05,10,2005,29.5,-80.9,45,1001,usa_1min,0,True,2000
2005281N26303,Unnamed,2005,NA,2005-10-08,10,2005,38.7,-73.5,40,1005,usa_1min,0,False,2000
2005281N33339,Vince,2005,NA,2005-10-08,10,2005,34.1,-18.9,65,988,usa_1min,1,True,2000
2005282N22138,Kirogi,2005,WP,2005-10-09,10,2005,24.6,133.5,115,927,usa_1min,4,False,2000
2005287S09084,Unnamed,2006,SI,2005-10-13,10,2005,-12,81.4,40,994,usa_1min,0,False,2000
2005289N18282,Wilma,2005,NA,2005-10-15,10,2005,17.3,-82.8,160,882,usa_1min,5,True,2000
2005296N16293,Alpha,2005,NA,2005-10-22,10,2005,17.3,-69.6,45,998,usa_1min,0,True,2000
2005298N12088,Unnamed,2005,NI,2005-10-25,10,2005,12.6,83,35,997,usa_1min,0,True,2000
2005300N10279,Beta,2005,NA,2005-10-26,10,2005,13.3,-83.1,100,962,usa_1min,3,True,2000
2005301N13117,Kai-Tak,2005,WP,2005-10-27,10,2005,14.7,111.5,85,958,usa_1min,2,True,2000
2005308S07098,Unnamed,2006,SI,2005-11-04,11,2005,-10.8,93.6,35,997,usa_1min,0,False,2000
2005311N08140,Tembin,2005,WP,2005-11-06,11,2005,14.5,126.2,45,991,usa_1min,0,True,2000
2005316N05134,Bolaven,2005,WP,2005-11-12,11,2005,13.4,128.7,70,972,usa_1min,1,True,2000
2005318N13298,Gamma,2005,NA,2005-11-14,11,2005,16.1,-85.4,45,1002,usa_1min,0,True,2000
2005322S04095,Alvin:Bertie,2006,SI,2005-11-18,11,2005,-12.5,90.3,115,927,usa_1min,4,False,2000
2005324N27312,Delta,2005,NA,2005-11-19,11,2005,24.8,-39,60,980,usa_1min,0,True,2000
2005330N09096,Baaz,2005,NI,2005-11-26,11,2005,10.8,87.7,45,991,usa_1min,0,True,2000
2005333N32311,Epsilon,2005,NA,2005-11-29,11,2005,34,-36.7,75,981,usa_1min,1,False,2000
2005338N09093,Fanoos,2005,NI,2005-12-04,12,2005,10.4,83.4,60,980,usa_1min,0,True,2000
2005349N06090,Unnamed,2005,NI,2005-12-14,12,2005,10,83,45,991,usa_1min,0,False,2000
2005350N08127,Unnamed,2005,WP,2005-12-15,12,2005,9,111.6,45,991,usa_1min,0,True,2000
2005351S09084,Unnamed,2006,SI,2005-12-17,12,2005,-12.6,85,35,997,usa_1min,0,False,2000
2005364N24324,Zeta,2005,NA,2005-12-30,12,2005,25,-38.6,55,994,usa_1min,0,False,2000
2006007S15182,Tam,2006,SP,2006-01-06,1,2006,-18.5,188.8,40,994,usa_1min,0,False,2000
2006006S11129,Clare,2006,SI,2006-01-06,1,2006,-18.8,117.6,60,980,usa_1min,0,True,2000
2006012N03081,Unnamed,2006,NI,2006-01-12,1,2006,5.7,75.6,45,991,usa_1min,0,False,2000
2006013S13184,Urmil,2006,SP,2006-01-13,1,2006,-20,-172.8,60,980,usa_1min,0,False,2000
2006017S15126,Daryl,2006,SI,2006-01-17,1,2006,-17.5,120.7,50,987,usa_1min,0,True,2000
2006021S11053,Boloetse,2006,SI,2006-01-20,1,2006,-22.5,41.8,100,944,usa_1min,3,True,2000
2006025S18147,Jim,2006,SP,2006-01-25,1,2006,-18.8,165.5,80,963,usa_1min,1,False,2000
2006040S15181,Vaianu,2006,SP,2006-02-09,2,2006,-21.7,-176.8,75,967,usa_1min,1,False,2000
2006049S16051,Unnamed,2006,SI,2006-02-18,2,2006,-18.9,56.8,45,991,usa_1min,0,False,2000
2006053S11144,Kate,2006,SP,2006-02-22,2,2006,-11.2,146.6,45,989,usa_1min,0,False,2000
2006054S09082,Carina,2006,SI,2006-02-22,2,2006,-16.2,79,130,910,usa_1min,4,False,2000
2006055S10138,Unnamed,2006,SI,2006-02-24,2,2006,-9.1,130.3,35,1001,wmo,0,True,2000
2006057S12114,Emma,2006,SI,2006-02-25,2,2006,-19.5,115.4,35,997,usa_1min,0,True,2000
2006060N04141,Unnamed,2006,WP,2006-03-01,3,2006,5.5,138.3,35,997,usa_1min,0,False,2000
2006060S13058,Diwa,2006,SI,2006-03-01,3,2006,-27.7,56.7,55,984,usa_1min,0,False,2000
2006074S13158,Larry,2006,SP,2006-03-14,3,2006,-17.5,146.8,115,937,usa_1min,4,True,2000
2006075S14185,Wati,2006,SP,2006-03-15,3,2006,-18,153.7,80,963,usa_1min,1,True,2000
2006078S12119,Floyd,2006,SI,2006-03-18,3,2006,-15.1,108.2,115,927,usa_1min,4,False,2000
2006081S14129,Glenda,2006,SI,2006-03-22,3,2006,-16.7,120.4,120,922,usa_1min,4,True,2000
2006093S15115,Hubert,2006,SI,2006-04-02,4,2006,-18.3,115.5,55,984,usa_1min,0,True,2000
2006094S08087,Elia,2006,SI,2006-04-03,4,2006,-14.1,88.6,50,985,usa_1min,0,False,2000
2006106S10153,Monica,2006,SP,2006-04-16,4,2006,-11.3,136.7,155,879,usa_1min,5,True,2000
2006114N08090,Mala,2006,NI,2006-04-24,4,2006,15.6,92.7,120,922,usa_1min,4,True,2000
2006128N09138,Chanchu,2006,WP,2006-05-07,5,2006,14.1,115.3,125,916,usa_1min,4,True,2000
2006147N15259,Aletta,2006,EP,2006-05-27,5,2006,15.6,-101.4,40,1002,usa_1min,0,False,2000
2006161N20275,Alberto,2006,NA,2006-06-10,6,2006,26.8,-86.3,60,969,usa_1min,0,True,2000
2006174N08135,Jelawat,2006,WP,2006-06-22,6,2006,18.5,112.8,45,991,usa_1min,0,True,2000
2006180N06140,Ewiniar,2006,WP,2006-06-29,6,2006,17.9,130.8,130,910,usa_1min,4,True,2000
2006182N20088,Unnamed,2006,NI,2006-06-30,6,2006,20.4,87.4,35,997,usa_1min,0,True,2000
2006188N10143,Bilis,2006,WP,2006-07-07,7,2006,17.6,130.6,50,987,usa_1min,0,True,2000
2006192N13250,Bud,2006,EP,2006-07-11,7,2006,17.2,-119.8,110,953,usa_1min,3,False,2000
2006193N13258,Carlotta,2006,EP,2006-07-12,7,2006,17.7,-110.8,75,981,usa_1min,1,False,2000
2006198N12252,Daniel,2006,EP,2006-07-16,7,2006,13.5,-128,130,933,usa_1min,4,False,2000
2006198N37291,Unnamed,2006,NA,2006-07-16,7,2006,41.1,-63.7,45,998,usa_1min,0,True,2000
2006198N08152,Kaemi,2006,WP,2006-07-17,7,2006,16.1,131.7,75,967,usa_1min,1,True,2000
2006200N32287,Beryl,2006,NA,2006-07-18,7,2006,35.9,-73.5,50,1000,usa_1min,0,True,2000
2006203N12257,Emilia,2006,EP,2006-07-21,7,2006,18,-107.7,55,990,usa_1min,0,False,2000
2006209N13130,Prapiroon,2006,WP,2006-07-28,7,2006,20.2,112.7,70,972,usa_1min,1,True,2000
2006213N14239,Fabio,2006,EP,2006-07-31,7,2006,14.7,-126.6,45,1000,usa_1min,0,False,2000
2006213N13256,Gilma,2006,EP,2006-08-01,8,2006,13.8,-105.1,35,1004,usa_1min,0,False,2000
2006213N16302,Chris,2006,NA,2006-08-01,8,2006,18.5,-62.2,55,1001,usa_1min,0,True,2000
2006216N21152,Maria,2006,WP,2006-08-03,8,2006,27.6,141.6,60,980,usa_1min,0,False,2000
2006216N07151,Saomai,2006,WP,2006-08-04,8,2006,25.4,125.3,140,898,usa_1min,5,True,2000
2006217N20134,Bopha,2006,WP,2006-08-05,8,2006,22.9,121.6,55,984,usa_1min,0,True,2000
2006224N21141,Wukong,2006,WP,2006-08-12,8,2006,32,131.1,55,984,usa_1min,0,True,2000
2006225N17126,Sonamu,2006,WP,2006-08-13,8,2006,20.2,133.8,45,991,usa_1min,0,False,2000
2006228N13247,Hector,2006,EP,2006-08-15,8,2006,15.6,-124,95,966,usa_1min,2,False,2000
2006228N10218,Ioke,2006,EP,2006-08-16,8,2006,19.1,185.8,140,900,usa_1min,5,False,2000
2006234N12258,Ileana,2006,EP,2006-08-21,8,2006,17.8,-111,105,955,usa_1min,3,False,2000
2006234N12338,Debby,2006,NA,2006-08-21,8,2006,16.7,-31,45,999,usa_1min,0,False,2000
2006237N13298,Ernesto,2006,NA,2006-08-24,8,2006,16.9,-72.7,65,985,usa_1min,1,True,2000
2006240N12265,John,2006,EP,2006-08-28,8,2006,16,-101.7,115,948,usa_1min,4,True,2000
2006242N16246,Kristy,2006,EP,2006-08-30,8,2006,17.8,-116.4,70,985,usa_1min,1,False,2000
2006247N14321,Florence,2006,NA,2006-09-03,9,2006,29.3,-66.1,80,963,usa_1min,1,False,2000
2006252N13139,Shanshan,2006,WP,2006-09-09,9,2006,23.1,123.8,120,922,usa_1min,4,True,2000
2006254N20306,Gordon,2006,NA,2006-09-10,9,2006,27.3,-57.4,105,955,usa_1min,3,True,2000
2006256N12338,Helene,2006,NA,2006-09-12,9,2006,22,-49.4,105,955,usa_1min,3,False,2000
2006257N16259,Lane,2006,EP,2006-09-13,9,2006,23.1,-107.1,110,952,usa_1min,3,True,2000
2006259N17245,Miriam,2006,EP,2006-09-16,9,2006,18.5,-114.1,40,999,usa_1min,0,False,2000
2006259N19155,Yagi,2006,WP,2006-09-16,9,2006,21.5,146.2,140,898,usa_1min,5,False,2000
2006262N19069,Mukda,2006,NI,2006-09-19,9,2006,20.8,67.1,55,984,usa_1min,0,False,2000
2006268N12129,Xangsane,2006,WP,2006-09-25,9,2006,13.2,123.7,125,916,usa_1min,4,True,2000
2006271N26307,Isaac,2006,NA,2006-09-27,9,2006,32,-59.8,75,985,usa_1min,1,False,2000
2006272N13144,Bebinca,2006,WP,2006-09-28,9,2006,18.2,131.1,35,997,usa_1min,0,False,2000
2006271N18089,Unnamed,2006,NI,2006-09-28,9,2006,18.5,87.2,35,997,usa_1min,0,True,2000
2006282N13160,Soulik,2006,WP,2006-10-08,10,2006,23.8,141,90,954,usa_1min,2,False,2000
2006282N14243,Norman,2006,EP,2006-10-09,10,2006,16.2,-117.9,45,1000,usa_1min,0,False,2000
2006283N13232,Olivia,2006,EP,2006-10-09,10,2006,14.5,-127.3,40,1000,usa_1min,0,False,2000
2006294S10168,Xavier,2007,SP,2006-10-20,10,2006,-13.2,169.1,115,927,usa_1min,4,False,2000
2006294N16254,Paul,2006,EP,2006-10-21,10,2006,16.3,-111.4,90,970,usa_1min,2,False,2000
2006298N12143,Cimaron,2006,WP,2006-10-25,10,2006,16.3,123.6,140,898,usa_1min,5,True,2000
2006300N07078,Unnamed,2006,NI,2006-10-27,10,2006,15.5,80.5,55,984,usa_1min,0,True,2000
2006311N16143,Chebi,2006,WP,2006-11-07,11,2006,16.2,124.3,125,916,usa_1min,4,True,2000
2006312N13256,Rosa,2006,EP,2006-11-08,11,2006,14.8,-105.2,35,1002,usa_1min,0,False,2000
2006318N12256,Sergio,2006,EP,2006-11-13,11,2006,12,-103.7,95,965,usa_1min,2,False,2000
2006322S09172,Yani,2007,SP,2006-11-18,11,2006,-13.9,163.2,70,972,usa_1min,1,False,2000
2006329N06150,Durian,2006,WP,2006-11-24,11,2006,13.3,126.4,135,904,usa_1min,4,True,2000
2006330S06049,Anita,2007,SI,2006-11-26,11,2006,-12.1,42,45,989,usa_1min,0,False,2000
2006335S10164,Unnamed,2007,SP,2006-12-01,12,2006,-11.7,164.9,35,997,usa_1min,0,False,2000
2006340N08142,Utor,2006,WP,2006-12-06,12,2006,12.2,121.7,100,944,usa_1min,3,True,2000
2006350S07071,Bondo,2007,SI,2006-12-15,12,2006,-10.7,57.4,135,904,usa_1min,4,True,2000
2006364S12058,Clovis,2007,SI,2006-12-29,12,2006,-20.1,50.3,65,976,usa_1min,1,True,2000
2006365S12114,Isobel,2007,SI,2006-12-31,12,2006,-17.6,119.6,40,994,usa_1min,0,False,2000
2007021S12183,Arthur,2007,SP,2007-01-20,1,2007,-15.1,-162.9,65,974,usa_1min,1,False,2000
2007021S12195,Zita,2007,SP,2007-01-20,1,2007,-17.7,-153.4,60,980,usa_1min,0,False,2000
2007027S07069,Dora,2007,SI,2007-01-26,1,2007,-18.6,67.4,115,927,usa_1min,4,False,2000
2007032S11137,Nelson,2007,SP,2007-01-31,1,2007,-16.3,141.3,50,987,usa_1min,0,True,2000
2007033S12177,Unnamed,2007,SP,2007-02-01,2,2007,-15.6,178.1,35,997,usa_1min,0,False,2000
2007037S19050,Enok,2007,SI,2007-02-05,2,2007,-16.2,59.2,55,981,usa_1min,0,False,2000
2007043S11071,Favio,2007,SI,2007-02-11,2,2007,-24.5,39.9,120,922,usa_1min,4,True,2000
2007050S16079,Gamede,2007,SI,2007-02-19,2,2007,-18.5,54,105,938,usa_1min,3,False,2000
2007052S10093,Humba,2007,SI,2007-02-20,2,2007,-19.3,78.7,80,963,usa_1min,1,False,2000
2007058S12135,George,2007,SI,2007-02-27,2,2007,-19.9,119,110,941,usa_1min,3,True,2000
2007062S14119,Jacob,2007,SI,2007-03-02,3,2007,-16.3,110.5,75,967,usa_1min,1,True,2000
2007066S12066,Indlala,2007,SI,2007-03-07,3,2007,-14.7,51,120,927,usa_1min,4,True,2000
2007082S16125,Kara,2007,SI,2007-03-23,3,2007,-18.6,116.8,105,944,usa_1min,3,True,2000
2007084S12157,Becky,2007,SP,2007-03-24,3,2007,-19.8,168.2,70,970,usa_1min,1,False,2000
2007085S11085,Jaya,2007,SI,2007-03-26,3,2007,-14.8,60.3,110,941,usa_1min,3,True,2000
2007090N06158,Kong-Rey,2007,WP,2007-03-30,3,2007,17.7,144.3,100,948,usa_1min,3,False,2000
2007091S14175,Cliff,2007,SP,2007-04-01,4,2007,-22.5,183.7,55,982,usa_1min,0,False,2000
2007100S22037,Unnamed,2007,SI,2007-04-09,4,2007,-28.3,39.3,50,992,wmo,0,False,2000
2007127N36286,Andrea,2007,NA,2007-05-06,5,2007,33.3,-72.3,65,998,usa_1min,1,False,2000
2007133N15091,Akash,2007,NI,2007-05-12,5,2007,21.2,92.1,65,976,usa_1min,1,True,2000
2007135N08147,Yutu,2007,WP,2007-05-15,5,2007,19.8,135.3,130,926,usa_1min,4,False,2000
2007147N13249,Alvin,2007,EP,2007-05-27,5,2007,12.8,-113.1,35,1003,usa_1min,0,False,2000
2007150N14263,Barbara,2007,EP,2007-05-29,5,2007,13.2,-94.4,45,1000,usa_1min,0,True,2000
2007151N14072,Gonu,2007,NI,2007-05-31,5,2007,20,64.1,145,898,usa_1min,5,True,2000
2007151N18273,Barry,2007,NA,2007-05-31,5,2007,24.3,-85.2,50,990,usa_1min,0,True,2000
2007172N15088,Unnamed,2007,NI,2007-06-20,6,2007,24.8,65.3,50,985,usa_1min,0,True,2000
2007178N18089,Unnamed,2007,NI,2007-06-27,6,2007,19,86.2,45,988,usa_1min,0,True,2000
2007184N16112,Toraji,2007,WP,2007-07-03,7,2007,20.2,108.7,35,996,usa_1min,0,True,2000
2007188N04148,Man-Yi,2007,WP,2007-07-06,7,2007,21,129.2,125,929,usa_1min,4,True,2000
2007196N11234,Cosme,2007,EP,2007-07-14,7,2007,14.4,-130.9,65,987,usa_1min,1,False,2000
2007203N13255,Dalila,2007,EP,2007-07-22,7,2007,18.1,-110.6,50,995,usa_1min,0,False,2000
2007208S03086,Unnamed,2008,SI,2007-07-26,7,2007,-11,91.2,40,993,usa_1min,0,False,2000
2007208N20155,Usagi,2007,WP,2007-07-27,7,2007,25.1,137,120,933,usa_1min,4,True,2000
2007212N36294,Chantal,2007,NA,2007-07-31,7,2007,49,-49.5,60,964,usa_1min,0,False,2000
2007213N13238,Erick,2007,EP,2007-07-31,7,2007,13,-124.2,35,1004,usa_1min,0,False,2000
2007216N18138,Pabuk,2007,WP,2007-08-04,8,2007,22,122.1,70,970,usa_1min,1,True,2000
2007221N13234,Flossie,2007,EP,2007-08-08,8,2007,13.2,-141.7,120,949,usa_1min,4,False,2000
2007223N19136,Sepat,2007,WP,2007-08-11,8,2007,16.7,127.2,140,918,usa_1min,5,True,2000
2007225N12331,Dean,2007,NA,2007-08-13,8,2007,18.6,-86.9,150,905,usa_1min,5,True,2000
2007227N24269,Erin,2007,NA,2007-08-15,8,2007,35.6,-98.8,50,995,usa_1min,0,True,2000
2007240N17153,Fitow,2007,WP,2007-08-27,8,2007,26.6,155.3,80,963,usa_1min,1,True,2000
2007242N19251,Gil,2007,EP,2007-08-29,8,2007,19.2,-112.2,40,1001,usa_1min,0,False,2000
2007242N13264,Henriette,2007,EP,2007-08-30,8,2007,21.7,-109.3,75,972,usa_1min,1,True,2000
2007244N12303,Felix,2007,NA,2007-08-31,8,2007,13.8,-73,150,929,usa_1min,5,True,2000
2007249N24161,Danas,2007,WP,2007-09-06,9,2007,38.2,150.2,65,974,usa_1min,1,False,2000
2007251N30288,Gabrielle,2007,NA,2007-09-08,9,2007,34.3,-76.4,50,1004,usa_1min,0,True,2000
2007254N18140,Nari,2007,WP,2007-09-11,9,2007,26.7,126.5,125,929,usa_1min,4,True,2000
2007255N13316,Ingrid,2007,NA,2007-09-12,9,2007,15.3,-49.9,40,1002,usa_1min,0,False,2000
2007255N27265,Humberto,2007,NA,2007-09-12,9,2007,29.5,-94.4,80,985,usa_1min,1,True,2000
2007257N16134,Wipha,2007,WP,2007-09-14,9,2007,24.4,123.7,135,922,usa_1min,4,True,2000
2007261N13254,Ivo,2007,EP,2007-09-18,9,2007,17.5,-113.1,70,984,usa_1min,1,False,2000
2007265N20122,Francisco,2007,WP,2007-09-21,9,2007,19.8,111.6,45,989,usa_1min,0,True,2000
2007266N36314,Jerry,2007,NA,2007-09-23,9,2007,36.2,-46.1,35,1003,usa_1min,0,False,2000
2007268N10324,Karen,2007,NA,2007-09-25,9,2007,11.7,-42.4,65,988,usa_1min,1,False,2000
2007269N22265,Lorenzo,2007,NA,2007-09-25,9,2007,20.5,-96.3,70,990,usa_1min,1,True,2000
2007271N14334,Melissa,2007,NA,2007-09-28,9,2007,14.5,-27.4,35,1005,usa_1min,0,False,2000
2007272N17125,Lekima,2007,WP,2007-09-28,9,2007,17.4,110.8,70,970,usa_1min,1,True,2000
2007272N15251,Juliette,2007,EP,2007-09-29,9,2007,18.1,-113,50,997,usa_1min,0,False,2000
2007274N28173,Haiyan,2007,WP,2007-09-30,9,2007,28,172,50,985,usa_1min,0,False,2000
2007274N18131,Krosa,2007,WP,2007-10-01,10,2007,20.4,125.3,130,926,usa_1min,4,True,2000
2007276N20147,Podul,2007,WP,2007-10-03,10,2007,32.3,155.6,55,985,wmo,0,False,2000
2007282N19181,Lingling,2007,WP,2007-10-09,10,2007,28.4,170.8,40,993,usa_1min,0,False,2000
2007285N30307,Unnamed,2007,NA,2007-10-11,10,2007,41.9,-30.1,45,996,usa_1min,0,False,2000
2007288N15251,Kiko,2007,EP,2007-10-15,10,2007,18.2,-106.8,60,991,usa_1min,0,False,2000
2007291N19148,Kajiki,2007,WP,2007-10-18,10,2007,26,142.1,115,937,usa_1min,4,False,2000
2007297N18300,Noel,2007,NA,2007-10-24,10,2007,36.4,-70.9,75,965,usa_1min,1,True,2000
2007298N18136,Faxai,2007,WP,2007-10-24,10,2007,25,131.7,40,993,usa_1min,0,False,2000
2007300N11068,Unnamed,2007,NI,2007-10-27,10,2007,11.3,66.8,40,993,usa_1min,0,False,2000
2007306N18133,Peipah,2007,WP,2007-11-01,11,2007,18.6,118.4,75,967,usa_1min,1,True,2000
2007313N16148,Tapah,2007,WP,2007-11-09,11,2007,21.2,141,35,996,usa_1min,0,False,2000
2007314N10093,Sidr,2007,NI,2007-11-10,11,2007,16.6,89.1,140,918,usa_1min,5,True,2000
2007315S05095,Ariel:Lee,2008,SI,2007-11-11,11,2007,-11.5,89.3,60,978,usa_1min,0,False,2000
2007317S10150,Guba,2008,SP,2007-11-13,11,2007,-11.4,147.1,75,967,usa_1min,1,True,2000
2007322S06075,Bongwe,2008,SI,2007-11-17,11,2007,-11,75.9,65,974,usa_1min,1,False,2000
2007323N09128,Hagibis,2007,WP,2007-11-18,11,2007,10.8,111.9,80,963,usa_1min,1,True,2000
2007324N10140,Mitag,2007,WP,2007-11-19,11,2007,14.2,126.5,95,952,usa_1min,2,True,2000
2007337S12186,Daman,2008,SP,2007-12-03,12,2007,-15.5,177.8,110,941,usa_1min,3,False,2000
2007345N18298,Olga,2007,NA,2007-12-10,12,2007,18.5,-68.4,50,1003,usa_1min,0,True,2000
2007346S12073,Celina,2008,SI,2007-12-11,12,2007,-20,61.1,40,993,usa_1min,0,False,2000
2007352S12088,Dama,2008,SI,2007-12-17,12,2007,-17.3,84.1,50,985,usa_1min,0,False,2000
2007360S10116,Melanie,2008,SI,2007-12-26,12,2007,-16.8,117.5,60,978,usa_1min,0,False,2000
2007363S20043,Elnus,2008,SI,2007-12-29,12,2007,-19,41,40,993,usa_1min,0,False,2000
2007365S15134,Helen,2008,SI,2007-12-30,12,2007,-13.2,129.9,50,985,usa_1min,0,True,2000
2008008S18184,Elisa,2008,SP,2008-01-07,1,2008,-22.9,-175.1,50,985,usa_1min,0,False,2000
2008012N12123,Unnamed,2008,WP,2008-01-12,1,2008,12.4,113.7,40,993,usa_1min,0,True,2000
2008015S16162,Funa,2008,SP,2008-01-15,1,2008,-19.9,174.3,105,944,usa_1min,3,True,2000
2008023S10050,Fame,2008,SI,2008-01-22,1,2008,-15.7,44.4,85,959,usa_1min,2,True,2000
2008026S11064,Gula,2008,SI,2008-01-25,1,2008,-14.8,61.5,90,956,usa_1min,2,False,2000
2008026S12179,Gene,2008,SP,2008-01-26,1,2008,-19.7,170.8,100,948,usa_1min,3,True,2000
2008033S11083,Hondo,2008,SI,2008-02-02,2,2008,-14.9,82.7,130,926,usa_1min,4,True,2000
2008034S12103,Unnamed,2008,SI,2008-02-03,2,2008,-17.2,107.7,40,993,usa_1min,0,False,2000
2008037S10055,Ivan,2008,SI,2008-02-05,2,2008,-16.6,51.9,125,929,usa_1min,4,True,2000
2008042S16122,Nicholas,2008,SI,2008-02-10,2,2008,-17.1,118,80,963,usa_1min,1,True,2000
2008058S15131,Ophelia,2008,SI,2008-02-26,2,2008,-16.6,120.6,65,974,usa_1min,1,True,2000
2008060S19151,Unnamed,2008,SP,2008-02-28,2,2008,-21.2,154.5,35,996,usa_1min,0,False,2000
2008062S10064,Jokwe,2008,SI,2008-03-02,3,2008,-15.4,40.8,110,941,usa_1min,3,True,2000
2008065S12096,Kamba,2008,SI,2008-03-05,3,2008,-19.4,78.2,115,937,usa_1min,4,False,2000
2008079S12069,Lola,2008,SI,2008-03-18,3,2008,-15.6,59.8,35,996,usa_1min,0,False,2000
2008080S17163,Unnamed,2008,SP,2008-03-20,3,2008,-19.4,163.8,35,996,usa_1min,0,False,2000
2008083S12102,Pancho,2008,SI,2008-03-23,3,2008,-19.3,105.9,100,948,usa_1min,3,False,2000
2008104N08128,Neoguri,2008,WP,2008-04-13,4,2008,17.1,111.7,100,948,usa_1min,3,True,2000
2008111S06082,Durga,2008,SI,2008-04-20,4,2008,-8.8,95.1,40,993,usa_1min,0,False,2000
2008111S08096,Rosie,2008,SI,2008-04-20,4,2008,-10.7,104.8,50,985,usa_1min,0,False,2000
2008117N11090,Nargis,2008,NI,2008-04-25,4,2008,16,93.6,115,937,usa_1min,4,True,2000
2008128N07134,Rammasun,2008,WP,2008-05-06,5,2008,16.8,132,135,922,usa_1min,4,False,2000
2008135N16125,Matmo,2008,WP,2008-05-13,5,2008,23.8,130,40,993,usa_1min,0,False,2000
2008135N12116,Halong,2008,WP,2008-05-14,5,2008,16.3,120.2,75,967,usa_1min,1,True,2000
2008147N10141,Nakri,2008,WP,2008-05-26,5,2008,16.2,135.8,125,929,usa_1min,4,False,2000
2008150N10274,Alma,2008,EP,2008-05-29,5,2008,12,-86.9,55,994,usa_1min,0,True,2000
2008152N18273,Arthur,2008,NA,2008-05-31,5,2008,17.8,-88,40,1004,usa_1min,0,True,2000
2008169N08135,Fengshen,2008,WP,2008-06-17,6,2008,11.9,122.7,110,941,usa_1min,3,True,2000
2008179N12252,Boris,2008,EP,2008-06-27,6,2008,15.7,-126.2,70,985,usa_1min,1,False,2000
2008180N14238,Cristina,2008,EP,2008-06-27,6,2008,14.6,-125,45,999,usa_1min,0,False,2000
2008184N15254,Douglas,2008,EP,2008-07-01,7,2008,17.4,-107.6,35,1003,usa_1min,0,False,2000
2008185N13337,Bertha,2008,NA,2008-07-03,7,2008,20.3,-51.9,110,952,usa_1min,3,False,2000
2008193N20126,Kalmaegi,2008,WP,2008-07-11,7,2008,23.2,122.5,90,956,usa_1min,2,True,2000
2008194N11266,Elida,2008,EP,2008-07-11,7,2008,16.9,-117.2,90,970,usa_1min,2,False,2000
2008198N10265,Fausto,2008,EP,2008-07-16,7,2008,17.5,-112.2,80,977,usa_1min,1,False,2000
2008201N32280,Cristobal,2008,NA,2008-07-19,7,2008,36.2,-73.2,55,998,usa_1min,0,False,2000
2008203N18276,Dolly,2008,NA,2008-07-20,7,2008,25.9,-96.7,85,963,usa_1min,2,True,2000
2008204N13260,Genevieve,2008,EP,2008-07-21,7,2008,16.3,-115.2,65,987,usa_1min,1,False,2000
2008206N22133,Fung-Wong,2008,WP,2008-07-23,7,2008,23,122.4,95,952,usa_1min,2,True,2000
2008217N28273,Edouard,2008,NA,2008-08-03,8,2008,29,-92.9,55,996,usa_1min,0,True,2000
2008217N19120,Kammuri,2008,WP,2008-08-03,8,2008,21.5,112.9,50,985,usa_1min,0,True,2000
2008218N10224,Kika,2008,EP,2008-08-04,8,2008,10.4,212.8,35,1007,usa_1min,0,False,2000
2008220N12250,Hernan,2008,EP,2008-08-06,8,2008,15.5,-122.8,105,956,usa_1min,3,False,2000
2008223N27151,Phanfone,2008,WP,2008-08-09,8,2008,35,160.3,50,996,wmo,0,False,2000
2008224N24122,Unnamed,2008,WP,2008-08-11,8,2008,30.8,126.5,35,996,usa_1min,0,True,2000
2008226N22134,Vongfong,2008,WP,2008-08-12,8,2008,30.2,135.5,55,982,usa_1min,0,False,2000
2008227N16255,Iselle,2008,EP,2008-08-13,8,2008,17.6,-109.1,45,999,usa_1min,0,False,2000
2008229N18293,Fay,2008,NA,2008-08-15,8,2008,27,-81.1,60,986,usa_1min,0,True,2000
2008229N13147,Nuri,2008,WP,2008-08-16,8,2008,18.7,122,100,948,usa_1min,3,True,2000
2008237N18253,Julio,2008,EP,2008-08-23,8,2008,21.9,-109.8,45,998,usa_1min,0,True,2000
2008238N13130,Unnamed,2008,WP,2008-08-25,8,2008,17.5,123.9,35,1000,usa_1min,0,False,2000
2008238N13293,Gustav,2008,NA,2008-08-25,8,2008,22.4,-83.1,135,941,usa_1min,4,True,2000
2008241N19303,Hanna,2008,NA,2008-08-28,8,2008,21.8,-72.3,75,977,usa_1min,1,True,2000
2008245N17323,Ike,2008,NA,2008-09-01,9,2008,22.4,-55,125,935,usa_1min,4,True,2000
2008246N19250,Karina,2008,EP,2008-09-02,9,2008,19.2,-111,35,1000,usa_1min,0,False,2000
2008246N12338,Josephine,2008,NA,2008-09-02,9,2008,13.6,-27.2,55,994,usa_1min,0,False,2000
2008251N15256,Lowell,2008,EP,2008-09-06,9,2008,16.9,-107.5,45,998,usa_1min,0,True,2000
2008252N16128,Sinlaku,2008,WP,2008-09-07,9,2008,20.8,124.3,125,929,usa_1min,4,True,2000
2008253N29150,Unnamed,2008,WP,2008-09-09,9,2008,30.4,146.6,35,996,usa_1min,0,False,2000
2008257N28148,Unnamed,2008,WP,2008-09-12,9,2008,35.4,150.8,35,996,usa_1min,0,False,2000
2008259N20089,Unnamed,2008,NI,2008-09-15,9,2008,21.1,86.6,45,989,usa_1min,0,True,2000
2008262N16142,Hagupit,2008,WP,2008-09-17,9,2008,20.6,114.1,125,929,usa_1min,4,True,2000
2008268N12140,Jangmi,2008,WP,2008-09-23,9,2008,20.7,125.6,140,918,usa_1min,5,True,2000
2008269N21290,Kyle,2008,NA,2008-09-25,9,2008,39.4,-68.2,75,984,usa_1min,1,True,2000
2008270N39325,Laura,2008,NA,2008-09-26,9,2008,37.5,-38,70,990,usa_1min,1,False,2000
2008272N08139,Higos,2008,WP,2008-09-27,9,2008,9.9,127.9,40,993,usa_1min,0,True,2000
2008272N15113,Mekkhala,2008,WP,2008-09-27,9,2008,17.4,108.1,55,982,usa_1min,0,True,2000
2008275N16245,Marie,2008,EP,2008-10-01,10,2008,17.7,-122.2,70,984,usa_1min,1,False,2000
2008278N13261,Norbert,2008,EP,2008-10-04,10,2008,16.4,-110.9,115,945,usa_1min,4,True,2000
2008280N18268,Marco,2008,NA,2008-10-06,10,2008,19.7,-95.2,55,998,usa_1min,0,True,2000
2008283N12271,Odile,2008,EP,2008-10-08,10,2008,13.8,-96.2,50,997,usa_1min,0,False,2000
2008286N16323,Nana,2008,NA,2008-10-12,10,2008,16,-37.1,35,1004,usa_1min,0,False,2000
2008286N17109,Unnamed,2008,WP,2008-10-12,10,2008,19.2,107.7,35,996,usa_1min,0,True,2000
2008287N15291,Omar,2008,NA,2008-10-13,10,2008,18.2,-63.9,115,958,usa_1min,4,False,2000
2008290S05071,Asma,2009,SI,2008-10-15,10,2008,-12.3,62,50,985,usa_1min,0,False,2000
2008292N20152,Bavi,2008,WP,2008-10-17,10,2008,28.6,149.2,45,989,usa_1min,0,False,2000
2008298N16085,Rashmi,2008,NI,2008-10-24,10,2008,21,89.3,45,989,usa_1min,0,True,2000
2008308N08252,Polo,2008,EP,2008-11-02,11,2008,8.6,-111.7,40,1003,usa_1min,0,False,2000
2008311N08128,Maysak,2008,WP,2008-11-05,11,2008,16.8,115,55,982,usa_1min,0,True,2000
2008311N14278,Paloma,2008,NA,2008-11-05,11,2008,19.8,-79.6,125,944,usa_1min,4,True,2000
2008317N11089,Khai-Muk,2008,NI,2008-11-11,11,2008,14,84.1,45,989,usa_1min,0,True,2000
2008319S07086,Bernard,2009,SI,2008-11-13,11,2008,-9.7,82.8,40,993,usa_1min,0,False,2000
2008320N08122,Noul,2008,WP,2008-11-14,11,2008,11.5,111.1,40,993,usa_1min,0,True,2000
2008320N23146,Haishen,2008,WP,2008-11-14,11,2008,27.3,152.5,40,993,usa_1min,0,False,2000
2008323S08089,Anika,2009,SI,2008-11-17,11,2008,-13.7,101.5,60,978,usa_1min,0,False,2000
2008329N09082,Nisha,2008,NI,2008-11-24,11,2008,10.6,80.4,50,985,usa_1min,0,True,2000
2008338N06092,Unnamed,2008,NI,2008-12-03,12,2008,7.9,88.2,35,996,usa_1min,0,True,2000
2008343N16168,Dolphin,2008,WP,2008-12-08,12,2008,15.4,130.5,85,959,usa_1min,2,False,2000
2008348S10077,Cinda,2009,SI,2008-12-13,12,2008,-12.3,66.9,55,982,usa_1min,0,False,2000
2008351S11128,Billy,2009,SI,2008-12-16,12,2008,-17.6,117.9,110,941,usa_1min,3,True,2000
2009008S13069,Dongo,2009,SI,2009-01-07,1,2009,-20.7,68.3,55,982,usa_1min,0,False,2000
2009011S16139,Charlotte,2009,SP,2009-01-10,1,2009,-16.2,140.6,40,993,usa_1min,0,True,2000
2009017S15059,Eric,2009,SI,2009-01-16,1,2009,-17.3,49.9,40,993,usa_1min,0,False,2000
2009017S20043,Fanele,2009,SI,2009-01-17,1,2009,-20.2,42.6,115,937,usa_1min,4,True,2000
2009024S17123,Dominic,2009,SI,2009-01-24,1,2009,-20.2,115.5,50,985,usa_1min,0,True,2000
2009025S12177,Hettie,2009,SP,2009-01-25,1,2009,-19.7,183.2,35,996,usa_1min,0,False,2000
2009031S16147,Ellie,2009,SP,2009-01-30,1,2009,-16.6,147.6,35,996,usa_1min,0,True,2000
2009032S15071,Gael,2009,SI,2009-01-31,1,2009,-19.6,51.8,120,933,usa_1min,4,False,2000
2009034S16126,Freddy,2009,SI,2009-02-03,2,2009,-16.2,109.4,55,982,usa_1min,0,True,2000
2009045S18174,Innis,2009,SP,2009-02-13,2,2009,-24.7,161.4,40,993,usa_1min,0,False,2000
2009051S11075,Hina,2009,SI,2009-02-20,2,2009,-18.5,78.5,65,974,usa_1min,1,False,2000
2009059S10101,Gabrielle,2009,SI,2009-02-28,2,2009,-13.6,105.6,35,996,usa_1min,0,False,2000
2009064S13148,Hamish,2009,SP,2009-03-04,3,2009,-19.2,150,135,922,usa_1min,4,False,2000
2009066S12081,Unnamed,2009,SI,2009-03-06,3,2009,-18.4,86.3,35,996,usa_1min,0,False,2000
2009069S19204,Joni,2009,SP,2009-03-10,3,2009,-22.2,-158.5,55,982,usa_1min,0,False,2000
2009074S10129,Ilsa,2009,SI,2009-03-15,3,2009,-16.3,106.9,100,948,usa_1min,3,False,2000
2009075S18197,Ken,2009,SP,2009-03-16,3,2009,-35,-152.9,60,978,usa_1min,0,False,2000
2009082S16039,Izilda,2009,SI,2009-03-22,3,2009,-23.7,42.6,65,974,usa_1min,1,True,2000
2009082S15154,Jasper,2009,SP,2009-03-23,3,2009,-20.1,162.1,45,989,usa_1min,0,False,2000
2009092S15178,Lin,2009,SP,2009-04-02,4,2009,-21.5,184.7,55,982,usa_1min,0,False,2000
2009093S12062,Jade,2009,SI,2009-04-02,4,2009,-14.6,51.4,65,974,usa_1min,1,True,2000
2009104N13088,Bijli,2009,NI,2009-04-14,4,2009,18.5,86.6,50,985,usa_1min,0,True,2000
2009107S07133,Kirrily,2009,SI,2009-04-17,4,2009,-6.4,134.2,45,989,usa_1min,0,True,2000
2009121N13124,Kujira,2009,WP,2009-04-30,4,2009,17.2,131.1,115,937,usa_1min,4,True,2000
2009123N10111,Chan-Hom,2009,WP,2009-05-02,5,2009,15.8,118.8,90,956,usa_1min,2,True,2000
2009143N17089,Aila,2009,NI,2009-05-22,5,2009,21.6,88.2,65,974,usa_1min,1,True,2000
2009164N10131,Linfa,2009,WP,2009-06-13,6,2009,21.2,117.9,75,967,usa_1min,1,True,2000
2009171N15264,Andres,2009,EP,2009-06-19,6,2009,17.2,-103.1,70,984,usa_1min,1,False,2000
2009173N10132,Nangka,2009,WP,2009-06-22,6,2009,12.5,123.3,45,988,usa_1min,0,True,2000
2009185N13260,Blanca,2009,EP,2009-07-03,7,2009,18,-113.4,45,998,usa_1min,0,False,2000
2009189N17129,Soudelor,2009,WP,2009-07-08,7,2009,19.8,115.5,35,996,usa_1min,0,True,2000
2009190N09254,Carlos,2009,EP,2009-07-08,7,2009,10.1,-128.3,90,971,usa_1min,2,False,2000
2009194N11257,Dolores,2009,EP,2009-07-12,7,2009,16.9,-117.1,50,997,usa_1min,0,False,2000
2009196N14129,Molave,2009,WP,2009-07-15,7,2009,21.8,117.1,65,974,usa_1min,1,True,2000
2009210N11231,Lana,2009,EP,2009-07-28,7,2009,13.7,-146.9,55,995,usa_1min,0,False,2000
2009213N16130,Goni,2009,WP,2009-07-31,7,2009,21.7,113,45,988,usa_1min,0,True,2000
2009215N20133,Morakot,2009,WP,2009-08-02,8,2009,23.2,128.1,80,954,usa_1min,1,True,2000
2009215N10242,Felicia,2009,EP,2009-08-03,8,2009,14.7,-130.1,125,935,usa_1min,4,False,2000
2009215N13252,Enrique,2009,EP,2009-08-03,8,2009,14.3,-116.3,55,994,usa_1min,0,False,2000
2009219N19140,Etau,2009,WP,2009-08-06,8,2009,33.4,140.8,40,992,usa_1min,0,False,2000
2009221N10201,Maka,2009,WP,2009-08-08,8,2009,15.7,173.3,45,992,usa_1min,0,False,2000
2009222N09262,Guillermo,2009,EP,2009-08-09,8,2009,18.7,-132.6,110,954,usa_1min,3,False,2000
2009222N14336,Ana,2009,NA,2009-08-10,8,2009,14.4,-33.3,35,1003,usa_1min,0,False,2000
2009228N11163,Vamco,2009,WP,2009-08-15,8,2009,20.5,156.8,120,933,usa_1min,4,False,2000
2009227N12328,Bill,2009,NA,2009-08-15,8,2009,17.6,-54.2,115,943,usa_1min,4,True,2000
2009228N27277,Claudette,2009,NA,2009-08-16,8,2009,29.1,-85.1,50,1005,usa_1min,0,True,2000
2009233N13230,Hilda,2009,EP,2009-08-20,8,2009,14.2,-143.6,55,995,usa_1min,0,False,2000
2009235N14252,Ignacio,2009,EP,2009-08-22,8,2009,18.3,-118.9,45,999,usa_1min,0,False,2000
2009238N20151,Krovanh,2009,WP,2009-08-26,8,2009,33.5,139.9,65,974,usa_1min,1,False,2000
2009238N24290,Danny,2009,NA,2009-08-26,8,2009,25.9,-71.2,50,1006,usa_1min,0,False,2000
2009239N10253,Kevin,2009,EP,2009-08-26,8,2009,13.9,-122,45,1000,usa_1min,0,False,2000
2009239N12270,Jimena,2009,EP,2009-08-26,8,2009,18.2,-108.9,135,931,usa_1min,4,True,2000
2009245N17303,Erika,2009,NA,2009-09-01,9,2009,16.7,-57.3,45,1004,usa_1min,0,False,2000
2009246N18130,Dujuan,2009,WP,2009-09-02,9,2009,32.4,145.3,50,985,usa_1min,0,False,2000
2009246N12250,Linda,2009,EP,2009-09-03,9,2009,16.8,-129.2,70,985,usa_1min,1,False,2000
2009247N19089,Unnamed,2009,NI,2009-09-03,9,2009,22.4,87.6,40,993,usa_1min,0,True,2000
2009251N12336,Fred,2009,NA,2009-09-07,9,2009,13.6,-32.1,105,958,usa_1min,3,False,2000
2009254N14130,Koppu,2009,WP,2009-09-11,9,2009,21.5,113.2,75,967,usa_1min,1,True,2000
2009255N13155,Choi-Wan,2009,WP,2009-09-11,9,2009,18.2,144.2,140,918,usa_1min,5,False,2000
2009257N14256,Marty,2009,EP,2009-09-13,9,2009,18.8,-112.5,40,1002,usa_1min,0,False,2000
2009264N13252,Nora,2009,EP,2009-09-20,9,2009,17,-118.8,50,997,usa_1min,0,False,2000
2009268N14128,Ketsana,2009,WP,2009-09-25,9,2009,16,111.2,90,955,usa_1min,2,True,2000
2009270N10148,Parma,2009,WP,2009-09-27,9,2009,11.8,131.1,135,922,usa_1min,4,True,2000
2009271N46317,Grace,2009,NA,2009-09-27,9,2009,46,-43.2,55,986,usa_1min,0,False,2000
2009271N15257,Olaf,2009,EP,2009-09-28,9,2009,20.4,-117.4,40,996,usa_1min,0,True,2000
2009272N07164,Melor,2009,WP,2009-09-28,9,2009,17,140.9,150,911,usa_1min,5,True,2000
2009279N15311,Henri,2009,NA,2009-10-06,10,2009,18.3,-55.7,45,1005,usa_1min,0,False,2000
2009281N15144,Nepartak,2009,WP,2009-10-08,10,2009,22.9,143.2,55,982,usa_1min,0,False,2000
2009282N16252,Patricia,2009,EP,2009-10-08,10,2009,18.8,-109.5,50,996,usa_1min,0,False,2000
2009287N10154,Lupit,2009,WP,2009-10-13,10,2009,18.5,134.1,140,918,usa_1min,5,False,2000
2009288N07267,Rick,2009,EP,2009-10-14,10,2009,15.2,-106.6,155,906,usa_1min,5,True,2000
2009289N12230,Neki,2009,EP,2009-10-15,10,2009,18.3,-166.7,110,950,usa_1min,3,False,2000
2009299N12153,Mirinae,2009,WP,2009-10-25,10,2009,16.2,135.4,90,956,usa_1min,2,True,2000
2009308N11279,Ida,2009,NA,2009-11-04,11,2009,23,-86.5,90,975,usa_1min,2,True,2000
2009311N20157,Unnamed,2009,WP,2009-11-06,11,2009,20.9,157.2,45,989,usa_1min,0,False,2000
2009313N11072,Phyan,2009,NI,2009-11-09,11,2009,15.8,71.8,50,985,usa_1min,0,True,2000
2009317S10073,Anja,2010,SI,2009-11-13,11,2009,-13.2,69.9,105,944,usa_1min,3,False,2010
2009325S12066,Bongani,2010,SI,2009-11-20,11,2009,-8.6,53.9,40,993,usa_1min,0,False,2010
2009325N06148,Nida,2009,WP,2009-11-21,11,2009,12.6,142.2,155,907,usa_1min,5,False,2000
2009337N14143,Unnamed,2009,WP,2009-12-02,12,2009,23.4,144.8,35,996,usa_1min,0,False,2000
2009337S07096,Cleo,2010,SI,2009-12-03,12,2009,-11.1,75.6,115,937,usa_1min,4,False,2010
2009342S09140,Laurence,2010,SI,2009-12-08,12,2009,-19.5,120.6,130,926,usa_1min,4,True,2010
2009344N06085,Ward,2009,NI,2009-12-10,12,2009,9.3,84.8,45,989,usa_1min,0,True,2000
2009346S10172,Mick,2010,SP,2009-12-11,12,2009,-16.4,176.7,65,974,usa_1min,1,True,2010
2009346S07086,David,2010,SI,2009-12-12,12,2009,-13.2,67,55,982,usa_1min,0,False,2010
2010002S09096,Edzani,2010,SI,2010-01-01,1,2010,-16.1,77.1,140,918,usa_1min,5,False,2010
2010019S11123,Magda,2010,SI,2010-01-18,1,2010,-14.3,123.5,65,974,usa_1min,1,True,2010
2010020S14147,Neville,2010,SP,2010-01-19,1,2010,-14.5,147.8,35,997,wmo,0,False,2010
2010020S08163,Olga,2010,SP,2010-01-20,1,2010,-16.5,149.2,45,987,usa_1min,0,True,2010
2010027S14184,Nisha,2010,SP,2010-01-26,1,2010,-19.3,-165.2,55,982,usa_1min,0,False,2010
2010027S17058,Unnamed,2010,SI,2010-01-26,1,2010,-20.1,59.5,35,996,usa_1min,0,False,2010
2010029S12177,Oli,2010,SP,2010-01-29,1,2010,-18.6,207.7,115,937,usa_1min,4,False,2010
2010032S20042,Fami,2010,SI,2010-02-01,2,2010,-20.8,43.6,50,985,usa_1min,0,True,2010
2010038S08194,Pat,2010,SP,2010-02-06,2,2010,-18.1,-159.3,90,956,usa_1min,2,False,2010
2010040S11185,Rene,2010,SP,2010-02-09,2,2010,-15.8,189.8,100,948,usa_1min,3,False,2010
2010046S10058,Gelane,2010,SI,2010-02-15,2,2010,-17.3,62.1,125,929,usa_1min,4,False,2010
2010051S06195,Sarah,2010,SP,2010-02-20,2,2010,-9.3,-158.6,35,996,usa_1min,0,False,2010
2010066S19050,Hubert,2010,SI,2010-03-07,3,2010,-21,48.6,50,985,usa_1min,0,True,2010
2010067S25317,Unnamed,2010,SA,2010-03-08,3,2010,-33.6,-40.5,45,995,usa_1min,0,False,2010
2010069S12188,Tomas,2010,SP,2010-03-10,3,2010,-16.2,-179.6,115,937,usa_1min,4,False,2010
2010070S15168,Ului,2010,SP,2010-03-10,3,2010,-12.7,161.7,140,918,usa_1min,5,True,2010
2010078N03153,Omais,2010,WP,2010-03-19,3,2010,14.1,132.7,50,985,usa_1min,0,False,2010
2010080S06089,Imani,2010,SI,2010-03-20,3,2010,-19.9,85.8,80,963,usa_1min,1,False,2010
2010084S09138,Paul,2010,SP,2010-03-24,3,2010,-13.4,136,70,970,usa_1min,1,True,2010
2010091S09093,Robyn,2010,SI,2010-04-01,4,2010,-15.7,91.4,65,974,usa_1min,1,False,2010
2010110S10118,Sean,2010,SI,2010-04-20,4,2010,-15.2,113.2,60,978,usa_1min,0,False,2010
2010136N09057,Bandu,2010,NI,2010-05-15,5,2010,12.6,51.7,55,982,usa_1min,0,False,2010
2010137N10090,Laila,2010,NI,2010-05-16,5,2010,13.5,82,65,974,usa_1min,1,True,2010
2010143S20035,Joel,2010,SI,2010-05-22,5,2010,-25.6,43.9,60,990,wmo,0,False,2010
2010149N13266,Agatha,2010,EP,2010-05-28,5,2010,13.9,-92.5,40,1001,usa_1min,0,True,2010
2010151N14065,Phet,2010,NI,2010-05-30,5,2010,18.1,60.3,125,929,usa_1min,4,True,2010
2010166N15255,Blas,2010,EP,2010-06-15,6,2010,16.5,-109.6,55,994,usa_1min,0,False,2010
2010169N13266,Celia,2010,EP,2010-06-18,6,2010,12.9,-115.4,140,921,usa_1min,5,False,2010
2010172N08272,Darby,2010,EP,2010-06-20,6,2010,13.6,-101.3,105,959,usa_1min,3,False,2010
2010176N16278,Alex,2010,NA,2010-06-24,6,2010,24.2,-97.7,95,946,usa_1min,2,True,2010
2010191N12138,Conson,2010,WP,2010-07-10,7,2010,17.6,110.2,80,963,usa_1min,1,True,2010
2010198N15123,Chanthu,2010,WP,2010-07-17,7,2010,20.6,111.4,80,963,usa_1min,1,True,2010
2010203N22286,Bonnie,2010,NA,2010-07-22,7,2010,23.7,-77.5,40,1005,usa_1min,0,True,2010
2010215N13319,Colin,2010,NA,2010-08-02,8,2010,25,-66.1,50,1005,usa_1min,0,False,2010
2010217N15265,Estelle,2010,EP,2010-08-04,8,2010,17.3,-109.2,55,994,usa_1min,0,False,2010
2010218N20127,Dianmu,2010,WP,2010-08-06,8,2010,33.1,125.8,55,982,usa_1min,0,True,2010
2010233N17119,Mindulle,2010,WP,2010-08-20,8,2010,18.1,107.3,65,974,usa_1min,1,True,2010
2010234N14267,Frank,2010,EP,2010-08-21,8,2010,17.9,-109.9,80,978,usa_1min,1,False,2010
2010234N11329,Danielle,2010,NA,2010-08-21,8,2010,27.1,-60.1,115,942,usa_1min,4,False,2010
2010236N12341,Earl,2010,NA,2010-08-24,8,2010,28.6,-74.3,125,927,usa_1min,4,True,2010
2010239N15118,Lionrock,2010,WP,2010-08-26,8,2010,20.4,117.6,60,978,usa_1min,0,True,2010
2010240N15142,Kompasu,2010,WP,2010-08-27,8,2010,30.4,125.2,105,944,usa_1min,3,True,2010
2010241N25125,Namtheun,2010,WP,2010-08-29,8,2010,25.7,121.4,40,993,usa_1min,0,False,2010
2010242N14318,Fiona,2010,NA,2010-08-30,8,2010,19.5,-62.5,55,998,usa_1min,0,False,2010
2010243N12146,Malou,2010,WP,2010-08-31,8,2010,32.9,127.3,45,989,usa_1min,0,True,2010
2010244N12328,Gaston,2010,NA,2010-09-01,9,2010,12.7,-35,35,1005,usa_1min,0,False,2010
2010247N15266,Hermine,2010,NA,2010-09-03,9,2010,25.3,-97.4,60,989,usa_1min,0,True,2010
2010249N24125,Meranti,2010,WP,2010-09-06,9,2010,23.1,119,65,974,usa_1min,1,True,2010
2010251N14337,Igor,2010,NA,2010-09-08,9,2010,18.9,-53.5,135,924,usa_1min,4,True,2010
2010255N13340,Julia,2010,NA,2010-09-12,9,2010,17.7,-32.2,120,948,usa_1min,4,False,2010
2010256N17137,Fanapi,2010,WP,2010-09-13,9,2010,23.8,125.3,105,944,usa_1min,3,True,2010
2010257N16282,Karl,2010,NA,2010-09-13,9,2010,19.6,-95.6,110,956,usa_1min,3,True,2010
2010263N15149,Malakas,2010,WP,2010-09-19,9,2010,24.3,140.8,90,948,usa_1min,2,False,2010
2010264N20252,Georgette,2010,EP,2010-09-20,9,2010,20.1,-108.6,35,999,usa_1min,0,True,2010
2010263N15328,Lisa,2010,NA,2010-09-20,9,2010,20.4,-27.8,75,982,usa_1min,1,False,2010
2010267N14285,Matthew,2010,NA,2010-09-23,9,2010,14.6,-83,50,998,usa_1min,0,True,2010
2010271N19276,Nicole,2010,NA,2010-09-28,9,2010,21,-82.7,40,994,usa_1min,0,True,2010
2010279N22293,Otto,2010,NA,2010-10-06,10,2010,27.2,-61.7,75,976,usa_1min,1,False,2010
2010284N14278,Paula,2010,NA,2010-10-11,10,2010,18.8,-85.9,90,981,usa_1min,2,True,2010
2010285N13145,Megi,2010,WP,2010-10-11,10,2010,18.1,125.1,160,903,usa_1min,5,True,2010
2010293N17093,Giri,2010,NI,2010-10-19,10,2010,19.8,93.4,135,922,usa_1min,4,True,2010
2010293N17277,Richard,2010,NA,2010-10-19,10,2010,17.2,-88.2,85,977,usa_1min,2,True,2010
2010293N16147,Chaba,2010,WP,2010-10-20,10,2010,24.2,128.6,115,937,usa_1min,4,False,2010
2010298S09087,Unnamed,2011,SI,2010-10-25,10,2010,-10.9,86.4,35,996,usa_1min,0,False,2010
2010302N26299,Shary,2010,NA,2010-10-28,10,2010,31.3,-64,65,989,usa_1min,1,False,2010
2010302N09306,Tomas,2010,NA,2010-10-29,10,2010,13.4,-61.2,85,982,usa_1min,2,False,2010
2010302S08098,Anggrek,2011,SI,2010-10-29,10,2010,-11.6,98.3,55,982,usa_1min,0,False,2010
2010305N06105,Jal,2010,NI,2010-10-31,10,2010,10.1,86.5,55,982,usa_1min,0,True,2010
2010331S07089,Abele,2011,SI,2010-11-26,11,2010,-17.7,89.5,80,963,usa_1min,1,False,2010
2010350N30175,Omeka,2010,EP,2010-12-16,12,2010,21.1,179.1,50,997,usa_1min,0,False,2010
2010358S13152,Tasha,2011,SP,2010-12-23,12,2010,-17,146.3,40,993,usa_1min,0,True,2010
2011009S15113,Vince,2011,SI,2011-01-09,1,2011,-15.9,108.1,45,989,usa_1min,0,False,2010
2011010S17169,Vania,2011,SP,2011-01-09,1,2011,-19.6,168.3,55,982,usa_1min,0,False,2010
2011013S15151,Zelia,2011,SP,2011-01-12,1,2011,-19,158.7,95,952,usa_1min,2,False,2010
2011020S13182,Wilma,2011,SP,2011-01-20,1,2011,-23.3,175.9,115,937,usa_1min,4,False,2010
2011021S16129,Bianca,2011,SI,2011-01-21,1,2011,-22.8,110.2,95,952,usa_1min,2,True,2010
2011022S16146,Anthony,2011,SP,2011-01-22,1,2011,-20,148.2,55,982,usa_1min,0,True,2010
2011028S13180,Yasi,2011,SP,2011-01-28,1,2011,-17.1,148.1,135,922,usa_1min,4,True,2010
2011034S19199,Zaka,2011,SP,2011-02-03,2,2011,-24.3,183.7,45,989,usa_1min,0,False,2010
2011038S11062,Bingiza,2011,SI,2011-02-06,2,2011,-15.7,52.6,100,948,usa_1min,3,True,2010
2011041S17113,Unnamed,2011,SI,2011-02-09,2,2011,-20.9,100.3,35,996,usa_1min,0,False,2010
2011045S14132,Carlos,2011,SI,2011-02-14,2,2011,-23,112.6,65,974,usa_1min,1,True,2010
2011045S17119,Dianne,2011,SI,2011-02-14,2,2011,-21.6,108.1,80,963,usa_1min,1,False,2010
2011048S14171,Atu,2011,SP,2011-02-16,2,2011,-17.5,169.7,115,937,usa_1min,4,False,2010
2011069S20321,Unnamed,2011,SA,2011-03-09,3,2011,-25.8,-32,45,989,usa_1min,0,True,2010
2011073S11089,Cherono,2011,SI,2011-03-13,3,2011,-15.7,74.5,45,989,usa_1min,0,False,2010
2011082S17184,Bune,2011,SP,2011-03-22,3,2011,-23.8,179.2,75,967,usa_1min,1,False,2010
2011088S10133,Unnamed,2011,SI,2011-03-29,3,2011,-13.5,127.7,35,996,usa_1min,0,True,2010
2011102S26048,Unnamed,2011,SI,2011-04-11,4,2011,-32.3,47.1,50,985,wmo,0,False,2010
2011103S12126,Errol,2011,SI,2011-04-12,4,2011,-11.1,124.8,55,982,usa_1min,0,True,2010
2011126N11129,Aere,2011,WP,2011-05-05,5,2011,14,124.2,50,985,usa_1min,0,True,2010
2011140N08142,Songda,2011,WP,2011-05-19,5,2011,15.6,125.8,140,918,usa_1min,5,True,2010
2011158N11260,Adrian,2011,EP,2011-06-07,6,2011,14.5,-105.3,120,944,usa_1min,4,False,2010
2011160N18070,Unnamed,2011,NI,2011-06-09,6,2011,19.5,72,35,996,usa_1min,0,False,2010
2011167N08129,Haima,2011,WP,2011-06-16,6,2011,21.2,111.8,35,993,usa_1min,0,True,2010
2011167N22089,Unnamed,2011,NI,2011-06-16,6,2011,22.8,88.5,35,978,wmo,0,True,2010
2011170N12263,Beatriz,2011,EP,2011-06-18,6,2011,18.5,-104,80,977,usa_1min,1,False,2010
2011172N11133,Meari,2011,WP,2011-06-20,6,2011,26.8,123.3,55,982,usa_1min,0,False,2010
2011179N20267,Arlene,2011,NA,2011-06-28,6,2011,21.6,-97,55,993,usa_1min,0,True,2010
2011188N14261,Calvin,2011,EP,2011-07-07,7,2011,16.7,-109.1,70,984,usa_1min,1,False,2010
2011192N18158,Ma-On,2011,WP,2011-07-10,7,2011,21.2,137.9,115,937,usa_1min,4,True,2010
2011197N31280,Bret,2011,NA,2011-07-16,7,2011,27.8,-77.1,60,995,usa_1min,0,False,2010
2011199N10271,Dora,2011,EP,2011-07-18,7,2011,16.9,-106.5,135,929,usa_1min,4,False,2010
2011201N33301,Cindy,2011,NA,2011-07-20,7,2011,41.3,-46.1,60,994,usa_1min,0,False,2010
2011205N12130,Nock-Ten,2011,WP,2011-07-24,7,2011,15.7,122.3,65,974,usa_1min,1,True,2010
2011208N09145,Muifa,2011,WP,2011-07-26,7,2011,16.7,132.5,140,918,usa_1min,5,True,2010
2011208N22274,Don,2011,NA,2011-07-27,7,2011,24.6,-91.9,45,997,usa_1min,0,True,2010
2011212N10264,Eugene,2011,EP,2011-07-30,7,2011,15.9,-115.3,120,942,usa_1min,4,False,2010
2011214N15299,Emily,2011,NA,2011-08-02,8,2011,16,-66.2,45,1003,usa_1min,0,True,2010
2011215N24164,Merbok,2011,WP,2011-08-02,8,2011,29.4,153.8,75,967,usa_1min,1,False,2010
2011225N35294,Franklin,2011,NA,2011-08-12,8,2011,38.6,-59,40,1004,usa_1min,0,False,2010
2011225N26302,Gert,2011,NA,2011-08-13,8,2011,31.6,-63.2,55,1000,usa_1min,0,False,2010
2011227N12234,Fernanda,2011,EP,2011-08-14,8,2011,12.9,-139.5,60,992,usa_1min,0,False,2010
2011229N14261,Greg,2011,EP,2011-08-16,8,2011,18.3,-110.8,75,979,usa_1min,1,False,2010
2011231N15278,Harvey,2011,NA,2011-08-19,8,2011,17,-88.3,55,994,usa_1min,0,True,2010
2011233N15301,Irene,2011,NA,2011-08-21,8,2011,21.9,-73.3,105,942,usa_1min,3,True,2010
2011233N12129,Nanmadol,2011,WP,2011-08-21,8,2011,17.2,123.6,140,918,usa_1min,5,True,2010
2011236N15143,Talas,2011,WP,2011-08-23,8,2011,23.7,140.1,55,982,usa_1min,0,True,2010
2011239N27301,Jose,2011,NA,2011-08-26,8,2011,29.8,-65.5,40,1006,usa_1min,0,False,2010
2011240N10341,Katia,2011,NA,2011-08-28,8,2011,25.6,-64,120,942,usa_1min,4,True,2010
2011244N37296,Unnamed,2011,NA,2011-08-31,8,2011,37.4,-63.7,40,1002,usa_1min,0,False,2010
2011245N21150,Noru,2011,WP,2011-09-01,9,2011,24.7,151.4,45,989,usa_1min,0,True,2010
2011245N27269,Lee,2011,NA,2011-09-02,9,2011,29,-92,50,986,usa_1min,0,True,2010
2011249N18133,Kulap,2011,WP,2011-09-05,9,2011,22.7,135.7,40,993,usa_1min,0,True,2010
2011250N12324,Maria,2011,NA,2011-09-06,9,2011,36.8,-64.8,70,983,usa_1min,1,True,2010
2011250N20266,Nate,2011,NA,2011-09-06,9,2011,19.7,-92.3,65,994,usa_1min,1,True,2010
2011253N20145,Roke,2011,WP,2011-09-09,9,2011,30.3,133.6,115,937,usa_1min,4,True,2010
2011257N19154,Sonca,2011,WP,2011-09-13,9,2011,31.7,142.5,90,956,usa_1min,2,False,2010
2011263N12323,Ophelia,2011,NA,2011-09-20,9,2011,32.8,-62.5,120,940,usa_1min,4,True,2010
2011264N13264,Hilary,2011,EP,2011-09-21,9,2011,16.2,-102.7,125,942,usa_1min,4,False,2010
2011267N16111,Haitang,2011,WP,2011-09-23,9,2011,17,112.6,35,996,usa_1min,0,True,2010
2011266N13139,Nesat,2011,WP,2011-09-23,9,2011,16.2,123,115,937,usa_1min,4,True,2010
2011266N08343,Philippe,2011,NA,2011-09-23,9,2011,28.2,-59.7,80,976,usa_1min,1,False,2010
2011270N18139,Nalgae,2011,WP,2011-09-26,9,2011,16.8,122.7,130,926,usa_1min,4,True,2010
2011278N12248,Irwin,2011,EP,2011-10-04,10,2011,13.8,-120.5,85,976,usa_1min,2,False,2010
2011279N10257,Jova,2011,EP,2011-10-05,10,2011,16.5,-106.5,110,955,usa_1min,3,True,2010
2011290N15090,Unnamed,2011,NI,2011-10-17,10,2011,20.2,90.8,35,996,usa_1min,0,True,2010
2011295N13279,Rina,2011,NA,2011-10-22,10,2011,17.3,-84.2,100,966,usa_1min,3,True,2010
2011302N13062,Keila,2011,NI,2011-10-29,10,2011,17.1,54.6,55,982,usa_1min,0,True,2010
2011310N11066,Unnamed,2011,NI,2011-11-06,11,2011,14.2,59,35,996,usa_1min,0,False,2010
2011310N29290,Sean,2011,NA,2011-11-06,11,2011,27.9,-70.4,55,982,usa_1min,0,False,2010
2011323N09264,Kenneth,2011,EP,2011-11-18,11,2011,12.9,-113.4,125,940,usa_1min,4,False,2010
2011330N06078,Unnamed,2011,NI,2011-11-25,11,2011,14.6,68.9,35,996,usa_1min,0,False,2010
2011336S06098,Alenga,2012,SI,2011-12-02,12,2011,-17.3,96.8,95,952,usa_1min,2,False,2010
2011337S13069,Unnamed,2012,SI,2011-12-02,12,2011,-16.9,69.5,35,996,usa_1min,0,False,2010
2011346N03156,Washi,2011,WP,2011-12-11,12,2011,8.9,122.5,50,985,usa_1min,0,True,2010
2011354S14155,Unnamed,2012,SP,2011-12-20,12,2011,-22,156.2,45,990,wmo,0,False,2010
2011358S11132,Grant,2012,SI,2011-12-23,12,2011,-11.7,132.8,60,978,usa_1min,0,True,2010
2011360N09088,Thane,2011,NI,2011-12-25,12,2011,12,82.1,90,956,usa_1min,2,True,2010
2011361S09095,Benilde,2012,SI,2011-12-27,12,2011,-14.9,76.6,90,956,usa_1min,2,False,2010
2012006S15043,Chanda,2012,SI,2012-01-05,1,2012,-19.1,42.8,35,996,usa_1min,0,True,2010
2012009S12118,Heidi,2012,SI,2012-01-09,1,2012,-19.9,118.8,65,974,usa_1min,1,True,2010
2012010S24049,Dando,2012,SI,2012-01-10,1,2012,-25.1,35,45,992,wmo,0,True,2010
2012017S10074,Ethel,2012,SI,2012-01-17,1,2012,-19.2,64.7,70,970,usa_1min,1,False,2010
2012018S16041,Funso,2012,SI,2012-01-17,1,2012,-19.8,39.4,115,937,usa_1min,4,False,2010
2012024S15116,Iggy,2012,SI,2012-01-23,1,2012,-24.9,107.8,70,970,usa_1min,1,True,2010
2012032S15141,Jasmine,2012,SP,2012-01-31,1,2012,-21.1,170,115,937,usa_1min,4,True,2010
2012037S17176,Cyril,2012,SP,2012-02-05,2,2012,-20.1,188.2,55,982,usa_1min,0,False,2010
2012039S14075,Giovanna,2012,SI,2012-02-07,2,2012,-18.7,51.4,120,933,usa_1min,4,True,2010
2012042S12110,Hilwa,2012,SI,2012-02-11,2,2012,-15,82,40,993,usa_1min,0,False,2010
2012056S13057,Irina,2012,SI,2012-02-25,2,2012,-16.6,43.7,60,978,usa_1min,0,True,2010
2012060S12069,Unnamed,2012,SI,2012-02-28,2,2012,-13.9,66.9,35,996,usa_1min,0,False,2010
2012066S10101,Joni:Koji,2012,SI,2012-03-05,3,2012,-19.1,82.3,75,967,usa_1min,1,False,2010
2012070S17112,Lua,2012,SI,2012-03-10,3,2012,-18.6,119.6,95,952,usa_1min,2,True,2010
2012086N10116,Pakhar,2012,WP,2012-03-26,3,2012,9.7,111.4,60,978,usa_1min,0,True,2010
2012092S16166,Daphne,2012,SP,2012-04-01,4,2012,-25.6,179.5,55,982,usa_1min,0,True,2010
2012135N10255,Aletta,2012,EP,2012-05-13,5,2012,11.1,-109.9,45,1000,usa_1min,0,False,2010
2012140N33283,Alberto,2012,NA,2012-05-19,5,2012,32.1,-78.1,50,995,usa_1min,0,False,2010
2012141N11148,Sanvu,2012,WP,2012-05-20,5,2012,23.6,139.9,80,963,usa_1min,1,False,2010
2012142N09262,Bud,2012,EP,2012-05-20,5,2012,16.8,-106.1,100,961,usa_1min,3,False,2010
2012147N30284,Beryl,2012,NA,2012-05-25,5,2012,30.1,-80.5,60,992,usa_1min,0,True,2010
2012152N12130,Mawar,2012,WP,2012-05-31,5,2012,21.6,126.2,105,944,usa_1min,3,False,2010
2012156S07066,Kuena,2012,SI,2012-06-03,6,2012,-10.3,57.8,55,982,usa_1min,0,False,2010
2012162N06150,Guchol,2012,WP,2012-06-10,6,2012,16.2,128.4,130,926,usa_1min,4,True,2010
2012166N09269,Carlotta,2012,EP,2012-06-13,6,2012,14.9,-96.3,95,973,usa_1min,2,True,2010
2012168N19112,Talim,2012,WP,2012-06-16,6,2012,20.8,116.3,50,985,usa_1min,0,False,2010
2012169N29291,Chris,2012,NA,2012-06-17,6,2012,40.5,-43.9,75,974,usa_1min,1,False,2010
2012176N26272,Debby,2012,NA,2012-06-23,6,2012,27.6,-86.8,55,990,usa_1min,0,True,2010
2012177N11135,Doksuri,2012,WP,2012-06-25,6,2012,20.9,116.2,40,993,usa_1min,0,True,2010
2012179S09153,Unnamed,2012,SP,2012-06-27,6,2012,-11.6,154.9,35,996,usa_1min,0,False,2010
2012186N12255,Daniel,2012,EP,2012-07-04,7,2012,14.9,-121.7,100,961,usa_1min,3,False,2010
2012189N10262,Emilia,2012,EP,2012-07-07,7,2012,13.6,-112.9,120,945,usa_1min,4,False,2010
2012193N12259,Fabio,2012,EP,2012-07-10,7,2012,16.5,-116.3,95,966,usa_1min,2,False,2010
2012196N19144,Khanun,2012,WP,2012-07-13,7,2012,28.7,127.5,55,982,usa_1min,0,True,2010
2012201N15129,Vicente,2012,WP,2012-07-18,7,2012,21.4,113.8,115,937,usa_1min,4,True,2010
2012209N11131,Saola,2012,WP,2012-07-26,7,2012,23.4,123.4,90,956,usa_1min,2,True,2010
2012209N25149,Damrey,2012,WP,2012-07-27,7,2012,32.8,124.4,80,963,usa_1min,1,True,2010
2012215N12313,Ernesto,2012,NA,2012-08-01,8,2012,18.8,-87.7,85,973,usa_1min,2,True,2010
2012215N23146,Haikui,2012,WP,2012-08-01,8,2012,27.3,124.9,65,974,usa_1min,1,True,2010
2012216N12337,Florence,2012,NA,2012-08-03,8,2012,15.8,-32.5,50,1002,usa_1min,0,False,2010
2012216N24162,Kirogi,2012,WP,2012-08-03,8,2012,37.6,152.9,45,989,usa_1min,0,True,2010
2012219N12254,Gilma,2012,EP,2012-08-06,8,2012,16.3,-118.3,70,984,usa_1min,1,False,2010
2012223N14317,Helene,2012,NA,2012-08-09,8,2012,20.3,-95.9,40,1004,usa_1min,0,True,2010
2012225N18255,Hector,2012,EP,2012-08-11,8,2012,18.3,-108.7,45,995,usa_1min,0,False,2010
2012225N16133,Kai-Tak,2012,WP,2012-08-11,8,2012,19.1,117.1,65,974,usa_1min,1,True,2010
2012229N28305,Gordon,2012,NA,2012-08-15,8,2012,34.3,-35,95,965,usa_1min,2,False,2010
2012230N21126,Tembin,2012,WP,2012-08-17,8,2012,22.7,122.5,120,933,usa_1min,4,True,2010
2012232N13141,Bolaven,2012,WP,2012-08-18,8,2012,22.9,132.7,125,929,usa_1min,4,True,2010
2012234N16315,Isaac,2012,NA,2012-08-20,8,2012,28.6,-88.8,70,965,usa_1min,1,True,2010
2012235N11328,Joyce,2012,NA,2012-08-21,8,2012,14.8,-41.1,35,1006,usa_1min,0,False,2010
2012239N11261,Ileana,2012,EP,2012-08-25,8,2012,20.5,-113.8,75,978,usa_1min,1,False,2010
2012242N13333,Leslie,2012,NA,2012-08-28,8,2012,25.6,-62.8,70,968,usa_1min,1,True,2010
2012242N24317,Kirk,2012,NA,2012-08-28,8,2012,29.6,-50.7,90,970,usa_1min,2,False,2010
2012246N29323,Michael,2012,NA,2012-09-02,9,2012,29.9,-41.4,100,964,usa_1min,3,False,2010
2012247N18252,John,2012,EP,2012-09-02,9,2012,18,-108.9,40,1000,usa_1min,0,False,2010
2012254N09135,Sanba,2012,WP,2012-09-10,9,2012,17.2,129.7,155,907,usa_1min,5,True,2010
2012255N16322,Nadine,2012,NA,2012-09-10,9,2012,36.8,-38.3,80,978,usa_1min,1,False,2010
2012256N15257,Kristy,2012,EP,2012-09-11,9,2012,19.8,-111.5,50,998,usa_1min,0,False,2010
2012260N13237,Lane,2012,EP,2012-09-15,9,2012,18,-127.4,75,985,usa_1min,1,False,2010
2012263N15141,Jelawat,2012,WP,2012-09-19,9,2012,15.2,127.9,140,918,usa_1min,5,True,2010
2012266N14254,Miriam,2012,EP,2012-09-22,9,2012,17.5,-112.5,105,959,usa_1min,3,False,2010
2012267N16141,Ewiniar,2012,WP,2012-09-23,9,2012,30.4,142.2,55,982,usa_1min,0,False,2010
2012272N22251,Norman,2012,EP,2012-09-28,9,2012,21.5,-108.7,45,997,usa_1min,0,True,2010
2012273N13112,Gaemi,2012,WP,2012-09-29,9,2012,15.4,117.4,55,982,usa_1min,0,True,2010
2012274N13151,Maliksi,2012,WP,2012-09-29,9,2012,20.9,142.6,45,989,usa_1min,0,False,2010
2012277N12322,Oscar,2012,NA,2012-10-02,10,2012,20.2,-42,45,994,usa_1min,0,False,2010
2012279N15145,Prapiroon,2012,WP,2012-10-05,10,2012,19.6,128.5,105,944,usa_1min,3,False,2010
2012281N14242,Olivia,2012,EP,2012-10-06,10,2012,14.2,-120.7,50,997,usa_1min,0,False,2010
2012285N26288,Patty,2012,NA,2012-10-10,10,2012,25.5,-72.4,40,1005,usa_1min,0,False,2010
2012285S04077,Anais,2013,SI,2012-10-10,10,2012,-11.9,65.4,115,937,usa_1min,4,False,2010
2012287N15297,Rafael,2012,NA,2012-10-12,10,2012,24.6,-65.6,80,966,usa_1min,1,True,2010
2012287N16147,Maria,2012,WP,2012-10-12,10,2012,26.8,141,55,982,usa_1min,0,False,2010
2012288N14248,Paul,2012,EP,2012-10-13,10,2012,17.9,-114.4,105,959,usa_1min,3,True,2010
2012296N14283,Sandy,2012,NA,2012-10-21,10,2012,20,-76,100,940,usa_1min,3,True,2010
2012296N20309,Tony,2012,NA,2012-10-21,10,2012,27.9,-46.8,45,1000,usa_1min,0,False,2010
2012296N06135,Son-Tinh,2012,WP,2012-10-21,10,2012,17.5,108.9,105,944,usa_1min,3,True,2010
2012297N11067,Murjan,2012,NI,2012-10-22,10,2012,10.5,55.9,35,996,usa_1min,0,True,2010
2012301N11087,Nilam,2012,NI,2012-10-27,10,2012,10.4,82.5,50,985,usa_1min,0,True,2010
2012304N14246,Rosa,2012,EP,2012-10-29,10,2012,14.4,-117.1,45,1001,usa_1min,0,False,2010
2012321N14090,Unnamed,2012,NI,2012-11-16,11,2012,16.2,88.9,35,996,usa_1min,0,True,2010
2012325S09084,Boldwin,2013,SI,2012-11-20,11,2012,-13.9,75.3,55,982,usa_1min,0,False,2010
2012331N03157,Bopha,2012,WP,2012-11-25,11,2012,7.6,127.2,150,911,usa_1min,5,True,2010
2012337S06089,Claudia,2013,SI,2012-12-02,12,2012,-14.6,74.5,115,937,usa_1min,4,False,2010
2012346S14180,Evan,2013,SP,2012-12-10,12,2012,-17.2,177.6,125,929,usa_1min,4,True,2010
2012357N09064,Unnamed,2012,NI,2012-12-22,12,2012,8.7,60.2,35,996,usa_1min,0,False,2010
2012359N08134,Wukong,2012,WP,2012-12-23,12,2012,10.8,124.8,35,996,usa_1min,0,True,2010
2012362S08165,Freda,2013,SP,2012-12-26,12,2012,-15.9,161,110,941,usa_1min,3,False,2010
2012362S13116,Mitchell,2013,SI,2012-12-26,12,2012,-18,110.6,45,989,usa_1min,0,False,2010
2012362S08071,Dumile,2013,SI,2012-12-27,12,2012,-24.2,54,75,967,usa_1min,1,False,2010
2013001N04141,Sonamu,2013,WP,2013-01-01,1,2013,8,112.1,40,993,usa_1min,0,True,2010
2013005S10126,Narelle,2013,SI,2013-01-05,1,2013,-18.3,112.3,120,933,usa_1min,4,False,2010
2013009S11084,Emang,2013,SI,2013-01-08,1,2013,-11.5,80.6,35,996,usa_1min,0,False,2010
2013019S12174,Garry,2013,SP,2013-01-18,1,2013,-15.6,198.2,85,959,usa_1min,2,False,2010
2013020S16137,Oswald,2013,SP,2013-01-20,1,2013,-15.5,141.4,45,989,usa_1min,0,True,2010
2013020S17124,Peta,2013,SI,2013-01-20,1,2013,-20.3,117.7,35,996,usa_1min,0,True,2010
2013026S13067,Felleng,2013,SI,2013-01-25,1,2013,-16.1,52.7,115,937,usa_1min,4,False,2010
2013040S16199,Haley,2013,SP,2013-02-08,2,2013,-20.8,-155.2,45,989,usa_1min,0,False,2010
2013041S10087,Gino,2013,SI,2013-02-09,2,2013,-21,79.9,90,956,usa_1min,2,False,2010
2013046S20042,Haruna,2013,SI,2013-02-14,2,2013,-22.3,41.5,105,944,usa_1min,3,True,2010
2013051S12102,Unnamed,2013,SI,2013-02-20,2,2013,-12.9,97.9,40,993,usa_1min,0,False,2010
2013052S13126,Rusty,2013,SI,2013-02-21,2,2013,-19.3,119.2,100,948,usa_1min,3,True,2010
2013064S18149,Sandra,2013,SP,2013-03-05,3,2013,-16.8,161.3,110,941,usa_1min,3,False,2010
2013072S12140,Tim,2013,SP,2013-03-12,3,2013,-15.3,151.2,50,985,usa_1min,0,True,2010
2013093S08074,Imelda,2013,SI,2013-04-02,4,2013,-12.4,58,85,959,usa_1min,2,False,2010
2013097S06099,Victoria,2013,SI,2013-04-06,4,2013,-15.6,103.8,75,967,usa_1min,1,False,2010
2013117S10155,Zane,2013,SP,2013-04-26,4,2013,-14.1,148.9,65,974,usa_1min,1,True,2010
2013128S05086,Jamala,2013,SI,2013-05-07,5,2013,-7.9,85.9,45,989,usa_1min,0,False,2010
2013130N04093,Mahasen:Viyaru,2013,NI,2013-05-09,5,2013,7.8,90.2,45,989,usa_1min,0,True,2010
2013134N07265,Alvin,2013,EP,2013-05-13,5,2013,8.9,-106.4,50,1000,usa_1min,0,False,2010
2013149N14264,Barbara,2013,EP,2013-05-28,5,2013,16,-94,70,983,usa_1min,1,True,2010
2013157N25273,Andrea,2013,NA,2013-06-05,6,2013,27.8,-84.9,55,992,usa_1min,0,True,2010
2013158N13129,Yagi,2013,WP,2013-06-06,6,2013,26,135.8,55,982,usa_1min,0,False,2010
2013167N12128,Leepi,2013,WP,2013-06-16,6,2013,19,126.3,35,996,usa_1min,0,True,2010
2013167N12279,Barry,2013,NA,2013-06-16,6,2013,19.6,-94.8,40,1003,usa_1min,0,True,2010
2013171N15117,Bebinca,2013,WP,2013-06-19,6,2013,19.1,114.4,35,996,usa_1min,0,True,2010
2013175N12256,Cosme,2013,EP,2013-06-23,6,2013,17.8,-112.8,75,980,usa_1min,1,False,2010
2013178N09133,Rumbia,2013,WP,2013-06-27,6,2013,19.7,111.7,70,970,usa_1min,1,True,2010
2013180N11256,Dalila,2013,EP,2013-06-28,6,2013,18.4,-107,70,984,usa_1min,1,False,2010
2013186N13262,Erick,2013,EP,2013-07-04,7,2013,17.4,-104,70,983,usa_1min,1,False,2010
2013187N20156,Soulik,2013,WP,2013-07-06,7,2013,21.1,135.8,125,929,usa_1min,4,True,2010
2013189N09319,Chantal,2013,NA,2013-07-07,7,2013,13.9,-60.3,55,1003,usa_1min,0,False,2010
2013196N14128,Cimaron,2013,WP,2013-07-14,7,2013,19.5,121,40,993,usa_1min,0,True,2010
2013204N11340,Dorian,2013,NA,2013-07-22,7,2013,15.3,-33.9,50,1002,usa_1min,0,False,2010
2013206N15238,Flossie,2013,EP,2013-07-25,7,2013,17.7,-138.4,60,994,usa_1min,0,False,2010
2013210N13122,Jebi,2013,WP,2013-07-28,7,2013,18.8,111.8,60,978,usa_1min,0,True,2010
2013211N11248,Gil,2013,EP,2013-07-30,7,2013,14.3,-124.6,75,985,usa_1min,1,False,2010
2013214N13243,Henriette,2013,EP,2013-08-02,8,2013,17.2,-138.9,90,976,usa_1min,2,False,2010
2013217N11118,Mangkhut,2013,WP,2013-08-05,8,2013,18.8,107.2,45,989,usa_1min,0,True,2010
2013220N12137,Utor,2013,WP,2013-08-08,8,2013,15.5,123.5,130,926,usa_1min,4,True,2010
2013224N12220,Unala,2013,EP,2013-08-12,8,2013,17,182.1,35,1005,usa_1min,0,False,2010
2013227N08193,Pewa,2013,WP,2013-08-15,8,2013,13.3,178.4,65,987,usa_1min,1,False,2010
2013227N14337,Erin,2013,NA,2013-08-15,8,2013,18,-33.8,40,1006,usa_1min,0,False,2010
2013228N23124,Trami,2013,WP,2013-08-16,8,2013,25.6,122.9,75,967,usa_1min,1,True,2010
2013232N14252,Ivo,2013,EP,2013-08-20,8,2013,20.5,-111.8,40,997,usa_1min,0,False,2010
2013237N11129,Kong-Rey,2013,WP,2013-08-25,8,2013,21.8,122.7,50,985,usa_1min,0,True,2010
2013238N19266,Fernand,2013,NA,2013-08-25,8,2013,19.2,-95.9,50,1001,usa_1min,0,True,2010
2013241N19254,Juliette,2013,EP,2013-08-28,8,2013,23.8,-111,55,997,usa_1min,0,False,2010
2013242N15245,Kiko,2013,EP,2013-08-29,8,2013,20.3,-115.6,65,989,usa_1min,1,False,2010
2013241N29169,Yutu,2013,WP,2013-08-29,8,2013,32.5,176.2,35,1002,wmo,0,False,2010
2013243N26122,Toraji,2013,WP,2013-08-31,8,2013,28.8,127.6,50,985,usa_1min,0,True,2010
2013248N16294,Gabrielle,2013,NA,2013-09-04,9,2013,30.1,-64.8,55,1003,usa_1min,0,False,2010
2013248N17255,Lorena,2013,EP,2013-09-04,9,2013,21.8,-109,45,1002,usa_1min,0,False,2010
2013251N13342,Humberto,2013,NA,2013-09-08,9,2013,17.4,-28.9,80,979,usa_1min,1,False,2010
2013255N20148,Man-Yi,2013,WP,2013-09-11,9,2013,31.5,135,60,978,usa_1min,0,True,2010
2013255N19268,Ingrid,2013,NA,2013-09-12,9,2013,21.6,-94.7,75,983,usa_1min,1,True,2010
2013257N15259,Manuel,2013,EP,2013-09-13,9,2013,24.1,-108.2,65,983,usa_1min,1,True,2010
2013259N17132,Usagi,2013,WP,2013-09-16,9,2013,18.2,127.2,135,922,usa_1min,4,True,2010
2013262N14149,Pabuk,2013,WP,2013-09-19,9,2013,28.4,138.7,90,956,usa_1min,2,False,2010
2013269N15118,Wutip,2013,WP,2013-09-25,9,2013,16.7,111.7,100,948,usa_1min,3,True,2010
2013271N21310,Jerry,2013,NA,2013-09-28,9,2013,27.5,-43.9,45,1005,usa_1min,0,False,2010
2013272N10135,Fitow,2013,WP,2013-09-29,9,2013,23.7,128.5,90,956,usa_1min,2,True,2010
2013272N26152,Sepat,2013,WP,2013-09-29,9,2013,30.1,141.5,40,993,usa_1min,0,False,2010
2013274N18152,Danas,2013,WP,2013-10-01,10,2013,25.2,130.2,120,933,usa_1min,4,False,2010
2013276N21273,Karen,2013,NA,2013-10-03,10,2013,22.1,-87.4,55,998,usa_1min,0,False,2010
2013280N13242,Narda,2013,EP,2013-10-06,10,2013,14.4,-122.8,55,997,usa_1min,0,False,2010
2013281N12098,Phailin,2013,NI,2013-10-07,10,2013,16.8,87.7,140,918,usa_1min,5,True,2010
2013282N14132,Nari,2013,WP,2013-10-08,10,2013,15.5,122.4,100,948,usa_1min,3,True,2010
2013282N14149,Wipha,2013,WP,2013-10-09,10,2013,20.6,135.9,120,933,usa_1min,4,False,2010
2013286N15251,Octave,2013,EP,2013-10-12,10,2013,18.8,-112.8,55,994,usa_1min,0,True,2010
2013287N13243,Priscilla,2013,EP,2013-10-13,10,2013,14.7,-115.6,40,1001,usa_1min,0,False,2010
2013289N14149,Francisco,2013,WP,2013-10-15,10,2013,17.1,139.1,140,918,usa_1min,5,False,2010
2013292N09162,Lekima,2013,WP,2013-10-19,10,2013,18,153.9,140,918,usa_1min,5,False,2010
2013293N13260,Raymond,2013,EP,2013-10-19,10,2013,16.4,-102.1,110,951,usa_1min,3,False,2010
2013294N28304,Lorenzo,2013,NA,2013-10-21,10,2013,29.4,-52.4,45,1000,usa_1min,0,False,2010
2013296S07079,Unnamed,2014,SI,2013-10-23,10,2013,-12.4,65.5,40,993,usa_1min,0,False,2010
2013301N13142,Krosa,2013,WP,2013-10-27,10,2013,19.6,115.9,105,944,usa_1min,3,True,2010
2013305N07141,Unnamed,2013,NI,2013-11-01,11,2013,10.8,116.9,35,996,usa_1min,0,True,2010
2013305N16252,Sonia,2013,EP,2013-11-01,11,2013,19.5,-110,40,1002,usa_1min,0,True,2010
2013306N07162,Haiyan,2013,WP,2013-11-02,11,2013,10.2,129.1,170,895,usa_1min,5,True,2010
2013310N06066,Unnamed,2013,NI,2013-11-06,11,2013,8,53.1,45,989,usa_1min,0,True,2010
2013321N24308,Melissa,2013,NA,2013-11-17,11,2013,30.8,-54.7,55,980,usa_1min,0,False,2010
2013322N13090,Helen,2013,NI,2013-11-18,11,2013,15.9,83.3,70,970,usa_1min,1,True,2010
2013324N07103,Lehar,2013,NI,2013-11-19,11,2013,12.4,91.1,75,967,usa_1min,1,True,2010
2013324S11113,Alessia,2014,SI,2013-11-20,11,2013,-14.6,121.7,45,989,usa_1min,0,True,2010
2013338N34332,Unnamed,2013,NA,2013-12-03,12,2013,33.9,-27.8,55,995,usa_1min,0,False,2010
2013339N09084,Madi,2013,NI,2013-12-05,12,2013,15.4,85.3,85,959,usa_1min,2,True,2010
2013348S10082,Amara,2014,SI,2013-12-14,12,2013,-20.1,64.3,130,926,usa_1min,4,False,2010
2013350S08099,Bruce,2014,SI,2013-12-16,12,2013,-14.4,85,140,918,usa_1min,5,False,2010
2013360S12124,Christine,2014,SI,2013-12-25,12,2013,-20.4,117.7,100,948,usa_1min,3,True,2010
2013362S09053,Bejisa,2014,SI,2013-12-27,12,2013,-19,53.7,115,937,usa_1min,4,False,2010
2014003N08086,Unnamed,2014,NI,2014-01-02,1,2014,9.2,82.5,40,993,usa_1min,0,True,2010
2014004S17183,Ian,2014,SP,2014-01-04,1,2014,-20.4,-173.9,130,926,usa_1min,4,False,2010
2014007S11104,Colin,2014,SI,2014-01-07,1,2014,-17.7,78.6,120,933,usa_1min,4,False,2010
2014015S16043,Deliwe,2014,SI,2014-01-14,1,2014,-22.3,42.8,50,985,usa_1min,0,True,2010
2014017S14160,June,2014,SP,2014-01-16,1,2014,-19.2,163.1,45,989,usa_1min,0,True,2010
2014027S14155,Dylan,2014,SP,2014-01-27,1,2014,-18.1,148.4,45,989,usa_1min,0,True,2010
2014029N10143,Kajiki,2014,WP,2014-01-29,1,2014,10,128.2,35,996,usa_1min,0,True,2010
2014030S14129,Fletcher,2014,SP,2014-01-30,1,2014,-17.3,140.1,35,992,wmo,0,True,2010
2014031S17149,Edna,2014,SP,2014-01-31,1,2014,-22,164.4,55,982,usa_1min,0,False,2010
2014032S13123,Unnamed,2014,SI,2014-02-01,2,2014,-14.9,129.5,55,984,wmo,0,True,2010
2014034S14058,Edilson,2014,SI,2014-02-03,2,2014,-22.6,57.7,55,982,usa_1min,0,False,2010
2014036S12073,Fobane,2014,SI,2014-02-05,2,2014,-18.7,75.6,60,978,usa_1min,0,False,2010
2014048S16039,Guito,2014,SI,2014-02-17,2,2014,-23.4,39.1,65,974,usa_1min,1,True,2010
2014056S18175,Kofi,2014,SP,2014-02-25,2,2014,-23.7,185.9,50,985,usa_1min,0,True,2010
2014058N09149,Faxai,2014,WP,2014-02-26,2,2014,18.8,151.7,80,963,usa_1min,1,False,2010
2014066S09138,Gillian,2014,SI,2014-03-07,3,2014,-15.4,103.6,140,918,usa_1min,5,True,2010
2014066S15152,Hadi,2014,SP,2014-03-07,3,2014,-18.9,151.6,40,993,usa_1min,0,False,2010
2014068S16169,Lusi,2014,SP,2014-03-08,3,2014,-21.7,174.1,70,970,usa_1min,1,True,2010
2014077S11196,Mike,2014,SP,2014-03-17,3,2014,-24.7,-158.5,35,996,usa_1min,0,False,2010
2014086S10041,Hellen,2014,SI,2014-03-26,3,2014,-14.7,44.7,130,926,usa_1min,4,True,2010
2014093N02148,Peipah,2014,WP,2014-04-02,4,2014,2.6,144.6,35,996,usa_1min,0,False,2010
2014092S11159,Ita,2014,SP,2014-04-02,4,2014,-12.8,146.5,140,918,usa_1min,5,True,2010
2014093S11085,Ivanoe,2014,SI,2014-04-03,4,2014,-18.3,81.3,45,989,usa_1min,0,False,2010
2014106S10099,Jack,2014,SI,2014-04-16,4,2014,-14.6,90.7,90,956,usa_1min,2,False,2010
2014117N10145,Tapah,2014,WP,2014-04-26,4,2014,16.5,147.4,70,970,usa_1min,1,False,2010
2014142N10254,Amanda,2014,EP,2014-05-22,5,2014,11.7,-111.1,135,932,usa_1min,4,False,2010
2014153N12267,Boris,2014,EP,2014-06-01,6,2014,14.9,-94.1,40,998,usa_1min,0,False,2010
2014159N12068,Nanauk,2014,NI,2014-06-08,6,2014,16.6,67.2,55,982,usa_1min,0,False,2010
2014160N15259,Cristina,2014,EP,2014-06-09,6,2014,16.4,-106.8,130,935,usa_1min,4,False,2010
2014160N21120,Mitag,2014,WP,2014-06-09,6,2014,24.1,127.9,40,994,wmo,0,False,2010
2014164N19116,Hagibis,2014,WP,2014-06-13,6,2014,22.1,116.8,50,985,usa_1min,0,True,2010
2014180N14255,Douglas,2014,EP,2014-06-28,6,2014,19.1,-115.7,45,999,usa_1min,0,False,2010
2014180N32282,Arthur,2014,NA,2014-06-28,6,2014,34,-77.3,85,973,usa_1min,2,True,2010
2014181N17257,Elida,2014,EP,2014-06-30,6,2014,17,-103,45,1002,usa_1min,0,False,2010
2014184N08147,Neoguri,2014,WP,2014-07-02,7,2014,20.4,128.3,140,918,usa_1min,5,True,2010
2014187N11247,Fausto,2014,EP,2014-07-06,7,2014,9.4,-119.2,40,1004,usa_1min,0,False,2010
2014190N08154,Rammasun,2014,WP,2014-07-09,7,2014,19.9,111.3,140,918,usa_1min,5,True,2010
2014195N11232,Wali,2014,EP,2014-07-13,7,2014,13.2,-140.8,40,1003,usa_1min,0,False,2010
2014197N10137,Matmo,2014,WP,2014-07-16,7,2014,21.9,122.7,85,959,usa_1min,2,True,2010
2014204N10239,Genevieve,2014,EP,2014-07-22,7,2014,15.1,178.7,140,918,usa_1min,5,False,2010
2014207N12255,Hernan,2014,EP,2014-07-26,7,2014,18.3,-111.7,65,992,usa_1min,1,False,2010
2014209N12152,Halong,2014,WP,2014-07-27,7,2014,15,135.1,140,918,usa_1min,5,True,2010
2014209N16134,Nakri,2014,WP,2014-07-27,7,2014,26.1,127,40,992,usa_1min,0,True,2010
2014210N10323,Bertha,2014,NA,2014-07-29,7,2014,26.8,-73.6,70,996,usa_1min,1,True,2010
2014212N11242,Iselle,2014,EP,2014-07-30,7,2014,16.1,-136.9,120,947,usa_1min,4,True,2010
2014214N13249,Julio,2014,EP,2014-08-02,8,2014,17.6,-139.8,105,960,usa_1min,3,False,2010
2014225N15255,Karina,2014,EP,2014-08-12,8,2014,16.5,-134.7,75,983,usa_1min,1,False,2010
2014229N16246,Lowell,2014,EP,2014-08-17,8,2014,19.8,-121.8,65,980,usa_1min,1,False,2010
2014234N12261,Marie,2014,EP,2014-08-22,8,2014,15.9,-111.9,140,918,usa_1min,5,False,2010
2014236N22288,Cristobal,2014,NA,2014-08-23,8,2014,37.5,-63.6,75,963,usa_1min,1,True,2010
2014245N19268,Dolly,2014,NA,2014-09-01,9,2014,22.8,-95.6,45,1000,usa_1min,0,True,2010
2014246N17254,Norbert,2014,EP,2014-09-02,9,2014,24.4,-113.1,110,950,usa_1min,3,False,2010
2014248N19129,Fengshen,2014,WP,2014-09-05,9,2014,31.6,140.5,65,974,usa_1min,1,False,2010
2014253N13260,Odile,2014,EP,2014-09-09,9,2014,18.5,-107,120,918,usa_1min,4,True,2010
2014254N14327,Edouard,2014,NA,2014-09-10,9,2014,30.6,-57.8,105,955,usa_1min,3,False,2010
2014254N10142,Kalmaegi,2014,WP,2014-09-10,9,2014,20.5,109.8,80,963,usa_1min,1,True,2010
2014259N11262,Polo,2014,EP,2014-09-16,9,2014,16,-104,65,979,usa_1min,1,False,2010
2014260N13135,Fung-Wong,2014,WP,2014-09-17,9,2014,21.8,120.3,50,981,usa_1min,0,True,2010
2014267N18150,Kammuri,2014,WP,2014-09-23,9,2014,23.3,145.3,55,982,usa_1min,0,False,2010
2014267N15257,Rachel,2014,EP,2014-09-24,9,2014,20.3,-116.7,75,980,usa_1min,1,False,2010
2014271N10160,Phanfone,2014,WP,2014-09-27,9,2014,25.5,132.8,135,922,usa_1min,4,True,2010
2014274N15260,Simon,2014,EP,2014-09-30,9,2014,21,-115.6,115,946,usa_1min,4,True,2010
2014275N06166,Vongfong,2014,WP,2014-10-01,10,2014,17.7,133.2,155,907,usa_1min,5,True,2010
2014279N11096,Hudhud,2014,NI,2014-10-06,10,2014,16.2,84.9,115,937,usa_1min,4,True,2010
2014283N22299,Fay,2014,NA,2014-10-10,10,2014,32.3,-64.7,70,983,usa_1min,1,False,2010
2014284N10231,Ana,2014,EP,2014-10-10,10,2014,17.5,-157,75,985,usa_1min,1,False,2010
2014285N16305,Gonzalo,2014,NA,2014-10-11,10,2014,25.6,-68.7,125,940,usa_1min,4,False,2010
2014290N14261,Trudy,2014,EP,2014-10-17,10,2014,16.5,-98.8,55,998,usa_1min,0,True,2010
2014294N20265,Hanna,2014,NA,2014-10-21,10,2014,15,-82.4,35,1000,usa_1min,0,True,2010
2014297N11062,Nilofar,2014,NI,2014-10-23,10,2014,16.8,61.8,115,937,usa_1min,4,False,2010
2014303N11261,Vance,2014,EP,2014-10-29,10,2014,15.9,-110.9,95,964,usa_1min,2,False,2010
2014303N13141,Nuri,2014,WP,2014-10-30,10,2014,17.8,132.4,155,907,usa_1min,5,False,2010
2014309N13088,Unnamed,2014,NI,2014-11-05,11,2014,13.8,87.3,35,996,usa_1min,0,False,2010
2014319S06066,Adjali,2015,SI,2014-11-15,11,2014,-10.3,69.3,70,970,usa_1min,1,False,2010
2014327S08077,Unnamed,2015,SI,2014-11-23,11,2014,-15.6,62,35,996,usa_1min,0,False,2010
2014329N08131,Sinlaku,2014,WP,2014-11-25,11,2014,12.8,111.8,55,982,usa_1min,0,True,2010
2014334N02156,Hagupit,2014,WP,2014-11-30,11,2014,9.8,133.8,155,907,usa_1min,5,True,2010
2014344S09102,Bakung,2015,SI,2014-12-09,12,2014,-9,95.6,40,993,usa_1min,0,False,2010
2014356S08101,Kate,2015,SI,2014-12-21,12,2014,-12.5,94,105,944,usa_1min,3,False,2010
2014362N07130,Jangmi,2014,WP,2014-12-27,12,2014,9.7,124.6,45,989,usa_1min,0,True,2010
2015009S19054,Bansi,2015,SI,2015-01-08,1,2015,-17.5,57.3,140,918,usa_1min,5,False,2010
2015012N09146,Mekkhala,2015,WP,2015-01-12,1,2015,11.4,126.7,70,970,usa_1min,1,True,2010
2015013S18038,Chedza,2015,SI,2015-01-13,1,2015,-19.9,44.1,50,985,usa_1min,0,True,2010
2015020S12208,Niko,2015,SP,2015-01-20,1,2015,-20.6,-146.2,55,982,usa_1min,0,False,2010
2015024S15078,Eunice,2015,SI,2015-01-24,1,2015,-17.8,67.7,140,918,usa_1min,5,False,2010
2015024S11090,Diamondra,2015,SI,2015-01-24,1,2015,-19.3,79.4,45,989,usa_1min,0,False,2010
2015030S16161,Ola,2015,SP,2015-01-29,1,2015,-21,162.3,85,959,usa_1min,2,False,2010
2015036S20038,Fundi,2015,SI,2015-02-05,2,2015,-28.4,44,55,982,usa_1min,0,False,2010
2015038N08158,Higos,2015,WP,2015-02-06,2,2015,14.2,154.2,130,926,usa_1min,4,False,2010
2015047S12142,Lam,2015,SP,2015-02-15,2,2015,-12,135.4,100,948,usa_1min,3,True,2010
2015047S15152,Marcia,2015,SP,2015-02-16,2,2015,-21.7,150.5,125,929,usa_1min,4,True,2010
2015050S11094,Glenda,2015,SI,2015-02-19,2,2015,-17.3,69.7,55,982,usa_1min,0,False,2010
2015063S14042,Unnamed,2015,SI,2015-03-04,3,2015,-16,42.1,35,996,usa_1min,0,True,2010
2015064S14052,Haliba,2015,SI,2015-03-04,3,2015,-20.3,52.5,40,993,usa_1min,0,False,2010
2015066S08170,Pam,2015,SP,2015-03-07,3,2015,-16.6,168.8,150,911,usa_1min,5,False,2010
2015068S14113,Olwyn,2015,SI,2015-03-08,3,2015,-23.6,113.6,90,956,usa_1min,2,True,2010
2015068S12151,Nathan,2015,SP,2015-03-09,3,2015,-14.7,145.1,100,948,usa_1min,3,True,2010
2015069N04173,Bavi,2015,WP,2015-03-10,3,2015,10.9,157.2,50,985,usa_1min,0,True,2010
2015079S15182,Reuben,2015,SP,2015-03-19,3,2015,-24.7,-174.4,45,989,usa_1min,0,False,2010
2015085N06162,Maysak,2015,WP,2015-03-25,3,2015,10.2,139.9,150,911,usa_1min,5,True,2010
2015092S18074,Joalane,2015,SI,2015-04-02,4,2015,-14.6,63.2,90,956,usa_1min,2,False,2010
2015092N06161,Haishen,2015,WP,2015-04-02,4,2015,8.8,152.5,45,989,usa_1min,0,False,2010
2015094S10087,Ikola,2015,SI,2015-04-04,4,2015,-16.9,92.1,115,937,usa_1min,4,False,2010
2015099S13163,Solo,2015,SP,2015-04-09,4,2015,-16.7,160.8,55,982,usa_1min,0,False,2010
2015117S12115,Quang,2015,SI,2015-04-27,4,2015,-17.8,109.9,120,933,usa_1min,4,True,2010
2015122N07144,Noul,2015,WP,2015-05-02,5,2015,17,123.3,140,918,usa_1min,5,True,2010
2015126N27281,Ana,2015,NA,2015-05-06,5,2015,31.9,-77.3,50,998,usa_1min,0,True,2010
2015127N04158,Dolphin,2015,WP,2015-05-06,5,2015,16.5,140.6,140,918,usa_1min,5,False,2010
2015148N11250,Andres,2015,EP,2015-05-28,5,2015,15.4,-119.5,125,937,usa_1min,4,False,2010
2015152N12258,Blanca,2015,EP,2015-05-31,5,2015,12.3,-104.6,125,936,usa_1min,4,True,2010
2015157N13069,Ashobaa,2015,NI,2015-06-06,6,2015,21.1,62.6,55,982,usa_1min,0,False,2010
2015162N12262,Carlos,2015,EP,2015-06-10,6,2015,17.7,-104.3,80,978,usa_1min,1,True,2010
2015167N27266,Bill,2015,NA,2015-06-16,6,2015,28,-96,50,997,usa_1min,0,True,2010
2015171N15112,Kujira,2015,WP,2015-06-19,6,2015,18.5,110.9,50,985,usa_1min,0,True,2010
2015180S04163,Raquel,2015,SP,2015-06-28,6,2015,-6.4,159.6,45,989,usa_1min,0,False,2010
2015180N09160,Chan-Hom,2015,WP,2015-06-29,6,2015,25.7,125.5,120,933,usa_1min,4,True,2010
2015183N13130,Linfa,2015,WP,2015-07-01,7,2015,22.5,117.7,75,967,usa_1min,1,True,2010
2015184N08172,Nangka,2015,WP,2015-07-02,7,2015,18,144.5,135,922,usa_1min,4,True,2010
2015188N08194,Halola,2015,WP,2015-07-06,7,2015,15.8,174.3,85,959,usa_1min,2,True,2010
2015189N13223,Ela,2015,EP,2015-07-07,7,2015,17.2,-143.4,40,1002,usa_1min,0,False,2010
2015190N12210,Iune,2015,EP,2015-07-08,7,2015,14.4,-157.6,35,1004,usa_1min,0,False,2010
2015192N11263,Dolores,2015,EP,2015-07-11,7,2015,18.1,-109.4,115,946,usa_1min,4,False,2010
2015193N35285,Claudette,2015,NA,2015-07-12,7,2015,37.6,-67.5,45,1003,usa_1min,0,False,2010
2015194N13235,Enrique,2015,EP,2015-07-12,7,2015,17.9,-130.1,45,1000,usa_1min,0,False,2010
2015203N16126,Unnamed,2015,WP,2015-07-22,7,2015,18,123.3,35,996,usa_1min,0,False,2010
2015204N16247,Felicia,2015,EP,2015-07-22,7,2015,18.6,-114.5,35,1004,usa_1min,0,False,2010
2015207N22091,Komen,2015,NI,2015-07-26,7,2015,21.7,91.5,45,989,usa_1min,0,True,2010
2015209N07248,Guillermo,2015,EP,2015-07-27,7,2015,12.5,-133.9,95,967,usa_1min,2,False,2010
2015211N13162,Soudelor,2015,WP,2015-07-29,7,2015,17.8,140.7,155,907,usa_1min,5,True,2010
2015213S08169,Unnamed,2016,SP,2015-07-31,7,2015,-11,172.4,40,993,usa_1min,0,False,2010
2015218N18149,Molave,2015,WP,2015-08-06,8,2015,32.1,143.6,45,989,usa_1min,0,False,2010
2015218N12231,Hilda,2015,EP,2015-08-06,8,2015,13.6,-142.8,125,937,usa_1min,4,False,2010
2015226N12151,Goni,2015,WP,2015-08-13,8,2015,16.5,141.7,120,933,usa_1min,4,True,2010
2015226N15164,Atsani,2015,WP,2015-08-14,8,2015,19.7,151.3,140,918,usa_1min,5,False,2010
2015229N08212,Kilo,2015,EP,2015-08-17,8,2015,18.3,183.5,120,940,usa_1min,4,False,2010
2015229N10331,Danny,2015,NA,2015-08-17,8,2015,13.8,-47.8,110,960,usa_1min,3,False,2010
2015231N13183,Loke,2015,EP,2015-08-19,8,2015,25.3,-176.7,65,985,usa_1min,1,False,2010
2015236N12231,Ignacio,2015,EP,2015-08-23,8,2015,17.1,-147.7,125,942,usa_1min,4,False,2010
2015237N14315,Erika,2015,NA,2015-08-24,8,2015,16.5,-60.8,45,1001,usa_1min,0,False,2010
2015238N10255,Jimena,2015,EP,2015-08-25,8,2015,12.2,-124.4,135,932,usa_1min,4,False,2010
2015242N12343,Fred,2015,NA,2015-08-30,8,2015,16.1,-23.3,75,986,usa_1min,1,False,2010
2015244N12248,Kevin,2015,EP,2015-08-31,8,2015,18.5,-115.8,50,998,usa_1min,0,False,2010
2015248N10256,Linda,2015,EP,2015-09-04,9,2015,20.6,-113.6,110,950,usa_1min,3,False,2010
2015248N12337,Grace,2015,NA,2015-09-05,9,2015,12.7,-29.2,50,1000,usa_1min,0,False,2010
2015249N18142,Etau,2015,WP,2015-09-05,9,2015,29.2,138.2,60,978,usa_1min,0,True,2010
2015251N31298,Henri,2015,NA,2015-09-08,9,2015,30.9,-60.8,45,1003,usa_1min,0,False,2010
2015257N14152,Krovanh,2015,WP,2015-09-13,9,2015,22.2,143.5,100,948,usa_1min,3,False,2010
2015256N16113,Vamco,2015,WP,2015-09-13,9,2015,15,110.3,35,996,usa_1min,0,True,2010
2015259N09336,Ida,2015,NA,2015-09-15,9,2015,19.7,-47.3,45,1001,usa_1min,0,False,2010
2015260N12187,Malia,2015,EP,2015-09-17,9,2015,25.2,-171.4,45,992,usa_1min,0,False,2010
2015263N14148,Dujuan,2015,WP,2015-09-19,9,2015,23,124.9,130,926,usa_1min,4,True,2010
2015266N11214,Niala,2015,EP,2015-09-23,9,2015,17.1,-151.9,55,992,usa_1min,0,False,2010
2015270N13257,Marty,2015,EP,2015-09-26,9,2015,16.6,-102.4,70,987,usa_1min,1,False,2010
2015270N27291,Joaquin,2015,NA,2015-09-26,9,2015,25.4,-72.6,135,931,usa_1min,4,True,2010
2015273N12130,Mujigae,2015,WP,2015-09-30,9,2015,20.9,111,115,937,usa_1min,4,True,2010
2015274N13201,Oho,2015,EP,2015-10-01,10,2015,21.9,-146.6,95,957,usa_1min,2,True,2010
2015274N17167,Choi-Wan,2015,WP,2015-10-01,10,2015,25.2,150.7,70,970,usa_1min,1,False,2010
2015280N13071,Unnamed,2015,NI,2015-10-07,10,2015,14,70.4,35,996,usa_1min,0,False,2010
2015282N11230,Nora,2015,EP,2015-10-09,10,2015,12.2,-142.7,60,993,usa_1min,0,False,2010
2015285N14151,Koppu,2015,WP,2015-10-12,10,2015,15.9,123.1,130,926,usa_1min,4,True,2010
2015286N12163,Champi,2015,WP,2015-10-12,10,2015,19.8,140.2,125,929,usa_1min,4,False,2010
2015286S10175,Unnamed,2016,SP,2015-10-13,10,2015,-14.2,175.1,35,996,usa_1min,0,False,2010
2015288N10243,Olaf,2015,EP,2015-10-15,10,2015,10.2,-140,130,938,usa_1min,4,False,2010
2015293N16164,Unnamed,2015,WP,2015-10-19,10,2015,30.3,161.5,35,996,usa_1min,0,False,2010
2015293N13266,Patricia,2015,EP,2015-10-20,10,2015,17.3,-105.6,185,872,usa_1min,5,True,2010
2015301N11065,Chapala,2015,NI,2015-10-27,10,2015,14.2,61.1,130,926,usa_1min,4,True,2010
2015309N14067,Megh,2015,NI,2015-11-04,11,2015,12.7,54.9,110,941,usa_1min,3,True,2010
2015313N22289,Kate,2015,NA,2015-11-08,11,2015,36.2,-62.5,75,980,usa_1min,1,False,2010
2015321N04164,In-Fa,2015,WP,2015-11-16,11,2015,11.2,142.8,120,933,usa_1min,4,False,2010
2015322N13253,Rick,2015,EP,2015-11-18,11,2015,14.2,-106.1,35,1002,usa_1min,0,False,2010
2015323S05080,Annabelle,2016,SI,2015-11-18,11,2015,-14.2,73.7,60,978,usa_1min,0,False,2010
2015328N11260,Sandra,2015,EP,2015-11-23,11,2015,14.1,-110.2,130,934,usa_1min,4,False,2010
2015330S10178,Tuni,2016,SP,2015-11-26,11,2015,-13.8,185.3,40,993,usa_1min,0,False,2010
2015342S09079,Bohale,2016,SI,2015-12-07,12,2015,-14.3,70.5,35,996,usa_1min,0,False,2010
2015344N07145,Melor,2015,WP,2015-12-10,12,2015,12.6,125.2,125,929,usa_1min,4,True,2010
2015364S09190,Ula,2016,SP,2015-12-29,12,2015,-19.9,171.3,120,933,usa_1min,4,False,2010
2016006N02188,Pali,2016,EP,2016-01-06,1,2016,6.4,-171.2,85,978,usa_1min,2,False,2010
2016007N27285,Alex,2016,NA,2016-01-07,1,2016,30.8,-28.7,75,978,usa_1min,1,False,2010
2016014S13195,Victor,2016,SP,2016-01-14,1,2016,-20.2,-166.4,90,956,usa_1min,2,False,2010
2016020S14078,Corentin,2016,SI,2016-01-19,1,2016,-22.8,72.1,80,963,usa_1min,1,False,2010
2016027S13119,Stan,2016,SI,2016-01-27,1,2016,-18.7,119.1,65,974,usa_1min,1,True,2010
2016039S14061,Daya,2016,SI,2016-02-07,2,2016,-26.5,55,50,985,usa_1min,0,False,2010
2016040S16155,Tatiana,2016,SP,2016-02-09,2,2016,-17.1,158.8,55,982,usa_1min,0,False,2010
2016041S14170,Winston,2016,SP,2016-02-09,2,2016,-17.4,178.7,155,907,usa_1min,5,True,2010
2016042S10094,Uriah,2016,SI,2016-02-10,2,2016,-19.3,79.5,130,926,usa_1min,4,False,2010
2016055S15202,Yalo,2016,SP,2016-02-23,2,2016,-20.9,-154,55,982,usa_1min,0,False,2010
2016074S16137,Unnamed,2016,SP,2016-03-14,3,2016,-16.3,140.2,40,993,usa_1min,0,True,2010
2016075S11087,Emeraude,2016,SI,2016-03-14,3,2016,-10.5,84.1,125,929,usa_1min,4,False,2010
2016087S13073,Unnamed,2016,SI,2016-03-27,3,2016,-21.6,79.9,45,989,usa_1min,0,False,2010
2016095S13162,Zena,2016,SP,2016-04-04,4,2016,-17.7,172.7,90,956,usa_1min,2,True,2010
2016102S12074,Fantala,2016,SI,2016-04-10,4,2016,-9.5,50.1,155,907,usa_1min,5,False,2010
2016108S17181,Amos,2016,SP,2016-04-17,4,2016,-12.4,-176.4,90,956,usa_1min,2,False,2010
2016138N10081,Roanu,2016,NI,2016-05-17,5,2016,20.9,89.4,60,978,usa_1min,0,True,2010
2016148N27288,Bonnie,2016,NA,2016-05-27,5,2016,30.7,-79.1,40,1006,usa_1min,0,True,2010
2016158N22272,Colin,2016,NA,2016-06-05,6,2016,35.5,-74.4,50,987,usa_1min,0,True,2010
2016171N19268,Danielle,2016,NA,2016-06-18,6,2016,20.7,-96.1,40,1007,usa_1min,0,True,2010
2016178N22068,Unnamed,2016,NI,2016-06-26,6,2016,21.9,64.7,40,993,usa_1min,0,False,2010
2016183N13246,Agatha,2016,EP,2016-07-01,7,2016,16.8,-122.1,45,1002,usa_1min,0,False,2010
2016185N08145,Nepartak,2016,WP,2016-07-02,7,2016,19.5,128.5,155,907,usa_1min,5,True,2010
2016185N11253,Blas,2016,EP,2016-07-02,7,2016,14.3,-121.2,120,947,usa_1min,4,False,2010
2016188N12254,Celia,2016,EP,2016-07-06,7,2016,15.1,-125.8,85,972,usa_1min,2,False,2010
2016194N15255,Darby,2016,EP,2016-07-11,7,2016,17.9,-124.4,105,958,usa_1min,3,True,2010
2016195S06076,Abela,2017,SI,2016-07-12,7,2016,-14.2,59.4,55,982,usa_1min,0,True,2010
2016197N14256,Estelle,2016,EP,2016-07-15,7,2016,16.5,-112.2,60,990,usa_1min,0,False,2010
2016203N10249,Georgette,2016,EP,2016-07-21,7,2016,16.6,-126.4,115,952,usa_1min,4,False,2010
2016203N13259,Frank,2016,EP,2016-07-21,7,2016,21.6,-118.2,75,979,usa_1min,1,False,2010
2016205N25152,Lupit,2016,WP,2016-07-22,7,2016,30.8,158.3,45,989,usa_1min,0,False,2010
2016207N17116,Mirinae,2016,WP,2016-07-25,7,2016,20.2,106.2,65,974,usa_1min,1,True,2010
2016211N11128,Nida,2016,WP,2016-07-29,7,2016,21.7,116.1,80,963,usa_1min,1,True,2010
2016214N15240,Howard,2016,EP,2016-07-31,7,2016,18,-127,50,998,usa_1min,0,False,2010
2016216N17149,Omais,2016,WP,2016-08-02,8,2016,25.2,147.6,65,974,usa_1min,1,False,2010
2016215N16283,Earl,2016,NA,2016-08-02,8,2016,17.4,-87.8,75,979,usa_1min,1,True,2010
2016216N14243,Ivette,2016,EP,2016-08-03,8,2016,15.3,-131.2,50,1000,usa_1min,0,False,2010
2016220N18258,Javier,2016,EP,2016-08-06,8,2016,22.2,-109.3,55,997,usa_1min,0,True,2010
2016221N19163,Conson,2016,WP,2016-08-07,8,2016,32.7,153.1,55,982,usa_1min,0,True,2010
2016225N16138,Chanthu,2016,WP,2016-08-11,8,2016,40.8,142.7,60,978,usa_1min,0,True,2010
2016228N22117,Dianmu,2016,WP,2016-08-15,8,2016,20.5,107.6,45,989,usa_1min,0,True,2010
2016230N12328,Fiona,2016,NA,2016-08-16,8,2016,16.9,-41.5,45,1004,usa_1min,0,False,2010
2016230N15138,Mindulle,2016,WP,2016-08-16,8,2016,34.3,139.5,65,974,usa_1min,1,True,2010
2016230N25160,Lionrock,2016,WP,2016-08-16,8,2016,26.1,136.6,120,933,usa_1min,4,True,2010
2016230N12254,Kay,2016,EP,2016-08-17,8,2016,19.8,-112.4,45,1000,usa_1min,0,False,2010
2016232N22153,Kompasu,2016,WP,2016-08-18,8,2016,34.4,145.6,35,996,usa_1min,0,True,2010
2016235N11341,Gaston,2016,NA,2016-08-21,8,2016,30.6,-55.2,105,955,usa_1min,3,False,2010
2016236N13146,Unnamed,2016,WP,2016-08-22,8,2016,15.7,145.1,40,993,usa_1min,0,False,2010
2016237N14253,Lester,2016,EP,2016-08-24,8,2016,17.7,-137,125,944,usa_1min,4,False,2010
2016240N13224,Madeline,2016,EP,2016-08-26,8,2016,18.9,-146.7,115,950,usa_1min,4,False,2010
2016242N24279,Hermine,2016,NA,2016-08-28,8,2016,29,-84.8,70,981,usa_1min,1,True,2010
2016244N21123,Namtheun,2016,WP,2016-08-30,8,2016,27.1,130.8,100,948,usa_1min,3,True,2010
2016248N15255,Newton,2016,EP,2016-09-04,9,2016,22.1,-109.5,80,977,usa_1min,1,True,2010
2016250N25125,Malou,2016,WP,2016-09-05,9,2016,27.1,127,40,1000,wmo,0,False,2010
2016253N13144,Meranti,2016,WP,2016-09-08,9,2016,20.4,122.9,170,895,usa_1min,5,True,2010
2016253N26152,Unnamed,2016,WP,2016-09-09,9,2016,35.5,152.6,35,996,usa_1min,0,False,2010
2016255N12247,Orlene,2016,EP,2016-09-10,9,2016,17.7,-119.2,95,967,usa_1min,2,False,2010
2016256N12146,Malakas,2016,WP,2016-09-11,9,2016,22.1,123.4,115,937,usa_1min,4,True,2010
2016256N20312,Ian,2016,NA,2016-09-12,9,2016,46.8,-38.6,55,984,usa_1min,0,False,2010
2016257N13341,Karl,2016,NA,2016-09-12,9,2016,35.8,-55.1,60,980,usa_1min,0,False,2010
2016257N27280,Julia,2016,NA,2016-09-13,9,2016,29,-81.2,45,1007,usa_1min,0,True,2010
2016262N16251,Paine,2016,EP,2016-09-18,9,2016,22,-116.1,80,979,usa_1min,1,False,2010
2016263N13333,Lisa,2016,NA,2016-09-19,9,2016,17.2,-31.7,45,999,usa_1min,0,False,2010
2016265N10150,Megi,2016,WP,2016-09-21,9,2016,22.7,123.8,120,933,usa_1min,4,True,2010
2016269N15165,Chaba,2016,WP,2016-09-24,9,2016,24.9,127,150,911,usa_1min,5,False,2010
2016270N15240,Roslyn,2016,EP,2016-09-25,9,2016,16.7,-119.4,45,999,usa_1min,0,False,2010
2016270N12223,Ulika,2016,EP,2016-09-25,9,2016,13.6,-139.1,65,992,usa_1min,1,False,2010
2016273N13300,Matthew,2016,NA,2016-09-28,9,2016,13.4,-71.9,145,934,usa_1min,5,True,2010
2016277S30044,Bransby,2017,SI,2016-10-03,10,2016,-31.3,46.3,55,987,wmo,0,False,2010
2016278N16181,Songda,2016,WP,2016-10-03,10,2016,30.3,148.9,130,926,usa_1min,4,False,2010
2016278N23300,Nicole,2016,NA,2016-10-04,10,2016,30.6,-66.2,120,950,usa_1min,4,False,2010
2016279N19130,Aere,2016,WP,2016-10-04,10,2016,20.9,116.1,55,985,usa_1min,0,True,2010
2016287N12131,Sarika,2016,WP,2016-10-12,10,2016,15.7,121.8,115,944,usa_1min,4,True,2010
2016288N06146,Haima,2016,WP,2016-10-14,10,2016,16,127.6,145,914,usa_1min,5,True,2010
2016295N13089,Kyant,2016,NI,2016-10-21,10,2016,16.8,91.1,40,993,usa_1min,0,False,2010
2016296N11262,Seymour,2016,EP,2016-10-22,10,2016,15.9,-117.1,130,940,usa_1min,4,False,2010
2016305N10147,Meari,2016,WP,2016-10-30,10,2016,19.5,142.6,90,962,usa_1min,2,False,2010
2016313N11163,Ma-On,2016,WP,2016-11-08,11,2016,15.6,158.5,35,996,usa_1min,0,False,2010
2016318N18253,Tina,2016,EP,2016-11-13,11,2016,17.5,-107.3,35,1004,usa_1min,0,False,2010
2016323N13279,Otto,2016,NA,2016-11-17,11,2016,11,-83,100,975,usa_1min,3,True,2010
2016328N09130,Tokage,2016,WP,2016-11-23,11,2016,16.5,118,80,963,usa_1min,1,True,2010
2016335N07088,Nada,2016,NI,2016-11-29,11,2016,9,84.9,45,989,usa_1min,0,True,2010
2016341N08092,Vardah,2016,NI,2016-12-06,12,2016,13.2,82,85,959,usa_1min,2,True,2010
2016354S15116,Yvette,2017,SI,2016-12-18,12,2016,-14.1,114.2,50,985,usa_1min,0,True,2010
2016355N07146,Nock-Ten,2016,WP,2016-12-20,12,2016,13.5,126,140,915,usa_1min,5,True,2010
2017025S16128,Unnamed,2017,SI,2017-01-25,1,2017,-20.2,114.8,50,985,usa_1min,0,True,2010
2017033S14056,Carlos,2017,SI,2017-02-02,2,2017,-23.8,53.6,70,970,usa_1min,1,False,2010
2017043S19040,Dineo,2017,SI,2017-02-11,2,2017,-23.5,36.4,85,959,usa_1min,2,True,2010
2017046S17137,Alfred,2017,SP,2017-02-15,2,2017,-15.3,137.1,50,985,usa_1min,0,True,2010
2017051S18189,Bart,2017,SP,2017-02-20,2,2017,-21,-164.3,40,993,usa_1min,0,False,2010
2017052S16178,Unnamed,2017,SP,2017-02-21,2,2017,-20,185.7,45,989,usa_1min,0,True,2010
2017060S09139,Blanche,2017,SI,2017-03-01,3,2017,-14,128.2,55,982,usa_1min,0,True,2010
2017061S11063,Enawo,2017,SI,2017-03-02,3,2017,-14.7,51.5,130,926,usa_1min,4,True,2010
2017065S14079,Fernando,2017,SI,2017-03-05,3,2017,-14.6,68.7,45,989,usa_1min,0,False,2010
2017079S13122,Unnamed,2017,SI,2017-03-19,3,2017,-20,118.4,50,985,wmo,0,True,2010
2017081S10096,Caleb,2017,SI,2017-03-21,3,2017,-14.9,100.5,45,989,usa_1min,0,False,2010
2017082S14152,Debbie,2017,SP,2017-03-23,3,2017,-19.6,149.8,115,937,usa_1min,4,True,2010
2017094S10115,Ernie,2017,SI,2017-04-04,4,2017,-15.7,110.5,140,918,usa_1min,5,False,2010
2017094S17191,Unnamed,2017,SP,2017-04-04,4,2017,-25.8,-168,40,993,usa_1min,0,False,2010
2017097S12171,Cook,2017,SP,2017-04-06,4,2017,-20.5,165.8,90,956,usa_1min,2,True,2010
2017104N08085,Maarutha,2017,NI,2017-04-14,4,2017,16,92,50,985,usa_1min,0,True,2010
2017106N36310,Arlene,2017,NA,2017-04-16,4,2017,35.8,-50.3,55,986,usa_1min,0,False,2010
2017111S09146,Frances,2017,SI,2017-04-20,4,2017,-12.5,124.4,80,963,usa_1min,1,True,2010
2017113N09144,Muifa,2017,WP,2017-04-22,4,2017,14.5,134.5,40,993,usa_1min,0,False,2010
2017119S08103,Greg,2017,SI,2017-04-29,4,2017,-10.6,101.1,45,995,wmo,0,False,2010
2017122S13170,Donna,2017,SP,2017-05-01,5,2017,-17,164.8,125,929,usa_1min,4,False,2010
2017127S18184,Ella,2017,SP,2017-05-07,5,2017,-13.8,182,70,970,usa_1min,1,False,2010
2017130N09269,Adrian,2017,EP,2017-05-09,5,2017,9.7,-92,40,1004,usa_1min,0,False,2010
2017147N14087,Mora,2017,NI,2017-05-27,5,2017,21,91.9,80,963,usa_1min,1,True,2010
2017152N14262,Beatriz,2017,EP,2017-05-31,5,2017,14.8,-97.1,40,1001,usa_1min,0,True,2010
2017161N13119,Merbok,2017,WP,2017-06-10,6,2017,20.2,115.1,45,989,usa_1min,0,True,2010
2017163N14265,Calvin,2017,EP,2017-06-11,6,2017,15.9,-95.7,40,1004,usa_1min,0,True,2010
2017170N08310,Bret,2017,NA,2017-06-18,6,2017,10.1,-61.1,45,1007,usa_1min,0,True,2010
2017171N24271,Cindy,2017,NA,2017-06-19,6,2017,26.2,-90.9,50,991,usa_1min,0,True,2010
2017175N13264,Dora,2017,EP,2017-06-24,6,2017,17.6,-106.8,90,974,usa_1min,2,False,2010
2017182N15132,Nanmadol,2017,WP,2017-07-01,7,2017,28.6,125.5,65,974,usa_1min,1,True,2010
2017189N11250,Eugene,2017,EP,2017-07-07,7,2017,16.3,-115,100,966,usa_1min,3,False,2010
2017193N12252,Fernanda,2017,EP,2017-07-11,7,2017,10.7,-120.3,125,948,usa_1min,4,False,2010
2017195N16114,Talas,2017,WP,2017-07-14,7,2017,18.1,108.4,50,985,usa_1min,0,True,2010
2017198N10312,Don,2017,NA,2017-07-17,7,2017,11.2,-53.8,45,1005,usa_1min,0,False,2010
2017199N14255,Greg,2017,EP,2017-07-17,7,2017,14.2,-117,50,1000,usa_1min,0,False,2010
2017200N26162,Noru,2017,WP,2017-07-19,7,2017,22.8,140.9,135,922,usa_1min,4,True,2010
2017201N23178,Kulap,2017,WP,2017-07-20,7,2017,30.5,172.2,50,985,usa_1min,0,False,2010
2017202N08274,Hilary,2017,EP,2017-07-20,7,2017,15.9,-109.3,95,969,usa_1min,2,False,2010
2017202N16116,Sonca,2017,WP,2017-07-20,7,2017,16.9,110.3,45,989,usa_1min,0,True,2010
2017202N19124,Roke,2017,WP,2017-07-21,7,2017,21.2,119.1,35,996,usa_1min,0,True,2010
2017203N14248,Irwin,2017,EP,2017-07-22,7,2017,15.8,-119.8,80,979,usa_1min,1,False,2010
2017206N13129,Nesat,2017,WP,2017-07-25,7,2017,24,122.4,90,956,usa_1min,2,True,2010
2017209N19118,Haitang,2017,WP,2017-07-27,7,2017,18.2,116.3,40,992,usa_1min,0,True,2010
2017212N28275,Emily,2017,NA,2017-07-30,7,2017,27.5,-82.7,50,1001,usa_1min,0,True,2010
2017212N27158,Nalgae,2017,WP,2017-07-31,7,2017,35.9,161.2,60,978,usa_1min,0,False,2010
2017219N16279,Franklin,2017,NA,2017-08-06,8,2017,20.3,-95.5,75,981,usa_1min,1,True,2010
2017223N16172,Banyan,2017,WP,2017-08-10,8,2017,20.8,164.2,110,941,usa_1min,3,False,2010
2017224N19253,Jova,2017,EP,2017-08-11,8,2017,18.8,-108,35,1003,usa_1min,0,False,2010
2017224N22293,Gert,2017,NA,2017-08-12,8,2017,38.2,-64.1,95,962,usa_1min,2,False,2010
2017228N14314,Harvey,2017,NA,2017-08-16,8,2017,27.8,-96.8,115,937,usa_1min,4,True,2010
2017230N13249,Kenneth,2017,EP,2017-08-17,8,2017,16.9,-129.7,115,951,usa_1min,4,False,2010
2017232N19130,Hato,2017,WP,2017-08-19,8,2017,21.9,113.7,100,948,usa_1min,3,True,2010
2017236N15129,Pakhar,2017,WP,2017-08-24,8,2017,21.9,113.4,60,983,usa_1min,0,True,2010
2017239N18147,Sanvu,2017,WP,2017-08-26,8,2017,27.2,142.1,90,953,usa_1min,2,False,2010
2017240N31279,Unnamed,2017,NA,2017-08-27,8,2017,35.4,-75.5,40,1004,usa_1min,0,True,2010
2017242N17253,Lidia,2017,EP,2017-08-29,8,2017,22.4,-110,55,986,usa_1min,0,True,2010
2017242N16333,Irma,2017,NA,2017-08-30,8,2017,16.9,-59.2,155,914,usa_1min,5,True,2010
2017242N19122,Mawar,2017,WP,2017-08-30,8,2017,21.9,116.6,45,989,usa_1min,0,True,2010
2017247N09327,Jose,2017,NA,2017-09-04,9,2017,16.4,-57.8,135,938,usa_1min,4,False,2010
2017249N22263,Katia,2017,NA,2017-09-05,9,2017,21.1,-96.2,90,972,usa_1min,2,True,2010
2017252N14147,Talim,2017,WP,2017-09-08,9,2017,26.5,124.6,120,933,usa_1min,4,True,2010
2017253N14130,Doksuri,2017,WP,2017-09-10,9,2017,17.7,107.4,95,960,usa_1min,2,True,2010
2017254N16251,Otis,2017,EP,2017-09-11,9,2017,17.6,-127.2,100,965,usa_1min,3,False,2010
2017257N16258,Max,2017,EP,2017-09-13,9,2017,16.6,-99.2,80,980,usa_1min,1,True,2010
2017257N16251,Norma,2017,EP,2017-09-14,9,2017,18.9,-110.1,65,985,usa_1min,1,False,2010
2017258N10337,Lee,2017,NA,2017-09-14,9,2017,30.3,-56.6,100,962,usa_1min,3,False,2010
2017260N12310,Maria,2017,NA,2017-09-16,9,2017,17,-64.3,150,908,usa_1min,5,True,2010
2017265N17257,Pilar,2017,EP,2017-09-22,9,2017,20,-106,45,1000,usa_1min,0,False,2010
2017277N11279,Nate,2017,NA,2017-10-03,10,2017,25.7,-87.9,80,981,usa_1min,1,True,2010
2017277N14265,Ramon,2017,EP,2017-10-03,10,2017,14.6,-95.7,40,1002,usa_1min,0,False,2010
2017280N32321,Ophelia,2017,NA,2017-10-06,10,2017,34.2,-27.7,100,957,usa_1min,3,True,2010
2017284N15134,Khanun,2017,WP,2017-10-11,10,2017,20.3,114.1,90,956,usa_1min,2,True,2010
2017288N09138,Lan,2017,WP,2017-10-15,10,2017,23.8,132.5,135,922,usa_1min,4,True,2010
2017292N13151,Saola,2017,WP,2017-10-19,10,2017,27.1,128.4,65,974,usa_1min,1,False,2010
2017300N10271,Selma,2017,EP,2017-10-26,10,2017,10.5,-89.2,35,1004,usa_1min,0,True,2010
2017301N18276,Philippe,2017,NA,2017-10-27,10,2017,21.3,-82.4,35,1000,usa_1min,0,True,2010
2017304N11127,Damrey,2017,WP,2017-10-31,10,2017,12.8,110.4,90,967,usa_1min,2,True,2010
2017309N26308,Rina,2017,NA,2017-11-04,11,2017,36.4,-48.7,50,991,usa_1min,0,False,2010
2017312N10134,Haikui,2017,WP,2017-11-07,11,2017,17.2,116.8,45,989,usa_1min,0,True,2010
2017321N07124,Kirogi,2017,WP,2017-11-16,11,2017,10.9,111.7,40,993,usa_1min,0,True,2010
2017329S10110,Cempaka,2018,SI,2017-11-25,11,2017,-8.6,111.3,60,990,wmo,0,False,2010
2017332S08098,Dahlia,2018,SI,2017-11-27,11,2017,-9.7,109.3,55,988,usa_1min,0,False,2010
2017333N06082,Ockhi,2017,NI,2017-11-28,11,2017,10.5,70.3,100,948,usa_1min,3,True,2010
2017340N09089,Unnamed,2017,NI,2017-12-06,12,2017,17,86.3,45,989,usa_1min,0,False,2010
2017347N11131,Kai-Tak,2017,WP,2017-12-12,12,2017,11.3,127.7,50,985,usa_1min,0,True,2010
2017354N08134,Tembin,2017,WP,2017-12-20,12,2017,8.2,113.3,85,959,usa_1min,2,True,2010
2017360S15124,Hilda,2018,SI,2017-12-26,12,2017,-18.8,121.8,50,990,usa_1min,0,True,2010
2017364N07138,Bolaven,2018,WP,2017-12-29,12,2017,10.4,116,35,1001,usa_1min,0,True,2010
2017364S12065,Ava,2018,SI,2017-12-30,12,2017,-17.8,50,95,958,usa_1min,2,True,2010
2018004S09096,Irving,2018,SI,2018-01-04,1,2018,-16.6,81.3,95,962,usa_1min,2,False,2010
2018007S13130,Joyce,2018,SI,2018-01-07,1,2018,-18.6,121.6,50,987,usa_1min,0,True,2010
2018010S10069,Berguitta,2018,SI,2018-01-10,1,2018,-17.9,63,105,950,usa_1min,3,False,2010
2018025S09080,Cebile,2018,SI,2018-01-25,1,2018,-14.2,82.7,115,942,usa_1min,4,False,2010
2018027S11156,Fehi,2018,SP,2018-01-26,1,2018,-40.1,167.9,55,970,usa_1min,0,True,2010
2018038S15172,Gita,2018,SP,2018-02-07,2,2018,-21.6,186,125,929,usa_1min,4,True,2010
2018039N08151,Sanba,2018,WP,2018-02-08,2,2018,7,134.5,40,999,usa_1min,0,True,2010
2018044S10133,Kelvin,2018,SI,2018-02-12,2,2018,-19.8,122.1,75,971,usa_1min,1,True,2010
2018060S13057,Dumazile,2018,SI,2018-03-01,3,2018,-22.2,51.6,110,941,usa_1min,3,False,2010
2018064S16172,Hola,2018,SP,2018-03-05,3,2018,-17.2,165.7,105,950,usa_1min,3,True,2010
2018070S10160,Linda,2018,SP,2018-03-11,3,2018,-20.4,158.9,55,989,usa_1min,0,True,2010
2018073S12057,Eliakim,2018,SI,2018-03-13,3,2018,-15.8,50.6,65,982,usa_1min,1,True,2010
2018073S09129,Marcus,2018,SI,2018-03-14,3,2018,-15.4,108.4,150,906,usa_1min,5,True,2010
2018079S08137,Nora,2018,SP,2018-03-20,3,2018,-12,139.5,100,956,usa_1min,3,True,2010
2018082S12164,Iris,2018,SP,2018-03-22,3,2018,-19,150.3,55,987,usa_1min,0,False,2010
2018082N04147,Jelawat,2018,WP,2018-03-23,3,2018,16.8,139,130,926,usa_1min,4,False,2010
2018089S18172,Josie,2018,SP,2018-03-30,3,2018,-19,176.6,50,994,usa_1min,0,False,2010
2018096S15172,Keni,2018,SP,2018-04-06,4,2018,-19.6,179.2,90,968,usa_1min,2,False,2010
2018111S07055,Fakir,2018,SI,2018-04-20,4,2018,-19.4,55,75,982,usa_1min,1,False,2010
2018117S07098,Flamboyan,2018,SI,2018-04-27,4,2018,-15.8,84.4,70,982,usa_1min,1,False,2010
2018129N15153,Unnamed,2018,WP,2018-05-09,5,2018,19,147.5,35,1004,usa_1min,0,False,2010
2018136N11054,Sagar,2018,NI,2018-05-15,5,2018,11.3,45.1,65,974,usa_1min,1,True,2010
2018141N08059,Mekunu,2018,NI,2018-05-21,5,2018,16.3,54.3,100,948,usa_1min,3,True,2010
2018146N19273,Alberto,2018,NA,2018-05-25,5,2018,28.2,-85.8,55,990,usa_1min,0,True,2010
2018148N17090,Unnamed,2018,NI,2018-05-28,5,2018,19.4,93.3,45,989,usa_1min,0,True,2010
2018153N12113,Ewiniar,2018,WP,2018-06-02,6,2018,21,111.5,40,996,usa_1min,0,True,2010
2018155N10132,Maliksi,2018,WP,2018-06-03,6,2018,25.2,130.6,60,974,usa_1min,0,False,2010
2018157N14255,Aletta,2018,EP,2018-06-06,6,2018,15.7,-111,120,943,usa_1min,4,False,2010
2018161N12260,Bud,2018,EP,2018-06-09,6,2018,17.3,-107.4,120,943,usa_1min,4,True,2010
2018164N21120,Unnamed,2018,WP,2018-06-13,6,2018,25.3,124.5,35,993,usa_1min,0,False,2010
2018165N22117,Gaemi,2018,WP,2018-06-13,6,2018,26.9,128.8,45,990,usa_1min,0,True,2010
2018166N15260,Carlotta,2018,EP,2018-06-14,6,2018,16.4,-99.5,55,997,usa_1min,0,False,2010
2018174N12244,Daniel,2018,EP,2018-06-23,6,2018,16.6,-116,40,1004,usa_1min,0,False,2010
2018179N19134,Prapiroon,2018,WP,2018-06-27,6,2018,28.2,127.3,80,960,usa_1min,1,True,2010
2018178N12253,Emilia,2018,EP,2018-06-27,6,2018,16,-115.8,50,997,usa_1min,0,False,2010
2018182N11256,Fabio,2018,EP,2018-06-30,6,2018,15.5,-116,95,964,usa_1min,2,False,2010
2018184N10147,Maria,2018,WP,2018-07-03,7,2018,20.5,136.6,145,910,usa_1min,5,True,2010
2018186N10325,Beryl,2018,NA,2018-07-04,7,2018,10.5,-44.6,70,991,usa_1min,1,True,2010
2018186N31292,Chris,2018,NA,2018-07-05,7,2018,33.9,-71.9,90,969,usa_1min,2,False,2010
2018195N19138,Son-Tinh,2018,WP,2018-07-13,7,2018,18.7,106.8,50,989,usa_1min,0,True,2010
2018199N18128,Ampil,2018,WP,2018-07-17,7,2018,30.7,122.9,55,982,usa_1min,0,True,2010
2018202N18116,Unnamed,2018,WP,2018-07-20,7,2018,18,118.6,35,995,usa_1min,0,False,2010
2018202N21159,Wukong,2018,WP,2018-07-21,7,2018,33.9,157.8,65,974,usa_1min,1,False,2010
2018204N15137,Jongdari,2018,WP,2018-07-23,7,2018,26.4,143.8,90,950,usa_1min,2,True,2010
2018208N13238,Gilma,2018,EP,2018-07-26,7,2018,14.2,-126.3,40,1005,usa_1min,0,False,2010
2018211N27152,Unnamed,2018,WP,2018-07-30,7,2018,36.2,150,35,996,usa_1min,0,False,2010
2018213N12245,Hector,2018,EP,2018-07-31,7,2018,15.1,217.5,135,936,usa_1min,4,False,2010
2018214N19153,Shanshan,2018,WP,2018-08-02,8,2018,31.2,143.9,85,953,usa_1min,2,False,2010
2018215N41326,Debby,2018,NA,2018-08-02,8,2018,42.4,-47.2,45,998,usa_1min,0,False,2010
2018217N12266,Ileana,2018,EP,2018-08-04,8,2018,15.8,-101.2,55,998,usa_1min,0,False,2010
2018218N14255,John,2018,EP,2018-08-05,8,2018,18.3,-110.1,95,964,usa_1min,2,False,2010
2018218N18134,Yagi,2018,WP,2018-08-06,8,2018,27.7,122.2,45,983,usa_1min,0,True,2010
2018219N15237,Kristy,2018,EP,2018-08-06,8,2018,17.8,-129.9,60,991,usa_1min,0,False,2010
2018221N17112,Bebinca,2018,WP,2018-08-09,8,2018,20,108,60,979,usa_1min,0,True,2010
2018222N16147,Leepi,2018,WP,2018-08-10,8,2018,23.5,141.4,65,982,usa_1min,1,True,2010
2018226N11245,Lane,2018,EP,2018-08-13,8,2018,14.3,-153.6,140,926,usa_1min,5,False,2010
2018226N23128,Rumbia,2018,WP,2018-08-14,8,2018,30.5,121.9,50,978,usa_1min,0,True,2010
2018227N11145,Soulik,2018,WP,2018-08-15,8,2018,24.8,140,105,942,usa_1min,3,True,2010
2018227N37315,Ernesto,2018,NA,2018-08-15,8,2018,41.5,-43.8,40,999,usa_1min,0,True,2010
2018229N11160,Cimaron,2018,WP,2018-08-16,8,2018,24.2,139.9,115,936,usa_1min,4,True,2010
2018238N13239,Miriam,2018,EP,2018-08-25,8,2018,18.7,-141.2,85,974,usa_1min,2,False,2010
2018239N11161,Jebi,2018,WP,2018-08-26,8,2018,18.3,142.7,155,907,usa_1min,5,True,2010
2018240N15251,Norman,2018,EP,2018-08-27,8,2018,17.6,-118.4,130,937,usa_1min,4,False,2010
2018242N13343,Florence,2018,NA,2018-08-30,8,2018,27.2,-66.4,130,937,usa_1min,4,True,2010
2018244N14252,Olivia,2018,EP,2018-09-01,9,2018,18.9,-129.2,115,951,usa_1min,4,False,2010
2018246N22283,Gordon,2018,NA,2018-09-02,9,2018,28.9,-87.2,60,996,usa_1min,0,True,2010
2018250N12170,Mangkhut,2018,WP,2018-09-06,9,2018,14,135.2,155,896,usa_1min,5,True,2010
2018251N13325,Isaac,2018,NA,2018-09-07,9,2018,14.5,-41,65,995,usa_1min,1,False,2010
2018251N13343,Helene,2018,NA,2018-09-07,9,2018,15.3,-32.1,95,967,usa_1min,2,False,2010
2018251N15248,Paul,2018,EP,2018-09-07,9,2018,18.1,-118.6,40,1002,usa_1min,0,False,2010
2018251N20122,Barijat,2018,WP,2018-09-08,9,2018,20.8,118.1,45,996,usa_1min,0,True,2010
2018255N37320,Joyce,2018,NA,2018-09-12,9,2018,37,-39.8,45,995,usa_1min,0,False,2010
2018256S07076,Unnamed,2019,SI,2018-09-13,9,2018,-10.6,70.1,45,1002,usa_1min,0,False,2010
2018263N17089,Daye,2018,NI,2018-09-19,9,2018,18.3,86.1,35,995,usa_1min,0,True,2010
2018263N12146,Trami,2018,WP,2018-09-20,9,2018,19.6,129.1,140,914,usa_1min,5,True,2010
2018265N08338,Kirk,2018,NA,2018-09-22,9,2018,12.1,-53.6,55,998,usa_1min,0,False,2010
2018265N35315,Leslie,2018,NA,2018-09-22,9,2018,30.4,-35.2,80,968,usa_1min,1,True,2010
2018268N14253,Rosa,2018,EP,2018-09-25,9,2018,16.9,-117.1,130,936,usa_1min,4,True,2010
2018269S09157,Liua,2019,SP,2018-09-25,9,2018,-10.9,162.1,45,989,usa_1min,0,True,2010
2018269N11220,Walaka,2018,EP,2018-09-26,9,2018,12.9,-169.6,140,921,usa_1min,5,False,2010
2018271N06154,Kong-Rey,2018,WP,2018-09-27,9,2018,17.3,133.6,150,906,usa_1min,5,True,2010
2018273N12259,Sergio,2018,EP,2018-09-29,9,2018,14.1,-118.5,120,942,usa_1min,4,True,2010
2018279N11069,Luban,2018,NI,2018-10-05,10,2018,14.4,58.6,85,959,usa_1min,2,True,2010
2018280N18273,Michael,2018,NA,2018-10-06,10,2018,30,-85.5,140,919,usa_1min,5,True,2010
2018281N14088,Titli,2018,NI,2018-10-08,10,2018,18.3,85,105,944,usa_1min,3,True,2010
2018282N09333,Nadine,2018,NA,2018-10-08,10,2018,11.8,-30.9,55,995,usa_1min,0,False,2010
2018288N17257,Tara,2018,EP,2018-10-14,10,2018,18.4,-104.3,55,995,usa_1min,0,False,2010
2018292N13269,Vicente,2018,EP,2018-10-19,10,2018,14.5,-94,45,1002,usa_1min,0,True,2010
2018292N14261,Willa,2018,EP,2018-10-19,10,2018,17.9,-107.1,140,925,usa_1min,5,True,2010
2018294N08161,Yutu,2018,WP,2018-10-20,10,2018,14.7,146.2,150,904,usa_1min,5,True,2010
2018300N25315,Oscar,2018,NA,2018-10-26,10,2018,27,-58.5,95,952,usa_1min,2,False,2010
2018306N14249,Xavier,2018,EP,2018-11-02,11,2018,17.4,-105.3,55,995,usa_1min,0,False,2010
2018309S06068,Alcide,2019,SI,2018-11-04,11,2018,-11.4,54.2,115,952,usa_1min,4,False,2010
2018311N07179,Usagi,2018,WP,2018-11-07,11,2018,9.8,109.5,90,971,usa_1min,2,True,2010
2018313S05090,Bouchra,2019,SI,2018-11-09,11,2018,-14.7,81,60,977,usa_1min,0,False,2010
2018314N12093,Gaja,2018,NI,2018-11-10,11,2018,10.6,80.3,80,963,usa_1min,1,True,2010
2018324N04156,Man-Yi,2018,WP,2018-11-19,11,2018,13.4,137,95,959,usa_1min,2,False,2010
2018334S09156,Owen,2019,SP,2018-11-30,11,2018,-15.3,136,85,965,usa_1min,2,True,2010
2018347N07089,Phethai,2018,NI,2018-12-13,12,2018,13.4,83.1,55,989,usa_1min,0,True,2010
2018348S08093,Kenanga,2019,SI,2018-12-14,12,2018,-15.8,82.8,115,944,usa_1min,4,False,2010
2018351S09059,Cilida,2019,SI,2018-12-16,12,2018,-15.1,57.7,135,925,usa_1min,4,False,2010
2018363S12145,Penny,2019,SP,2018-12-28,12,2018,-15.7,155.5,55,987,usa_1min,0,True,2010
2018365N08115,Pabuk,2018,WP,2018-12-30,12,2018,7.9,101.6,50,996,usa_1min,0,True,2010
2019001S10162,Mona,2019,SP,2018-12-31,12,2018,-14.5,177.5,50,989,usa_1min,0,False,2010
2019018S24033,Desmond,2019,SI,2019-01-17,1,2019,-23,38.7,45,989,usa_1min,0,True,2010
2019019S13106,Unnamed,2019,SI,2019-01-19,1,2019,-11,96.1,40,998,wmo,0,False,2010
2019021S09128,Riley,2019,SI,2019-01-21,1,2019,-17.9,112.8,75,970,usa_1min,1,False,2010
2019023S21041,Eketsang,2019,SI,2019-01-23,1,2019,-25.6,42.6,40,992,wmo,0,False,2010
2019035S13070,Funani,2019,SI,2019-02-03,2,2019,-19.9,66.7,120,940,usa_1min,4,False,2010
2019035S11058,Gelena,2019,SI,2019-02-04,2,2019,-18.7,60.3,120,946,usa_1min,4,False,2010
2019040S17183,Neil,2019,SP,2019-02-09,2,2019,-20.8,-175,40,994,usa_1min,0,False,2010
2019042S17162,Oma,2019,SP,2019-02-11,2,2019,-19.6,162.5,75,968,usa_1min,1,False,2010
2019050N05163,Wutip,2019,WP,2019-02-18,2,2019,11.8,142.9,145,895,usa_1min,5,False,2010
2019057S13184,Pola,2019,SP,2019-02-25,2,2019,-23.3,-178,100,948,usa_1min,3,False,2010
2019060S10078,Haleh,2019,SI,2019-02-28,2,2019,-19.1,72.5,115,941,usa_1min,4,False,2010
2019063S18038,Idai,2019,SI,2019-03-04,3,2019,-17.3,43,115,947,usa_1min,4,True,2010
2019067S11115,Savannah,2019,SI,2019-03-08,3,2019,-16.2,91,105,957,usa_1min,3,False,2010
2019071N04161,Unnamed,2019,WP,2019-03-11,3,2019,7.4,133.8,35,1001,usa_1min,0,True,2010
2019074S08151,Trevor,2019,SP,2019-03-14,3,2019,-15.6,138.2,110,948,usa_1min,3,True,2010
2019077S13123,Veronica,2019,SI,2019-03-18,3,2019,-16.4,117.7,130,925,usa_1min,4,True,2010
2019078S13066,Joaninha,2019,SI,2019-03-18,3,2019,-19.5,65,120,938,usa_1min,4,False,2010
2019093S07133,Wallace,2019,SI,2019-04-03,4,2019,-16.3,115.2,60,992,usa_1min,0,False,2010
2019112S04079,Lorna,2019,SI,2019-04-21,4,2019,-18.1,90,90,965,usa_1min,2,False,2010
2019112S10053,Kenneth,2019,SI,2019-04-21,4,2019,-11.7,41.9,125,934,usa_1min,4,True,2010
2019116N02090,Fani,2019,NI,2019-04-25,4,2019,17.6,84.8,150,900,usa_1min,5,True,2010
2019126S05129,Lili,2019,SI,2019-05-05,5,2019,-9.1,128.8,55,993,usa_1min,0,False,2010
2019129S10160,Ann,2019,SP,2019-05-09,5,2019,-15.9,155.7,60,989,usa_1min,0,True,2010
2019141N28291,Andrea,2019,NA,2019-05-20,5,2019,28.1,-68.6,35,1006,usa_1min,0,False,2010
2019160N11073,Vayu,2019,NI,2019-06-08,6,2019,20.8,69.1,100,948,usa_1min,3,True,2010
2019176N18128,Sepat,2019,WP,2019-06-24,6,2019,34.1,137.9,40,992,wmo,0,False,2010
2019177N15256,Alvin,2019,EP,2019-06-25,6,2019,17,-114.8,65,992,usa_1min,1,False,2010
2019178N10137,Unnamed,2019,WP,2019-06-27,6,2019,14.8,131.2,35,998,usa_1min,0,False,2010
2019181N10252,Barbara,2019,EP,2019-06-30,6,2019,13,-124,135,930,usa_1min,4,False,2010
2019182N18114,Mun,2019,WP,2019-07-01,7,2019,19.1,108.3,35,992,usa_1min,0,True,2010
2019188N16245,Cosme,2019,EP,2019-07-06,7,2019,15.5,-114.9,45,1001,usa_1min,0,False,2010
2019192N29274,Barry,2019,NA,2019-07-10,7,2019,29.3,-91.9,65,993,usa_1min,1,True,2010
2019195N13136,Danas,2019,WP,2019-07-14,7,2019,26.5,123.9,45,984,usa_1min,0,True,2010
2019203N15244,Dalila,2019,EP,2019-07-22,7,2019,18.3,-117.4,40,1004,usa_1min,0,False,2010
2019205N23137,Nari,2019,WP,2019-07-24,7,2019,27.5,137.3,35,991,usa_1min,0,True,2010
2019209N11237,Erick,2019,EP,2019-07-27,7,2019,13.4,216.4,115,952,usa_1min,4,False,2010
2019210N11253,Flossie,2019,EP,2019-07-28,7,2019,13,-122.4,70,987,usa_1min,1,False,2010
2019210N16117,Wipha,2019,WP,2019-07-29,7,2019,21.5,108.4,55,983,usa_1min,0,True,2010
2019213N17155,Francisco,2019,WP,2019-08-01,8,2019,31.8,131.9,80,966,usa_1min,1,True,2010
2019215N13242,Gil,2019,EP,2019-08-02,8,2019,14.7,-121.9,35,1006,usa_1min,0,False,2010
2019214N15134,Lekima,2019,WP,2019-08-02,8,2019,24.4,124.9,135,904,usa_1min,4,True,2010
2019216N16147,Krosa,2019,WP,2019-08-04,8,2019,22.1,140.6,100,945,usa_1min,3,True,2010
2019224N18252,Henriette,2019,EP,2019-08-11,8,2019,19.7,-111.5,40,1003,usa_1min,0,False,2010
2019231N13135,Bailu,2019,WP,2019-08-19,8,2019,22.3,120.6,60,979,usa_1min,0,True,2010
2019233N40300,Chantal,2019,NA,2019-08-20,8,2019,40.3,-57.1,35,1007,usa_1min,0,False,2010
2019233N15255,Ivo,2019,EP,2019-08-21,8,2019,15.5,-113.1,60,990,usa_1min,0,False,2010
2019236N08143,Podul,2019,WP,2019-08-24,8,2019,17.5,111.3,40,993,usa_1min,0,True,2010
2019236N10314,Dorian,2019,NA,2019-08-24,8,2019,26.5,-77,160,910,usa_1min,5,True,2010
2019239N32287,Erin,2019,NA,2019-08-26,8,2019,31.3,-71.6,35,1002,usa_1min,0,False,2010
2019242N14180,Faxai,2019,WP,2019-08-30,8,2019,30.1,140.5,115,940,usa_1min,4,True,2010
2019242N18126,Kajiki,2019,WP,2019-08-30,8,2019,17.4,108.4,35,993,usa_1min,0,True,2010
2019243N06136,Lingling,2019,WP,2019-08-30,8,2019,25.7,125.2,120,928,usa_1min,4,True,2010
2019244N13253,Juliette,2019,EP,2019-09-01,9,2019,18.2,-114.7,110,953,usa_1min,3,False,2010
2019246N16330,Gabrielle,2019,NA,2019-09-03,9,2019,34.5,-49.3,55,995,usa_1min,0,False,2010
2019246N24266,Fernand,2019,NA,2019-09-03,9,2019,23.1,-96.1,45,1000,usa_1min,0,True,2010
2019246N15225,Akoni,2019,EP,2019-09-03,9,2019,12.1,-144.6,35,1004,usa_1min,0,False,2010
2019255N09162,Peipah,2019,WP,2019-09-12,9,2019,17.7,148,35,999,usa_1min,0,False,2010
2019255N15251,Kiko,2019,EP,2019-09-12,9,2019,17,-120.9,115,950,usa_1min,4,False,2010
2019256N23286,Humberto,2019,NA,2019-09-12,9,2019,32.5,-67.2,110,950,usa_1min,3,False,2010
2019260N10253,Mario,2019,EP,2019-09-16,9,2019,14.4,-111.4,60,991,usa_1min,0,False,2010
2019260N12262,Lorena,2019,EP,2019-09-17,9,2019,23,-109.2,75,985,usa_1min,1,True,2010
2019260N13317,Jerry,2019,NA,2019-09-17,9,2019,17.7,-56.6,90,976,usa_1min,2,False,2010
2019260N20129,Tapah,2019,WP,2019-09-17,9,2019,27.4,125.6,65,967,usa_1min,1,False,2010
2019261N28264,Imelda,2019,NA,2019-09-17,9,2019,28.9,-95.4,40,1003,usa_1min,0,True,2010
2019264N19071,Hikaa:Hikka,2019,NI,2019-09-20,9,2019,20.1,61,90,969,usa_1min,2,True,2010
2019265N12301,Karen,2019,NA,2019-09-22,9,2019,17.7,-65.6,40,1003,usa_1min,0,False,2010
2019266N11341,Lorenzo,2019,NA,2019-09-22,9,2019,24.3,-45,140,925,usa_1min,5,True,2010
2019268N10155,Mitag,2019,WP,2019-09-24,9,2019,24.6,122.9,90,961,usa_1min,2,True,2010
2019272N14261,Narda,2019,EP,2019-09-28,9,2019,23.6,-107.3,45,997,usa_1min,0,True,2010
2019278N16165,Hagibis,2019,WP,2019-10-04,10,2019,15.9,147.1,160,890,usa_1min,5,True,2010
2019282N35286,Melissa,2019,NA,2019-10-08,10,2019,38.9,-68.2,55,994,usa_1min,0,False,2010
2019285N15198,Ema,2019,EP,2019-10-11,10,2019,20.5,-163.7,45,1003,usa_1min,0,False,2010
2019288N16136,Neoguri,2019,WP,2019-10-15,10,2019,22.6,127.5,95,964,usa_1min,2,False,2010
2019290N08169,Bualoi,2019,WP,2019-10-17,10,2019,18.7,144,140,922,usa_1min,5,False,2010
2019290N11234,Octave,2019,EP,2019-10-17,10,2019,10,-126.8,40,1006,usa_1min,0,False,2010
2019291N22264,Nestor,2019,NA,2019-10-17,10,2019,25.2,-91.2,50,996,usa_1min,0,True,2010
2019293N17257,Priscilla,2019,EP,2019-10-19,10,2019,17.9,-104,40,1003,usa_1min,0,True,2010
2019296N15066,Kyaar:Kyarr,2019,NI,2019-10-22,10,2019,17,68.2,135,924,usa_1min,4,False,2010
2019297N40322,Pablo,2019,NA,2019-10-23,10,2019,44.1,-17.3,70,977,usa_1min,1,False,2010
2019299N25265,Olga,2019,NA,2019-10-25,10,2019,27,-92.5,45,992,usa_1min,0,True,2010
2019300N41309,Rebekah,2019,NA,2019-10-27,10,2019,40.5,-41.1,70,965,usa_1min,1,False,2010
2019301N05081,Maha,2019,NI,2019-10-28,10,2019,18.9,64.1,105,959,usa_1min,3,False,2010
2019302N11118,Bulbul:Matmo,2019,NI,2019-10-28,10,2019,21.4,88.3,105,955,usa_1min,3,True,2010
2019306N10162,Halong,2019,WP,2019-11-01,11,2019,20.1,150.7,165,888,usa_1min,5,False,2010
2019308N13114,Nakri,2019,WP,2019-11-04,11,2019,12.6,116.5,65,982,usa_1min,1,True,2010
2019314N12172,Fengshen,2019,WP,2019-11-09,11,2019,21.1,142.2,115,946,usa_1min,4,False,2010
2019314N14136,Kalmaegi,2019,WP,2019-11-09,11,2019,19.2,122.5,90,963,usa_1min,2,True,2010
2019317N11248,Raymond,2019,EP,2019-11-13,11,2019,14.4,-109.1,45,1001,usa_1min,0,False,2010
2019322N11144,Fung-Wong,2019,WP,2019-11-17,11,2019,20.1,124.8,65,988,usa_1min,1,False,2010
2019323N19302,Sebastien,2019,NA,2019-11-19,11,2019,26.7,-52.6,60,970,usa_1min,0,True,2010
2019326S08163,Rita,2020,SP,2019-11-22,11,2019,-11.8,169.8,70,980,usa_1min,1,False,2020
2019329N09160,Kammuri,2019,WP,2019-11-24,11,2019,12.9,124.7,120,938,usa_1min,4,True,2010
2019335N05058,Pawan,2019,NI,2019-11-30,11,2019,7.9,52.2,45,997,usa_1min,0,True,2010
2019336S06055,Belna,2020,SI,2019-12-02,12,2019,-10.3,47.4,105,955,usa_1min,3,True,2020
2019337N11072,Unnamed,2019,NI,2019-12-02,12,2019,13.8,70,55,993,usa_1min,0,False,2010
2019337S04065,Ambali,2020,SI,2019-12-03,12,2019,-10.4,62.2,140,918,usa_1min,5,False,2020
2019352S14070,Calvinia,2020,SI,2019-12-17,12,2019,-22.7,58.6,75,969,usa_1min,1,False,2020
2019354N05151,Phanfone,2019,WP,2019-12-19,12,2019,11.8,122.4,105,958,usa_1min,3,False,2010
2019359S08175,Sarai,2020,SP,2019-12-24,12,2019,-20,178.2,75,971,usa_1min,1,False,2020
2020005S08133,Claudia,2020,SI,2020-01-04,1,2020,-17.6,112.4,85,971,usa_1min,2,True,2020
2020005S13121,Blake,2020,SI,2020-01-04,1,2020,-17.1,122.3,55,989,usa_1min,0,True,2020
2020015S12170,Tino,2020,SP,2020-01-15,1,2020,-19.1,183.9,85,955,usa_1min,2,False,2020
2020019S11063,Unnamed,2020,SI,2020-01-19,1,2020,-21.5,70.5,45,998,usa_1min,0,False,2020
2020023S19056,Esami,2020,SI,2020-01-22,1,2020,-23.7,71.6,45,991,usa_1min,0,True,2020
2020022S17043,Diane,2020,SI,2020-01-22,1,2020,-21.9,64.2,55,985,usa_1min,0,True,2020
2020024S14190,Unnamed,2020,SP,2020-01-24,1,2020,-20.6,-167.8,35,1000,usa_1min,0,False,2020
2020034S13063,Francisco,2020,SI,2020-02-03,2,2020,-16.9,68.4,45,993,usa_1min,0,True,2020
2020034S17129,Damien,2020,SI,2020-02-03,2,2020,-20.4,116.6,95,956,usa_1min,2,True,2020
2020037S13163,Uesi,2020,SP,2020-02-06,2,2020,-21.6,162.7,80,968,usa_1min,1,False,2020
2020045S15075,Gabekile,2020,SI,2020-02-13,2,2020,-18.4,74.6,90,969,usa_1min,2,False,2020
2020051S13186,Vicky,2020,SP,2020-02-20,2,2020,-15.1,-170.4,45,997,usa_1min,0,True,2020
2020052S11181,Wasi,2020,SP,2020-02-20,2,2020,-13.2,-174,60,993,usa_1min,0,False,2020
2020052S13140,Esther,2020,SI,2020-02-21,2,2020,-16.7,137.7,50,992,usa_1min,0,True,2020
2020053S12119,Ferdinand,2020,SI,2020-02-22,2,2020,-15.8,116.5,100,958,usa_1min,3,False,2020
2020069S11113,Unnamed,2020,SI,2020-03-09,3,2020,-22,114.6,45,996,usa_1min,0,True,2020
2020072S14054,Herold,2020,SI,2020-03-12,3,2020,-18.5,59.4,100,960,usa_1min,3,False,2020
2020073S14149,Gretel,2020,SP,2020-03-13,3,2020,-21.6,163.5,65,971,usa_1min,1,False,2020
2020092S09155,Harold,2020,SP,2020-04-01,4,2020,-15.8,167.8,145,909,usa_1min,5,True,2020
2020092S12069,Irondro,2020,SI,2020-04-01,4,2020,-21.5,78.1,105,950,usa_1min,3,False,2020
2020104S12091,Jeruto,2020,SI,2020-04-13,4,2020,-14.7,86.3,40,1000,usa_1min,0,False,2020
2020129N07134,Vongfong,2020,WP,2020-05-08,5,2020,12.2,127,100,961,usa_1min,3,True,2020
2020136N10088,Amphan,2020,NI,2020-05-15,5,2020,14.1,86.4,145,901,usa_1min,5,True,2020
2020138N28281,Arthur,2020,NA,2020-05-16,5,2020,37,-69.5,55,989,usa_1min,0,False,2020
2020139S04095,Mangga,2020,SI,2020-05-18,5,2020,-7.7,92.6,40,996,usa_1min,0,False,2020
2020148N32281,Bertha,2020,NA,2020-05-27,5,2020,32.6,-79.5,45,1005,usa_1min,0,True,2020
2020152N12269,Amanda,2020,EP,2020-05-30,5,2020,13.3,-90.4,35,1003,usa_1min,0,True,2020
2020153N13072,Nisarga,2020,NI,2020-05-31,5,2020,18.1,72.9,85,968,usa_1min,2,True,2020
2020154N19269,Cristobal,2020,NA,2020-06-01,6,2020,18.9,-92.3,50,982,usa_1min,0,True,2020
2020160N10133,Nuri,2020,WP,2020-06-08,6,2020,19.4,115.1,35,995,usa_1min,0,True,2020
2020174N39293,Dolly,2020,NA,2020-06-22,6,2020,39.4,-62.7,40,1000,usa_1min,0,False,2020
2020176N10228,Boris,2020,EP,2020-06-24,6,2020,11,-136.8,35,1005,usa_1min,0,False,2020
2020186N30289,Edouard,2020,NA,2020-07-04,7,2020,39.9,-51.7,40,1005,usa_1min,0,True,2020
2020188N28271,Fay,2020,NA,2020-07-05,7,2020,37.7,-74.7,50,998,usa_1min,0,True,2020
2020189N10261,Cristina,2020,EP,2020-07-06,7,2020,19.4,-114.8,60,993,usa_1min,0,False,2020
2020202N15234,Unnamed,2020,EP,2020-07-19,7,2020,18.3,-129.7,35,1006,usa_1min,0,False,2020
2020203N09323,Gonzalo,2020,NA,2020-07-20,7,2020,9.7,-46.6,55,997,usa_1min,0,True,2020
2020202N15241,Douglas,2020,EP,2020-07-20,7,2020,14.6,-138,115,954,usa_1min,4,False,2020
2020205N26272,Hanna,2020,NA,2020-07-23,7,2020,26.9,-96.8,80,973,usa_1min,1,True,2020
2020211N13306,Isaias,2020,NA,2020-07-28,7,2020,32.8,-79.1,80,986,usa_1min,1,True,2020
2020211N14124,Sinlaku,2020,WP,2020-07-29,7,2020,19.3,106.4,45,989,usa_1min,0,True,2020
2020213N15131,Hagupit,2020,WP,2020-07-30,7,2020,26.8,121.7,75,971,usa_1min,1,True,2020
2020220N14128,Jangmi,2020,WP,2020-08-06,8,2020,27.5,126.2,40,990,usa_1min,0,True,2020
2020221N13262,Elida,2020,EP,2020-08-08,8,2020,21.1,-113.5,90,971,usa_1min,2,False,2020
2020222N15117,Mekkhala,2020,WP,2020-08-08,8,2020,23.5,118,70,980,usa_1min,1,True,2020
2020222N26149,Unnamed,2020,WP,2020-08-09,8,2020,26.1,147.8,45,1000,usa_1min,0,False,2020
2020224N11326,Josephine,2020,NA,2020-08-10,8,2020,13.4,-48.6,40,1004,usa_1min,0,False,2020
2020228N37286,Kyle,2020,NA,2020-08-14,8,2020,38.4,-69.1,45,1000,usa_1min,0,False,2020
2020229N18123,Higos,2020,WP,2020-08-16,8,2020,21.6,113.8,60,988,usa_1min,0,True,2020
2020229N18242,Fausto,2020,EP,2020-08-16,8,2020,20.4,-119.3,35,1004,usa_1min,0,False,2020
2020230N11264,Genevieve,2020,EP,2020-08-16,8,2020,17.7,-107.6,115,950,usa_1min,4,False,2020
2020234N19123,Bavi,2020,WP,2020-08-20,8,2020,31.4,124.7,100,942,usa_1min,3,True,2020
2020233N14313,Laura,2020,NA,2020-08-20,8,2020,28.5,-93,130,937,usa_1min,4,True,2020
2020234N14280,Marco,2020,NA,2020-08-20,8,2020,24.3,-87.2,65,991,usa_1min,1,False,2020
2020238N16252,Hernan,2020,EP,2020-08-25,8,2020,18.4,-105.8,40,1001,usa_1min,0,False,2020
2020239N15243,Iselle,2020,EP,2020-08-25,8,2020,17.7,-115.6,50,997,usa_1min,0,False,2020
2020239N13134,Maysak,2020,WP,2020-08-26,8,2020,26.9,126,120,930,usa_1min,4,True,2020
2020244N25146,Haishen,2020,WP,2020-08-30,8,2020,22.2,134.3,135,913,usa_1min,4,True,2020
2020244N30279,Omar,2020,NA,2020-08-30,8,2020,34.6,-73.7,35,1003,usa_1min,0,False,2020
2020245N16285,Nana,2020,NA,2020-09-01,9,2020,16.9,-87.5,65,994,usa_1min,1,True,2020
2020249N14265,Julio,2020,EP,2020-09-04,9,2020,16.8,-103.9,40,1004,usa_1min,0,False,2020
2020251N15342,Rene,2020,NA,2020-09-06,9,2020,18.4,-35.3,40,1001,usa_1min,0,False,2020
2020251N17319,Paulette,2020,NA,2020-09-07,9,2020,33.9,-64.4,90,965,usa_1min,2,False,2020
2020256N25281,Sally,2020,NA,2020-09-11,9,2020,29.9,-87.9,95,965,usa_1min,2,True,2020
2020256N11329,Teddy,2020,NA,2020-09-12,9,2020,20.4,-54.4,120,945,usa_1min,4,True,2020
2020257N16248,Karina,2020,EP,2020-09-12,9,2020,18.7,-119.3,50,996,usa_1min,0,False,2020
2020259N47338,Alpha,2020,NA,2020-09-14,9,2020,47,-22.4,60,992,usa_1min,0,True,2020
2020258N18332,Vicky,2020,NA,2020-09-14,9,2020,19,-29.1,45,1001,usa_1min,0,False,2020
2020258N11127,Noul,2020,WP,2020-09-14,9,2020,16.1,110.3,50,990,usa_1min,0,True,2020
2020261N10335,Wilfred,2020,NA,2020-09-17,9,2020,10.8,-28.1,35,1006,usa_1min,0,False,2020
2020261N21265,Beta,2020,NA,2020-09-17,9,2020,27.5,-93.6,55,993,usa_1min,0,True,2020
2020263N21136,Dolphin,2020,WP,2020-09-19,9,2020,28.1,135.6,55,983,usa_1min,0,True,2020
2020265N16252,Lowell,2020,EP,2020-09-20,9,2020,19.6,-119.3,45,1001,usa_1min,0,False,2020
2020270N17159,Kujira,2020,WP,2020-09-25,9,2020,34.7,155.1,65,974,usa_1min,1,False,2020
2020272N12257,Marie,2020,EP,2020-09-27,9,2020,15.9,-122.6,120,945,usa_1min,4,False,2020
2020276N17277,Gamma,2020,NA,2020-10-02,10,2020,20.2,-87.4,65,978,usa_1min,1,True,2020
2020277N21141,Chan-Hom,2020,WP,2020-10-03,10,2020,27.2,133,80,963,usa_1min,1,False,2020
2020279N11256,Norbert,2020,EP,2020-10-04,10,2020,13.9,-106.4,50,1000,usa_1min,0,False,2020
2020279N16284,Delta,2020,NA,2020-10-04,10,2020,18.5,-83.3,120,953,usa_1min,4,True,2020
2020281N14126,Linfa,2020,WP,2020-10-06,10,2020,14.7,110.6,40,999,usa_1min,0,True,2020
2020285N17120,Nangka,2020,WP,2020-10-11,10,2020,19.1,110.5,50,989,usa_1min,0,True,2020
2020291N06141,Saudel,2020,WP,2020-10-16,10,2020,17.7,115.3,75,975,usa_1min,1,True,2020
2020291N32305,Epsilon,2020,NA,2020-10-16,10,2020,29.3,-59.6,100,952,usa_1min,3,False,2020
2020296N09137,Molave,2020,WP,2020-10-21,10,2020,13.5,113.2,105,952,usa_1min,3,True,2020
2020299N18277,Zeta,2020,NA,2020-10-24,10,2020,29.2,-90.6,100,970,usa_1min,3,True,2020
2020299N11144,Goni,2020,WP,2020-10-25,10,2020,13.7,125,170,884,usa_1min,5,True,2020
2020303N05149,Atsani,2020,WP,2020-10-29,10,2020,20.2,128.7,50,993,usa_1min,0,False,2020
2020306N15288,Eta,2020,NA,2020-10-31,10,2020,14.3,-82.5,130,922,usa_1min,4,True,2020
2020309N14245,Odalys,2020,EP,2020-11-03,11,2020,17.7,-121.2,45,1000,usa_1min,0,False,2020
2020312N10131,Etau,2020,WP,2020-11-06,11,2020,12.7,112.1,45,995,usa_1min,0,True,2020
2020313N08135,Vamco,2020,WP,2020-11-08,11,2020,15.6,112.4,115,945,usa_1min,4,True,2020
2020314N28313,Theta,2020,NA,2020-11-08,11,2020,28.9,-38,60,987,usa_1min,0,False,2020
2020317S04092,Alicia,2021,SI,2020-11-11,11,2020,-15.3,72.8,75,978,usa_1min,1,False,2020
2020318N16289,Iota,2020,NA,2020-11-12,11,2020,13.5,-81.5,135,917,usa_1min,4,True,2020
2020323N15248,Polo,2020,EP,2020-11-17,11,2020,16,-115.6,40,1004,usa_1min,0,False,2020
2020326N11063,Gati,2020,NI,2020-11-20,11,2020,10.4,52.6,100,967,usa_1min,3,True,2020
2020327N08086,Nivar,2020,NI,2020-11-22,11,2020,11.5,80.9,70,982,usa_1min,1,True,2020
2020332S11091,Bongoyo,2021,SI,2020-11-26,11,2020,-17.7,77.4,60,989,usa_1min,0,False,2020
2020335N06090,Burevi,2020,NI,2020-11-29,11,2020,8.5,83.3,45,999,usa_1min,0,True,2020
2020339S09106,Unnamed,2021,SI,2020-12-04,12,2020,-10.9,108.6,45,992,usa_1min,0,True,2020
2020345S13183,Unnamed,2021,SP,2020-12-09,12,2020,-14.9,176.2,40,999,usa_1min,0,False,2020
2020346S13168,Yasa,2021,SP,2020-12-11,12,2020,-14.7,174.3,140,914,usa_1min,5,True,2020
2020347S14190,Zazu,2021,SP,2020-12-12,12,2020,-20.3,-170.9,55,985,usa_1min,0,False,2020
2020355S11065,Chalane,2021,SI,2020-12-20,12,2020,-19.3,35.9,70,985,usa_1min,1,True,2020
2020366S12073,Danilo,2021,SI,2020-12-30,12,2020,-13,75.4,60,984,usa_1min,0,False,2020
2021001S14136,Imogen,2021,SP,2021-01-01,1,2021,-17.4,140.8,45,994,usa_1min,0,True,2020
2021005S10101,Unnamed,2021,SI,2021-01-05,1,2021,-15.8,98.1,35,999,wmo,0,False,2020
2021012S12086,Eloise,2021,SI,2021-01-11,1,2021,-20.1,35,90,968,usa_1min,2,True,2020
2021013S12099,Joshua,2021,SI,2021-01-13,1,2021,-19.3,87.9,50,993,usa_1min,0,False,2020
2021015S14147,Kimi,2021,SP,2021-01-15,1,2021,-15.8,146.5,55,990,usa_1min,0,False,2020
2021018S11133,Unnamed,2021,SI,2021-01-18,1,2021,-19,120.2,45,995,usa_1min,0,True,2020
2021020S13107,Unnamed,2021,SI,2021-01-19,1,2021,-12.6,97.4,40,995,usa_1min,0,False,2020
2021025S14138,Lucas,2021,SP,2021-01-24,1,2021,-15.6,162.6,65,980,usa_1min,1,True,2020
2021028S15128,Unnamed,2021,SI,2021-01-28,1,2021,-24.4,113.7,35,991,usa_1min,0,True,2020
2021029S16171,Ana,2021,SP,2021-01-28,1,2021,-18.1,178.4,65,975,usa_1min,1,True,2020
2021029S14162,Bina,2021,SP,2021-01-29,1,2021,-12.6,174,50,988,usa_1min,0,True,2020
2021035S11080,Faraji,2021,SI,2021-02-04,2,2021,-14.3,82.6,140,920,usa_1min,5,False,2020
2021038S14178,Unnamed,2021,SP,2021-02-07,2,2021,-25.2,182.3,45,989,usa_1min,0,True,2020
2021042S23040,Guambe,2021,SI,2021-02-11,2,2021,-24.8,36.5,90,960,usa_1min,2,True,2020
2021046N06142,Dujuan,2021,WP,2021-02-14,2,2021,7,131.2,45,991,usa_1min,0,True,2020
2021053S13128,Marian,2021,SI,2021-02-22,2,2021,-17.5,91.4,100,952,usa_1min,3,False,2020
2021058S14149,Niran,2021,SP,2021-02-26,2,2021,-18.8,159.2,140,917,usa_1min,5,False,2020
2021062S14064,Habana,2021,SI,2021-03-02,3,2021,-17.5,76.1,135,928,usa_1min,4,False,2020
2021062S18040,Iman,2021,SI,2021-03-02,3,2021,-25.5,59.8,50,989,usa_1min,0,True,2020
2021079S12097,Unnamed,2021,SI,2021-03-20,3,2021,-12.3,92.8,35,1000,wmo,0,False,2020
2021093S11122,Seroja,2021,SI,2021-04-02,4,2021,-26.2,112,75,968,usa_1min,1,True,2020
2021093S10103,Odette,2021,SI,2021-04-03,4,2021,-14.4,107.9,55,987,usa_1min,0,False,2020
2021097S10090,Unnamed,2021,SI,2021-04-06,4,2021,-10.7,95.4,35,1000,wmo,0,False,2020
2021099S15159,Unnamed,2021,SP,2021-04-09,4,2021,-24.6,167.9,40,998,usa_1min,0,True,2020
2021102N06144,Surigae,2021,WP,2021-04-11,4,2021,12,129.2,170,882,usa_1min,5,False,2020
2021108S11067,Jobo,2021,SI,2021-04-17,4,2021,-9.7,48.2,55,994,usa_1min,0,True,2020
2021129N13254,Andres,2021,EP,2021-05-08,5,2021,13.7,-107.9,35,1005,usa_1min,0,False,2020
2021132N06132,Unnamed,2021,WP,2021-05-11,5,2021,7.2,129.1,35,1000,usa_1min,0,True,2020
2021133N10071,Tauktae,2021,NI,2021-05-13,5,2021,18.4,71.7,120,931,usa_1min,4,True,2020
2021140N30305,Ana,2021,NA,2021-05-20,5,2021,34.8,-55,50,1004,usa_1min,0,False,2020
2021143N15090,Yaas,2021,NI,2021-05-23,5,2021,19.5,88.2,65,974,usa_1min,1,True,2020
2021148N05142,Choi-Wan,2021,WP,2021-05-28,5,2021,8.1,130.8,45,996,usa_1min,0,True,2020
2021151N11257,Blanca,2021,EP,2021-05-30,5,2021,13.9,-109.5,50,998,usa_1min,0,False,2020
2021161N18115,Koguma,2021,WP,2021-06-10,6,2021,19.7,107.4,35,996,usa_1min,0,True,2020
2021163N11240,Carlos,2021,EP,2021-06-12,6,2021,11.9,-125,45,1003,usa_1min,0,False,2020
2021165N32282,Bill,2021,NA,2021-06-13,6,2021,39.4,-64,55,992,usa_1min,0,False,2020
2021169N14260,Dolores,2021,EP,2021-06-17,6,2021,17.9,-103.5,60,989,usa_1min,0,True,2020
2021169N23268,Claudette,2021,NA,2021-06-17,6,2021,27.2,-91.1,40,1003,usa_1min,0,True,2020
2021171N09152,Champi,2021,WP,2021-06-19,6,2021,22,139.1,65,987,usa_1min,1,False,2020
2021176N15259,Enrique,2021,EP,2021-06-25,6,2021,17.5,-105.9,80,972,usa_1min,1,False,2020
2021179N30287,Danny,2021,NA,2021-06-27,6,2021,32,-79.5,40,1009,usa_1min,0,True,2020
2021182N09317,Elsa,2021,NA,2021-06-30,6,2021,13.8,-62.4,75,991,usa_1min,1,True,2020
2021195N13249,Felicia,2021,EP,2021-07-14,7,2021,14.5,-124.2,125,945,usa_1min,4,False,2020
2021197N17135,In-Fa,2021,WP,2021-07-15,7,2021,24.1,127.9,95,951,usa_1min,2,True,2020
2021198N15254,Guillermo,2021,EP,2021-07-17,7,2021,18.3,-113.4,50,999,usa_1min,0,False,2020
2021198N19117,Cempaka,2021,WP,2021-07-17,7,2021,21.5,112.3,80,965,usa_1min,1,True,2020
2021204N21146,Nepartak,2021,WP,2021-07-22,7,2021,34.9,142.6,40,981,usa_1min,0,True,2020
2021208N13245,Jimena,2021,EP,2021-07-26,7,2021,15.7,-136.8,35,1004,usa_1min,0,False,2020
2021212N12248,Hilda,2021,EP,2021-07-30,7,2021,14.2,-118.3,75,985,usa_1min,1,False,2020
2021213N14253,Ignacio,2021,EP,2021-07-31,7,2021,18.2,-113.6,35,1004,usa_1min,0,False,2020
2021214N20155,Unnamed,2021,WP,2021-08-01,8,2021,25.3,153.2,35,995,usa_1min,0,False,2020
2021214N21110,Lupit,2021,WP,2021-08-02,8,2021,22.4,116.8,45,976,usa_1min,0,True,2020
2021215N24124,Mirinae,2021,WP,2021-08-03,8,2021,35.1,142.1,55,977,usa_1min,0,False,2020
2021216N22144,Nida,2021,WP,2021-08-03,8,2021,36.9,153,55,985,usa_1min,0,False,2020
2021219N15258,Kevin,2021,EP,2021-08-06,8,2021,15.7,-108.6,55,994,usa_1min,0,False,2020
2021219N08193,Omais,2021,WP,2021-08-07,8,2021,22.8,127.1,55,990,usa_1min,0,True,2020
2021222N14301,Fred,2021,NA,2021-08-09,8,2021,29.5,-85.4,55,991,usa_1min,0,True,2020
2021222N12262,Linda,2021,EP,2021-08-09,8,2021,18.6,-115.5,115,953,usa_1min,4,False,2020
2021225N15313,Grace,2021,NA,2021-08-13,8,2021,20.7,-95.8,105,967,usa_1min,3,True,2020
2021227N36297,Henri,2021,NA,2021-08-15,8,2021,33.6,-72.7,65,986,usa_1min,1,True,2020
2021235N20251,Marty,2021,EP,2021-08-23,8,2021,20.5,-111.8,40,1002,usa_1min,0,False,2020
2021236N12265,Nora,2021,EP,2021-08-24,8,2021,19.1,-105.3,75,976,usa_1min,1,True,2020
2021239N17281,Ida,2021,NA,2021-08-26,8,2021,28.5,-89.6,130,929,usa_1min,4,True,2020
2021240N13313,Kate,2021,NA,2021-08-27,8,2021,21.3,-50.8,40,1004,usa_1min,0,False,2020
2021241N32308,Julian,2021,NA,2021-08-28,8,2021,35.9,-45.7,50,993,usa_1min,0,False,2020
2021244N12339,Larry,2021,NA,2021-08-31,8,2021,15.8,-44,110,953,usa_1min,3,False,2020
2021244N24164,Unnamed,2021,WP,2021-09-01,9,2021,27.8,158.4,35,1001,usa_1min,0,False,2020
2021248N11131,Conson,2021,WP,2021-09-05,9,2021,13.5,121.7,65,980,usa_1min,1,True,2020
2021248N12141,Chanthu,2021,WP,2021-09-05,9,2021,19.5,122.3,155,902,usa_1min,5,True,2020
2021250N17254,Olaf,2021,EP,2021-09-06,9,2021,23,-109.7,90,975,usa_1min,2,True,2020
2021252N28273,Mindy,2021,NA,2021-09-08,9,2021,29.7,-85.1,50,1000,usa_1min,0,True,2020
2021256N21265,Nicholas,2021,NA,2021-09-12,9,2021,28,-96.2,65,988,usa_1min,1,True,2020
2021259N30286,Odette,2021,NA,2021-09-16,9,2021,44.1,-54.1,55,989,usa_1min,0,False,2020
2021262N10333,Rose,2021,NA,2021-09-19,9,2021,18.8,-35.3,50,1004,usa_1min,0,False,2020
2021262N16307,Peter,2021,NA,2021-09-19,9,2021,17.9,-57,45,1005,usa_1min,0,False,2020
2021264N13119,Dianmu,2021,WP,2021-09-21,9,2021,15.3,109.3,35,1001,usa_1min,0,True,2020
2021265N11150,Mindulle,2021,WP,2021-09-22,9,2021,18.6,136.8,140,916,usa_1min,5,False,2020
2021266N10327,Sam,2021,NA,2021-09-22,9,2021,14.1,-50.3,135,927,usa_1min,4,False,2020
2021267N18094,Gulab:Shaheen-Gu,2021,NI,2021-09-23,9,2021,24.3,60.1,70,976,usa_1min,1,True,2020
2021267N31298,Teresa,2021,NA,2021-09-24,9,2021,33.6,-64.1,40,1008,usa_1min,0,False,2020
2021272N07338,Victor,2021,NA,2021-09-29,9,2021,11.4,-33,55,997,usa_1min,0,False,2020
2021276N07131,Lionrock,2021,WP,2021-10-02,10,2021,19,110.6,45,989,usa_1min,0,True,2020
2021280N14137,Kompasu,2021,WP,2021-10-07,10,2021,18.8,117.4,60,979,usa_1min,0,True,2020
2021282N16165,Namtheun,2021,WP,2021-10-08,10,2021,28.1,163,55,988,usa_1min,0,False,2020
2021283N14258,Pamela,2021,EP,2021-10-10,10,2021,18.6,-109.1,65,987,usa_1min,1,True,2020
2021296N06127,Unnamed,2021,WP,2021-10-22,10,2021,12.2,109.3,35,1000,usa_1min,0,True,2020
2021296N13260,Rick,2021,EP,2021-10-22,10,2021,17.2,-101.8,90,977,usa_1min,2,True,2020
2021295N09145,Malou,2021,WP,2021-10-22,10,2021,24.8,141.5,85,968,usa_1min,2,False,2020
2021299N33284,Wanda,2021,NA,2021-10-25,10,2021,40.8,-67.6,60,973,usa_1min,0,False,2020
2021307N09275,Terry,2021,EP,2021-11-02,11,2021,8.2,-100.9,35,1006,usa_1min,0,False,2020
2021311N13248,Sandra,2021,EP,2021-11-07,11,2021,13.5,-113.5,35,1005,usa_1min,0,False,2020
2021312N07090,Unnamed,2021,NI,2021-11-08,11,2021,12.8,80.8,40,994,usa_1min,0,True,2020
2021323S10103,Paddy,2022,SI,2021-11-19,11,2021,-12.9,108,45,988,usa_1min,0,False,2020
2021333N11146,Nyatoh,2021,WP,2021-11-28,11,2021,20.2,138,130,928,usa_1min,4,False,2020
2021334S07101,Teratai,2022,SI,2021-11-29,11,2021,-8.9,102.6,45,999,usa_1min,0,False,2020
2021335N08096,Jawad,2021,NI,2021-11-30,11,2021,13.6,86.2,35,1000,usa_1min,0,True,2020
2021343S09155,Ruby,2022,SP,2021-12-08,12,2021,-17.3,159.8,70,980,usa_1min,1,True,2020
2021346N05145,Rai,2021,WP,2021-12-11,12,2021,9.7,127.6,150,908,usa_1min,5,True,2020
2021358S09130,Seth,2022,SP,2021-12-23,12,2021,-20,154.2,50,989,usa_1min,0,True,2020
2022008S17173,Cody,2022,SP,2022-01-07,1,2022,-22.8,173.9,60,976,usa_1min,0,False,2020
2022008S13148,Tiffany,2022,SI,2022-01-08,1,2022,-14.1,144.9,60,989,usa_1min,0,True,2020
2022020S13060,Ana,2022,SI,2022-01-20,1,2022,-16.3,40.4,50,994,usa_1min,0,True,2020
2022024S09090,Batsirai,2022,SI,2022-01-24,1,2022,-18.8,56.7,125,932,usa_1min,4,True,2020
2022030S14147,Unnamed,2022,SP,2022-01-29,1,2022,-14.4,150.9,45,994,usa_1min,0,False,2020
2022034S16082,Cliff,2022,SI,2022-02-02,2,2022,-18.6,83.6,45,992,usa_1min,0,False,2020
2022037S10103,Emnati,2022,SI,2022-02-05,2,2022,-17.5,55.3,115,939,usa_1min,4,True,2020
2022038S19164,Dovi,2022,SP,2022-02-07,2,2022,-25.1,166,90,957,usa_1min,2,True,2020
2022042S12063,Dumako,2022,SI,2022-02-11,2,2022,-16.2,56.9,50,995,usa_1min,0,True,2020
2022046S15095,Fezile,2022,SI,2022-02-15,2,2022,-31.9,87.8,55,975,wmo,0,False,2020
2022054S13100,Vernon,2022,SI,2022-02-23,2,2022,-14.8,90.2,120,940,usa_1min,4,False,2020
2022054S14085,Unnamed,2022,SI,2022-02-23,2,2022,-11.1,90.6,45,989,usa_1min,0,False,2020
2022055S13129,Anika,2022,SI,2022-02-23,2,2022,-13.3,127.4,55,984,usa_1min,0,True,2020
2022058S17163,Eva,2022,SP,2022-02-26,2,2022,-25.8,173.9,45,985,usa_1min,0,False,2020
2022059S10106,Unnamed,2022,SI,2022-02-27,2,2022,-10.8,111,35,999,usa_1min,0,False,2020
2022062N06085,Unnamed,2022,NI,2022-03-03,3,2022,11.5,83,40,998,usa_1min,0,False,2020
2022065S16055,Gombe,2022,SI,2022-03-06,3,2022,-15.4,40.6,100,959,usa_1min,3,True,2020
2022072S11107,Billy,2022,SI,2022-03-12,3,2022,-16.2,99.8,65,986,usa_1min,1,False,2020
2022076S10126,Charlotte,2022,SI,2022-03-17,3,2022,-16.7,109.4,90,967,usa_1min,2,True,2020
2022080S09087,Halima,2022,SI,2022-03-20,3,2022,-14.2,73.4,125,932,usa_1min,4,False,2020
2022088N09116,Unnamed,2022,WP,2022-03-29,3,2022,12.5,109.7,35,1002,usa_1min,0,True,2020
2022094S15163,Fili,2022,SP,2022-04-03,4,2022,-19.3,162.2,60,988,usa_1min,0,False,2020
2022096N03150,Malakas,2022,WP,2022-04-06,4,2022,19.7,137.5,105,949,usa_1min,3,False,2020
2022099N11128,Megi,2022,WP,2022-04-08,4,2022,10.8,125.9,40,996,usa_1min,0,True,2020
2022102S29032,Issa,2022,SI,2022-04-12,4,2022,-31.4,31.1,50,993,wmo,0,False,2020
2022110S12051,Jasmine,2022,SI,2022-04-20,4,2022,-21.2,40.8,65,985,usa_1min,1,True,2020
2022114S12100,Unnamed,2022,SI,2022-04-23,4,2022,-14.2,100.9,40,996,wmo,0,False,2020
2022116S14102,Unnamed,2022,SI,2022-04-25,4,2022,-14.1,102.9,35,998,wmo,0,False,2020
2022126N07095,Asani,2022,NI,2022-05-05,5,2022,11.9,88.6,65,976,usa_1min,1,True,2020
2022126S06088,Karim,2022,SI,2022-05-05,5,2022,-11,90.5,60,983,usa_1min,0,False,2020
2022137S13171,Gina,2022,SP,2022-05-16,5,2022,-15.2,169.5,35,1002,usa_1min,0,False,2020
2022148N13263,Agatha,2022,EP,2022-05-27,5,2022,14,-98.9,95,964,usa_1min,2,True,2020
2022154N21273,Alex,2022,NA,2022-06-02,6,2022,31,-72.5,60,984,usa_1min,0,True,2020
2022165N14258,Blas,2022,EP,2022-06-14,6,2022,15.1,-102.5,75,978,usa_1min,1,False,2020
2022167N11269,Celia,2022,EP,2022-06-16,6,2022,16.8,-107.7,50,997,usa_1min,0,False,2020
2022179N08310,Bonnie,2022,EP,2022-06-27,6,2022,15.1,-103.8,100,964,usa_1min,3,True,2020
2022180N15117,Chaba,2022,WP,2022-06-28,6,2022,20.6,111.7,75,967,usa_1min,1,True,2020
2022180N15130,Aere,2022,WP,2022-06-29,6,2022,24.7,130.3,45,984,usa_1min,0,True,2020
2022183N32280,Colin,2022,NA,2022-07-01,7,2022,32.4,-80.5,35,1011,usa_1min,0,True,2020
2022191N14249,Darby,2022,EP,2022-07-09,7,2022,14.6,-124.3,120,953,usa_1min,4,False,2020
2022197N12260,Estelle,2022,EP,2022-07-15,7,2022,15.3,-106.4,75,985,usa_1min,1,False,2020
2022207N11262,Frank,2022,EP,2022-07-25,7,2022,15.5,-115,80,976,usa_1min,1,False,2020
2022208S08092,Unnamed,2023,SI,2022-07-27,7,2022,-12.3,94.6,45,997,usa_1min,0,False,2020
2022209N16246,Georgette,2022,EP,2022-07-27,7,2022,15.4,-121.3,50,998,usa_1min,0,False,2020
2022211N20129,Trases,2022,WP,2022-07-29,7,2022,28.6,127.2,35,992,usa_1min,0,True,2020
2022219N14255,Howard,2022,EP,2022-08-06,8,2022,20.9,-114.8,75,983,usa_1min,1,False,2020
2022220N16110,Mulan,2022,WP,2022-08-08,8,2022,17.3,113.4,35,994,wmo,0,True,2020
2022221N24149,Meari,2022,WP,2022-08-08,8,2022,28.8,135.6,35,994,usa_1min,0,True,2020
2022224N22067,Unnamed,2022,NI,2022-08-11,8,2022,22.1,65.2,40,986,usa_1min,0,False,2020
2022225N15253,Ivette,2022,EP,2022-08-12,8,2022,17.8,-113.5,35,1005,usa_1min,0,False,2020
2022230N18095,Unnamed,2022,NI,2022-08-17,8,2022,21.2,88.9,45,990,usa_1min,0,True,2020
2022232N18131,Ma-On,2022,WP,2022-08-20,8,2022,17.5,122.2,65,984,usa_1min,1,True,2020
2022233N22151,Tokage,2022,WP,2022-08-21,8,2022,32.9,148.6,95,956,usa_1min,2,False,2020
2022239N22150,Hinnamnor,2022,WP,2022-08-27,8,2022,23.1,126,145,911,usa_1min,5,True,2020
2022244N15254,Javier,2022,EP,2022-08-31,8,2022,22.5,-112.8,45,999,usa_1min,0,False,2020
2022244N38313,Danielle,2022,NA,2022-08-31,8,2022,38.4,-45.2,75,972,usa_1min,1,False,2020
2022246N18301,Earl,2022,NA,2022-09-02,9,2022,37.1,-56.8,95,948,usa_1min,2,False,2020
2022247N26147,Muifa,2022,WP,2022-09-03,9,2022,22.9,124.4,110,946,usa_1min,3,True,2020
2022248N14259,Kay,2022,EP,2022-09-04,9,2022,20.6,-112.3,85,968,usa_1min,2,True,2020
2022254N21158,Merbok,2022,WP,2022-09-10,9,2022,28.3,162.1,70,968,usa_1min,1,False,2020
2022254N24143,Nanmadol,2022,WP,2022-09-11,9,2022,25.5,133.8,135,916,usa_1min,4,True,2020
2022255N16256,Madeline,2022,EP,2022-09-11,9,2022,20.5,-108.7,55,991,usa_1min,0,False,2020
2022257N16312,Fiona,2022,NA,2022-09-14,9,2022,23.5,-71.8,120,931,usa_1min,4,True,2020
2022259N12265,Lester,2022,EP,2022-09-15,9,2022,13.1,-95.4,35,1005,usa_1min,0,True,2020
2022263N18137,Talas,2022,WP,2022-09-19,9,2022,30.8,134.8,35,985,usa_1min,0,False,2020
2022263N29314,Gaston,2022,NA,2022-09-19,9,2022,36.9,-43.1,55,994,usa_1min,0,False,2020
2022264N17132,Noru,2022,WP,2022-09-21,9,2022,15.2,124.7,145,914,usa_1min,5,True,2020
2022265N17256,Newton,2022,EP,2022-09-21,9,2022,17.6,-108.2,55,997,usa_1min,0,False,2020
2022266N12294,Ian,2022,NA,2022-09-22,9,2022,26,-82.7,140,937,usa_1min,5,True,2020
2022266N17341,Hermine,2022,NA,2022-09-23,9,2022,18.1,-20.3,35,1003,usa_1min,0,False,2020
2022268N20147,Kulap,2022,WP,2022-09-25,9,2022,38.7,156,75,963,usa_1min,1,False,2020
2022268S09088,Ashley,2023,SI,2022-09-25,9,2022,-13.2,80.9,50,997,usa_1min,0,False,2020
2022270N14136,Roke,2022,WP,2022-09-26,9,2022,26.2,132.6,90,965,usa_1min,2,False,2020
2022272N14258,Orlene,2022,EP,2022-09-28,9,2022,19.3,-106.9,115,954,usa_1min,4,True,2020
2022276N15249,Paine,2022,EP,2022-10-03,10,2022,17.5,-113.2,40,1005,usa_1min,0,False,2020
2022276S05090,Balita,2023,SI,2022-10-03,10,2022,-9.6,85.4,40,997,usa_1min,0,False,2020
2022280N11294,Julia,2022,NA,2022-10-06,10,2022,12.4,-83.3,75,982,usa_1min,1,True,2020
2022284N15152,Haitang,2022,WP,2022-10-11,10,2022,21.2,156.7,40,987,usa_1min,0,False,2020
2022285N19266,Karl,2022,NA,2022-10-11,10,2022,22,-94.6,50,997,usa_1min,0,False,2020
2022285N12116,Sonca,2022,WP,2022-10-12,10,2022,15.2,109.1,35,999,usa_1min,0,True,2020
2022285N17140,Nesat,2022,WP,2022-10-12,10,2022,19.1,115.5,90,961,usa_1min,2,False,2020
2022293N15259,Roslyn,2022,EP,2022-10-20,10,2022,18.5,-106.6,115,954,usa_1min,4,True,2020
2022295N13093,Sitrang,2022,NI,2022-10-21,10,2022,19.4,89.6,45,994,usa_1min,0,True,2020
2022299N11134,Nalgae,2022,WP,2022-10-26,10,2022,18.3,116.2,75,972,usa_1min,1,True,2020
2022301N07140,Banyan,2022,WP,2022-10-28,10,2022,7.4,134,40,1001,usa_1min,0,False,2020
2022304N16287,Lisa,2022,NA,2022-10-30,10,2022,17.4,-88.3,80,985,usa_1min,1,True,2020
2022304N34296,Martin,2022,NA,2022-10-30,10,2022,36.1,-48.9,75,932,usa_1min,1,False,2020
2022305S04091,Unnamed,2023,SI,2022-11-01,11,2022,-9.1,94.3,40,994,usa_1min,0,False,2020
2022311N21293,Nicole,2022,NA,2022-11-06,11,2022,26.6,-78.2,65,980,usa_1min,1,True,2020
2022316N20167,Yamaneko,2022,WP,2022-11-11,11,2022,22.1,165.9,40,991,usa_1min,0,False,2020
2022338N05100,Mandous,2022,NI,2022-12-04,12,2022,9.4,84.3,55,989,usa_1min,0,True,2020
2022342N06133,Pakhar,2022,WP,2022-12-08,12,2022,19.1,128.2,50,993,usa_1min,0,False,2020
2022346S10098,Darian,2023,SI,2022-12-12,12,2022,-13.9,90.6,135,922,usa_1min,4,False,2020
2022347N12074,Unnamed,2022,NI,2022-12-12,12,2022,13.3,70.8,50,994,usa_1min,0,False,2020
2022355S10128,Ellie,2023,SI,2022-12-21,12,2022,-13.3,129.7,45,987,usa_1min,0,True,2020
2023005S18142,Hale,2023,SP,2023-01-04,1,2023,-21.1,156.7,50,985,usa_1min,0,True,2020
2023013S08081,Cheneso,2023,SI,2023-01-13,1,2023,-19.5,43.1,80,968,usa_1min,1,True,2020
2023015N36289,Unnamed,2023,NA,2023-01-15,1,2023,39.8,-61.6,60,976,usa_1min,0,True,2020
2023016S15160,Irene,2023,SP,2023-01-15,1,2023,-19.2,167.8,55,990,usa_1min,0,False,2020
2023020S18156,Unnamed,2023,SP,2023-01-19,1,2023,-20,160,40,996,usa_1min,0,False,2020
2023032S12091,Dingani,2023,SI,2023-01-31,1,2023,-19.1,73.6,85,972,usa_1min,2,False,2020
2023036S12117,Freddy,2023,SI,2023-02-04,2,2023,-16.6,67,140,923,usa_1min,5,True,2020
2023036S12163,Gabrielle,2023,SP,2023-02-05,2,2023,-23.3,159.7,90,958,usa_1min,2,False,2020
2023050S09094,Enala,2023,SI,2023-02-18,2,2023,-19.7,71,75,982,usa_1min,1,False,2020
2023054S19117,Unnamed,2023,SI,2023-02-22,2,2023,-13.9,126.4,40,994,wmo,0,True,2020
2023055S14184,Judy,2023,SP,2023-02-24,2,2023,-19.3,169.2,110,941,usa_1min,3,False,2020
2023059S15149,Kevin,2023,SP,2023-02-27,2,2023,-20.8,171.4,135,918,usa_1min,4,False,2020
2023084S11065,Unnamed,2023,SI,2023-03-25,3,2023,-16.8,63.7,40,997,wmo,0,False,2020
2023087S10096,Herman,2023,SI,2023-03-27,3,2023,-17.8,106.8,130,930,usa_1min,4,False,2020
2023096S07135,Ilsa,2023,SI,2023-04-05,4,2023,-19.1,118.8,140,920,usa_1min,5,True,2020
2023108N03160,Sanvu,2023,WP,2023-04-18,4,2023,9.8,156.3,45,999,usa_1min,0,False,2020
2023129N08091,Mocha,2023,NI,2023-05-08,5,2023,18.7,91.7,145,908,usa_1min,5,True,2020
2023132S03090,Fabien,2023,SI,2023-05-11,5,2023,-7.8,74.5,105,961,usa_1min,3,False,2020
2023138N05151,Mawar,2023,WP,2023-05-18,5,2023,15.1,139.2,165,891,usa_1min,5,False,2020
2023152N26274,Arlene,2023,NA,2023-05-31,5,2023,27.3,-86.4,35,998,usa_1min,0,False,2020
2023156N12135,Guchol,2023,WP,2023-06-04,6,2023,20,130.2,95,958,usa_1min,2,False,2020
2023156N10067,Biparjoy,2023,NI,2023-06-05,6,2023,16.9,67.4,110,944,usa_1min,3,True,2020
2023160N20092,Unnamed,2023,NI,2023-06-08,6,2023,20,91.5,45,982,usa_1min,0,False,2020
2023170N11323,Bret,2023,NA,2023-06-19,6,2023,13.5,-55.9,60,996,usa_1min,0,False,2020
2023173N10320,Cindy,2023,NA,2023-06-22,6,2023,14.6,-51.2,50,1004,usa_1min,0,False,2020
2023179N15256,Adrian,2023,EP,2023-06-27,6,2023,17,-111.9,90,970,usa_1min,2,False,2020
2023180N13264,Beatriz,2023,EP,2023-06-29,6,2023,17.5,-102.7,75,992,usa_1min,1,True,2020
2023191N10262,Calvin,2023,EP,2023-07-10,7,2023,13.7,-123.9,110,953,usa_1min,3,False,2020
2023193N37305,Don,2023,NA,2023-07-11,7,2023,39.5,-50.1,65,986,usa_1min,1,False,2020
2023194N16123,Talim,2023,WP,2023-07-13,7,2023,20.7,112.1,80,964,usa_1min,1,True,2020
2023201N13134,Doksuri,2023,WP,2023-07-20,7,2023,17.6,124.6,130,928,usa_1min,4,True,2020
2023207N09141,Khanun,2023,WP,2023-07-26,7,2023,25,128.7,125,924,usa_1min,4,True,2020
2023212N19090,Unnamed,2023,NI,2023-07-30,7,2023,19.9,92,40,981,usa_1min,0,True,2020
2023213N14257,Dora,2023,EP,2023-07-31,7,2023,13.2,224.4,130,939,usa_1min,4,False,2020
2023217N15256,Eugene,2023,EP,2023-08-04,8,2023,20.3,-109.4,60,992,usa_1min,0,False,2020
2023218N25145,Lan,2023,WP,2023-08-06,8,2023,26.8,142.9,120,932,usa_1min,4,True,2020
2023225N14248,Fernanda,2023,EP,2023-08-12,8,2023,15.6,-118,115,949,usa_1min,4,False,2020
2023226N11222,Greg,2023,EP,2023-08-14,8,2023,11.1,-144,45,1000,usa_1min,0,False,2020
2023228N12259,Hilary,2023,EP,2023-08-16,8,2023,16.8,-110.4,120,940,usa_1min,4,True,2020
2023231N15327,Emily,2023,NA,2023-08-18,8,2023,19.4,-38.3,45,998,usa_1min,0,False,2020
2023231N15313,Gert,2023,NA,2023-08-19,8,2023,28.6,-53.5,50,998,usa_1min,0,False,2020
2023232N13300,Franklin,2023,NA,2023-08-19,8,2023,28.9,-71.1,130,926,usa_1min,4,True,2020
2023234N19154,Damrey,2023,WP,2023-08-21,8,2023,38.6,144.6,60,979,usa_1min,0,False,2020
2023234N25271,Harold,2023,NA,2023-08-21,8,2023,26.8,-96.4,50,995,usa_1min,0,True,2020
2023234N18128,Saola,2023,WP,2023-08-22,8,2023,19.9,121.9,140,917,usa_1min,5,True,2020
2023239N16242,Irwin,2023,EP,2023-08-26,8,2023,19.1,-125,40,998,usa_1min,0,False,2020
2023239N21274,Idalia,2023,NA,2023-08-26,8,2023,29.1,-84.1,115,942,usa_1min,4,True,2020
2023239N18144,Haikui,2023,WP,2023-08-27,8,2023,22.9,121.5,105,945,usa_1min,3,True,2020
2023241N10158,Kirogi,2023,WP,2023-08-29,8,2023,16.7,154.2,70,981,usa_1min,1,False,2020
2023241N28308,Jose,2023,NA,2023-08-29,8,2023,31.6,-52.5,55,996,usa_1min,0,False,2020
2023242N15339,Katia,2023,NA,2023-08-30,8,2023,24.5,-30.1,50,998,usa_1min,0,False,2020
2023247N20130,Yun-Yeung,2023,WP,2023-09-04,9,2023,31.9,137.1,45,988,usa_1min,0,True,2020
2023248N12257,Jova,2023,EP,2023-09-04,9,2023,15.3,-112.4,140,926,usa_1min,5,False,2020
2023249N12320,Lee,2023,NA,2023-09-05,9,2023,17.5,-53,145,926,usa_1min,5,True,2020
2023251N16334,Margot,2023,NA,2023-09-07,9,2023,33,-39.9,80,969,usa_1min,1,False,2020
2023258N14318,Nigel,2023,NA,2023-09-15,9,2023,31.1,-54.7,85,958,usa_1min,2,False,2020
2023261N13248,Kenneth,2023,EP,2023-09-18,9,2023,15.6,-123.1,45,1000,usa_1min,0,False,2020
2023265N29284,Ophelia,2023,NA,2023-09-21,9,2023,32.7,-76.1,60,981,usa_1min,0,True,2020
2023266N16323,Philippe,2023,NA,2023-09-23,9,2023,17.1,-43.8,50,998,usa_1min,0,False,2020
2023271N14144,Koinu,2023,WP,2023-09-27,9,2023,19.9,126.2,120,936,usa_1min,4,True,2020
2023271N16316,Rina,2023,NA,2023-09-28,9,2023,18.6,-46.4,45,999,usa_1min,0,False,2020
2023276N11254,Lidia,2023,EP,2023-10-03,10,2023,20.1,-105.5,120,942,usa_1min,4,True,2020
2023279N08157,Bolaven,2023,WP,2023-10-06,10,2023,19.7,142.8,165,897,usa_1min,5,False,2020
2023281N14260,Max,2023,EP,2023-10-08,10,2023,17.3,-101.1,60,990,usa_1min,0,True,2020
2023284N10330,Sean,2023,NA,2023-10-10,10,2023,13.3,-37.8,40,1005,usa_1min,0,False,2020
2023289N15111,Sanba,2023,WP,2023-10-15,10,2023,21,109.2,45,996,usa_1min,0,True,2020
2023290N12256,Norma,2023,EP,2023-10-17,10,2023,16.9,-107.7,115,939,usa_1min,4,True,2020
2023292N13309,Tammy,2023,NA,2023-10-18,10,2023,26.1,-59.4,95,965,usa_1min,2,False,2020
2023292S03172,Lola,2024,SP,2023-10-19,10,2023,-14.5,169,125,937,usa_1min,4,True,2020
2023292N11063,Tej,2023,NI,2023-10-19,10,2023,11.4,56.6,105,958,usa_1min,3,True,2020
2023293N12089,Hamoon,2023,NI,2023-10-20,10,2023,21,91.2,90,970,usa_1min,2,True,2020
2023294N09264,Otis,2023,EP,2023-10-21,10,2023,16.1,-99.7,145,922,usa_1min,5,True,2020
2023302N10267,Pilar,2023,EP,2023-10-28,10,2023,11.7,-89.4,55,995,usa_1min,0,False,2020
2023316S08168,Mal,2024,SP,2023-11-12,11,2023,-18.7,176.6,75,975,usa_1min,1,False,2020
2023317N10094,Midhili,2023,NI,2023-11-13,11,2023,21.4,89.7,40,995,usa_1min,0,True,2020
2023326N10240,Ramon,2023,EP,2023-11-21,11,2023,15,-122.9,40,1002,usa_1min,0,False,2020
2023334N08088,Michaung,2023,NI,2023-11-30,11,2023,14.4,80.3,65,985,usa_1min,1,True,2020
2023337S08165,Jasper,2024,SP,2023-12-02,12,2023,-14.2,156.6,120,937,usa_1min,4,True,2020
2023364S19035,Alvaro,2024,SI,2023-12-29,12,2023,-21.5,42.7,65,986,usa_1min,1,True,2020
2024012S09093,Anggrek,2024,SI,2024-01-11,1,2024,-21.7,73.1,115,948,usa_1min,4,False,2020
2024012S12059,Belal,2024,SI,2024-01-11,1,2024,-20.1,53.8,90,969,usa_1min,2,True,2020
2024017S15151,Kirrily,2024,SP,2024-01-17,1,2024,-18.7,147.8,55,985,usa_1min,0,True,2020
2024022S16058,Candice,2024,SI,2024-01-22,1,2024,-26.2,61.8,50,984,usa_1min,0,False,2020
2024029S15063,Unnamed,2024,SI,2024-01-28,1,2024,-19.2,65.2,35,994,usa_1min,0,False,2020
2024031S24154,Unnamed,2024,SP,2024-01-31,1,2024,-15.9,163.9,40,995,usa_1min,0,False,2020
2024035S16188,Nat,2024,SP,2024-02-03,2,2024,-17,-156.8,55,989,usa_1min,0,False,2020
2024037S09184,Osai,2024,SP,2024-02-06,2,2024,-16.6,-165.7,50,992,usa_1min,0,False,2020
2024044S14066,Djoungou,2024,SI,2024-02-13,2,2024,-19.2,77.5,140,923,usa_1min,5,False,2020
2024044S15134,Lincoln,2024,SI,2024-02-13,2,2024,-15.6,137.6,45,991,usa_1min,0,True,2020
2024045S15192,Unnamed,2024,SP,2024-02-14,2,2024,-22.3,-157.2,55,988,usa_1min,0,False,2020
2024049S17052,Eleanor,2024,SI,2024-02-17,2,2024,-20.1,58.6,60,990,usa_1min,0,True,2020
2024061S11062,Filipo,2024,SI,2024-03-01,3,2024,-21,35.6,55,984,usa_1min,0,True,2020
2024067S10090,Neville,2024,SI,2024-03-07,3,2024,-17.8,104.2,115,947,usa_1min,4,False,2020
2024073S14128,Megan,2024,SP,2024-03-12,3,2024,-15.3,137.2,90,960,usa_1min,2,True,2020
2024082S08054,Gamane,2024,SI,2024-03-21,3,2024,-12.9,50,85,971,usa_1min,2,True,2020
2024096S11120,Olga,2024,SI,2024-04-04,4,2024,-15.4,119.2,115,944,usa_1min,4,False,2020
2024100S11152,Paul,2024,SP,2024-04-09,4,2024,-14.6,155.6,50,993,usa_1min,0,False,2020
2024121S07047,Hidaya,2024,SI,2024-04-29,4,2024,-8.5,42.4,80,977,usa_1min,1,True,2020
2024134S07055,Ialy,2024,SI,2024-05-12,5,2024,-4.9,42.5,65,982,usa_1min,1,False,2020
2024139S02072,Unnamed,2024,SI,2024-05-17,5,2024,-2.6,73.9,40,995,usa_1min,0,False,2020
2024141N03142,Ewiniar,2024,WP,2024-05-20,5,2024,15.7,122.6,90,961,usa_1min,2,True,2020
2024145N14087,Remal,2024,NI,2024-05-23,5,2024,21.5,89,60,977,usa_1min,0,True,2020
2024170N20267,Alberto,2024,NA,2024-06-17,6,2024,21.5,-95.5,45,992,usa_1min,0,True,2020
2024181N09320,Beryl,2024,NA,2024-06-28,6,2024,14.3,-65.9,145,932,usa_1min,5,True,2020
2024183N20265,Chris,2024,NA,2024-06-30,6,2024,19.9,-96.5,40,1005,usa_1min,0,True,2020
2024186N15256,Aletta,2024,EP,2024-07-03,7,2024,17.1,-105.6,35,1005,usa_1min,0,False,2020
2024198N08130,Prapiroon,2024,WP,2024-07-15,7,2024,20.4,108.2,60,981,usa_1min,0,True,2020
2024201N12133,Gaemi,2024,WP,2024-07-19,7,2024,24.2,122.5,125,919,usa_1min,4,True,2020
2024207N16250,Bud,2024,EP,2024-07-24,7,2024,17.8,-114,50,1001,usa_1min,0,False,2020
2024213N14254,Carlotta,2024,EP,2024-07-31,7,2024,18.7,-117.2,80,979,usa_1min,1,False,2020
2024216N20284,Debby,2024,NA,2024-08-02,8,2024,28.3,-84.1,70,979,usa_1min,1,True,2020
2024216N12231,Daniel,2024,EP,2024-08-03,8,2024,12.4,-129.6,35,1005,usa_1min,0,False,2020
2024218N16247,Emilia,2024,EP,2024-08-04,8,2024,16.2,-115.7,60,988,usa_1min,0,False,2020
2024218N14254,Fabio,2024,EP,2024-08-05,8,2024,16.5,-110,55,996,usa_1min,0,False,2020
2024218N23143,Maria,2024,WP,2024-08-05,8,2024,28.8,145.4,70,973,usa_1min,1,True,2020
2024224N27154,Son-Tinh,2024,WP,2024-08-10,8,2024,30.2,154.3,40,983,usa_1min,0,False,2020
2024225N14313,Ernesto,2024,NA,2024-08-11,8,2024,26.6,-68.3,85,967,usa_1min,2,False,2020
2024225N22135,Ampil,2024,WP,2024-08-11,8,2024,33.5,140.7,110,939,usa_1min,3,False,2020
2024231N14251,Gilma,2024,EP,2024-08-18,8,2024,17.7,-131.4,115,950,usa_1min,4,False,2020
2024231N24126,Jongdari,2024,WP,2024-08-18,8,2024,25.1,126,35,983,usa_1min,0,True,2020
2024233N15148,Shanshan,2024,WP,2024-08-20,8,2024,28.7,130.3,115,935,usa_1min,4,True,2020
2024235N16223,Hone,2024,EP,2024-08-22,8,2024,18.2,-155.7,75,988,usa_1min,1,False,2020
2024236N14248,Hector,2024,EP,2024-08-22,8,2024,16.9,-126.2,50,998,usa_1min,0,False,2020
2024238N25077,Asna,2024,NI,2024-08-25,8,2024,23.3,68.5,40,987,usa_1min,0,True,2020
2024244N09137,Yagi,2024,WP,2024-08-30,8,2024,19.2,113,145,907,usa_1min,5,True,2020
2024246N22147,Leepi,2024,WP,2024-09-01,9,2024,34.9,146.9,40,977,usa_1min,0,False,2020
2024253N11148,Bebinca,2024,WP,2024-09-08,9,2024,30.1,126.1,80,959,usa_1min,1,True,2020
2024253N21266,Francine,2024,NA,2024-09-08,9,2024,29.3,-91.3,90,972,usa_1min,2,True,2020
2024256N16332,Gordon,2024,NA,2024-09-11,9,2024,19.9,-39.8,40,1004,usa_1min,0,False,2020
2024256N18254,Ileana,2024,EP,2024-09-11,9,2024,25.2,-108.9,45,997,usa_1min,0,True,2020
2024259N31284,Unnamed,2024,NA,2024-09-15,9,2024,32.8,-78.2,50,1004,usa_1min,0,True,2020
2024259N17126,Soulik,2024,WP,2024-09-15,9,2024,16.9,107.2,35,989,usa_1min,0,True,2020
2024259N12145,Pulasan,2024,WP,2024-09-15,9,2024,21.5,134.6,55,979,usa_1min,0,True,2020
2024267N14261,John,2024,EP,2024-09-22,9,2024,16.6,-98.9,105,956,usa_1min,3,True,2020
2024267N29129,Cimaron,2024,WP,2024-09-23,9,2024,28.3,134.7,35,985,usa_1min,0,False,2020
2024268N17278,Helene,2024,NA,2024-09-23,9,2024,28.7,-84.3,120,939,usa_1min,4,True,2020
2024269N14150,Jebi,2024,WP,2024-09-24,9,2024,37,143.3,70,969,usa_1min,1,False,2020
2024269N39302,Isaac,2024,NA,2024-09-24,9,2024,38.8,-42.3,90,963,usa_1min,2,False,2020
2024270N24128,Krathon,2024,WP,2024-09-26,9,2024,20.6,120,135,922,usa_1min,4,True,2020
2024271N17319,Joyce,2024,NA,2024-09-27,9,2024,18.2,-43.4,45,1001,usa_1min,0,False,2020
2024274N14328,Kirk,2024,NA,2024-09-29,9,2024,21.2,-47.1,130,928,usa_1min,4,True,2020
2024275N14264,Unnamed,2024,EP,2024-09-30,9,2024,15.2,-95.5,35,1001,usa_1min,0,False,2020
2024275N10336,Leslie,2024,NA,2024-10-01,10,2024,22.3,-49,90,970,usa_1min,2,False,2020
2024278N11150,Barijat,2024,WP,2024-10-04,10,2024,21.9,146.6,45,988,usa_1min,0,False,2020
2024279N21265,Milton,2024,NA,2024-10-04,10,2024,21.8,-90.9,155,895,usa_1min,5,True,2020
2024293N17275,Nadine,2024,NA,2024-10-18,10,2024,17.5,-88.2,50,1002,usa_1min,0,True,2020
2024293N13141,Trami,2024,WP,2024-10-18,10,2024,17,113.3,65,984,usa_1min,1,True,2020
2024293N21294,Oscar,2024,NA,2024-10-19,10,2024,21.5,-71.1,75,984,usa_1min,1,True,2020
2024295N15092,Dana,2024,NI,2024-10-21,10,2024,19.3,87.8,65,985,usa_1min,1,True,2020
2024296N13260,Kristy,2024,EP,2024-10-21,10,2024,14.1,-121,140,926,usa_1min,5,False,2020
2024298N13150,Kong-Rey,2024,WP,2024-10-24,10,2024,19.1,124.9,140,915,usa_1min,5,True,2020
2024306N39319,Patty,2024,NA,2024-10-31,10,2024,39.2,-41,55,977,usa_1min,0,False,2020
2024307N11232,Lane,2024,EP,2024-11-01,11,2024,11.2,-129.7,40,1004,usa_1min,0,False,2020
2024307N06143,Yinxing,2024,WP,2024-11-02,11,2024,18.5,122.4,130,931,usa_1min,4,True,2020
2024309N13283,Rafael,2024,NA,2024-11-03,11,2024,24.4,-87.6,105,954,usa_1min,3,True,2020
2024312N14145,Toraji,2024,WP,2024-11-07,11,2024,15.5,124.4,80,976,usa_1min,1,True,2020
2024313N10169,Man-Yi,2024,WP,2024-11-07,11,2024,12.6,126.7,140,924,usa_1min,5,True,2020
2024314N07151,Usagi,2024,WP,2024-11-09,11,2024,16.6,124,130,934,usa_1min,4,True,2020
2024319N16282,Sara,2024,NA,2024-11-13,11,2024,16.1,-85.6,45,997,usa_1min,0,True,2020
2024329N04089,Fengal,2024,NI,2024-11-23,11,2024,12.4,81.3,45,991,usa_1min,0,True,2020
2025008S13107,Unnamed,2025,SI,2025-01-08,1,2025,-16.9,103.2,40,1000,wmo,0,False,2020
2025107S30034,Kanto,2025,SI,2025-04-16,4,2025,-30.5,35.5,55,994,wmo,0,False,2020
2025149N12256,Alvin,2025,EP,2025-05-28,5,2025,14.6,-106.9,50,999,usa_1min,0,False,2020
2025159N12250,Cosme,2025,EP,2025-06-08,6,2025,14.7,-113.6,60,991,usa_1min,0,False,2020
2025159N15258,Barbara,2025,EP,2025-06-08,6,2025,16.7,-105.3,65,991,usa_1min,1,False,2020
2025164N11260,Dalila,2025,EP,2025-06-12,6,2025,16.8,-104.5,55,992,usa_1min,0,False,2020
2025168N11269,Erick,2025,EP,2025-06-16,6,2025,15.5,-97.5,120,944,usa_1min,4,True,2020
2025173N30302,Andrea,2025,NA,2025-06-22,6,2025,33.2,-55.2,35,1014,usa_1min,0,False,2020
2025180N19266,Barry,2025,NA,2025-06-28,6,2025,20.9,-96.7,40,1006,usa_1min,0,True,2020
2025180N13261,Flossie,2025,EP,2025-06-29,6,2025,18.2,-107.5,105,958,usa_1min,3,False,2020
2025185N30280,Chantal,2025,NA,2025-07-04,7,2025,33.3,-78.9,50,1002,usa_1min,0,True,2020
2025207N11219,Iona,2025,EP,2025-07-26,7,2025,10.8,-153.7,115,956,usa_1min,4,False,2020
2025209N12220,Keli,2025,EP,2025-07-27,7,2025,12.3,-146.1,45,1003,usa_1min,0,False,2020
2025212N13247,Gil,2025,EP,2025-07-31,7,2025,16.2,-124.3,65,991,usa_1min,1,False,2020
2025215N33284,Dexter,2025,NA,2025-08-02,8,2025,43.6,-45,70,988,usa_1min,1,False,2020
2025216N13243,Henriette,2025,EP,2025-08-04,8,2025,28.3,-155.8,75,986,usa_1min,1,False,2020
2025219N13264,Ivo,2025,EP,2025-08-06,8,2025,20.3,-110.7,55,998,usa_1min,0,False,2020
2025223N17337,Erin,2025,NA,2025-08-11,8,2025,19.8,-63.4,140,913,usa_1min,5,False,2020
2025236N27298,Fernand,2025,NA,2025-08-23,8,2025,33.8,-58.4,50,999,usa_1min,0,False,2020
2025237N16251,Juliette,2025,EP,2025-08-24,8,2025,18.2,-115.6,60,994,usa_1min,0,False,2020
2025243N14239,Kiko,2025,EP,2025-08-31,8,2025,13.8,-131.9,125,945,usa_1min,4,False,2020
2025245N17255,Lorena,2025,EP,2025-09-02,9,2025,22.5,-112.1,75,981,usa_1min,1,False,2020
2025254N14262,Mario,2025,EP,2025-09-11,9,2025,19.9,-112.8,55,994,usa_1min,0,False,2020
2025261N19312,Gabrielle,2025,NA,2025-09-17,9,2025,32.1,-61.4,120,944,usa_1min,4,True,2020
2025265N14261,Narda,2025,EP,2025-09-21,9,2025,15.2,-109.9,90,970,usa_1min,2,False,2020
2025268N19306,Humberto,2025,NA,2025-09-24,9,2025,22.7,-60.7,140,918,usa_1min,5,False,2020
2025270N21285,Imelda,2025,NA,2025-09-26,9,2025,30.7,-71.4,80,966,usa_1min,1,False,2020
2025273N09248,Octave,2025,EP,2025-09-29,9,2025,16.2,-123.1,80,980,usa_1min,1,False,2020
2025278N15254,Priscilla,2025,EP,2025-10-04,10,2025,19.7,-110.5,100,954,usa_1min,3,False,2020
2025280N11319,Jerry,2025,NA,2025-10-07,10,2025,13.6,-51.9,55,1000,usa_1min,0,False,2020
2025281N38324,Karen,2025,NA,2025-10-08,10,2025,41.2,-36.7,50,996,usa_1min,0,False,2020
2025282N16261,Raymond,2025,EP,2025-10-09,10,2025,17,-102.9,50,998,usa_1min,0,True,2020
2025286N14320,Lorenzo,2025,NA,2025-10-13,10,2025,15.8,-42.4,50,1000,usa_1min,0,False,2020
2025294N14290,Melissa,2025,NA,2025-10-21,10,2025,17.5,-78.1,165,892,usa_1min,5,True,2020
2025297N13247,Sonia,2025,EP,2025-10-24,10,2025,13.4,-117.9,45,1001,usa_1min,0,False,2020
