type,country,iso3,year,deaths,injured,affected,homeless,total_affected,damages_usd,insured_usd,reconstruction_usd,damages_pct_gdp,damages_nominal_usd,insured_nominal_usd,reconstruction_nominal_usd,decade,historical_state,fatality_rate_pct,loss_per_affected_usd,severity_type,severity_all
cyclone,United States,USA,1900,6000,0,0,0,0,1.13113e+09,0,0,,3e+07,0,0,1900,False,,,54.33,48.5
cyclone,Myanmar,MMR,1902,600,0,0,0,0,0,0,0,,0,0,0,1900,False,,,25.37,21.15
cyclone,Cayman Islands,CYM,1903,0,0,0,1000,1000,0,0,0,,0,0,0,1900,False,,,9.34,8.95
cyclone,Jamaica,JAM,1903,65,0,0,0,0,0,0,0,,0,0,0,1900,False,,,16.61,13.85
cyclone,Martinique,MTQ,1903,8,0,0,5000,5000,0,0,0,,0,0,0,1900,False,0.16,,20.23,18.29
cyclone,United States,USA,1903,98,180,0,0,180,3.4911e+07,0,0,,1e+06,0,0,1900,False,54.4444,193950,41.78,38.37
cyclone,Philippines,PHL,1905,240,0,0,0,0,0,0,0,,0,0,0,1900,False,,,21.74,18.13
cyclone,Hong Kong,HKG,1906,10000,0,0,0,0,6.98226e+08,0,0,,2e+07,0,0,1900,False,,,55.9,49.73
cyclone,United States,USA,1906,298,0,0,0,0,1.45021e+08,0,0,,4.154e+06,0,0,1900,False,,,40.49,36.64
cyclone,Bangladesh,BGD,1909,172,0,0,0,0,0,0,0,,0,0,0,1900,False,,,20.43,17.04
cyclone,Cuba,CUB,1909,29,0,0,0,0,3.4911e+07,0,0,,1e+06,0,0,1900,False,,,30.02,27.69
cyclone,Haiti,HTI,1909,150,0,0,0,0,1.04734e+08,0,0,,3e+06,0,0,1900,False,,,37.47,34.07
cyclone,United States,USA,1909,412,0,0,15000,15000,3.84024e+08,0,0,,1.1e+07,0,0,1900,False,2.74667,25601.6,55.7,51.08
cyclone,United States,USA,1910,30,0,0,0,0,0,0,0,,0,0,0,1910,False,,,13.61,11.35
cyclone,Taiwan,TWN,1911,1000,0,0,0,0,6.7329e+08,0,0,,2e+07,0,0,1910,False,,,46.74,42.09
cyclone,Canada,CAN,1912,28,200,0,2500,2700,1.62518e+08,0,0,,5e+06,0,0,1910,False,1.03704,60191.9,42.03,39.27
cyclone,China,CHN,1912,50000,0,500000,0,500000,0,0,0,,0,0,0,1910,False,10,,60.63,52.76
cyclone,Cuba,CUB,1912,5,0,0,0,0,0,0,0,,0,0,0,1910,False,,,7.1,5.92
cyclone,Jamaica,JAM,1912,142,0,0,94820,94820,4.8755e+07,0,0,,1.5e+06,0,0,1910,False,0.149757,514.185,52.02,48.01
cyclone,Japan,JPN,1912,1000,0,0,0,0,6.50073e+08,0,0,,2e+07,0,0,1910,False,,,46.71,42.05
cyclone,Philippines,PHL,1912,0,0,0,0,0,3.25036e+08,0,0,,1e+07,0,0,1910,False,,,18.66,18.56
cyclone,United States,USA,1913,732,0,0,0,0,3.16906e+09,0,0,,1e+08,0,0,1910,False,,,46.98,42.52
cyclone,Haiti,HTI,1915,1600,0,0,0,0,0,0,0,,0,0,0,1910,False,,,29.25,24.39
cyclone,United States,USA,1915,275,0,0,0,0,1.95698e+09,0,0,,6.3e+07,0,0,1910,False,,,42.65,38.84
cyclone,India,IND,1916,300,0,0,0,0,0,0,0,,0,0,0,1910,False,,,22.62,18.87
cyclone,Jamaica,JAM,1917,57,0,0,0,0,0,0,0,,0,0,0,1910,False,,,16.1,13.42
cyclone,Japan,JPN,1917,4000,0,0,0,0,1.22554e+09,0,0,,5e+07,0,0,1910,False,,,52.8,47.24
cyclone,United States,USA,1918,34,0,0,0,0,1.04579e+08,0,0,,5e+06,0,0,1910,False,,,31.67,29.24
cyclone,United States,USA,1919,500,0,0,0,0,4.53378e+08,0,0,,2.5e+07,0,0,1910,False,,,43.62,39.43
cyclone,United States,USA,1920,243,1374,0,0,1374,0,0,0,,0,0,0,1920,False,17.6856,,31.56,27.53
cyclone,China,CHN,1922,100000,0,0,0,0,0,0,0,,0,0,0,1920,False,,,45.64,38.06
cyclone,Bangladesh,BGD,1923,6,0,0,25000,25000,0,0,0,,0,0,0,1920,False,0.024,,21.4,19.55
cyclone,Hong Kong,HKG,1923,100,0,0,0,0,0,0,0,,0,0,0,1920,False,,,18.3,15.26
cyclone,Jamaica,JAM,1923,4,0,0,1300,1300,0,0,0,,0,0,0,1920,False,0.307692,,16.07,14.61
cyclone,Japan,JPN,1923,3000,0,0,0,0,1.83472e+08,0,0,,1e+07,0,0,1920,False,,,49.85,44.49
cyclone,Myanmar,MMR,1923,6,0,0,0,0,0,0,0,,0,0,0,1920,False,,,7.71,6.43
cyclone,USSR,OWID_USS,1923,23,0,0,0,0,0,0,0,,0,0,0,1920,True,,,12.6,10.51
cyclone,India,IND,1924,1242,0,1000000,0,1000000,0,0,0,,0,0,0,1920,False,0.1242,,46.92,41.45
cyclone,Taiwan,TWN,1924,1000,0,0,0,0,0,0,0,,0,0,0,1920,False,,,27.39,22.84
cyclone,India,IND,1925,80,0,0,0,0,0,0,0,,0,0,0,1920,False,,,17.42,14.53
cyclone,United States,USA,1925,739,0,0,0,0,3.22701e+08,0,0,,1.8e+07,0,0,1920,False,,,44.84,40.39
cyclone,Bahamas,BHS,1926,263,0,0,0,0,1.41802e+08,0,0,,8e+06,0,0,1920,False,,,39.97,36.21
cyclone,Cuba,CUB,1926,600,0,0,0,0,0,0,0,,0,0,0,1920,False,,,25.37,21.15
cyclone,Dominican Republic,DOM,1926,162,0,0,0,0,5.3176e+07,0,0,,3e+06,0,0,1920,False,,,37.13,33.68
cyclone,Myanmar,MMR,1926,2700,0,0,40000,40000,0,0,0,,0,0,0,1920,False,6.75,,45.65,39.84
cyclone,Puerto Rico,PRI,1926,25,0,0,0,0,8.8626e+07,0,0,,5e+06,0,0,1920,False,,,30.34,28.1
cyclone,United States,USA,1926,279,0,0,0,0,1.45438e+09,0,0,,8.2051e+07,0,0,1920,False,,,42.42,38.61
cyclone,China,CHN,1927,5000,0,0,0,0,0,0,0,,0,0,0,1920,False,,,33.77,28.16
cyclone,India,IND,1927,685,10,40000,0,40010,0,0,0,,0,0,0,1920,False,1.71207,,40.22,35.31
cyclone,United States,USA,1927,87,620,0,0,620,3.96679e+08,0,0,,2.2e+07,0,0,1920,False,14.0323,639805,45.29,41.88
cyclone,Guadeloupe,GLP,1928,2000,0,0,0,0,0,0,0,,0,0,0,1920,False,,,30.13,25.13
cyclone,Poland,POL,1928,82,0,0,0,0,0,0,0,,0,0,0,1920,False,,,17.52,14.61
cyclone,Puerto Rico,PRI,1928,300,0,0,0,0,9.12027e+08,0,0,,5e+07,0,0,1920,False,,,42.26,38.4
cyclone,Romania,ROU,1928,6,0,0,0,0,0,0,0,,0,0,0,1920,False,,,7.71,6.43
cyclone,United States,USA,1928,1836,0,0,0,0,4.56014e+08,0,0,,2.5e+07,0,0,1920,False,,,48.78,43.73
cyclone,Bahamas,BHS,1929,48,0,0,0,0,0,0,0,,0,0,0,1920,False,,,15.43,12.87
cyclone,West Germany,OWID_GFR,1929,0,0,0,0,0,1.00323e+09,0,0,,5.5e+07,0,0,1920,True,,,19.73,19.63
cyclone,Belgium,BEL,1930,60,0,0,0,0,0,0,0,,0,0,0,1930,False,,,16.3,13.59
cyclone,Dominican Republic,DOM,1930,2000,6000,6000,0,12000,7.51467e+08,0,0,,4e+07,0,0,1930,False,16.6667,62622.2,62.29,56.64
cyclone,Greece,GRC,1930,22,0,0,0,0,0,0,0,,0,0,0,1930,False,,,12.43,10.37
cyclone,Belize,BLZ,1931,1500,0,0,0,0,1.54805e+08,0,0,,7.5e+06,0,0,1930,False,,,46.95,42.04
cyclone,Fiji,FJI,1931,200,0,0,0,0,0,0,0,,0,0,0,1930,False,,,21.02,17.53
cyclone,Honduras,HND,1931,1500,0,0,0,0,0,0,0,,0,0,0,1930,False,,,28.99,24.18
cyclone,Cayman Islands,CYM,1932,110,0,0,0,0,0,0,0,,0,0,0,1930,False,,,18.67,15.57
cyclone,Cuba,CUB,1932,2500,0,0,0,0,9.22757e+08,0,0,,4e+07,0,0,1930,False,,,50.67,45.41
cyclone,Philippines,PHL,1932,147,0,0,2500,2500,0,0,0,,0,0,0,1930,False,5.88,,30.39,26.65
cyclone,Puerto Rico,PRI,1932,257,4820,0,75000,79820,8.25867e+08,0,0,,3.58e+07,0,0,1930,False,0.321974,10346.6,56.82,52.41
cyclone,United States,USA,1932,372,0,0,0,0,0,0,0,,0,0,0,1930,False,,,23.47,19.58
cyclone,United States Virgin Islands,VIR,1932,15,0,0,0,0,4.614e+06,0,0,,200000,0,0,1930,False,,,25.6,23.7
cyclone,Cuba,CUB,1933,22,0,0,0,0,9.7283e+07,0,0,,4e+06,0,0,1930,False,,,29.94,27.78
cyclone,Jamaica,JAM,1933,10,0,0,0,0,0,0,0,,0,0,0,1930,False,,,9.51,7.93
cyclone,Trinidad and Tobago,TTO,1933,13,0,0,1000,1000,7.2962e+07,0,0,,3e+06,0,0,1930,False,1.3,72962,37.04,34.81
cyclone,United States,USA,1933,40,0,0,0,0,4.1102e+08,0,0,,1.69e+07,0,0,1930,False,,,33.6,31.06
cyclone,El Salvador,SLV,1934,2000,0,0,0,0,4.6826e+07,0,0,,2e+06,0,0,1930,False,,,46.95,41.85
cyclone,Honduras,HND,1934,468,0,0,0,0,0,0,0,,0,0,0,1930,False,,,24.38,20.33
cyclone,Japan,JPN,1934,3006,0,0,0,0,1.17066e+09,0,0,,5e+07,0,0,1930,False,,,51.63,46.25
cyclone,Philippines,PHL,1934,85,0,0,0,0,0,0,0,,0,0,0,1930,False,,,17.66,14.73
cyclone,United States,USA,1934,10,0,15000,0,15000,0,0,0,,0,0,0,1930,False,0.0666667,,22.51,20.38
cyclone,Bahamas,BHS,1935,14,0,0,0,0,0,0,0,,0,0,0,1930,False,,,10.74,8.95
cyclone,Cuba,CUB,1935,35,500,0,0,500,0,0,0,,0,0,0,1930,False,7,,22.61,19.9
cyclone,Haiti,HTI,1935,2150,0,0,0,0,0,0,0,,0,0,0,1930,False,,,30.42,25.37
cyclone,India,IND,1935,60100,0,0,0,0,0,0,0,,0,0,0,1930,False,,,43.62,36.38
cyclone,Jamaica,JAM,1935,0,0,0,0,0,4.5801e+07,0,0,,2e+06,0,0,1930,False,,,16.79,16.7
cyclone,United States,USA,1935,408,0,0,0,0,1.37403e+08,0,0,,6e+06,0,0,1930,False,,,41.68,37.62
cyclone,India,IND,1936,233,0,0,0,0,0,0,0,,0,0,0,1930,False,,,21.63,18.04
cyclone,Myanmar,MMR,1936,1000,0,0,150000,150000,0,0,0,,0,0,0,1930,False,0.666667,,43.5,38.27
cyclone,Philippines,PHL,1936,517,0,0,0,0,0,0,0,,0,0,0,1930,False,,,24.78,20.66
cyclone,South Korea,KOR,1936,1104,0,0,0,0,0,0,0,,0,0,0,1930,False,,,27.78,23.17
cyclone,United States,USA,1936,455,0,0,0,0,4.73992e+08,0,0,,2.1e+07,0,0,1930,False,,,43.29,39.16
cyclone,Hong Kong,HKG,1937,11000,0,0,0,0,0,0,0,,0,0,0,1930,False,,,36.89,30.77
cyclone,Philippines,PHL,1937,231,0,0,0,0,0,0,0,,0,0,0,1930,False,,,21.59,18.01
cyclone,Philippines,PHL,1938,305,0,0,0,0,0,0,0,,0,0,0,1930,False,,,22.69,18.92
cyclone,United States,USA,1938,600,0,0,0,0,6.80877e+09,0,0,,3.06e+08,0,0,1930,False,,,46.92,42.59
cyclone,New Caledonia,NCL,1939,3,0,0,0,0,0,0,0,,0,0,0,1930,False,,,5.5,4.58
cyclone,Philippines,PHL,1940,73,0,0,0,0,0,0,0,,0,0,0,1940,False,,,17.06,14.23
cyclone,United States,USA,1940,50,0,0,0,0,0,0,0,,0,0,0,1940,False,,,15.59,13
cyclone,Bangladesh,BGD,1941,5000,0,0,0,0,0,0,0,,0,0,0,1940,False,,,33.77,28.16
cyclone,Fiji,FJI,1941,6,0,0,0,0,0,0,0,,0,0,0,1940,False,,,7.71,6.43
cyclone,Portugal,PRT,1941,120,0,142,0,142,8.53707e+08,0,0,,4e+07,0,0,1940,False,84.507,6.01202e+06,45.3,41.75
cyclone,Spain,ESP,1941,20,120,0,0,120,0,0,0,,0,0,0,1940,False,16.6667,,18.55,16.28
cyclone,Bangladesh,BGD,1942,61000,0,0,0,0,0,0,0,,0,0,0,1940,False,,,43.68,36.43
cyclone,India,IND,1942,40000,0,0,0,0,0,0,0,,0,0,0,1940,False,,,42.01,35.03
cyclone,India,IND,1943,5000,0,30000,0,30000,0,0,0,,0,0,0,1940,False,16.6667,,47.7,41.51
cyclone,India,IND,1944,304,0,0,0,0,0,0,0,,0,0,0,1940,False,,,22.68,18.91
cyclone,Jamaica,JAM,1944,32,0,0,2000,2000,0,0,0,,0,0,0,1940,False,1.6,,24.14,21.4
cyclone,Pakistan,PAK,1944,0,0,0,10000,10000,0,0,0,,0,0,0,1940,False,,,12.45,11.93
cyclone,United States,USA,1944,390,0,0,0,0,1.7826e+09,0,0,,1e+08,0,0,1940,False,,,43.94,39.9
cyclone,Bahamas,BHS,1945,22,0,0,0,0,0,0,0,,0,0,0,1940,False,,,12.43,10.37
cyclone,India,IND,1945,0,0,0,2000,2000,0,0,0,,0,0,0,1940,False,,,10.28,9.84
cyclone,Japan,JPN,1945,4197,0,1881672,0,1881672,6.97368e+09,0,0,,4.001e+08,0,0,1940,False,0.223046,3706.11,74.18,67.75
cyclone,United States,USA,1945,205,1001,0,0,1001,1.3299e+08,0,0,,7.63e+06,0,0,1940,False,20.4795,132857,48.27,44.27
cyclone,Canada,CAN,1946,17,0,0,0,0,8.045e+06,0,0,,500000,0,0,1940,False,,,26.6,24.61
cyclone,Philippines,PHL,1946,260,0,0,0,0,0,0,0,,0,0,0,1940,False,,,22.06,18.4
cyclone,Portugal,PRT,1946,27,0,0,0,0,0,0,0,,0,0,0,1940,False,,,13.21,11.02
cyclone,United States,USA,1946,33,0,0,0,0,0,0,0,,0,0,0,1940,False,,,13.98,11.66
cyclone,Bangladesh,BGD,1947,500,0,0,0,0,0,0,0,,0,0,0,1940,False,,,24.64,20.55
cyclone,Hong Kong,HKG,1947,2000,0,0,0,0,0,0,0,,0,0,0,1940,False,,,30.13,25.13
cyclone,Japan,JPN,1947,1930,0,0,0,0,0,0,0,,0,0,0,1940,False,,,29.99,25.01
cyclone,United States,USA,1947,308,0,0,0,0,1.40689e+09,0,0,,1e+08,0,0,1940,False,,,42.78,38.9
cyclone,China,CHN,1948,1800,0,0,0,0,0,0,0,,0,0,0,1940,False,,,29.72,24.78
cyclone,Cuba,CUB,1948,14,300,0,0,300,2.35303e+08,0,0,,1.8e+07,0,0,1940,False,4.66667,784343,36.8,34.59
cyclone,Italy,ITA,1948,51,0,5245,0,5245,0,0,0,,0,0,0,1940,False,0.972355,,27.24,24.15
cyclone,Japan,JPN,1948,868,0,414153,0,414153,0,0,0,,0,0,0,1940,False,0.209584,,44.31,39.12
cyclone,New Caledonia,NCL,1948,2,0,0,0,0,0,0,0,,0,0,0,1940,False,,,4.36,3.63
cyclone,Reunion,REU,1948,165,0,0,0,0,0,0,0,,0,0,0,1940,False,,,20.27,16.9
cyclone,United States,USA,1948,42,0,0,0,0,0,0,0,,0,0,0,1940,False,,,14.91,12.43
cyclone,Brazil,BRA,1949,100,0,0,0,0,0,0,0,,0,0,0,1940,False,,,18.3,15.26
cyclone,India,IND,1949,1000,0,0,0,0,0,0,0,,0,0,0,1940,False,,,27.39,22.84
cyclone,Japan,JPN,1949,617,0,194046,0,194046,0,0,0,,0,0,0,1940,False,0.317966,,41.94,37.01
cyclone,Philippines,PHL,1949,1000,0,0,0,0,0,0,0,,0,0,0,1940,False,,,27.39,22.84
cyclone,United States,USA,1949,87,0,0,0,0,0,0,0,,0,0,0,1940,False,,,17.75,14.8
cyclone,Antigua and Barbuda,ATG,1950,2,0,0,0,0,1.3018e+07,0,0,,1e+06,0,0,1950,False,,,19.95,19.14
cyclone,India,IND,1950,90,0,0,0,0,0,0,0,,0,0,0,1950,False,,,17.88,14.91
cyclone,Japan,JPN,1950,509,0,642117,0,642117,0,0,0,,0,0,0,1950,False,0.079269,,42.79,37.93
cyclone,United States,USA,1950,275,228,0,0,228,1.32212e+09,0,0,,1.0156e+08,0,0,1950,False,120.614,5.79879e+06,49.62,45.5
cyclone,Bangladesh,BGD,1951,200,0,0,0,0,0,0,0,,0,0,0,1950,False,,,21.02,17.53
cyclone,Comoros,COM,1951,500,0,0,0,0,0,0,0,,0,0,0,1950,False,,,24.64,20.55
cyclone,Jamaica,JAM,1951,154,200,20000,0,20200,6.75742e+08,0,0,,5.6e+07,0,0,1950,False,0.762376,33452.6,52.75,48.76
cyclone,Japan,JPN,1951,943,2644,123773,0,126417,6.63675e+08,0,0,,5.5e+07,0,0,1950,False,0.745944,5249.89,62.38,57.09
cyclone,Mexico,MEX,1951,257,0,0,0,0,1.3998e+07,0,0,,1.16e+06,0,0,1950,False,,,37.68,33.94
cyclone,New Caledonia,NCL,1951,2,0,0,0,0,0,0,0,,0,0,0,1950,False,,,4.36,3.63
cyclone,Philippines,PHL,1951,1016,0,50000,0,50000,3.62005e+08,0,0,,3e+07,0,0,1950,False,2.032,7240.1,60.84,55.56
cyclone,Taiwan,TWN,1951,100,0,0,0,0,0,0,0,,0,0,0,1950,False,,,18.3,15.26
cyclone,Vanuatu,VUT,1951,100,0,0,0,0,3.017e+06,0,0,,250000,0,0,1950,False,,,32.5,29.38
cyclone,Fiji,FJI,1952,23,800,0,0,800,2.3589e+07,0,0,,2e+06,0,0,1950,False,2.875,29486.2,37.8,35.24
cyclone,India,IND,1952,750,0,1000000,0,1000000,0,0,0,,0,0,0,1950,False,0.075,,44.93,39.78
cyclone,Japan,JPN,1952,176,0,0,0,0,0,0,0,,0,0,0,1950,False,,,20.52,17.11
cyclone,Philippines,PHL,1952,1014,452,0,500000,500452,7.07678e+08,0,0,,6e+07,0,0,1950,False,0.202617,1414.08,64.58,59.17
cyclone,South Africa,ZAF,1952,35,0,0,0,0,0,0,0,,0,0,0,1950,False,,,14.21,11.85
cyclone,United States,USA,1952,279,0,0,0,0,0,0,0,,0,0,0,1950,False,,,22.34,18.63
cyclone,Japan,JPN,1953,507,0,1487625,259194,1746819,0,0,0,,0,0,0,1950,False,0.0290242,,44.13,39.21
cyclone,Taiwan,TWN,1953,67,0,0,0,0,0,0,0,,0,0,0,1950,False,,,16.73,13.95
cyclone,United States,USA,1953,470,1288,0,10000,11288,6.11003e+08,0,0,,5.2193e+07,0,0,1950,False,4.16371,54128.5,56.27,51.59
cyclone,Vietnam,VNM,1953,1000,0,0,0,0,0,0,0,,0,0,0,1950,False,,,27.39,22.84
cyclone,West Germany,OWID_GFR,1953,0,0,0,0,0,2.92665e+08,0,0,,2.5e+07,0,0,1950,True,,,18.56,18.46
cyclone,Canada,CAN,1954,85,0,0,0,0,1.17797e+09,0,0,,1.01e+08,0,0,1950,False,,,37.54,34.5
cyclone,Haiti,HTI,1954,410,0,250000,0,250000,0,0,0,,0,0,0,1950,False,0.164,,40.66,35.99
cyclone,Japan,JPN,1954,4056,0,143844,16326,160170,3.49893e+09,0,0,,3e+08,0,0,1950,False,2.53231,21845.1,70.06,63.79
cyclone,South Korea,KOR,1954,15,0,0,0,0,0,0,0,,0,0,0,1950,False,,,10.99,9.17
cyclone,United States,USA,1954,196,1000,29160,4635,34795,9.16486e+09,0,0,,7.858e+08,0,0,1950,False,0.563299,263396,56.92,52.73
cyclone,Barbados,BRB,1955,57,0,0,0,0,5.8579e+07,0,0,,5e+06,0,0,1950,False,,,33.12,30.36
cyclone,Belize,BLZ,1955,16,0,0,0,0,5.8579e+07,0,0,,5e+06,0,0,1950,False,,,28.26,26.3
cyclone,Canada,CAN,1955,3,0,0,0,0,0,0,0,,0,0,0,1950,False,,,5.5,4.58
cyclone,Cuba,CUB,1955,4,5,0,200,205,2.3431e+07,0,0,,2e+06,0,0,1950,False,1.95122,114298,29.74,28.29
cyclone,India,IND,1955,2120,0,0,375000,375000,0,0,0,,0,0,0,1950,False,0.565333,,47.72,41.94
cyclone,Japan,JPN,1955,270,0,0,0,0,0,0,0,,0,0,0,1950,False,,,22.21,18.52
cyclone,Mexico,MEX,1955,800,0,0,15000,15000,1.87452e+09,0,0,,1.6e+08,0,0,1950,False,5.33333,124968,59.83,54.77
cyclone,New Caledonia,NCL,1955,1,0,0,0,0,0,0,0,,0,0,0,1950,False,,,2.75,2.29
cyclone,Philippines,PHL,1955,144,0,0,0,0,0,0,0,,0,0,0,1950,False,,,19.73,16.45
cyclone,Saint Vincent and the Grenadines,VCT,1955,122,0,0,0,0,4.452e+07,0,0,,3.8e+06,0,0,1950,False,,,35.84,32.58
cyclone,United States,USA,1955,411,0,105000,0,105000,1.0755e+10,0,0,,9.18e+08,0,0,1950,False,0.391429,102429,61.49,56.75
cyclone,Bahamas,BHS,1956,1,0,0,0,0,0,0,0,,0,0,0,1950,False,,,2.75,2.29
cyclone,China,CHN,1956,4935,16617,11000000,0,11016617,0,0,0,,0,0,0,1950,False,0.044796,,55.63,49.11
cyclone,Guadeloupe,GLP,1956,18,0,5000,0,5000,1.15397e+08,0,0,,1e+07,0,0,1950,False,0.36,23079.4,40.86,38.34
cyclone,India,IND,1956,0,0,1000000,0,1000000,0,0,0,,0,0,0,1950,False,,,18.68,17.89
cyclone,Indonesia,IDN,1956,300,0,0,0,0,0,0,0,,0,0,0,1950,False,,,22.62,18.87
cyclone,Japan,JPN,1956,121,0,0,0,0,1.15397e+08,0,0,,1e+07,0,0,1950,False,,,36.72,33.46
cyclone,Mozambique,MOZ,1956,107,0,0,0,0,0,0,0,,0,0,0,1950,False,,,18.56,15.48
cyclone,Philippines,PHL,1956,129,0,0,0,0,0,0,0,,0,0,0,1950,False,,,19.3,16.09
cyclone,Puerto Rico,PRI,1956,16,24,45069,0,45093,4.6159e+08,0,0,,4e+07,0,0,1950,False,0.0354822,10236.4,44.71,42.13
cyclone,Solomon Islands,SLB,1956,200,0,0,0,0,0,0,0,,0,0,0,1950,False,,,21.02,17.53
cyclone,United States,USA,1956,212,200,0,0,200,0,0,0,,0,0,0,1950,False,106,,28.42,24.59
cyclone,Vietnam,VNM,1956,56,0,0,0,0,0,0,0,,0,0,0,1950,False,,,16.03,13.37
cyclone,Hong Kong,HKG,1957,8,111,0,0,111,0,0,0,,0,0,0,1950,False,7.20721,,15.09,13.37
cyclone,Japan,JPN,1957,109,0,0,0,0,0,0,0,,0,0,0,1950,False,,,18.63,15.54
cyclone,Philippines,PHL,1957,89,0,0,0,0,0,0,0,,0,0,0,1950,False,,,17.84,14.88
cyclone,South Korea,KOR,1957,238,0,0,0,0,0,0,0,,0,0,0,1950,False,,,21.71,18.11
cyclone,Spain,ESP,1957,26,0,0,0,0,0,0,0,,0,0,0,1950,False,,,13.07,10.9
cyclone,Sri Lanka,LKA,1957,200,0,250000,0,250000,0,0,0,,0,0,0,1950,False,0.08,,37.83,33.63
cyclone,United States,USA,1957,469,0,0,0,0,1.67499e+09,0,0,,1.5e+08,0,0,1950,False,,,44.61,40.45
cyclone,Bangladesh,BGD,1958,500,0,0,0,0,0,0,0,,0,0,0,1950,False,,,24.64,20.55
cyclone,India,IND,1958,0,0,20000,0,20000,0,0,0,,0,0,0,1950,False,,,13.39,12.82
cyclone,Japan,JPN,1958,1950,0,0,0,0,0,0,0,,0,0,0,1950,False,,,30.03,25.05
cyclone,Taiwan,TWN,1958,31,0,0,0,0,0,0,0,,0,0,0,1950,False,,,13.74,11.46
cyclone,United States,USA,1958,139,0,0,0,0,0,0,0,,0,0,0,1950,False,,,19.59,16.34
cyclone,Brazil,BRA,1959,59,0,0,0,0,0,0,0,,0,0,0,1950,False,,,16.23,13.54
cyclone,Canada,CAN,1959,41,0,0,0,0,8.071e+06,0,0,,750000,0,0,1950,False,,,29.96,27.42
cyclone,China,CHN,1959,1784,0,0,0,0,0,0,0,,0,0,0,1950,False,,,29.68,24.75
cyclone,Hong Kong,HKG,1959,43,0,0,0,0,0,0,0,,0,0,0,1950,False,,,15,12.51
cyclone,Japan,JPN,1959,5386,40616,1518000,151000,1709616,7.0163e+09,0,0,,6.52e+08,0,0,1950,False,0.315042,4104.02,75.05,68.45
cyclone,Mexico,MEX,1959,960,0,0,0,0,2.15224e+08,0,0,,2e+07,0,0,1950,False,,,45.49,40.87
cyclone,New Caledonia,NCL,1959,1,0,0,0,0,7.533e+06,0,0,,700000,0,0,1950,False,,,17.82,17.28
cyclone,Niue,NIU,1959,0,0,1600,0,1600,1.6142e+07,0,0,,1.5e+06,0,0,1950,False,,10088.8,25.77,25.27
cyclone,Philippines,PHL,1959,23,0,0,0,0,1.6142e+07,0,0,,1.5e+06,0,0,1950,False,,,28.4,26.22
cyclone,South Korea,KOR,1959,669,0,0,782126,782126,1.07612e+09,0,0,,1e+08,0,0,1950,False,0.0855361,1375.89,63.94,58.78
cyclone,Taiwan,TWN,1959,1046,0,0,0,0,5.3806e+08,0,0,,5e+07,0,0,1950,False,,,46.7,42.02
cyclone,United States,USA,1959,71,0,0,0,0,1.8294e+07,0,0,,1.7e+06,0,0,1950,False,,,32.87,29.97
cyclone,Anguilla,AIA,1960,5,250,0,1000,1250,3.71229e+08,0,0,,3.5e+07,0,0,1960,False,0.4,296983,35.53,33.84
cyclone,Antigua and Barbuda,ATG,1960,2,0,0,0,0,0,0,0,,0,0,0,1960,False,,,4.36,3.63
cyclone,Bangladesh,BGD,1960,8149,0,200000,0,200000,0,0,0,0,0,0,0,1960,False,4.0745,,52.2,45.58
cyclone,Hong Kong,HKG,1960,45,127,15000,0,15127,0,0,0,0,0,0,0,1960,False,0.297481,,28.19,25.12
cyclone,Japan,JPN,1960,47,154,62085,1347,63586,0,0,0,0,0,0,0,1960,False,0.0739156,,30.3,27.12
cyclone,Mauritius,MUS,1960,42,0,0,0,0,0,0,0,0,0,0,0,1960,False,,,14.91,12.43
cyclone,Niue,NIU,1960,0,0,4000,0,4000,435000,0,0,,41000,0,0,1960,False,,108.75,23.57,23.03
cyclone,Philippines,PHL,1960,631,0,425000,20000,445000,3.60623e+08,0,0,0.452375,3.4e+07,0,0,1960,False,0.141798,810.389,61.91,56.82
cyclone,Taiwan,TWN,1960,199,0,0,0,0,0,0,0,,0,0,0,1960,False,,,21,17.52
cyclone,United States,USA,1960,50,0,0,0,0,4.10474e+09,0,0,0.0714037,3.87e+08,0,0,1960,False,,,36.66,33.96
cyclone,Bangladesh,BGD,1961,11266,0,0,0,0,1.24881e+08,0,0,0.247012,1.19e+07,0,0,1960,False,,,54.73,48.5
cyclone,Belize,BLZ,1961,275,0,0,10000,10000,6.29652e+08,0,0,200.234,6e+07,0,0,1960,False,2.75,62965.2,54.02,49.69
cyclone,Greece,GRC,1961,43,0,0,0,0,0,0,0,0,0,0,0,1960,False,,,15,12.51
cyclone,Guatemala,GTM,1961,11,0,0,0,0,0,0,0,0,0,0,0,1960,False,,,9.85,8.22
cyclone,Honduras,HND,1961,1,0,0,0,0,0,0,0,0,0,0,0,1960,False,,,2.75,2.29
cyclone,Hong Kong,HKG,1961,7,0,0,1171,1171,0,0,0,0,0,0,0,1960,False,0.59778,,17.8,16.02
cyclone,Japan,JPN,1961,296,0,0,0,0,0,0,0,0,0,0,0,1960,False,,,22.57,18.82
cyclone,Mexico,MEX,1961,436,0,0,0,0,0,0,0,0,0,0,0,1960,False,,,24.1,20.1
cyclone,Nicaragua,NIC,1961,1,15,0,0,15,3.148e+06,0,0,0.122878,300000,0,0,1960,False,6.66667,209867,20.74,20.05
cyclone,Taiwan,TWN,1961,106,0,0,0,0,0,0,0,,0,0,0,1960,False,,,18.52,15.45
cyclone,Tonga,TON,1961,2,0,8000,0,8000,5.247e+06,0,0,,500000,0,0,1960,False,0.025,655.875,31.24,29.92
cyclone,United States,USA,1961,146,0,0,0,0,4.28163e+09,0,0,0.0726056,4.08e+08,0,0,1960,False,,,40.9,37.5
cyclone,Canada,CAN,1962,33,0,0,0,0,0,0,0,0,0,0,0,1960,False,,,13.98,11.66
cyclone,Guam,GUM,1962,6,0,0,0,0,2.59247e+09,0,0,,2.5e+08,0,0,1960,False,,,28.35,26.96
cyclone,Hong Kong,HKG,1962,183,0,72000,0,72000,3.47391e+09,0,0,20.7772,3.35e+08,0,0,1960,False,0.254167,48248.8,56.71,52.52
cyclone,India,IND,1962,0,0,40000,0,40000,0,0,0,0,0,0,0,1960,False,,,14.33,13.72
cyclone,Peru,PER,1962,60,0,0,0,0,0,0,0,0,0,0,0,1960,False,,,16.3,13.59
cyclone,Philippines,PHL,1962,197,0,0,0,0,0,0,0,0,0,0,0,1960,False,,,20.96,17.48
cyclone,Taiwan,TWN,1962,107,0,0,0,0,0,0,0,,0,0,0,1960,False,,,18.56,15.48
cyclone,Thailand,THA,1962,769,0,0,0,0,1.97028e+08,0,0,0.574207,1.9e+07,0,0,1960,False,,,44.53,40.06
cyclone,United States,USA,1962,165,1252,50346,5379,56977,3.62946e+09,0,0,0.0579816,3.5e+08,0,0,1960,False,0.289591,63700.4,56.02,51.92
cyclone,West Germany,OWID_GFR,1962,347,0,0,180000,180000,6.22193e+09,4.14795e+08,0,,6e+08,4e+07,0,1960,True,0.192778,34566.3,61.03,56.37
cyclone,Bahamas,BHS,1963,0,0,0,0,0,1.5364e+07,0,0,0.63118,1.5e+06,0,0,1960,False,,,15.75,15.67
cyclone,Bangladesh,BGD,1963,22079,0,1000000,0,1000000,5.12145e+08,0,0,0.939945,5e+07,0,0,1960,False,2.2079,512.145,77.42,69.95
cyclone,Cuba,CUB,1963,1750,0,0,0,0,5.12145e+09,0,0,,5e+08,0,0,1960,False,,,50.89,45.86
cyclone,Dominica,DMA,1963,0,0,0,0,0,2.6632e+07,0,0,,2.6e+06,0,0,1960,False,,,16.28,16.19
cyclone,Dominican Republic,DOM,1963,400,0,0,0,0,6.14574e+08,0,0,6.37755,6e+07,0,0,1960,False,,,43.03,38.98
cyclone,Grenada,GRD,1963,6,0,0,0,0,2.612e+06,0,0,,255000,0,0,1960,False,,,21.78,20.42
cyclone,Haiti,HTI,1963,5000,0,0,0,0,1.84372e+09,0,0,61.0411,1.8e+08,0,0,1960,False,,,54.08,48.36
cyclone,India,IND,1963,312,0,5000000,0,5000000,0,0,0,0,0,0,0,1960,False,0.00624,,43.63,38.97
cyclone,Jamaica,JAM,1963,11,0,0,0,0,1.18049e+08,0,0,1.39409,1.1525e+07,0,0,1960,False,,,27.54,25.81
cyclone,Japan,JPN,1963,133,0,0,0,0,0,0,0,0,0,0,0,1960,False,,,19.42,16.19
cyclone,Martinique,MTQ,1963,10,50,39000,18000,57050,4.09716e+08,0,0,,4e+07,0,0,1960,False,0.0175285,7181.7,43.19,40.89
cyclone,Myanmar,MMR,1963,0,0,0,200,200,0,0,0,0,0,0,0,1960,False,,,7.17,6.87
cyclone,Philippines,PHL,1963,1,0,0,2000,2000,0,0,0,0,0,0,0,1960,False,0.05,,13.02,12.13
cyclone,Saint Lucia,LCA,1963,10,0,0,0,0,3.5492e+07,0,0,,3.465e+06,0,0,1960,False,,,26.06,24.39
cyclone,Trinidad and Tobago,TTO,1963,24,0,0,0,0,3.07287e+08,0,0,4.42322,3e+07,0,0,1960,False,,,31.37,29.15
cyclone,United States,USA,1963,229,0,0,0,0,0,0,0,0,0,0,0,1960,False,,,21.56,17.98
cyclone,Bangladesh,BGD,1964,300,0,800,0,800,2.528e+06,0,0,0.00464162,250000,0,0,1960,False,37.5,3160,45.7,41.48
cyclone,China,CHN,1964,686,0,0,0,0,0,0,0,0,0,0,0,1960,False,,,25.9,21.6
cyclone,Dominican Republic,DOM,1964,7,0,0,0,0,1.0114e+07,0,0,0.0975039,1e+06,0,0,1960,False,,,23.6,22.15
cyclone,Guadeloupe,GLP,1964,14,100,10000,0,10100,0,0,0,,0,0,0,1960,False,0.138614,,23.2,20.89
cyclone,Haiti,HTI,1964,100,0,80000,0,80000,1.01136e+08,0,0,3.07426,1e+07,0,0,1960,False,0.125,1264.2,51.11,47.33
cyclone,Hong Kong,HKG,1964,70,385,0,0,385,0,0,0,0,0,0,0,1960,False,18.1818,,24.95,21.8
cyclone,India,IND,1964,500,0,0,0,0,0,0,0,0,0,0,0,1960,False,,,24.64,20.55
cyclone,Japan,JPN,1964,42,0,0,0,0,0,0,0,0,0,0,0,1960,False,,,14.91,12.43
cyclone,Pakistan,PAK,1964,450,0,400000,0,400000,4.1466e+07,0,0,0.0787711,4.1e+06,0,0,1960,False,0.1125,103.665,58.36,53.52
cyclone,Panama,PAN,1964,1,18,500,0,518,3.034e+06,0,0,0.0386529,300000,0,0,1960,False,0.19305,5857.14,25.41,24.52
cyclone,Philippines,PHL,1964,636,1421,1224125,0,1225546,4.34883e+08,0,0,0.722233,4.3e+07,0,0,1960,False,0.0518952,354.848,63.48,58.33
cyclone,Samoa,WSM,1964,250,0,0,0,0,0,0,0,,0,0,0,1960,False,,,21.9,18.27
cyclone,South Korea,KOR,1964,210,300,43530,43000,86830,1.0114e+07,0,0,0.0287622,1e+06,0,0,1960,False,0.241852,116.48,51.94,47.69
cyclone,Sri Lanka,LKA,1964,206,0,280000,100000,380000,3.77236e+08,0,0,2.84788,3.73e+07,0,0,1960,False,0.0542105,992.726,57.31,52.97
cyclone,Turkey,TUR,1964,0,0,12000,0,12000,2.225e+07,0,0,0.0196819,2.2e+06,0,0,1960,False,,1854.17,28.8,28.18
cyclone,United States,USA,1964,183,0,0,0,0,2.52839e+09,0,0,0.036542,2.5e+08,0,0,1960,False,,,41.28,37.74
cyclone,Vietnam,VNM,1964,7000,0,700000,0,700000,5.05678e+08,0,0,,5e+07,0,0,1960,False,1,722.397,72.37,65.67
cyclone,Bahamas,BHS,1965,0,0,1200,0,1200,6.969e+06,0,0,0.233122,700000,0,0,1960,False,,5807.5,24.59,24.1
cyclone,Bangladesh,BGD,1965,48921,600000,10060000,5000000,15660000,5.74447e+08,0,0,0.976867,5.77e+07,0,0,1960,False,0.312395,36.6824,84.4,76.25
cyclone,Chile,CHL,1965,58,0,0,0,0,0,0,0,0,0,0,0,1960,False,,,16.16,13.48
cyclone,Fiji,FJI,1965,2,0,10000,0,10000,0,0,0,0,0,0,0,1960,False,0.02,,16.81,15.56
cyclone,Hong Kong,HKG,1965,5,3,0,200,203,0,0,0,0,0,0,0,1960,False,2.46305,,14.29,12.81
cyclone,Italy,ITA,1965,37,0,0,0,0,0,0,0,0,0,0,0,1960,False,,,14.42,12.03
cyclone,Japan,JPN,1965,147,770,30000,0,30770,0,0,0,0,0,0,0,1960,False,0.477738,,33.78,29.9
cyclone,Myanmar,MMR,1965,100,0,500000,0,500000,9.956e+06,0,0,0.27244,1e+06,0,0,1960,False,0.02,19.912,51.38,47.51
cyclone,Pakistan,PAK,1965,10000,0,0,0,0,0,0,0,0,0,0,0,1960,False,,,36.51,30.45
cyclone,Philippines,PHL,1965,37,0,0,0,0,0,0,0,0,0,0,0,1960,False,,,14.42,12.03
cyclone,Taiwan,TWN,1965,55,166,0,0,166,0,0,0,,0,0,0,1960,False,33.1325,,22.88,19.93
cyclone,United States,USA,1965,570,1000,0,0,1000,1.60288e+10,0,0,0.217009,1.61e+09,0,0,1960,False,57,1.60288e+07,56.87,52.18
cyclone,American Samoa,ASM,1966,90,0,0,0,0,0,0,0,,0,0,0,1960,False,,,17.88,14.91
cyclone,Bahamas,BHS,1966,5,3,0,0,3,1.49797e+08,0,0,4.46943,1.55e+07,0,0,1960,False,166.667,4.99323e+07,26.9,25.54
cyclone,Bangladesh,BGD,1966,850,0,1500000,300000,1800000,2.16482e+08,0,0,0.347843,2.24e+07,0,0,1960,False,0.0472222,120.268,64.49,59.13
cyclone,Brazil,BRA,1966,36,0,0,0,0,0,0,0,0,0,0,0,1960,False,,,14.31,11.94
cyclone,Cuba,CUB,1966,5,30,156000,18000,174030,1.73958e+08,0,0,,1.8e+07,0,0,1960,False,0.00287307,999.586,41.48,39.51
cyclone,Dominican Republic,DOM,1966,74,442,7000,5500,12942,4.8322e+07,0,0,0.508182,5e+06,0,0,1960,False,0.571782,3733.74,46.76,43.29
cyclone,Guadeloupe,GLP,1966,25,0,10000,0,10000,6.76505e+08,0,0,,7e+07,0,0,1960,False,0.25,67650.5,44.72,41.95
cyclone,Haiti,HTI,1966,480,881,67000,0,67881,1.93287e+08,0,0,5.42081,2e+07,0,0,1960,False,0.70712,2847.44,57.69,52.89
cyclone,Hong Kong,HKG,1966,15,0,0,0,0,0,0,0,0,0,0,0,1960,False,,,10.99,9.17
cyclone,India,IND,1966,18,0,150000,0,150000,4.059e+07,0,0,0.00921432,4.2e+06,0,0,1960,False,0.012,270.6,44.46,41.75
cyclone,Japan,JPN,1966,358,121,13764,0,13885,7.6348e+07,0,0,0.00684413,7.9e+06,0,0,1960,False,2.57832,5498.6,53.5,48.99
cyclone,Mexico,MEX,1966,14,69,80000,10000,90069,2.31945e+08,0,0,0.0986842,2.4e+07,0,0,1960,False,0.0155436,2575.19,44.5,41.96
cyclone,Philippines,PHL,1966,18,0,196000,90000,286000,9.664e+06,0,0,0.0139101,1e+06,0,0,1960,False,0.00629371,33.7902,43.97,41.23
cyclone,Samoa,WSM,1966,10,0,95000,0,95000,5.799e+06,0,0,,600000,0,0,1960,False,0.0105263,61.0421,39.83,37.51
cyclone,Solomon Islands,SLB,1966,3,0,1000,0,1000,0,0,0,,0,0,0,1960,False,0.3,,14.84,13.53
cyclone,Taiwan,TWN,1966,36,21,5000,0,5021,1.67406e+08,0,0,,1.7322e+07,0,0,1960,False,0.716989,33341.2,43.86,40.9
cyclone,Togo,TGO,1966,0,15,0,0,15,1.933e+06,0,0,0.0655249,200000,0,0,1960,False,,128867,17.53,17.3
cyclone,United States,USA,1966,290,0,0,0,0,9.66435e+08,0,0,0.0122996,1e+08,0,0,1960,False,,,42.19,38.35
cyclone,Bangladesh,BGD,1967,91,200,0,0,200,0,0,0,0,0,0,0,1960,False,45.5,,25.1,21.82
cyclone,Belgium,BEL,1967,0,100,0,0,100,0,0,0,0,0,0,0,1960,False,,,6.24,5.98
cyclone,France,FRA,1967,5,0,0,0,0,1.88072e+08,0,0,0.0169364,2e+07,0,0,1960,False,,,25.24,23.96
cyclone,Hong Kong,HKG,1967,0,3,1500,0,1503,0,0,0,0,0,0,0,1960,False,,,9.89,9.47
cyclone,India,IND,1967,1000,0,0,0,0,0,0,0,0,0,0,0,1960,False,,,27.39,22.84
cyclone,Japan,JPN,1967,290,429,2655,0,3084,0,0,0,0,0,0,0,1960,False,9.40337,,33.35,29.16
cyclone,Martinique,MTQ,1967,15,0,1000,0,1000,0,0,0,,0,0,0,1960,False,1.5,,20.33,18.11
cyclone,Mauritius,MUS,1967,0,24,20000,3500,23524,4.7018e+07,0,0,2.09697,5e+06,0,0,1960,False,,1998.72,30.43,29.76
cyclone,Mexico,MEX,1967,111,0,271000,0,271000,1.73026e+09,0,0,0.692771,1.84e+08,0,0,1960,False,0.0409594,6384.74,55.87,51.94
cyclone,Myanmar,MMR,1967,278,200,157319,0,157519,7.711e+07,0,0,1.95071,8.2e+06,0,0,1960,False,0.176487,489.528,55.79,51.31
cyclone,Philippines,PHL,1967,107,0,137000,0,137000,2.49196e+08,0,0,0.343048,2.65e+07,0,0,1960,False,0.0781022,1818.95,52.96,49.1
cyclone,Saint Lucia,LCA,1967,0,0,0,0,0,2.8211e+07,0,0,,3e+06,0,0,1960,False,,,16.33,16.24
cyclone,Saint Vincent and the Grenadines,VCT,1967,2,0,0,0,0,4.2316e+07,0,0,28.4179,4.5e+06,0,0,1960,False,,,21.07,20.26
cyclone,Solomon Islands,SLB,1967,12,0,0,0,0,0,0,0,0,0,0,0,1960,False,,,10.17,8.48
cyclone,Taiwan,TWN,1967,69,67,100,0,167,0,0,0,,0,0,0,1960,False,41.3174,,23.77,20.68
cyclone,United States,USA,1967,275,0,0,0,0,1.88072e+09,0,0,0.0232661,2e+08,0,0,1960,False,,,42.61,38.8
cyclone,Bangladesh,BGD,1968,118,1045,15093,0,16138,1.3528e+07,0,0,0.0200436,1.5e+06,0,0,1960,False,0.731193,838.27,47.68,43.89
cyclone,Colombia,COL,1968,0,0,1020,63,1083,451000,0,0,0.000838896,50000,0,0,1960,False,,416.436,21.84,21.38
cyclone,Hong Kong,HKG,1968,0,4,3000,0,3004,0,0,0,0,0,0,0,1960,False,,,10.83,10.37
cyclone,India,IND,1968,7,0,15000,0,15000,0,0,0,0,0,0,0,1960,False,0.0466667,,21.24,19.33
cyclone,Japan,JPN,1968,124,0,0,0,0,0,0,0,0,0,0,0,1960,False,,,19.14,15.96
cyclone,Madagascar,MDG,1968,29,0,65000,10000,75000,2.7957e+07,0,0,0.300484,3.1e+06,0,0,1960,False,0.0386667,372.76,44.98,42.01
cyclone,Malaysia,MYS,1968,21,0,10000,0,10000,0,0,0,0,0,0,0,1960,False,0.21,,24.71,22.15
cyclone,Myanmar,MMR,1968,1070,0,60000,30000,90000,2.2546e+07,0,0,0.446464,2.5e+06,0,0,1960,False,1.18889,250.511,59.2,53.87
cyclone,New Zealand,NZL,1968,50,0,1000,0,1000,0,0,0,0,0,0,0,1960,False,5,,24.93,21.94
cyclone,Philippines,PHL,1968,50,0,187330,39313,226643,8.6576e+07,0,0,0.111204,9.6e+06,0,0,1960,False,0.0220611,381.993,49.66,46.27
cyclone,Samoa,WSM,1968,0,4,0,0,4,2.146e+06,0,0,,238000,0,0,1960,False,,536500,16.05,15.89
cyclone,Solomon Islands,SLB,1968,1,0,0,200,200,0,0,0,0,0,0,0,1960,False,0.5,,9.92,9.16
cyclone,South Korea,KOR,1968,18,0,0,0,0,2.7055e+07,0,0,0.0486452,3e+06,0,0,1960,False,,,27.96,25.94
cyclone,United Kingdom,GBR,1968,20,0,700,0,700,2.2546e+07,0,0,0.00231997,2.5e+06,0,0,1960,False,2.85714,32208.6,37.05,34.58
cyclone,United States,USA,1968,159,0,458,0,458,7.2147e+07,0,0,0.00085086,8e+06,0,0,1960,False,34.7162,157526,45.63,41.85
cyclone,West Germany,OWID_GFR,1968,2,0,0,0,0,2.79569e+08,0,0,,3.1e+07,0,0,1960,True,,,22.87,22.05
cyclone,Bangladesh,BGD,1969,849,15530,160000,23943,199473,7.1223e+07,0,0,0.0983236,8.329e+06,0,0,1960,False,0.425622,357.056,60.45,55.22
cyclone,Cyprus,CYP,1969,3,100,3000,0,3100,855000,0,0,,100000,0,0,1960,False,0.0967742,275.806,29.37,27.93
cyclone,El Salvador,SLV,1969,2,40,4600,0,4640,1.3682e+07,0,0,0.152468,1.6e+06,0,0,1960,False,0.0431034,2948.71,31.41,30.12
cyclone,France,FRA,1969,23,0,0,0,0,0,0,0,0,0,0,0,1960,False,,,12.6,10.51
cyclone,Guatemala,GTM,1969,269,0,10200,0,10200,1.28269e+08,0,0,0.874432,1.5e+07,0,0,1960,False,2.63725,12575.4,52.45,48.14
cyclone,Honduras,HND,1969,0,2,8000,0,8002,1.62474e+08,0,0,2.25012,1.9e+07,0,0,1960,False,,20304.2,30.15,29.54
cyclone,Hong Kong,HKG,1969,0,0,374,0,374,0,0,0,0,0,0,0,1960,False,,,8.01,7.67
cyclone,India,IND,1969,815,0,280092,0,280092,7.1232e+07,0,0,0.014252,8.33e+06,0,0,1960,False,0.290976,254.316,60.75,55.53
cyclone,Japan,JPN,1969,72,0,0,0,0,0,0,0,0,0,0,0,1960,False,,,17.01,14.18
cyclone,Madagascar,MDG,1969,81,40,40000,3000,43040,4.2756e+07,0,0,0.47331,5e+06,0,0,1960,False,0.188197,993.401,48.62,45.02
cyclone,Mexico,MEX,1969,58,0,0,0,0,0,0,0,0,0,0,0,1960,False,,,16.16,13.48
cyclone,New Caledonia,NCL,1969,0,0,0,0,0,2.5654e+07,0,0,1.14021,3e+06,0,0,1960,False,,,16.24,16.15
cyclone,Philippines,PHL,1969,11,0,0,0,0,0,0,0,0,0,0,0,1960,False,,,9.85,8.22
cyclone,South Korea,KOR,1969,85,15,120000,0,120015,0,0,0,0,0,0,0,1960,False,0.0708245,,33.47,29.87
cyclone,Taiwan,TWN,1969,269,408,40000,0,40408,7.52511e+08,0,0,,8.8e+07,0,0,1960,False,0.66571,18622.8,55.99,51.6
cyclone,United States,USA,1969,715,0,0,0,0,1.21428e+10,0,0,0.139566,1.42e+09,0,0,1960,False,,,48.16,43.72
cyclone,Australia,AUS,1970,13,0,0,0,0,5.85566e+08,0,0,0.175081,7.2475e+07,0,0,1970,False,,,29.68,27.84
cyclone,Bangladesh,BGD,1970,300317,0,3648110,0,3648110,6.98074e+08,0,0,0.960777,8.64e+07,0,0,1970,False,8.23213,191.352,89.81,80.54
cyclone,Canada,CAN,1970,10,200,0,0,200,0,0,0,0,0,0,0,1970,False,5,,16.68,14.79
cyclone,China,CHN,1970,107,55,6065,7880,14000,0,0,0,0,0,0,0,1970,False,0.764286,,31.47,27.84
cyclone,Cuba,CUB,1970,4,0,0,0,0,0,0,0,0,0,0,0,1970,False,,,6.38,5.32
cyclone,India,IND,1970,0,0,0,2000,2000,0,0,0,0,0,0,0,1970,False,,,10.28,9.84
cyclone,Italy,ITA,1970,35,0,200,0,200,2.5855e+07,0,0,0.0028155,3.2e+06,0,0,1970,False,17.5,129275,37.62,34.88
cyclone,Madagascar,MDG,1970,70,0,10000,0,10000,9.2107e+07,0,0,1.02531,1.14e+07,0,0,1970,False,0.7,9210.7,46.81,43.38
cyclone,Martinique,MTQ,1970,45,0,5000,0,5000,2.50466e+08,0,0,,3.1e+07,0,0,1970,False,0.9,50093.2,45.1,42
cyclone,Philippines,PHL,1970,3802,4977,1740370,67200,1812547,2.08775e+09,0,0,3.41838,2.58399e+08,0,0,1970,False,0.20976,1151.83,72.59,66.23
cyclone,South Korea,KOR,1970,39,0,2500,0,2500,4.1206e+07,0,0,0.0561365,5.1e+06,0,0,1970,False,1.56,16482.4,41.89,38.93
cyclone,United States,USA,1970,49,1500,166950,28650,197100,4.85582e+09,0,0,0.0559954,6.01e+08,0,0,1970,False,0.0248605,24636.3,53.22,49.84
cyclone,Vietnam,VNM,1970,30,0,0,0,0,0,0,0,,0,0,0,1970,False,,,13.61,11.35
cyclone,Australia,AUS,1971,3,257,0,0,257,9.23589e+08,0,0,0.26327,1.19219e+08,0,0,1970,False,1.16732,3.59373e+06,32.66,31.32
cyclone,Bangladesh,BGD,1971,163,0,0,0,0,0,0,0,0,0,0,0,1970,False,,,20.22,16.86
cyclone,Canada,CAN,1971,44,0,150,0,150,7.747e+06,0,0,0.00100395,1e+06,0,0,1970,False,29.3333,51646.7,36.97,34.1
cyclone,Chile,CHL,1971,0,0,90000,0,90000,1.9367e+07,0,0,0.0227277,2.5e+06,0,0,1970,False,,215.189,31.4,30.66
cyclone,Hong Kong,HKG,1971,115,286,200,1000,1486,0,0,0,0,0,0,0,1970,False,7.7389,,28.72,25.17
cyclone,India,IND,1971,9718,0,4900000,2000000,6900000,2.3241e+08,0,0,0.0445425,3e+07,0,0,1970,False,0.140841,33.6826,76.03,68.99
cyclone,Japan,JPN,1971,69,0,7941,627,8568,0,0,0,0,0,0,0,1970,False,0.805322,,29.09,25.77
cyclone,Mexico,MEX,1971,17,0,0,0,0,3.0988e+08,0,0,0.102041,4e+07,0,0,1970,False,,,30.07,28.07
cyclone,Nicaragua,NIC,1971,35,50,2800,1800,4650,2.944e+06,0,0,0.0458621,380000,0,0,1970,False,0.752688,633.118,39.8,36.89
cyclone,Philippines,PHL,1971,252,11,0,46500,46511,9.994e+06,0,0,0.0154028,1.29e+06,0,0,1970,False,0.541807,214.874,51.81,47.47
cyclone,South Korea,KOR,1971,136,0,50,0,50,0,0,0,0,0,0,0,1970,False,272,,24.82,21.36
cyclone,Spain,ESP,1971,0,0,0,0,0,4.26085e+08,0,0,0.118061,5.5e+07,0,0,1970,False,,,18.92,18.81
cyclone,United States,USA,1971,158,0,0,0,0,1.93675e+08,0,0,0.0021462,2.5e+07,0,0,1970,False,,,38.26,34.83
cyclone,Vietnam,VNM,1971,123,0,50000,200000,250000,2.7889e+07,0,0,,3.6e+06,0,0,1970,False,0.0492,111.556,52.23,48.26
cyclone,Bangladesh,BGD,1972,200,0,25000,0,25000,0,0,0,0,0,0,0,1970,False,0.8,,34.71,30.65
cyclone,Canada,CAN,1972,2,0,0,0,0,0,0,0,0,0,0,0,1970,False,,,4.36,3.63
cyclone,Cuba,CUB,1972,7,0,0,0,0,0,0,0,0,0,0,0,1970,False,,,8.24,6.87
cyclone,Fiji,FJI,1972,19,0,120000,0,120000,1.68784e+08,0,0,7.10549,2.25e+07,0,0,1970,False,0.0158333,1406.53,45.72,42.99
cyclone,India,IND,1972,230,0,4530075,0,4530075,0,0,0,0,0,0,0,1970,False,0.00507718,,42.3,37.84
cyclone,Iran,IRN,1972,60,0,0,0,0,0,0,0,0,0,0,0,1970,False,,,16.3,13.59
cyclone,Japan,JPN,1972,87,158,0,3000,3158,7.65156e+08,0,0,0.0307436,1.02e+08,0,0,1970,False,2.75491,242291,48.12,44.6
cyclone,Kiribati,KIR,1972,3,0,700,0,700,0,0,0,0,0,0,0,1970,False,0.428571,,14.35,13.07
cyclone,Madagascar,MDG,1972,91,56,2500000,10000,2510056,9.3169e+07,0,0,0.925767,1.242e+07,0,0,1970,False,0.00362542,37.1183,55.32,51.4
cyclone,Mauritius,MUS,1972,2,16,25000,0,25016,0,0,0,0,0,0,0,1970,False,0.00799488,,18.05,16.75
cyclone,New Caledonia,NCL,1972,3,0,0,0,0,0,0,0,0,0,0,0,1970,False,,,5.5,4.58
cyclone,Philippines,PHL,1972,435,678,465000,27000,492678,3.60073e+08,0,0,0.529345,4.8e+07,0,0,1970,False,0.088293,730.849,60.57,55.72
cyclone,Turkey,TUR,1972,30,0,0,0,0,0,0,0,0,0,0,0,1970,False,,,13.61,11.35
cyclone,Tuvalu,TUV,1972,6,0,700,0,700,0,0,0,0,0,0,0,1970,False,0.857143,,16.57,14.92
cyclone,United States,USA,1972,256,0,0,0,0,1.57532e+10,0,0,0.164177,2.1e+09,0,0,1970,False,,,44.35,40.58
cyclone,Vanuatu,VUT,1972,4,0,0,0,0,0,0,0,,0,0,0,1970,False,,,6.38,5.32
cyclone,West Germany,OWID_GFR,1972,54,0,0,0,0,3.15064e+09,0,0,,4.2e+08,0,0,1970,True,,,36.71,33.96
cyclone,Argentina,ARG,1973,60,300,0,0,300,424000,0,0,0.00011419,60000,0,0,1970,False,20,1413.33,36.35,33.25
cyclone,Bangladesh,BGD,1973,1900,15000,25000,10000,50000,0,0,0,0,0,0,0,1970,False,3.8,,44.56,38.97
cyclone,Fiji,FJI,1973,59,0,6150,0,6150,0,0,0,0,0,0,0,1970,False,0.95935,,28.03,24.83
cyclone,Hong Kong,HKG,1973,1,38,238,0,276,0,0,0,0,0,0,0,1970,False,0.362319,,10.35,9.57
cyclone,Indonesia,IDN,1973,1650,0,0,0,0,0,0,0,0,0,0,0,1970,False,,,29.37,24.49
cyclone,Italy,ITA,1973,38,0,5000,0,5000,3.39123e+09,0,0,0.272888,4.8e+08,0,0,1970,False,0.76,678246,46.93,43.92
cyclone,Jamaica,JAM,1973,6,10,2500,0,2510,1.2011e+07,0,0,0.0891959,1.7e+06,0,0,1970,False,0.239044,4785.26,33.82,32
cyclone,Japan,JPN,1973,101,0,0,0,0,0,0,0,0,0,0,0,1970,False,,,18.33,15.29
cyclone,Philippines,PHL,1973,344,24,3400000,1045000,4445024,4.9455e+07,0,0,0.0613365,7e+06,0,0,1970,False,0.00773899,11.1259,60.73,55.91
cyclone,Portugal,PRT,1973,11,0,0,0,0,0,0,0,0,0,0,0,1970,False,,,9.85,8.22
cyclone,Spain,ESP,1973,19,0,0,0,0,0,0,0,0,0,0,0,1970,False,,,11.88,9.9
cyclone,Taiwan,TWN,1973,40,0,0,8000,8000,0,0,0,,0,0,0,1970,False,0.5,,26.87,23.91
cyclone,Tonga,TON,1973,3,0,700,200,900,3.533e+06,0,0,,500000,0,0,1970,False,0.333333,3925.56,29.05,27.67
cyclone,United States,USA,1973,50,0,246,0,246,3.53253e+08,0,0,0.00350785,5e+07,0,0,1970,False,20.3252,1.43599e+06,41.77,38.77
cyclone,Vietnam,VNM,1973,100,0,150000,0,150000,0,0,0,,0,0,0,1970,False,0.0666667,,34.41,30.69
cyclone,Argentina,ARG,1974,100,0,100000,0,100000,0,0,0,0,0,0,0,1970,False,0.1,,33.86,30.17
cyclone,Australia,AUS,1974,81,940,45000,24000,69940,6.97708e+09,0,0,1.23107,1.09672e+09,0,0,1970,False,0.115814,99758,54.13,50.47
cyclone,Bangladesh,BGD,1974,2800,0,0,0,0,0,0,0,0,0,0,0,1970,False,,,31.47,26.24
cyclone,Belize,BLZ,1974,0,0,70000,0,70000,3.0536e+07,0,0,4.65295,4.8e+06,0,0,1970,False,,436.229,31.49,30.76
cyclone,El Salvador,SLV,1974,10,0,0,0,0,0,0,0,0,0,0,0,1970,False,,,9.51,7.93
cyclone,Guatemala,GTM,1974,200,0,0,0,0,0,0,0,0,0,0,0,1970,False,,,21.02,17.53
cyclone,Honduras,HND,1974,8000,0,600000,0,600000,3.43536e+09,0,0,43.4433,5.4e+08,0,0,1970,False,1.33333,5725.6,74.52,67.73
cyclone,Hong Kong,HKG,1974,1,0,2400,0,2400,0,0,0,0,0,0,0,1970,False,0.0416667,,13.27,12.37
cyclone,India,IND,1974,20,100,25000,0,25100,0,0,0,0,0,0,0,1970,False,0.0796813,,25.77,23.18
cyclone,Indonesia,IDN,1974,10,0,2000,0,2000,0,0,0,0,0,0,0,1970,False,0.5,,19.78,17.77
cyclone,Jamaica,JAM,1974,0,0,0,0,0,6000,0,0,4.21031e-05,1000,0,0,1970,False,,,8.28,8.24
cyclone,Japan,JPN,1974,284,50,0,0,50,2.54471e+09,0,0,0.0799432,4e+08,0,0,1970,False,568,5.08943e+07,48.34,44.28
cyclone,Mexico,MEX,1974,18,32,173000,0,173032,2.5447e+07,0,0,0.00555556,4e+06,0,0,1970,False,0.0104027,147.065,44.21,41.5
cyclone,Philippines,PHL,1974,206,117,121515,10441,132073,3.51807e+08,0,0,0.354308,5.53e+07,0,0,1970,False,0.155974,2663.73,55.81,51.53
cyclone,South Korea,KOR,1974,14,0,0,0,0,0,0,0,0,0,0,0,1970,False,,,10.74,8.95
cyclone,Trinidad and Tobago,TTO,1974,2,0,50000,0,50000,3.1809e+07,0,0,0.244858,5e+06,0,0,1970,False,0.004,636.18,35.43,34
cyclone,United States,USA,1974,352,0,0,0,0,6.36178e+09,0,0,0.0647147,1e+09,0,0,1970,False,,,44.75,40.77
cyclone,West Germany,OWID_GFR,1974,0,0,0,0,0,1.39959e+08,0,0,,2.2e+07,0,0,1970,True,,,17.86,17.76
cyclone,Argentina,ARG,1975,20,0,0,0,0,0,0,0,0,0,0,0,1970,False,,,12.07,10.07
cyclone,Canada,CAN,1975,14,40,0,300,340,1.4572e+07,0,0,0.00143332,2.5e+06,0,0,1970,False,4.11765,42858.8,34.32,32.12
cyclone,Dominican Republic,DOM,1975,7,0,0,0,0,0,0,0,0,0,0,0,1970,False,,,8.24,6.87
cyclone,Fiji,FJI,1975,0,0,23000,0,23000,5.829e+06,0,0,0.146138,1e+06,0,0,1970,False,,253.435,28.41,27.76
cyclone,Haiti,HTI,1975,18,0,0,0,0,0,0,0,0,0,0,0,1970,False,,,11.67,9.73
cyclone,Hong Kong,HKG,1975,0,46,671,1280,1997,0,0,0,0,0,0,0,1970,False,,,10.27,9.84
cyclone,India,IND,1975,501,0,0,2000,2000,1.16577e+09,0,0,0.2031,2e+08,0,0,1970,False,25.05,582884,54.8,50.17
cyclone,Iran,IRN,1975,14,0,0,0,0,0,0,0,0,0,0,0,1970,False,,,10.74,8.95
cyclone,Japan,JPN,1975,101,103,123,8400,8626,3.60805e+09,0,0,0.113769,6.19e+08,0,0,1970,False,1.17088,418276,51.54,47.86
cyclone,Madagascar,MDG,1975,7,50,10000,0,10050,0,0,0,0,0,0,0,1970,False,0.0696517,,20.7,18.81
cyclone,Mauritius,MUS,1975,9,59,826199,0,826258,1.16577e+09,0,0,29.7039,2e+08,0,0,1970,False,0.00108925,1410.9,47.42,45.02
cyclone,Mexico,MEX,1975,30,0,0,30000,30000,1.16577e+08,0,0,0.0227273,2e+07,0,0,1970,False,0.1,3885.9,45.23,42.29
cyclone,Myanmar,MMR,1975,200,0,0,0,0,0,0,0,0,0,0,0,1970,False,,,21.02,17.53
cyclone,Philippines,PHL,1975,39,8,4518,698,5224,1.2596e+07,0,0,0.0128057,2.161e+06,0,0,1970,False,0.746554,2411.18,41.76,38.76
cyclone,Puerto Rico,PRI,1975,26,0,0,0,0,3.49731e+08,0,0,0.731859,6e+07,0,0,1970,False,,,31.79,29.52
cyclone,Sierra Leone,SLE,1975,1,0,10000,0,10000,2.0984e+07,0,0,0.529929,3.6e+06,0,0,1970,False,0.01,2098.4,31.25,30.18
cyclone,United States,USA,1975,64,377,200,0,577,3.45067e+09,0,0,0.0351355,5.92e+08,0,0,1970,False,11.0919,5.98037e+06,46.05,42.83
cyclone,Zimbabwe,ZWE,1975,11,0,0,0,0,0,0,0,0,0,0,0,1970,False,,,9.85,8.22
cyclone,Australia,AUS,1976,0,0,0,0,0,2.09595e+08,0,0,0.0361413,3.8024e+07,0,0,1970,False,,,18.24,18.14
cyclone,Bangladesh,BGD,1976,47,200,0,0,200,1.108e+06,0,0,0.00198673,201000,0,0,1970,False,23.5,5540,35.77,32.84
cyclone,Guam,GUM,1976,9,0,0,0,0,6.61462e+08,0,0,,1.2e+08,0,0,1970,False,,,28.46,26.84
cyclone,Hong Kong,HKG,1976,38,68,0,2424,2492,0,0,0,0,0,0,0,1970,False,1.52488,,25.1,22.24
cyclone,India,IND,1976,270,0,600000,0,600000,1.47041e+09,0,0,0.259701,2.66756e+08,0,0,1970,False,0.045,2450.68,60.29,55.74
cyclone,Indonesia,IDN,1976,25,0,0,0,0,0,0,0,0,0,0,0,1970,False,,,12.92,10.77
cyclone,Ireland,IRL,1976,5,0,0,0,0,0,0,0,0,0,0,0,1970,False,,,7.1,5.92
cyclone,Japan,JPN,1976,169,107,325000,0,325107,4.40974e+09,0,0,0.130827,8e+08,0,0,1970,False,0.0519829,13564,58.66,54.44
cyclone,Madagascar,MDG,1976,16,26,500000,8850,508876,9.3707e+07,0,0,0.779157,1.7e+07,0,0,1970,False,0.00314418,184.145,46.47,43.76
cyclone,Mexico,MEX,1976,720,1400,475000,100000,576400,5.51218e+08,0,0,0.112516,1e+08,0,0,1970,False,0.124913,956.312,63.18,57.99
cyclone,Netherlands,NLD,1976,2,0,0,0,0,0,0,0,0,0,0,0,1970,False,,,4.36,3.63
cyclone,New Zealand,NZL,1976,0,0,129,0,129,1.35048e+08,0,0,0.180083,2.45e+07,0,0,1970,False,,1.04688e+06,24.4,24.03
cyclone,Philippines,PHL,1976,387,17,2704443,110,2704570,9.83516e+08,0,0,0.920621,1.78426e+08,0,0,1970,False,0.0143091,363.65,63.37,58.49
cyclone,United Kingdom,GBR,1976,24,0,0,0,0,9.37071e+08,0,0,0.0730823,1.7e+08,0,0,1970,False,,,32.43,30.2
cyclone,West Germany,OWID_GFR,1976,82,0,0,0,0,7.16583e+09,0,0,,1.3e+09,0,0,1970,True,,,39.12,36.1
cyclone,Bangladesh,BGD,1977,634,10600,0,0,10600,2.58784e+08,0,0,0.518073,5e+07,0,0,1970,False,5.98113,24413.6,56.56,51.68
cyclone,Brazil,BRA,1977,10,100,0,0,100,0,0,0,0,0,0,0,1970,False,10,,15.75,13.9
cyclone,Chad,TCD,1977,13,100,0,0,100,0,0,0,0,0,0,0,1970,False,13,,16.7,14.7
cyclone,Chile,CHL,1977,15,0,0,16800,16800,3.5195e+07,0,0,0.0476434,6.8e+06,0,0,1970,False,0.0892857,2094.94,40.69,38.22
cyclone,China,CHN,1977,9,0,0,120000,120000,0,0,0,0,0,0,0,1970,False,0.0075,,24.94,22.76
cyclone,Hong Kong,HKG,1977,1,37,0,71,108,0,0,0,0,0,0,0,1970,False,0.925926,,9.09,8.37
cyclone,India,IND,1977,14206,0,9047400,5432400,14479800,2.58025e+09,0,0,0.410362,4.98535e+08,0,0,1970,False,0.0981091,178.197,80.83,73.48
cyclone,Indonesia,IDN,1977,1,60,3000,0,3060,0,0,0,0,0,0,0,1970,False,0.0326797,,13.6,12.68
cyclone,Japan,JPN,1977,32,45,5000,8000,13045,1.1904e+08,0,0,0.00305611,2.3e+07,0,0,1970,False,0.245305,9125.34,44.37,41.44
cyclone,Madagascar,MDG,1977,10,0,30000,0,30000,1.81149e+09,0,0,14.8372,3.5e+08,0,0,1970,False,0.0333333,60382.9,43.74,41.46
cyclone,Mexico,MEX,1977,10,0,50000,0,50000,0,0,0,0,0,0,0,1970,False,0.02,,24.13,21.94
cyclone,Mozambique,MOZ,1977,3,51,0,0,51,0,0,0,,0,0,0,1970,False,5.88235,,10.84,9.7
cyclone,Oman,OMN,1977,107,96,5000,1500,6596,0,0,0,0,0,0,0,1970,False,1.6222,,30.45,26.87
cyclone,Philippines,PHL,1977,104,118,142422,15679,158219,2.2902e+07,0,0,0.0198581,4.425e+06,0,0,1970,False,0.0657317,144.749,50.77,46.93
cyclone,Taiwan,TWN,1977,61,528,11000,0,11528,1.29392e+09,0,0,,2.5e+08,0,0,1970,False,0.529146,112241,48.98,45.62
cyclone,Tonga,TON,1977,0,5,10000,0,10005,5.693e+06,0,0,3.22208,1.1e+06,0,0,1970,False,,569.015,27.26,26.65
cyclone,United States,USA,1977,91,0,0,0,0,0,0,0,0,0,0,0,1970,False,,,17.93,14.95
cyclone,Vietnam,VNM,1977,0,0,1000,0,1000,0,0,0,,0,0,0,1970,False,,,9.34,8.95
cyclone,Argentina,ARG,1978,5,100,0,0,100,0,0,0,0,0,0,0,1970,False,5,,13.34,11.9
cyclone,Australia,AUS,1978,5,0,100,0,100,4.80872e+09,0,0,0.842738,1e+09,0,0,1970,False,5,4.80872e+07,34.57,33.01
cyclone,Bangladesh,BGD,1978,1030,100,0,0,100,0,0,0,0,0,0,0,1970,False,1030,,33.74,28.91
cyclone,Belize,BLZ,1978,5,0,6000,0,6000,2.8852e+07,0,0,4.40205,6e+06,0,0,1970,False,0.0833333,4808.67,35.22,33.45
cyclone,Cuba,CUB,1978,6,70,100,0,170,0,0,0,0,0,0,0,1970,False,3.52941,,14.67,13.09
cyclone,Honduras,HND,1978,0,0,0,7500,7500,4.809e+06,0,0,0.0417772,1e+06,0,0,1970,False,,641.2,26.71,26.12
cyclone,Hong Kong,HKG,1978,11,185,2293,418,2896,0,0,0,0,0,0,0,1970,False,0.379834,,20.63,18.54
cyclone,India,IND,1978,811,1100,2100,0,3200,0,0,0,0,0,0,0,1970,False,25.3438,,37.47,32.6
cyclone,Italy,ITA,1978,1,19,0,0,19,4.809e+06,0,0,0.000316672,1e+06,0,0,1970,False,5.26316,253105,21.44,20.74
cyclone,Japan,JPN,1978,6,100,0,3000,3100,0,0,0,0,0,0,0,1970,False,0.193548,,18.58,16.84
cyclone,Madagascar,MDG,1978,70,0,18000,0,18000,1.39453e+08,0,0,1.08624,2.9e+07,0,0,1970,False,0.388889,7747.39,48,44.54
cyclone,Mozambique,MOZ,1978,4,0,80000,25000,105000,0,0,0,,0,0,0,1970,False,0.00380952,,22.01,20.29
cyclone,Myanmar,MMR,1978,0,0,78000,54000,132000,0,0,0,0,0,0,0,1970,False,,,15.94,15.27
cyclone,Nigeria,NGA,1978,100,0,0,0,0,0,0,0,0,0,0,0,1970,False,,,18.3,15.26
cyclone,Philippines,PHL,1978,662,834,2140531,9254,2150619,9.14061e+08,0,0,0.73784,1.90084e+08,0,0,1970,False,0.0307818,425.022,65.11,59.9
cyclone,South Korea,KOR,1978,0,0,4000,0,4000,9.1366e+07,0,0,0.035968,1.9e+07,0,0,1970,False,,22841.5,28.66,28.1
cyclone,Sri Lanka,LKA,1978,740,5000,1000000,0,1005000,4.80872e+08,0,0,3.65874,1e+08,0,0,1970,False,0.0736318,478.48,63.91,58.67
cyclone,Thailand,THA,1978,50,0,0,0,0,0,0,0,0,0,0,0,1970,False,,,15.59,13
cyclone,United States,USA,1978,250,4500,0,0,4500,2.50054e+09,0,0,0.0221126,5.2e+08,0,0,1970,False,5.55556,555674,53.88,49.65
cyclone,Australia,AUS,1979,15,0,0,0,0,1.35227e+08,0,0,0.0231587,3.1286e+07,0,0,1970,False,,,28.81,26.89
cyclone,Bangladesh,BGD,1979,53,150,0,0,150,0,0,0,0,0,0,0,1970,False,35.3333,,22.6,19.68
cyclone,China,CHN,1979,100,0,0,0,0,0,0,0,0,0,0,0,1970,False,,,18.3,15.26
cyclone,Dominica,DMA,1979,40,2100,70000,0,72100,1.92989e+08,0,0,81.1556,4.465e+07,0,0,1970,False,0.0554785,2676.69,48.01,44.83
cyclone,Dominican Republic,DOM,1979,1400,4000,1200000,350000,1554000,6.48341e+08,0,0,2.72787,1.5e+08,0,0,1970,False,0.0900901,417.208,67.31,61.62
cyclone,Egypt,EGY,1979,3,0,15000,0,15000,0,0,0,0,0,0,0,1970,False,0.02,,18.5,17.03
cyclone,Fiji,FJI,1979,53,300,20600,15000,35900,0,0,0,0,0,0,0,1970,False,0.147632,,29.99,26.77
cyclone,Guadeloupe,GLP,1979,0,0,0,0,0,4.32227e+08,0,0,,1e+08,0,0,1970,False,,,18.93,18.83
cyclone,Haiti,HTI,1979,8,0,1110,0,1110,0,0,0,0,0,0,0,1970,False,0.720721,,18.19,16.34
cyclone,Hong Kong,HKG,1979,13,327,11167,1096,12590,4.3223e+07,0,0,0.0443928,1e+07,0,0,1970,False,0.103257,3433.12,39.96,37.6
cyclone,India,IND,1979,594,0,1605772,0,1605772,5.5325e+07,0,0,0.00836626,1.28e+07,0,0,1970,False,0.0369916,34.4538,61.62,56.5
cyclone,Japan,JPN,1979,71,0,0,0,0,0,0,0,0,0,0,0,1970,False,,,16.95,14.14
cyclone,Martinique,MTQ,1979,0,3,20000,0,20003,2.16114e+08,0,0,,5e+07,0,0,1970,False,,10804.1,31.66,31
cyclone,Mauritius,MUS,1979,5,257,100000,5000,105257,7.56398e+08,0,0,14.2572,1.75e+08,0,0,1970,False,0.00475028,7186.2,42.2,40.26
cyclone,Philippines,PHL,1979,62,56,523930,61535,585521,1.14325e+08,0,0,0.0847259,2.645e+07,0,0,1970,False,0.0105889,195.253,52.04,48.46
cyclone,Puerto Rico,PRI,1979,7,0,4500,0,4500,3.02559e+08,0,0,0.54902,7e+07,0,0,1970,False,0.155556,67235.3,38.21,36.26
cyclone,Solomon Islands,SLB,1979,2,0,6000,0,6000,0,0,0,0,0,0,0,1970,False,0.0333333,,16.12,14.9
cyclone,South Korea,KOR,1979,115,0,35000,0,35000,1.72891e+08,0,0,0.0587511,4e+07,0,0,1970,False,0.328571,4939.74,51.05,47.22
cyclone,United States,USA,1979,175,160,2000,0,2160,1.11644e+10,0,0,0.0983126,2.583e+09,0,0,1970,False,8.10185,5.16872e+06,52.9,48.94
cyclone,Bangladesh,BGD,1980,11,50,1000,0,1050,0,0,0,0,0,0,0,1980,False,1.04762,,19.26,17.22
cyclone,Barbados,BRB,1980,0,7,0,5000,5007,5.71e+06,0,0,0.14818,1.5e+06,0,0,1980,False,,1140.4,26.33,25.76
cyclone,Brazil,BRA,1980,15,48,0,0,48,0,0,0,0,0,0,0,1980,False,31.25,,16.25,14.21
cyclone,China,CHN,1980,188,0,0,100,100,0,0,0,0,0,0,0,1980,False,188,,27.02,23.31
cyclone,Cuba,CUB,1980,3,0,0,0,0,0,0,0,0,0,0,0,1980,False,,,5.5,4.58
cyclone,Dominican Republic,DOM,1980,7,0,0,0,0,1.78906e+08,0,0,0.695133,4.7e+07,0,0,1980,False,,,26.33,24.87
cyclone,Fiji,FJI,1980,18,250,28000,7000,35250,8.588e+06,0,0,0.187591,2.256e+06,0,0,1980,False,0.0510638,243.631,41.03,38.41
cyclone,Grenada,GRD,1980,0,0,0,0,0,2.0175e+07,0,0,4.77906,5.3e+06,0,0,1980,False,,,16.01,15.93
cyclone,Haiti,HTI,1980,220,0,330000,835000,1165000,1.52261e+09,0,0,28.9059,4e+08,0,0,1980,False,0.0188841,1306.96,60.41,55.95
cyclone,Hong Kong,HKG,1980,2,59,309,0,368,0,0,0,0,0,0,0,1980,False,0.543478,,12.35,11.29
cyclone,India,IND,1980,153,0,0,0,0,0,0,0,0,0,0,0,1980,False,,,19.97,16.65
cyclone,Indonesia,IDN,1980,0,0,0,800,800,0,0,0,0,0,0,0,1980,False,,,9.04,8.66
cyclone,Jamaica,JAM,1980,6,9,30000,0,30009,2.43617e+08,0,0,2.38861,6.4e+07,0,0,1980,False,0.019994,8118.13,40.04,38.07
cyclone,Japan,JPN,1980,7,33,15000,2000,17033,0,0,0,0,0,0,0,1980,False,0.0410967,,21.42,19.49
cyclone,Martinique,MTQ,1980,0,0,0,0,0,2.58843e+08,0,0,,6.8e+07,0,0,1980,False,,,18.44,18.34
cyclone,Pakistan,PAK,1980,18,23,0,0,23,0,0,0,0,0,0,0,1980,False,78.2609,,15.97,13.85
cyclone,Philippines,PHL,1980,212,55,1326831,540079,1866965,4.50657e+08,0,0,0.321295,1.18391e+08,0,0,1980,False,0.0113553,241.385,59.74,55.29
cyclone,Reunion,REU,1980,25,0,7000,0,7000,2.55037e+08,0,0,,6.7e+07,0,0,1980,False,0.357143,36433.9,43.31,40.56
cyclone,Saint Lucia,LCA,1980,9,0,70000,10000,80000,3.34936e+08,0,0,51.6463,8.799e+07,0,0,1980,False,0.01125,4186.7,43.08,40.82
cyclone,Saint Vincent and the Grenadines,VCT,1980,0,0,20000,500,20500,6.2046e+07,0,0,19.7959,1.63e+07,0,0,1980,False,,3026.63,30.5,29.85
cyclone,South Korea,KOR,1980,165,17,20000,0,20017,2.7483e+07,0,0,0.0108493,7.22e+06,0,0,1980,False,0.824299,1372.98,49.96,45.94
cyclone,United States,USA,1980,12,170,0,400,570,3.46393e+09,0,0,0.0318482,9.1e+08,0,0,1980,False,2.10526,6.07707e+06,39.66,37.5
cyclone,Vietnam,VNM,1980,308,384,14987000,664500,15651884,0,0,0,,0,0,0,1980,False,0.00196781,,45.12,40.41
cyclone,Bangladesh,BGD,1981,1085,12000,2000000,25000,2037000,0,0,0,0,0,0,0,1980,False,0.0532646,,47.35,41.92
cyclone,Canada,CAN,1981,0,0,0,0,0,2.72548e+08,0,0,0.0257122,7.9e+07,0,0,1980,False,,,18.49,18.39
cyclone,Central African Republic,CAF,1981,0,50,900,900,1850,431000,0,0,0.0179907,125000,0,0,1980,False,,232.973,22.52,22.03
cyclone,Denmark,DNK,1981,9,0,0,0,0,8.62494e+08,0,0,0.406769,2.5e+08,0,0,1980,False,,,28.72,27.09
cyclone,Fiji,FJI,1981,0,0,4700,0,4700,0,0,0,0,0,0,0,1980,False,,,11.43,10.95
cyclone,India,IND,1981,805,0,131700,0,131700,0,0,0,0,0,0,0,1980,False,0.611238,,42.47,37.39
cyclone,Iran,IRN,1981,200,0,0,0,0,0,0,0,0,0,0,0,1980,False,,,21.02,17.53
cyclone,Japan,JPN,1981,163,100,60000,22500,82600,0,0,0,0,0,0,0,1980,False,0.197337,,35.52,31.52
cyclone,Madagascar,MDG,1981,107,0,118000,0,118000,8.62494e+08,0,0,5.25284,2.5e+08,0,0,1980,False,0.090678,7309.27,53.94,50.08
cyclone,Mexico,MEX,1981,100,0,0,0,0,1.37999e+08,0,0,0.0151631,4e+07,0,0,1980,False,,,36.14,33
cyclone,New Caledonia,NCL,1981,4,0,2000,0,2000,690000,0,0,0.0205642,200000,0,0,1980,False,0.2,345,29.46,27.89
cyclone,Oman,OMN,1981,26,0,0,0,0,0,0,0,0,0,0,0,1980,False,,,13.07,10.9
cyclone,Pakistan,PAK,1981,56,600,0,0,600,0,0,0,0,0,0,0,1980,False,9.33333,,24.68,21.65
cyclone,Philippines,PHL,1981,999,169,1089918,11458,1101545,3.11822e+08,0,0,0.223174,9.0384e+07,0,0,1980,False,0.0906908,283.077,64.81,59.37
cyclone,South Korea,KOR,1981,113,0,14253,0,14253,4.62297e+08,0,0,0.180381,1.34e+08,0,0,1980,False,0.792816,32435.1,50.7,46.93
cyclone,Taiwan,TWN,1981,26,0,0,0,0,0,0,0,,0,0,0,1980,False,,,13.07,10.9
cyclone,Thailand,THA,1981,55,0,43000,0,43000,4.485e+07,0,0,0.037307,1.3e+07,0,0,1980,False,0.127907,1043.02,47.15,43.81
cyclone,USSR,OWID_USS,1981,0,0,10000,0,10000,0,0,0,,0,0,0,1980,True,,,12.45,11.93
cyclone,United Kingdom,GBR,1981,12,0,0,0,0,0,0,0,0,0,0,0,1980,False,,,10.17,8.48
cyclone,United States,USA,1981,30,0,0,0,0,2.97043e+09,0,0,0.0268472,8.61e+08,0,0,1980,False,,,34.38,32.01
cyclone,Vanuatu,VUT,1981,0,0,0,0,0,3.45e+06,0,0,0.878875,1e+06,0,0,1980,False,,,14.33,14.25
cyclone,Australia,AUS,1982,1,0,0,0,0,1.01048e+08,0,0,0.0159966,3.1085e+07,0,0,1980,False,,,20.29,19.74
cyclone,Brazil,BRA,1982,33,300,4000,0,4300,0,0,0,0,0,0,0,1980,False,0.767442,,25.29,22.49
cyclone,Cape Verde,CPV,1982,3,122,2100,0,2222,9.752e+06,0,0,2.13325,3e+06,0,0,1980,False,0.135014,4388.84,31.23,29.8
cyclone,Cuba,CUB,1982,24,0,105000,75000,180000,2.76306e+08,0,0,0.40566,8.5e+07,0,0,1980,False,0.0133333,1535.03,47.62,44.71
cyclone,France,FRA,1982,12,0,0,0,0,1.13773e+09,0,0,0.0605377,3.5e+08,0,0,1980,False,,,30.02,28.22
cyclone,Honduras,HND,1982,130,0,20000,0,20000,3.28317e+08,0,0,2.79044,1.01e+08,0,0,1980,False,0.65,16415.8,51.38,47.51
cyclone,Hong Kong,HKG,1982,5,0,0,900,900,0,0,0,0,0,0,0,1980,False,0.555556,,16.3,14.73
cyclone,India,IND,1982,744,493,5300000,0,5300493,2.42311e+09,0,0,0.371381,7.4542e+08,0,0,1980,False,0.0140364,457.148,67.72,62.37
cyclone,Indonesia,IDN,1982,2,123,0,0,123,0,0,0,0,0,0,0,1980,False,1.62602,,10.87,9.87
cyclone,Japan,JPN,1982,218,252,3000,145000,148252,6.89141e+08,0,0,0.0179185,2.12e+08,0,0,1980,False,0.147047,4648.44,56.83,52.5
cyclone,Madagascar,MDG,1982,92,0,0,70000,70000,8.12666e+08,0,0,5.22469,2.5e+08,0,0,1980,False,0.131429,11609.5,52.58,48.86
cyclone,Mauritius,MUS,1982,0,0,32500,0,32500,3.163e+06,0,0,0.0890273,973000,0,0,1980,False,,97.3231,28.29,27.62
cyclone,Mexico,MEX,1982,225,0,50000,0,50000,2.67855e+08,0,0,0.0446364,8.24e+07,0,0,1980,False,0.45,5357.1,54.59,50.31
cyclone,Myanmar,MMR,1982,11,0,36000,0,36000,0,0,0,0,0,0,0,1980,False,0.0305556,,24.03,21.8
cyclone,Nicaragua,NIC,1982,71,0,52000,0,52000,1.15724e+09,0,0,14.504,3.56e+08,0,0,1980,False,0.136538,22254.5,51.5,47.96
cyclone,Philippines,PHL,1982,563,360,690172,329083,1019615,3.85545e+08,0,0,0.281014,1.18605e+08,0,0,1980,False,0.0552169,378.128,62.64,57.58
cyclone,Solomon Islands,SLB,1982,0,0,30000,0,30000,0,0,0,0,0,0,0,1980,False,,,13.94,13.35
cyclone,South Korea,KOR,1982,68,42,5000,0,5042,9.752e+07,0,0,0.0375369,3e+07,0,0,1980,False,1.34867,19341.5,45.82,42.46
cyclone,Switzerland,CHE,1982,2,0,0,0,0,3.251e+06,0,0,0.000856334,1e+06,0,0,1980,False,,,18.63,17.83
cyclone,Tonga,TON,1982,7,14,100000,46500,146514,7.249e+07,0,0,35.9282,2.23e+07,0,0,1980,False,0.0047777,494.765,41.55,39.41
cyclone,United States,USA,1982,503,0,36000,15500,51500,6.8654e+09,0,0,0.0631619,2.112e+09,0,0,1980,False,0.976699,133309,60.9,56.07
cyclone,Vietnam,VNM,1982,70,290,1300000,0,1300290,0,0,0,,0,0,0,1980,False,0.00538341,,35.93,32.32
cyclone,Bangladesh,BGD,1983,685,350,5000,0,5350,0,0,0,0,0,0,0,1980,False,12.8037,,37.5,32.71
cyclone,China,CHN,1983,510,363,21000,0,21363,0,0,0,0,0,0,0,1980,False,2.38731,,38.2,33.53
cyclone,Colombia,COL,1983,1,40,0,500,540,0,0,0,0,0,0,0,1980,False,0.185185,,11.26,10.44
cyclone,Comoros,COM,1983,33,52,30000,0,30052,7.2438e+07,0,0,11.7231,2.3e+07,0,0,1980,False,0.10981,2410.42,45.15,42.15
cyclone,Denmark,DNK,1983,2,0,0,0,0,0,0,0,0,0,0,0,1980,False,,,4.36,3.63
cyclone,Fiji,FJI,1983,9,14,211132,0,211146,1.60154e+08,0,0,4.5278,5.0851e+07,0,0,1980,False,0.00426245,758.499,43.69,41.38
cyclone,France,FRA,1983,11,0,0,0,0,0,0,0,0,0,0,0,1980,False,,,9.85,8.22
cyclone,French Polynesia,PYF,1983,7,50,5000,0,5050,1.16531e+08,0,0,2.88121,3.7e+07,0,0,1980,False,0.138614,23075.4,37.45,35.5
cyclone,Hong Kong,HKG,1983,22,396,0,2166,2562,3.9507e+07,0,0,0.041943,1.2544e+07,0,0,1980,False,0.858704,15420.4,39.69,37.09
cyclone,India,IND,1983,782,1800,1541000,14000,1556800,1.86135e+09,0,0,0.270775,5.91e+08,0,0,1980,False,0.0502312,1195.62,66.01,60.7
cyclone,Ireland,IRL,1983,10,0,0,0,0,0,0,0,0,0,0,0,1980,False,,,9.51,7.93
cyclone,Japan,JPN,1983,109,78,0,0,78,0,0,0,0,0,0,0,1980,False,139.744,,24.54,21.2
cyclone,Madagascar,MDG,1983,42,0,13560,0,13560,7.8737e+07,0,0,0.533452,2.5e+07,0,0,1980,False,0.309735,5806.56,45.08,41.97
cyclone,Mauritius,MUS,1983,1,1,350,0,351,0,0,0,0,0,0,0,1980,False,0.2849,,10.68,9.88
cyclone,Mexico,MEX,1983,275,0,250000,32500,282500,0,0,0,0,0,0,0,1980,False,0.0973451,,39.25,34.83
cyclone,Philippines,PHL,1983,128,28,140642,29860,170530,1.3605e+07,0,0,0.0114409,4.32e+06,0,0,1980,False,0.0750601,79.7807,51.19,47.22
cyclone,Poland,POL,1983,0,0,900,0,900,6.299e+06,0,0,,2e+06,0,0,1980,False,,6998.89,24.1,23.63
cyclone,Saint Lucia,LCA,1983,0,0,3000,0,3000,4.063e+06,0,0,0.654699,1.29e+06,0,0,1980,False,,1354.33,25.31,24.78
cyclone,Samoa,WSM,1983,0,0,1000,0,1000,9.9524e+07,0,0,28.2489,3.16e+07,0,0,1980,False,,99524,26.87,26.38
cyclone,South Africa,ZAF,1983,10,200,0,0,200,0,0,0,0,0,0,0,1980,False,5,,16.68,14.79
cyclone,Switzerland,CHE,1983,0,0,140,0,140,0,0,0,0,0,0,0,1980,False,,,6.69,6.41
cyclone,Taiwan,TWN,1983,82,0,0,0,0,0,0,0,,0,0,0,1980,False,,,17.52,14.61
cyclone,United Kingdom,GBR,1983,5,12,0,0,12,0,0,0,0,0,0,0,1980,False,41.6667,,10.57,9.24
cyclone,United States,USA,1983,132,0,0,6000,6000,1.46609e+10,0,0,0.128094,4.655e+09,0,0,1980,False,2.2,2.44348e+06,53.43,49.6
cyclone,Vietnam,VNM,1983,734,508,580000,601360,1181868,0,0,0,,0,0,0,1980,False,0.0621051,,45.07,39.92
cyclone,West Germany,OWID_GFR,1983,1,0,0,0,0,0,0,0,,0,0,0,1980,True,,,2.75,2.29
cyclone,Austria,AUT,1984,12,0,0,0,0,0,0,0,0,0,0,0,1980,False,,,10.17,8.48
cyclone,Brazil,BRA,1984,10,0,200,0,200,0,0,0,0,0,0,0,1980,False,5,,16.68,14.79
cyclone,Cape Verde,CPV,1984,29,0,5500,0,5500,0,0,0,0,0,0,0,1980,False,0.527273,,25.13,22.4
cyclone,Chile,CHL,1984,127,115,203064,119994,323173,0,0,0,0,0,0,0,1980,False,0.0392978,,36.39,32.47
cyclone,China,CHN,1984,13,0,0,0,0,0,0,0,0,0,0,0,1980,False,,,10.46,8.72
cyclone,Dominica,DMA,1984,2,0,10000,0,10000,6.039e+06,0,0,1.83222,2e+06,0,0,1980,False,0.02,603.9,31.67,30.34
cyclone,Eswatini,SWZ,1984,53,0,632000,500,632500,1.63519e+08,0,0,10.9512,5.4152e+07,0,0,1980,False,0.00837945,258.528,51.88,48.39
cyclone,France,FRA,1984,15,0,2000,0,2000,0,0,0,0,0,0,0,1980,False,0.75,,21.27,19.01
cyclone,Hungary,HUN,1984,4,0,0,0,0,0,0,0,0,0,0,0,1980,False,,,6.38,5.32
cyclone,India,IND,1984,524,0,1335000,0,1335000,1.05687e+08,0,0,0.0164972,3.5e+07,0,0,1980,False,0.0392509,79.1663,61.49,56.46
cyclone,Japan,JPN,1984,66,0,0,0,0,0,0,0,0,0,0,0,1980,False,,,16.67,13.9
cyclone,Madagascar,MDG,1984,68,215,100000,0,100215,7.54907e+08,0,0,6.40051,2.5e+08,0,0,1980,False,0.0678541,7532.87,51.81,48.26
cyclone,Mexico,MEX,1984,4,0,10000,0,10000,0,0,0,0,0,0,0,1980,False,0.04,,18.83,17.25
cyclone,Mozambique,MOZ,1984,109,0,350000,0,350000,2.26472e+08,0,0,,7.5e+07,0,0,1980,False,0.0311429,647.063,54.21,50.29
cyclone,Philippines,PHL,1984,2679,2865,3210815,1321526,4535206,1.01607e+09,0,0,0.941753,3.3649e+08,0,0,1980,False,0.0590712,224.041,71.76,65.58
cyclone,Sierra Leone,SLE,1984,60,0,0,0,0,0,0,0,0,0,0,0,1980,False,,,16.3,13.59
cyclone,South Africa,ZAF,1984,64,0,500000,0,500000,4.28787e+08,0,0,0.167314,1.42e+08,0,0,1980,False,0.0128,857.574,53.21,49.61
cyclone,Spain,ESP,1984,9,60,60000,0,60060,3.02265e+09,0,0,0.582044,1.001e+09,0,0,1980,False,0.014985,50327.1,44.78,42.53
cyclone,Switzerland,CHE,1984,0,0,0,0,0,2.8988e+07,0,0,0.0086405,9.6e+06,0,0,1980,False,,,16.36,16.27
cyclone,USSR,OWID_USS,1984,400,0,0,0,0,0,0,0,,0,0,0,1980,True,,,23.76,19.82
cyclone,United Kingdom,GBR,1984,22,0,0,0,0,2.461e+08,0,0,0.0176603,8.15e+07,0,0,1980,False,,,30.82,28.66
cyclone,United States,USA,1984,517,657,14000,0,14657,7.68676e+09,8.45495e+08,0,0.0630471,2.5456e+09,2.8e+08,0,1980,False,3.52732,524443,59.41,54.64
cyclone,Vietnam,VNM,1984,155,383,650416,1000,651799,0,0,0,,0,0,0,1980,False,0.0237803,,38.12,34.03
cyclone,West Germany,OWID_GFR,1984,3,250,0,0,250,2.86864e+09,1.44942e+09,0,,9.5e+08,4.8e+08,0,1980,True,1.2,1.14746e+07,33.7,32.36
cyclone,Australia,AUS,1985,27,0,0,0,0,3.5578e+08,1.9947e+08,0,0.0674551,1.22e+08,6.84e+07,0,1980,False,,,31.95,29.66
cyclone,Bangladesh,BGD,1985,15121,2300,1319000,510000,1831300,1.45811e+08,0,0,0.224432,5e+07,0,0,1980,False,0.825698,79.6216,75.54,68.29
cyclone,Bermuda,BMU,1985,0,0,0,0,0,5.832e+06,0,0,0.1924,2e+06,0,0,1980,False,,,14.83,14.75
cyclone,Brazil,BRA,1985,22,1000,0,2000,3000,0,0,0,0,0,0,0,1980,False,0.733333,,23.25,20.73
cyclone,Canada,CAN,1985,12,200,0,800,1000,3.41199e+08,2.61002e+08,0,0.031951,1.17e+08,8.95e+07,0,1980,False,1.2,341199,38.21,36.03
cyclone,China,CHN,1985,296,1400,200000,0,201400,0,0,0,0,0,0,0,1980,False,0.146971,,39.08,34.64
cyclone,Comoros,COM,1985,2,0,35000,0,35000,1.6238e+07,0,0,2.90083,5.568e+06,0,0,1980,False,0.00571429,463.943,34.31,32.9
cyclone,Cuba,CUB,1985,4,0,476891,22000,498891,0,0,0,0,0,0,0,1980,False,0.000801778,,24.12,22.31
cyclone,Fiji,FJI,1985,32,0,122000,0,122000,2.21634e+08,1.9947e+08,0,6.65984,7.6e+07,6.84e+07,0,1980,False,0.0262295,1816.67,47.99,44.92
cyclone,Hong Kong,HKG,1985,2,12,600,0,612,122000,0,0,0.000117648,42000,0,0,1980,False,0.326797,199.346,24.18,23.03
cyclone,India,IND,1985,178,0,105000,0,105000,0,0,0,0,0,0,0,1980,False,0.169524,,36.19,32.12
cyclone,Indonesia,IDN,1985,0,0,10000,0,10000,0,0,0,0,0,0,0,1980,False,,,12.45,11.93
cyclone,Jamaica,JAM,1985,7,0,0,300,300,1.5164e+07,0,0,0.247591,5.2e+06,0,0,1980,False,2.33333,50546.7,31.7,29.92
cyclone,Japan,JPN,1985,49,200,30000,0,30200,2.90165e+08,0,0,0.00682877,9.95e+07,0,0,1980,False,0.162252,9608.11,48,44.74
cyclone,Philippines,PHL,1985,186,31,1603687,256,1603974,2.42144e+08,0,0,0.237498,8.3033e+07,0,0,1980,False,0.0115962,150.965,58.43,54.07
cyclone,Solomon Islands,SLB,1985,0,0,650,0,650,0,0,0,0,0,0,0,1980,False,,,8.76,8.39
cyclone,South Korea,KOR,1985,57,20,0,0,20,4.0827e+07,0,0,0.0134921,1.4e+07,0,0,1980,False,285,2.04135e+06,36.9,33.96
cyclone,Sri Lanka,LKA,1985,0,0,8000,0,8000,0,0,0,0,0,0,0,1980,False,,,12.15,11.64
cyclone,Switzerland,CHE,1985,0,0,0,0,0,5.832e+06,0,0,0.00177537,2e+06,0,0,1980,False,,,14.83,14.75
cyclone,Turks and Caicos Islands,TCA,1985,0,0,770,0,770,15000,0,0,,5000,0,0,1980,False,,19.4805,18.14,17.71
cyclone,United States,USA,1985,363,500,1000000,20000,1020500,1.48191e+10,1.84189e+09,0,0.117115,5.0816e+09,6.316e+08,0,1980,False,0.0355708,14521.4,64.38,59.59
cyclone,Vanuatu,VUT,1985,9,0,117500,0,117500,5.04507e+08,0,0,131.203,1.73e+08,0,0,1980,False,0.00765957,4293.68,43.99,41.7
cyclone,Vietnam,VNM,1985,798,257,225000,225000,450257,0,0,0,0,0,0,0,1980,False,0.177232,,44.09,38.95
cyclone,West Germany,OWID_GFR,1985,3,0,0,0,0,0,0,0,,0,0,0,1980,True,,,5.5,4.58
cyclone,Argentina,ARG,1986,1,0,1000,0,1000,0,0,0,0,0,0,0,1980,False,0.1,,12.09,11.24
cyclone,Australia,AUS,1986,7,12,0,1000,1012,5.41058e+08,3.2053e+07,0,0.103474,1.89055e+08,1.12e+07,0,1980,False,0.6917,534642,36.74,34.88
cyclone,Bangladesh,BGD,1986,184,3100,2600000,120000,2723100,0,0,0,0,0,0,0,1980,False,0.006757,,40.73,36.44
cyclone,Bermuda,BMU,1986,0,0,0,0,0,4.293e+06,0,0,0.127823,1.5e+06,0,0,1980,False,,,14.54,14.46
cyclone,Canada,CAN,1986,0,0,2400,0,2400,0,0,0,0,0,0,0,1980,False,,,10.52,10.08
cyclone,Chile,CHL,1986,16,16,30790,0,30806,0,0,0,0,0,0,0,1980,False,0.0519379,,25.2,22.75
cyclone,China,CHN,1986,368,2556,4603500,10000,4616056,4.08451e+09,0,0,0.473665,1.4272e+09,0,0,1980,False,0.00797217,884.849,65.25,60.37
cyclone,Colombia,COL,1986,4,0,28000,0,28000,7.155e+06,0,0,0.00715461,2.5e+06,0,0,1980,False,0.0142857,255.536,35.25,33.52
cyclone,Dominican Republic,DOM,1986,12,0,2000,0,2000,0,0,0,0,0,0,0,1980,False,0.6,,20.44,18.32
cyclone,Fiji,FJI,1986,1,0,3000,0,3000,5.7238e+07,0,0,1.55007,2e+07,0,0,1980,False,0.0333333,19079.3,30.58,29.57
cyclone,Hong Kong,HKG,1986,5,41,0,0,41,0,0,0,0,0,0,0,1980,False,12.1951,,12.16,10.76
cyclone,India,IND,1986,390,100,3100000,200000,3300100,7.81138e+08,0,0,0.109622,2.72943e+08,0,0,1980,False,0.0118178,236.701,63.45,58.56
cyclone,Ireland,IRL,1986,11,0,1900,0,1900,0,0,0,0,0,0,0,1980,False,0.578947,,20.06,17.99
cyclone,Japan,JPN,1986,17,358,2000,0,2358,6.2962e+09,2.92487e+08,0,0.101629,2.2e+09,1.022e+08,0,1980,False,0.72095,2.67014e+06,43.44,40.98
cyclone,Madagascar,MDG,1986,99,424,83885,0,84309,4.29286e+08,0,0,3.44987,1.5e+08,0,0,1980,False,0.117425,5091.82,52.51,48.73
cyclone,Nepal,NPL,1986,1,0,0,0,0,0,0,0,0,0,0,0,1980,False,,,2.75,2.29
cyclone,Pakistan,PAK,1986,11,250,0,0,250,0,0,0,0,0,0,0,1980,False,4.4,,17.32,15.37
cyclone,Philippines,PHL,1986,176,154,1235949,6633,1242736,2.47441e+08,0,0,0.25439,8.646e+07,0,0,1980,False,0.0141623,199.11,57.89,53.58
cyclone,Solomon Islands,SLB,1986,101,0,90000,60000,150000,5.7238e+07,0,0,13.5483,2e+07,0,0,1980,False,0.0673333,381.587,51.45,47.64
cyclone,South Korea,KOR,1986,33,73,6623,0,6696,3.1195e+07,0,0,0.00908591,1.09e+07,0,0,1980,False,0.492832,4658.75,42.32,39.4
cyclone,Switzerland,CHE,1986,0,0,0,0,0,3.005e+08,2.35535e+08,0,0.0650206,1.05e+08,8.23e+07,0,1980,False,,,18.58,18.48
cyclone,Taiwan,TWN,1986,65,0,0,0,0,1.38802e+09,0,0,,4.85e+08,0,0,1980,False,,,36.65,33.78
cyclone,United States,USA,1986,1,80,0,0,80,2.00333e+08,0,0,0.00152851,7e+07,0,0,1980,False,1.25,2.50416e+06,26.89,26.08
cyclone,Vietnam,VNM,1986,435,2502,2500000,0,2502502,0,0,0,0,0,0,0,1980,False,0.0173826,,44.01,39.17
cyclone,Wallis and Futuna,WLF,1986,1,0,4500,0,4500,0,0,0,,0,0,0,1980,False,0.0222222,,14.12,13.18
cyclone,Argentina,ARG,1987,1,0,1000,0,1000,2.7607e+07,0,0,0.00919026,1e+07,0,0,1980,False,0.1,27607,28.4,27.46
cyclone,Bangladesh,BGD,1987,12,0,0,0,0,0,0,0,0,0,0,0,1980,False,,,10.17,8.48
cyclone,Barbados,BRB,1987,0,0,0,230,230,2.76074e+08,0,0,5.86727,1e+08,0,0,1980,False,,1.20032e+06,25.86,25.45
cyclone,Bermuda,BMU,1987,0,40,0,0,40,1.38037e+08,0,0,3.85654,5e+07,0,0,1980,False,,3.45092e+06,22.86,22.56
cyclone,Canada,CAN,1987,26,250,0,0,250,7.31596e+08,5.2454e+08,0,0.061182,2.65e+08,1.9e+08,0,1980,False,10.4,2.92638e+06,39.97,37.38
cyclone,China,CHN,1987,406,2188,959000,425400,1386588,3.31289e+08,0,0,0.0438829,1.2e+08,0,0,1980,False,0.0292805,238.924,61.62,56.75
cyclone,Comoros,COM,1987,24,0,0,50000,50000,2.4847e+07,0,0,2.87272,9e+06,0,0,1980,False,0.048,496.94,43.6,40.78
cyclone,Cook Islands,COK,1987,5,0,2000,0,2000,6.9018e+07,0,0,,2.5e+07,0,0,1980,False,0.25,34509,34.56,32.86
cyclone,Czechoslovakia,OWID_CZS,1987,0,0,0,0,0,4.1411e+07,0,0,,1.5e+07,0,0,1980,True,,,16.7,16.61
cyclone,Dominican Republic,DOM,1987,3,0,0,0,0,6.543e+07,0,0,0.406724,2.37e+07,0,0,1980,False,,,22.63,21.62
cyclone,Egypt,EGY,1987,30,11,0,0,11,0,0,0,0,0,0,0,1980,False,272.727,,16.97,14.57
cyclone,Fiji,FJI,1987,1,0,3369,0,3369,6.9018e+07,0,0,2.12233,2.5e+07,0,0,1980,False,0.0296824,20486.2,30.91,29.9
cyclone,France,FRA,1987,4,0,0,0,0,4.69326e+09,0,0,0.183522,1.7e+09,0,0,1980,False,,,27.58,26.41
cyclone,Greece,GRC,1987,48,0,0,0,0,9.66258e+08,0,0,0.540627,3.5e+08,0,0,1980,False,,,35.12,32.46
cyclone,Guam,GUM,1987,0,0,0,502,502,400000,0,0,,145000,0,0,1980,False,,796.813,20.69,20.27
cyclone,Guinea-Bissau,GNB,1987,1,3,0,3700,3703,0,0,0,0,0,0,0,1980,False,0.0270051,,13.86,12.93
cyclone,India,IND,1987,166,0,80000,0,80000,0,0,0,0,0,0,0,1980,False,0.2075,,35.55,31.54
cyclone,Italy,ITA,1987,62,0,3000,0,3000,3.3231e+09,0,0,0.149052,1.2037e+09,0,0,1980,False,2.06667,1.1077e+06,48.12,44.82
cyclone,Japan,JPN,1987,8,10,65000,0,65010,0,0,0,0,0,0,0,1980,False,0.0123058,,23.69,21.61
cyclone,Micronesia (country),FSM,1987,5,3,0,200,203,1.6564e+07,0,0,5.14139,6e+06,0,0,1980,False,2.46305,81596.1,30.12,28.55
cyclone,Philippines,PHL,1987,1094,1466,2911027,325139,3237632,5.34754e+08,0,0,0.512549,1.937e+08,0,0,1980,False,0.0337901,165.168,67.14,61.58
cyclone,Reunion,REU,1987,10,0,4000,0,4000,5.521e+06,0,0,,2e+06,0,0,1980,False,0.25,1380.25,35.5,33.37
cyclone,Saint Vincent and the Grenadines,VCT,1987,0,8,0,200,208,1.4632e+07,0,0,3.01856,5.3e+06,0,0,1980,False,,70346.2,22.93,22.54
cyclone,South Korea,KOR,1987,619,0,56000,0,56000,1.44939e+09,0,0,0.344849,5.25e+08,0,0,1980,False,1.10536,25881.9,60.35,55.39
cyclone,Spain,ESP,1987,0,0,0,0,0,2.2086e+07,0,0,0.00251161,8e+06,0,0,1980,False,,,16.1,16.01
cyclone,Switzerland,CHE,1987,1,0,0,0,0,3.83467e+08,0,0,0.0686813,1.389e+08,0,0,1980,False,,,21.56,21.01
cyclone,Taiwan,TWN,1987,61,0,2200,0,2200,0,0,0,,0,0,0,1980,False,2.77273,,26.77,23.61
cyclone,Tokelau,TKL,1987,0,0,1700,30,1730,1.38e+06,0,0,,500000,0,0,1980,False,,797.688,23.54,23.04
cyclone,United Kingdom,GBR,1987,20,0,1600,0,1600,4.32056e+09,4.00859e+09,0,0.210021,1.565e+09,1.452e+09,0,1980,False,1.25,2.70035e+06,43.17,40.63
cyclone,United States,USA,1987,151,0,3200,0,3200,5.63191e+08,0,0,0.00420167,2.04e+08,0,0,1980,False,4.71875,175997,50.01,46.14
cyclone,Vanuatu,VUT,1987,48,0,48000,0,48000,6.9018e+07,0,0,17.9258,2.5e+07,0,0,1980,False,0.1,1437.88,47.18,43.91
cyclone,Vietnam,VNM,1987,123,211,584800,352000,937011,0,0,0,0,0,0,0,1980,False,0.0131268,,37.7,33.74
cyclone,Algeria,DZA,1988,0,0,10107,0,10107,0,0,0,0,0,0,0,1980,False,,,12.47,11.94
cyclone,Australia,AUS,1988,1,0,0,0,0,5.4158e+07,0,0,0.0086344,2.0417e+07,0,0,1980,False,,,19.7,19.15
cyclone,Bangladesh,BGD,1988,1064,200,8573860,2000000,10574060,0,0,0,0,0,0,0,1980,False,0.0100624,,49.5,43.99
cyclone,Chad,TCD,1988,11,0,1200,0,1200,416000,0,0,0.0105895,157000,0,0,1980,False,0.916667,346.667,31.75,29.65
cyclone,China,CHN,1988,335,1232,186000,50000,237232,0,0,0,0,0,0,0,1980,False,0.141212,,39.79,35.26
cyclone,Colombia,COL,1988,26,0,100000,0,100000,1.32629e+08,0,0,0.12751,5e+07,0,0,1980,False,0.026,1326.29,46.44,43.51
cyclone,Costa Rica,CRI,1988,28,7500,120000,0,127500,1.59154e+08,0,0,1.30021,6e+07,0,0,1980,False,0.0219608,1248.27,47.22,44.24
cyclone,Cuba,CUB,1988,0,0,60000,1500,61500,0,0,0,0,0,0,0,1980,False,,,14.91,14.28
cyclone,Haiti,HTI,1988,54,0,870000,0,870000,2.42143e+08,0,0,3.49229,9.1286e+07,0,0,1980,False,0.0062069,278.325,52.75,49.24
cyclone,Honduras,HND,1988,0,12,0,0,12,0,0,0,0,0,0,0,1980,False,,,3.47,3.32
cyclone,Hong Kong,HKG,1988,0,4,100,0,104,0,0,0,0,0,0,0,1980,False,,,6.29,6.03
cyclone,India,IND,1988,74,0,1900000,0,1900000,3.4483e+07,0,0,0.00438316,1.3e+07,0,0,1980,False,0.00389474,18.1489,53.18,49.43
cyclone,Jamaica,JAM,1988,49,0,810000,0,810000,2.65257e+09,0,0,26.121,1e+09,0,0,1980,False,0.00604938,3274.78,54.56,51.1
cyclone,Kenya,KEN,1988,50,0,0,0,0,0,0,0,0,0,0,0,1980,False,,,15.59,13
cyclone,Mexico,MEX,1988,288,0,100000,25000,125000,8.64739e+08,0,0,0.179504,3.26e+08,0,0,1980,False,0.2304,6917.91,57.92,53.41
cyclone,Mozambique,MOZ,1988,100,0,4000,0,4000,0,0,0,,0,0,0,1980,False,2.5,,29.51,26
cyclone,Nepal,NPL,1988,70,0,0,0,0,0,0,0,0,0,0,0,1980,False,,,16.9,14.09
cyclone,New Zealand,NZL,1988,6,0,0,0,0,0,0,0,0,0,0,0,1980,False,,,7.71,6.43
cyclone,Nicaragua,NIC,1988,130,278,300000,60000,360278,1.06103e+09,0,0,15.2039,4e+08,0,0,1980,False,0.0360832,2945.03,56.41,52.36
cyclone,Pakistan,PAK,1988,36,0,0,0,0,0,0,0,0,0,0,0,1980,False,,,14.31,11.94
cyclone,Panama,PAN,1988,30,0,6732,2000,8732,1.59154e+08,0,0,1.01647,6e+07,0,0,1980,False,0.343564,18226.5,43.86,40.99
cyclone,Philippines,PHL,1988,788,238,4450946,66321,4517505,1.06903e+09,0,0,0.933942,4.03016e+08,0,0,1980,False,0.0174433,236.642,66.95,61.58
cyclone,Saint Lucia,LCA,1988,0,0,0,0,0,6.631e+06,0,0,0.581897,2.5e+06,0,0,1980,False,,,14.95,14.87
cyclone,United States,USA,1988,27,0,0,0,0,0,2.63135e+09,0,0,0,9.92e+08,0,1980,False,,,13.21,11.02
cyclone,Vanuatu,VUT,1988,0,0,3100,3600,6700,0,0,0,0,0,0,0,1980,False,,,11.91,11.41
cyclone,Venezuela,VEN,1988,11,0,0,0,0,0,0,0,0,0,0,0,1980,False,,,9.85,8.22
cyclone,Vietnam,VNM,1988,157,0,1320000,0,1320000,0,0,0,0,0,0,0,1980,False,0.0118939,,39.12,34.99
cyclone,American Samoa,ASM,1989,0,0,0,0,0,1.2652e+07,0,0,,5e+06,0,0,1980,False,,,15.57,15.48
cyclone,Antigua and Barbuda,ATG,1989,2,0,7500,530,8030,2.02434e+08,0,0,17.5757,8e+07,0,0,1980,False,0.0249066,25209.7,34.72,33.38
cyclone,Australia,AUS,1989,12,0,0,0,0,2.73062e+08,2.3862e+08,0,0.0359387,1.07911e+08,9.43e+07,0,1980,False,,,28.66,26.87
cyclone,Bangladesh,BGD,1989,815,4000,100000,0,104000,4.0993e+07,0,0,0.0562857,1.62e+07,0,0,1980,False,0.783654,394.163,58.88,53.72
cyclone,Brazil,BRA,1989,36,0,45000,0,45000,0,0,0,0,0,0,0,1980,False,0.08,,28.8,25.81
cyclone,China,CHN,1989,1115,10944,38008000,0,38018944,2.23943e+09,0,0,0.254033,8.85e+08,0,0,1980,False,0.00293275,58.903,71.91,66.19
cyclone,Comoros,COM,1989,0,0,0,0,0,1.3249e+07,0,0,1.59311,5.236e+06,0,0,1980,False,,,15.61,15.53
cyclone,Dominica,DMA,1989,0,0,710,0,710,5.0609e+07,0,0,10.8028,2e+07,0,0,1980,False,,71280.3,25.77,25.3
cyclone,France,FRA,1989,9,0,0,0,0,0,0,0,0,0,0,0,1980,False,,,9.13,7.61
cyclone,Guadeloupe,GLP,1989,5,84,0,11000,11084,1.26521e+08,0,0,,5e+07,0,0,1980,False,0.0451101,11414.7,37.45,35.65
cyclone,Hong Kong,HKG,1989,9,150,528,977,1655,170000,0,0,9.73976e-05,67000,0,0,1980,False,0.543807,102.719,30.61,28.61
cyclone,India,IND,1989,93,0,3700000,0,3700000,0,0,0,0,0,0,0,1980,False,0.00251351,,38.46,34.6
cyclone,Japan,JPN,1989,15,0,0,0,0,0,0,0,0,0,0,0,1980,False,,,10.99,9.17
cyclone,Madagascar,MDG,1989,46,0,55346,0,55346,0,0,0,0,0,0,0,1980,False,0.0831135,,30.03,26.87
cyclone,Mauritius,MUS,1989,1,507,4000,0,4507,1.51826e+08,0,0,2.71332,6e+07,0,0,1980,False,0.0221877,33686.7,32.06,31.02
cyclone,Montserrat,MSR,1989,11,40,0,12000,12040,6.07303e+08,0,0,,2.4e+08,0,0,1980,False,0.0913621,50440.4,41.81,39.53
cyclone,Netherlands Antilles,ANT,1989,11,0,0,0,0,1.26521e+08,0,0,,5e+07,0,0,1980,True,,,27.61,25.88
cyclone,Philippines,PHL,1989,378,982,1974519,161364,2136865,4.32917e+08,0,0,0.352652,1.71085e+08,0,0,1980,False,0.0176895,202.594,62.17,57.33
cyclone,Puerto Rico,PRI,1989,0,0,2000,0,2000,0,0,0,0,0,0,0,1980,False,,,10.28,9.84
cyclone,Reunion,REU,1989,10,61,6200,0,6261,1.26521e+08,0,0,,5e+07,0,0,1980,False,0.159719,20207.8,39.08,36.91
cyclone,Saint Kitts and Nevis,KNA,1989,1,0,0,1300,1300,1.164e+08,0,0,23.8938,4.6e+07,0,0,1980,False,0.0769231,89538.5,30.12,29.16
cyclone,Samoa,WSM,1989,0,0,0,0,0,3.9222e+07,0,0,12.613,1.55e+07,0,0,1980,False,,,16.65,16.56
cyclone,South Korea,KOR,1989,109,49,75145,0,75194,4.46621e+08,1.72069e+08,0,0.0694236,1.765e+08,6.8e+07,0,1980,False,0.144958,5939.58,52.77,48.94
cyclone,Spain,ESP,1989,33,0,0,0,0,0,0,0,0,0,0,0,1980,False,,,13.98,11.66
cyclone,Taiwan,TWN,1989,13,0,0,0,0,0,0,0,,0,0,0,1980,False,,,10.46,8.72
cyclone,Thailand,THA,1989,458,0,154000,45000,199000,1.14375e+09,0,0,0.625599,4.52e+08,0,0,1980,False,0.230151,5747.51,60.65,55.81
cyclone,United Kingdom,GBR,1989,13,0,0,0,0,0,0,0,0,0,0,0,1980,False,,,10.46,8.72
cyclone,United States,USA,1989,119,100,0,25000,25100,1.99398e+10,3.87662e+09,0,0.139677,7.88e+09,1.532e+09,0,1980,False,0.474104,794414,55.25,51.4
cyclone,United States Virgin Islands,VIR,1989,0,0,2000,8000,10000,5.5163e+07,0,0,,2.18e+07,0,0,1980,False,,5516.3,29.42,28.8
cyclone,Vietnam,VNM,1989,959,1359,5635000,781000,6417359,5.3139e+07,0,0,0.333688,2.1e+07,0,0,1980,False,0.0149438,8.28051,65.35,59.84
cyclone,Australia,AUS,1990,0,0,0,0,0,3.7357e+08,0,0,0.0498973,1.556e+08,0,0,1990,False,,,18.79,18.69
cyclone,Austria,AUT,1990,3,0,0,0,0,6.00208e+08,5.42349e+08,0,0.150774,2.5e+08,2.259e+08,0,1990,False,,,24.74,23.72
cyclone,Bangladesh,BGD,1990,693,700,57870,0,58570,0,0,0,0,0,0,0,1990,False,1.1832,,40.78,35.84
cyclone,Belgium,BEL,1990,16,0,0,0,0,2.35282e+09,1.58455e+09,0,0.477276,9.8e+08,6.6e+08,0,1990,False,,,31.77,29.8
cyclone,China,CHN,1990,629,436,5691155,210195,5901786,4.99214e+09,0,0,0.575101,2.07934e+09,0,0,1990,False,0.0106578,845.869,67.89,62.64
cyclone,Cook Islands,COK,1990,1,0,0,0,0,0,0,0,,0,0,0,1990,False,,,2.75,2.29
cyclone,Denmark,DNK,1990,3,0,0,0,0,4.56158e+08,2.16075e+08,0,0.137464,1.9e+08,9e+07,0,1990,False,,,24.48,23.46
cyclone,Fiji,FJI,1990,0,0,3000,3000,6000,2.4008e+07,0,0,0.747933,1e+07,0,0,1990,False,,4001.33,27.94,27.36
cyclone,Finland,FIN,1990,0,0,0,0,0,2.4008e+07,0,0,0.00706983,1e+07,0,0,1990,False,,,16.18,16.09
cyclone,France,FRA,1990,43,0,0,0,0,4.58559e+09,3.14509e+09,0,0.151871,1.91e+09,1.31e+09,0,1990,False,,,36.18,33.57
cyclone,Germany,DEU,1990,64,0,0,0,0,1.06597e+10,5.32985e+09,0,0.249696,4.44e+09,2.22e+09,0,1990,False,,,38.53,35.66
cyclone,Greece,GRC,1990,3,0,0,0,0,0,0,0,0,0,0,0,1990,False,,,5.5,4.58
cyclone,Grenada,GRD,1990,0,0,1000,0,1000,0,0,0,0,0,0,0,1990,False,,,9.34,8.95
cyclone,India,IND,1990,1843,0,4100000,0,4100000,6.94513e+09,0,0,0.901243,2.8928e+09,0,0,1990,False,0.0449512,1693.93,71.97,66.03
cyclone,Ireland,IRL,1990,2,0,0,0,0,2.64092e+08,7.2025e+07,0,0.223098,1.1e+08,3e+07,0,1990,False,,,22.82,21.99
cyclone,Italy,ITA,1990,6,0,0,0,0,4.8017e+07,0,0,0.00168927,2e+07,0,0,1990,False,,,24.55,23.18
cyclone,Japan,JPN,1990,40,78,147700,0,147778,9.63455e+09,6.47985e+08,0,0.123363,4.013e+09,2.699e+08,0,1990,False,0.0270676,65196.1,52.7,49.46
cyclone,Luxembourg,LUX,1990,0,0,0,0,0,8.88308e+08,5.762e+08,0,2.89542,3.7e+08,2.4e+08,0,1990,False,,,19.62,19.51
cyclone,Martinique,MTQ,1990,8,0,1500,0,1500,0,0,0,,0,0,0,1990,False,0.533333,,18.6,16.73
cyclone,Mexico,MEX,1990,38,0,0,0,0,2.17756e+08,0,0,0.0347172,9.07e+07,0,0,1990,False,,,32.8,30.29
cyclone,Mongolia,MNG,1990,36,0,0,0,0,0,0,0,0,0,0,0,1990,False,,,14.31,11.94
cyclone,Netherlands,NLD,1990,20,0,0,0,0,4.20146e+09,2.66492e+09,0,0.548935,1.75e+09,1.11e+09,0,1990,False,,,33.16,31.05
cyclone,Niue,NIU,1990,0,0,200,0,200,0,0,0,,0,0,0,1990,False,,,7.17,6.87
cyclone,Norway,NOR,1990,0,0,0,0,0,3.12108e+08,1.4405e+08,0,0.108928,1.3e+08,6e+07,0,1990,False,,,18.62,18.52
cyclone,Philippines,PHL,1990,737,1288,5208275,1110020,6319583,9.32724e+08,0,0,0.769181,3.885e+08,0,0,1990,False,0.0116622,147.593,67.01,61.67
cyclone,Poland,POL,1990,0,0,0,0,0,1.20042e+08,0,0,0.0757831,5e+07,0,0,1990,False,,,17.71,17.61
cyclone,Samoa,WSM,1990,8,0,170000,25000,195000,4.80167e+08,0,0,159.025,2e+08,0,0,1990,False,0.00410256,2462.39,44.21,41.96
cyclone,South Africa,ZAF,1990,2,0,0,0,0,9.43528e+08,2.82818e+08,0,0.311786,3.93e+08,1.178e+08,0,1990,False,,,24.03,23.2
cyclone,South Korea,KOR,1990,27,0,0,0,0,1.4405e+07,0,0,0.00205434,6e+06,0,0,1990,False,,,28.9,26.62
cyclone,Spain,ESP,1990,9,0,0,0,0,0,0,0,0,0,0,0,1990,False,,,9.13,7.61
cyclone,Sweden,SWE,1990,0,0,0,0,0,2.4008e+07,0,0,0.00382458,1e+07,0,0,1990,False,,,16.18,16.09
cyclone,Switzerland,CHE,1990,5,0,0,0,0,6.72233e+08,4.74885e+08,0,0.103793,2.8e+08,1.978e+08,0,1990,False,,,26.45,25.17
cyclone,Taiwan,TWN,1990,5,0,20000,0,20000,0,0,0,,0,0,0,1990,False,0.025,,20.49,18.75
cyclone,Thailand,THA,1990,36,0,0,0,0,1.20042e+08,0,0,0.058587,5e+07,0,0,1990,False,,,32.02,29.55
cyclone,Tokelau,TKL,1990,0,0,0,102,102,5.762e+06,0,0,,2.4e+06,0,0,1990,False,,56490.2,21.09,20.74
cyclone,Tonga,TON,1990,1,3,2600,500,3103,6.002e+06,0,0,2.20141,2.5e+06,0,0,1990,False,0.0322269,1934.26,28.48,27.48
cyclone,Trinidad and Tobago,TTO,1990,0,0,1000,0,1000,0,0,0,0,0,0,0,1990,False,,,9.34,8.95
cyclone,Tuvalu,TUV,1990,0,0,300,400,700,0,0,0,0,0,0,0,1990,False,,,8.86,8.48
cyclone,United Kingdom,GBR,1990,83,0,0,0,0,1.15e+10,1.01555e+10,0,0.438175,4.79e+09,4.23e+09,0,1990,False,,,39.62,36.58
cyclone,United States,USA,1990,162,0,10668,0,10668,1.52453e+09,4.92171e+09,0,0.0106487,6.35e+08,2.05e+09,0,1990,False,1.51856,142907,52.86,48.87
cyclone,Vietnam,VNM,1990,102,108,500000,2000,502108,0,0,0,0,0,0,0,1990,False,0.0203144,,36.12,32.32
cyclone,Australia,AUS,1991,0,0,390,18,408,3.593e+06,9.9041e+07,0,0.000477917,1.56e+06,4.3e+07,0,1990,False,,8806.37,22.5,22.08
cyclone,Austria,AUT,1991,0,0,0,0,0,6.4492e+07,0,0,0.0161744,2.8e+07,0,0,1990,False,,,17.12,17.03
cyclone,Bangladesh,BGD,1991,138987,139149,15000000,300000,15439149,4.09986e+09,1.84263e+08,0,5.74982,1.78e+09,8e+07,0,1990,False,0.900224,265.549,90.39,81.54
cyclone,Canada,CAN,1991,0,0,0,0,0,1.15164e+09,7.99242e+08,0,0.081629,5e+08,3.47e+08,0,1990,False,,,19.86,19.76
cyclone,China,CHN,1991,255,7276,3339130,10000,3356406,1.67148e+09,5.5279e+07,0,0.188731,7.2569e+08,2.4e+07,0,1990,False,0.00759741,497.995,62.51,57.9
cyclone,Germany,DEU,1991,0,0,0,0,0,1.1516e+07,2.303e+06,0,0.000266554,5e+06,1e+06,0,1990,False,,,15.48,15.4
cyclone,Hong Kong,HKG,1991,22,182,0,0,182,2.3033e+07,0,0,0.011241,1e+07,0,0,1990,False,12.0879,126555,35.61,33.16
cyclone,India,IND,1991,125,0,25000,0,25000,0,0,0,0,0,0,0,1990,False,0.5,,32.86,29.1
cyclone,Iran,IRN,1991,22,0,0,0,0,0,0,0,0,0,0,0,1990,False,,,12.43,10.37
cyclone,Ireland,IRL,1991,0,0,0,0,0,9.213e+06,0,0,0.00803414,4e+06,0,0,1990,False,,,15.27,15.18
cyclone,Israel,ISR,1991,5,0,0,0,0,0,0,0,0,0,0,0,1990,False,,,7.1,5.92
cyclone,Japan,JPN,1991,101,777,90000,351,91128,2.32321e+10,1.31955e+10,0,0.270787,1.00865e+10,5.729e+09,0,1990,False,0.110833,254940,56.5,52.68
cyclone,Jordan,JOR,1991,2,0,0,0,0,0,0,0,0,0,0,0,1990,False,,,4.36,3.63
cyclone,Laos,LAO,1991,0,0,38315,0,38315,345000,0,0,0.0145902,150000,0,0,1990,False,,9.00431,26.41,25.74
cyclone,Madagascar,MDG,1991,36,0,125000,125000,250000,0,0,0,0,0,0,0,1990,False,0.0144,,31.12,28.03
cyclone,Maldives,MDV,1991,0,0,0,23849,23849,6.9099e+07,0,0,12.2751,3e+07,0,0,1990,False,,2897.35,30.81,30.14
cyclone,Marshall Islands,MHL,1991,0,0,0,6000,6000,0,0,0,0,0,0,0,1990,False,,,11.76,11.26
cyclone,Mauritania,MRT,1991,4,300,0,0,300,0,0,0,0,0,0,0,1990,False,1.33333,,14.1,12.71
cyclone,Mauritius,MUS,1991,0,0,6000,1500,7500,0,0,0,0,0,0,0,1990,False,,,12.06,11.55
cyclone,Mexico,MEX,1991,13,0,9800,200,10000,0,0,0,0,0,0,0,1990,False,0.13,,22.91,20.65
cyclone,Mongolia,MNG,1991,6,0,0,0,0,0,0,0,0,0,0,0,1990,False,,,7.71,6.43
cyclone,Nepal,NPL,1991,6,0,165,0,165,0,0,0,0,0,0,0,1990,False,3.63636,,14.63,13.05
cyclone,Philippines,PHL,1991,6083,3109,1494506,74250,1571865,6.33405e+08,4.5835e+07,0,0.531051,2.75e+08,1.99e+07,0,1990,False,0.386993,402.964,73.12,66.47
cyclone,Samoa,WSM,1991,13,0,85000,3000,88000,6.40315e+08,0,0,221.343,2.78e+08,0,0,1990,False,0.0147727,7276.31,45.16,42.67
cyclone,South Korea,KOR,1991,72,0,20750,0,20750,7.1402e+08,1.15164e+08,0,0.0909486,3.1e+08,5e+07,0,1990,False,0.346988,34410.6,49.85,46.36
cyclone,Taiwan,TWN,1991,33,4,0,0,4,0,0,0,,0,0,0,1990,False,825,,16.16,13.74
cyclone,Thailand,THA,1991,38,20,1858811,35407,1894238,1.917e+07,0,0,0.00847256,8.323e+06,0,0,1990,False,0.00200608,10.1202,50.03,46.71
cyclone,Turkey,TUR,1991,1,3,0,0,3,0,0,0,0,0,0,0,1990,False,33.3333,,4.62,4.09
cyclone,USSR,OWID_USS,1991,41,0,0,0,0,5.5279e+07,0,0,,2.4e+07,0,0,1990,True,,,31.79,29.24
cyclone,United Kingdom,GBR,1991,48,0,0,0,0,2.07296e+09,1.10558e+09,0,0.0787541,9e+08,4.8e+08,0,1990,False,,,35.85,33.18
cyclone,United States,USA,1991,87,100,2900,0,3000,5.89642e+09,3.93863e+09,0,0.0415711,2.56e+09,1.71e+09,0,1990,False,2.9,1.96547e+06,49.99,46.47
cyclone,Vietnam,VNM,1991,297,222,21478,455905,477605,2.4184e+07,0,0,0.109223,1.05e+07,0,0,1990,False,0.0621853,50.636,56.45,51.86
cyclone,Australia,AUS,1992,2,0,120,0,120,8.45049e+08,1.07531e+08,0,0.115957,3.78e+08,4.81e+07,0,1990,False,1.66667,7.04208e+06,30.41,29.3
cyclone,Bahamas,BHS,1992,4,0,0,1700,1700,5.58895e+08,0,0,8.04117,2.5e+08,0,0,1990,False,0.235294,328762,35.61,34.02
cyclone,Bangladesh,BGD,1992,23,300,0,10000,10300,0,0,0,0,0,0,0,1990,False,0.223301,,25.09,22.47
cyclone,Chile,CHL,1992,0,0,0,38000,38000,0,0,0,0,0,0,0,1990,False,,,14.26,13.65
cyclone,China,CHN,1992,860,19450,16175283,35000,16229733,2.84097e+09,0,0,0.296568,1.2708e+09,0,0,1990,False,0.00529892,175.047,69.96,64.45
cyclone,Fiji,FJI,1992,1,0,2000,0,2000,3.577e+06,0,0,0.104411,1.6e+06,0,0,1990,False,0.05,1788.5,27.39,26.42
cyclone,France,FRA,1992,48,0,2000,0,2000,8.94231e+08,5.64484e+08,0,0.028784,4e+08,2.525e+08,0,1990,False,2.4,447116,45.33,42.23
cyclone,Guam,GUM,1992,1,542,0,5000,5542,6.70674e+08,0,0,,3e+08,0,0,1990,False,0.018044,121017,33.75,32.7
cyclone,Hong Kong,HKG,1992,2,42,200,198,440,4.91157e+08,0,0,0.210698,2.197e+08,0,0,1990,False,0.454545,1.11627e+06,31.64,30.47
cyclone,India,IND,1992,85,100,0,0,100,0,0,0,0,0,0,0,1990,False,85,,23.9,20.7
cyclone,Iran,IRN,1992,0,0,3700,0,3700,0,0,0,0,0,0,0,1990,False,,,11.11,10.64
cyclone,Japan,JPN,1992,11,434,0,0,434,0,1.7438e+07,0,0,0,7.8e+06,0,1990,False,2.53456,,18.06,16.08
cyclone,Laos,LAO,1992,22,102,268775,0,268877,8.16e+06,0,0,0.323637,3.65e+06,0,0,1990,False,0.00818218,30.3484,44.48,41.62
cyclone,Lebanon,LBN,1992,25,75,100000,4000,104075,3.46515e+08,0,0,2.65248,1.55e+08,0,0,1990,False,0.0240211,3329.47,47.25,44.35
cyclone,Mexico,MEX,1992,3,0,10000,0,10000,6.707e+06,0,0,0.000826087,3e+06,0,0,1990,False,0.03,670.7,32.91,31.39
cyclone,New Zealand,NZL,1992,0,0,0,0,0,1.15132e+08,4.6053e+07,0,0.12365,5.15e+07,2.06e+07,0,1990,False,,,17.67,17.58
cyclone,Panama,PAN,1992,12,50,0,0,50,2.2356e+07,0,0,0.124342,1e+07,0,0,1990,False,24,447120,31.59,29.59
cyclone,Philippines,PHL,1992,101,78,1037111,9105,1046294,0,0,0,0,0,0,0,1990,False,0.00965312,,37.07,33.24
cyclone,South Korea,KOR,1992,0,0,375,58,433,0,0,0,0,0,0,0,1990,False,,,8.21,7.86
cyclone,Taiwan,TWN,1992,8,0,0,0,0,7.8245e+07,0,0,,3.5e+07,0,0,1990,False,,,26.01,24.47
cyclone,Thailand,THA,1992,6,0,359326,27120,386446,0,0,0,0,0,0,0,1990,False,0.00155261,,25.11,23.09
cyclone,Ukraine,UKR,1992,0,0,1000,0,1000,3.577e+06,0,0,0.00216374,1.6e+06,0,0,1990,False,,3577,23.71,23.23
cyclone,United States,USA,1992,97,55,45000,250000,295055,7.71275e+10,5.20711e+10,0,0.529115,3.45e+10,2.3292e+10,0,1990,False,0.0328752,261400,59.07,55.2
cyclone,Vanuatu,VUT,1992,2,10,1150,0,1160,0,0,0,0,0,0,0,1990,False,0.172414,,13.9,12.77
cyclone,Vietnam,VNM,1992,31,23,76125,3210,79358,4.1134e+07,0,0,0.18648,1.84e+07,0,0,1990,False,0.0390635,518.335,45.68,42.67
cyclone,Afghanistan,AFG,1993,10,0,0,0,0,0,0,0,,0,0,0,1990,False,,,9.51,7.93
cyclone,Argentina,ARG,1993,15,0,4000,4000,8000,1.08574e+08,0,0,0.0211201,5e+07,0,0,1990,False,0.1875,13571.8,40.76,38.32
cyclone,Australia,AUS,1993,0,25,12000,45,12070,0,0,0,0,0,0,0,1990,False,,,12.71,12.17
cyclone,Austria,AUT,1993,0,0,0,0,0,2.171e+06,0,0,0.000527331,1e+06,0,0,1990,False,,,13.89,13.82
cyclone,Bangladesh,BGD,1993,452,5520,757500,105000,868020,0,0,0,0,0,0,0,1990,False,0.0520725,,42.73,37.92
cyclone,Bulgaria,BGR,1993,0,0,5000,0,5000,0,0,0,0,0,0,0,1990,False,,,11.51,11.03
cyclone,China,CHN,1993,214,3303,8496560,150000,8649863,2.9717e+09,0,0,0.306458,1.36851e+09,0,0,1990,False,0.00247403,343.554,63.65,59.09
cyclone,Cuba,CUB,1993,5,95,149680,0,149775,2.17148e+09,1.0857e+07,0,4.47082,1e+09,5e+06,0,1990,False,0.00333834,14498.3,43.68,41.71
cyclone,Eritrea,ERI,1993,3,16,0,15659,15675,1.1216e+07,0,0,1.10393,5.165e+06,0,0,1990,False,0.0191388,715.534,34.01,32.46
cyclone,Fiji,FJI,1993,21,3,150000,10000,160003,2.17148e+08,0,0,6.11209,1e+08,0,0,1990,False,0.0131248,1357.15,46.73,43.91
cyclone,France,FRA,1993,12,20,1700,0,1720,1.19432e+09,8.25163e+08,0,0.0418447,5.5e+08,3.8e+08,0,1990,False,0.697674,694370,40.14,37.92
cyclone,Germany,DEU,1993,6,0,0,0,0,8.90309e+08,5.4287e+07,0,0.0197215,4.1e+08,2.5e+07,0,1990,False,,,27.33,25.95
cyclone,Guinea-Bissau,GNB,1993,0,0,1722,0,1722,0,0,0,0,0,0,0,1990,False,,,10.07,9.65
cyclone,Hong Kong,HKG,1993,89,426,1024,119,1569,4.38466e+08,0,0,0.167771,2.0192e+08,0,0,1990,False,5.6724,279456,46.73,43.25
cyclone,India,IND,1993,186,500,12000,60000,72500,2.17148e+08,0,0,0.0358044,1e+08,0,0,1990,False,0.256552,2995.14,54.14,49.96
cyclone,Iran,IRN,1993,0,0,0,0,0,3.2572e+07,0,0,0.0235318,1.5e+07,0,0,1990,False,,,16.47,16.38
cyclone,Italy,ITA,1993,9,0,1500,0,1500,1.35718e+09,0,0,0.0585528,6.25e+08,0,0,1990,False,0.6,904785,39.03,36.99
cyclone,Japan,JPN,1993,113,208,30255,0,30463,3.8001e+09,2.43423e+09,0,0.0377767,1.75e+09,1.121e+09,0,1990,False,0.370942,124745,53.73,49.91
cyclone,Laos,LAO,1993,8,120,0,0,120,6.56116e+08,0,0,22.7566,3.02151e+08,0,0,1990,False,6.66667,5.46763e+06,34.52,32.7
cyclone,Lithuania,LTU,1993,6,0,780000,0,780000,9.989e+06,0,0,,4.6e+06,0,0,1990,False,0.000769231,12.8064,41.4,39.26
cyclone,Macao,MAC,1993,0,38,1200,2748,3986,0,0,0,0,0,0,0,1990,False,,,11.21,10.74
cyclone,Martinique,MTQ,1993,2,10,0,3000,3010,0,0,0,,0,0,0,1990,False,0.0664452,,15.18,14
cyclone,Mexico,MEX,1993,38,0,54000,23000,77000,3.63181e+09,0,0,0.31547,1.6725e+09,0,0,1990,False,0.0493506,47166.3,50.69,47.52
cyclone,Mongolia,MNG,1993,7,0,100000,0,100000,2.1715e+07,0,0,1.3014,1e+07,0,0,1990,False,0.007,217.15,39.89,37.78
cyclone,Nicaragua,NIC,1993,37,0,123000,0,123000,0,0,0,0,0,0,0,1990,False,0.0300813,,30.26,27.2
cyclone,North Korea,PRK,1993,6,0,2500,0,2500,2.38863e+08,0,0,,1.1e+08,0,0,1990,False,0.24,95545.2,36.66,34.83
cyclone,Norway,NOR,1993,0,0,0,0,0,6.514e+06,0,0,0.0025033,3e+06,0,0,1990,False,,,14.94,14.86
cyclone,Pakistan,PAK,1993,609,0,0,0,0,0,0,0,0,0,0,0,1990,False,,,25.42,21.2
cyclone,Papua New Guinea,PNG,1993,15,40,25000,15000,40040,3.257e+06,0,0,0.0301535,1.5e+06,0,0,1990,False,0.0374625,81.3437,39.59,37.09
cyclone,Philippines,PHL,1993,518,566,3331639,249122,3581327,6.4589e+08,0,0,0.479463,2.97442e+08,0,0,1990,False,0.0144639,180.349,64.5,59.42
cyclone,Reunion,REU,1993,14,0,0,0,0,0,0,0,,0,0,0,1990,False,,,10.74,8.95
cyclone,Romania,ROU,1993,3,0,0,200,200,0,0,0,0,0,0,0,1990,False,1.5,,12.67,11.45
cyclone,Solomon Islands,SLB,1993,4,0,88500,0,88500,0,0,0,0,0,0,0,1990,False,0.00451977,,21.78,20.07
cyclone,South Africa,ZAF,1993,7,0,0,0,0,0,0,0,0,0,0,0,1990,False,,,8.24,6.87
cyclone,South Korea,KOR,1993,32,19,115,8496,8630,6.3826e+07,0,0,0.00724491,2.9393e+07,0,0,1990,False,0.3708,7395.83,43.22,40.31
cyclone,Switzerland,CHE,1993,2,0,0,0,0,9.63618e+08,5.53728e+08,0,0.160585,4.4376e+08,2.55e+08,0,1990,False,,,24.05,23.22
cyclone,Thailand,THA,1993,4,0,213856,60,213916,2.86571e+08,0,0,0.10239,1.3197e+08,0,0,1990,False,0.00186989,1339.64,41.51,39.65
cyclone,Tuvalu,TUV,1993,0,0,0,150,150,0,0,0,0,0,0,0,1990,False,,,6.78,6.5
cyclone,United States,USA,1993,291,300,0,300,600,1.11289e+10,7.52419e+09,0,0.0747242,5.125e+09,3.465e+09,0,1990,False,48.5,1.85481e+07,53.18,48.96
cyclone,Uruguay,URY,1993,0,0,2000,0,2000,0,0,0,0,0,0,0,1990,False,,,10.28,9.84
cyclone,Vanuatu,VUT,1993,4,5,5000,7000,12005,1.3029e+07,0,0,2.99264,6e+06,0,0,1990,False,0.0333195,1085.3,34.68,33
cyclone,Venezuela,VEN,1993,100,400,0,5500,5900,9.772e+06,0,0,0.00749532,4.5e+06,0,0,1990,False,1.69492,1656.27,45.36,41.74
cyclone,Vietnam,VNM,1993,206,52,26520,12185,38757,1.41146e+08,0,0,0.493136,6.5e+07,0,0,1990,False,0.531517,3641.82,53.29,49.08
cyclone,Australia,AUS,1994,27,94,2860000,320,2860414,1.64225e+08,0,0,0.0240047,7.76e+07,0,0,1990,False,0.000943919,57.413,51.32,48.18
cyclone,Austria,AUT,1994,0,0,0,0,0,4.233e+06,0,0,0.000986495,2e+06,0,0,1990,False,,,14.53,14.45
cyclone,Bangladesh,BGD,1994,205,4009,450000,205000,659009,2.69829e+08,0,0,0.377569,1.275e+08,0,0,1990,False,0.0311073,409.447,57.72,53.34
cyclone,Bhutan,BTN,1994,17,0,65000,0,65000,0,0,0,0,0,0,0,1990,False,0.0261538,,26.44,23.91
cyclone,Brazil,BRA,1994,0,0,0,1000,1000,1.48141e+08,4.4442e+07,0,0.013324,7e+07,2.1e+07,0,1990,False,,148141,27.25,26.76
cyclone,Canada,CAN,1994,0,4,1300,0,1304,6.349e+06,0,0,0.000517291,3e+06,0,0,1990,False,,4868.87,24.61,24.12
cyclone,China,CHN,1994,1486,3747,25445000,693000,26141747,4.5437e+09,0,0,0.378707,2.147e+09,0,0,1990,False,0.00568439,173.81,73.22,67.32
cyclone,Cuba,CUB,1994,2,0,67738,42820,110558,2.15795e+08,0,0,0.358432,1.01968e+08,0,0,1990,False,0.00180901,1951.87,38.32,36.84
cyclone,Germany,DEU,1994,11,0,0,0,0,2.21196e+09,1.3811e+09,0,0.0471813,1.0452e+09,6.526e+08,0,1990,False,,,30.33,28.59
cyclone,Haiti,HTI,1994,1122,0,1500000,87000,1587000,1.05815e+08,0,0,2.30673,5e+07,0,0,1990,False,0.0706994,66.6761,64.74,59.2
cyclone,India,IND,1994,219,100,428500,0,428600,4.0421e+07,0,0,0.00583607,1.91e+07,0,0,1990,False,0.0510966,94.3094,55.59,51.21
cyclone,Italy,ITA,1994,3,100,0,0,100,0,0,0,0,0,0,0,1990,False,3,,11.73,10.56
cyclone,Jamaica,JAM,1994,4,0,0,0,0,2.116e+06,0,0,0.01834,1e+06,0,0,1990,False,,,20.25,19.11
cyclone,Japan,JPN,1994,3,127,0,0,127,1.2698e+07,4.21356e+08,0,0.000117553,6e+06,1.991e+08,0,1990,False,2.3622,99984.3,27.63,26.35
cyclone,Madagascar,MDG,1994,212,51,500000,40000,540051,2.1586e+07,0,0,0.289589,1.02e+07,0,0,1990,False,0.0392556,39.9703,55.17,50.81
cyclone,Mauritius,MUS,1994,2,0,800,1500,2300,2.86547e+08,0,0,3.7548,1.354e+08,0,0,1990,False,0.0869565,124586,33.36,32.09
cyclone,Moldova,MDA,1994,3,80,0,25500,25580,0,0,0,0,0,0,0,1990,False,0.0117279,,19.22,17.73
cyclone,Mozambique,MOZ,1994,240,2000,2000000,500000,2502000,0,0,0,0,0,0,0,1990,False,0.00959233,,41.66,37.21
cyclone,Myanmar,MMR,1994,17,0,64970,0,64970,2.1163e+07,0,0,0.225619,1e+07,0,0,1990,False,0.0261659,325.735,42.5,39.88
cyclone,Netherlands,NLD,1994,0,0,0,0,0,4.233e+06,0,0,0.000526748,2e+06,0,0,1990,False,,,14.53,14.45
cyclone,Pakistan,PAK,1994,36,20,0,0,20,0,0,0,0,0,0,0,1990,False,180,,18.43,15.88
cyclone,Philippines,PHL,1994,248,188,1659258,331771,1991217,2.98003e+08,0,0,0.192474,1.40813e+08,0,0,1990,False,0.0124547,149.659,60.06,55.5
cyclone,Poland,POL,1994,1,0,0,0,0,2.116e+06,0,0,0.000902497,1e+06,0,0,1990,False,,,16.61,16.08
cyclone,Romania,ROU,1994,0,6,0,5400,5406,0,0,0,0,0,0,0,1990,False,,,11.62,11.13
cyclone,Russia,RUS,1994,12,0,62,0,62,1.39253e+08,0,0,0.016655,6.58e+07,0,0,1990,False,19.3548,2.24602e+06,33.62,31.6
cyclone,Saint Lucia,LCA,1994,4,0,600,150,750,0,0,0,0,0,0,0,1990,False,0.533333,,15.33,13.89
cyclone,Somalia,SOM,1994,30,0,0,0,0,0,0,0,0,0,0,0,1990,False,,,13.61,11.35
cyclone,South Africa,ZAF,1994,2,0,0,2000,2000,0,0,0,0,0,0,0,1990,False,0.1,,14.63,13.47
cyclone,South Korea,KOR,1994,28,2,0,86,88,23000,0,0,2.29558e-06,11000,0,0,1990,False,31.8182,261.364,28.98,26.45
cyclone,Spain,ESP,1994,12,0,0,0,0,0,0,0,0,0,0,0,1990,False,,,10.17,8.48
cyclone,Switzerland,CHE,1994,3,0,0,0,0,1.0582e+07,0,0,0.00163443,5e+06,0,0,1990,False,,,20.89,19.9
cyclone,Taiwan,TWN,1994,45,131,457,0,588,9.67149e+08,2.1163e+07,0,,4.57e+08,1e+07,0,1990,False,7.65306,1.64481e+06,43.5,40.51
cyclone,Tanzania,TZA,1994,4,0,0,2500,2500,0,0,0,0,0,0,0,1990,False,0.16,,16.96,15.45
cyclone,Thailand,THA,1994,19,0,15000,0,15000,4.2326e+07,0,0,0.0136348,2e+07,0,0,1990,False,0.126667,2821.73,41.59,38.98
cyclone,Turkey,TUR,1994,30,0,0,0,0,0,0,0,0,0,0,0,1990,False,,,13.61,11.35
cyclone,United States,USA,1994,165,450,20300,1000,21750,1.79886e+09,2.53491e+09,0,0.0116642,8.5e+08,1.1978e+09,0,1990,False,0.758621,82706.1,54.05,50.01
cyclone,Vietnam,VNM,1994,30,0,11000,0,11000,9.5234e+07,0,0,0.276304,4.5e+07,0,0,1990,False,0.272727,8657.64,43.68,40.8
cyclone,Antigua and Barbuda,ATG,1995,2,165,0,3537,3702,7.20493e+08,0,0,56.8134,3.5e+08,0,0,1990,False,0.0540249,194623,34.88,33.58
cyclone,Argentina,ARG,1995,6,0,6000,0,6000,0,0,0,0,0,0,0,1990,False,0.1,,19.48,17.7
cyclone,Australia,AUS,1995,8,69,431500,200,431769,4.7079e+08,0,0,0.0620245,2.287e+08,0,0,1990,False,0.00185284,1090.37,45.26,42.97
cyclone,Bahamas,BHS,1995,0,0,0,0,0,823000,0,0,0.0116652,400000,0,0,1990,False,,,12.97,12.9
cyclone,Bangladesh,BGD,1995,753,1570,2250000,122000,2373570,1.64684e+09,0,0,2.10861,8e+08,0,0,1990,False,0.0317244,693.824,66.31,61.01
cyclone,Belgium,BEL,1995,6,0,800,0,800,2.05855e+08,1.23513e+08,0,0.0347191,1e+08,6e+07,0,1990,False,0.75,257319,34.98,33.22
cyclone,Canada,CAN,1995,2,0,0,0,0,2.05855e+08,0,0,0.0165027,1e+08,0,0,1990,False,,,22.58,21.76
cyclone,China,CHN,1995,681,2998,6253000,312000,6567998,8.30708e+08,0,0,0.0546661,4.0354e+08,0,0,1990,False,0.0103685,126.478,66.64,61.34
cyclone,Costa Rica,CRI,1995,0,0,3262,4800,8062,1.2969e+07,0,0,0.0544108,6.3e+06,0,0,1990,False,,1608.66,27.75,27.15
cyclone,Cuba,CUB,1995,2,3,160,0,163,4.117e+06,0,0,0.0065725,2e+06,0,0,1990,False,1.22699,25257.7,25.75,24.66
cyclone,Djibouti,DJI,1995,0,0,775,0,775,0,0,0,0,0,0,0,1990,False,,,9,8.62
cyclone,Dominica,DMA,1995,2,1,0,5000,5001,4.01418e+08,0,1.33806e+08,71.0325,1.95e+08,0,6.5e+07,1990,False,0.039992,80267.5,34.73,33.42
cyclone,Dominican Republic,DOM,1995,11,30,300,2500,2830,0,0,0,0,0,0,0,1990,False,0.388693,,20.6,18.51
cyclone,France,FRA,1995,16,0,5000,0,5000,1.44099e+09,1.17337e+09,0,0.0438811,7e+08,5.7e+08,0,1990,False,0.32,288197,42.82,40.36
cyclone,Germany,DEU,1995,5,0,30000,0,30000,1.09021e+09,5.55192e+08,0,0.0204238,5.296e+08,2.697e+08,0,1990,False,0.0166667,36340.3,40.85,38.98
cyclone,Guadeloupe,GLP,1995,0,0,0,0,0,1.02928e+08,0,0,,5e+07,0,0,1990,False,,,17.56,17.47
cyclone,Honduras,HND,1995,18,22,0,0,22,0,0,0,0,0,0,0,1990,False,81.8182,,15.91,13.79
cyclone,India,IND,1995,222,0,12000,0,12000,9.9428e+07,0,0,0.0134062,4.83e+07,0,0,1990,False,1.85,8285.67,51.66,47.47
cyclone,Japan,JPN,1995,3,0,500,0,500,1.9762e+07,0,0,0.000170223,9.6e+06,0,0,1990,False,0.6,39524,29.89,28.54
cyclone,Kazakhstan,KAZ,1995,112,0,0,0,0,6.176e+06,0,0,0.0147244,3e+06,0,0,1990,False,,,33.63,30.43
cyclone,Laos,LAO,1995,26,0,0,1000000,1000000,0,0,0,0,0,0,0,1990,False,0.0026,,31.74,28.79
cyclone,Liberia,LBR,1995,0,0,0,2000,2000,0,0,0,0,0,0,0,1990,False,,,10.28,9.84
cyclone,Luxembourg,LUX,1995,0,0,0,0,0,2.0586e+07,0,0,0.0479545,1e+07,0,0,1990,False,,,16.03,15.95
cyclone,Martinique,MTQ,1995,0,0,0,0,0,3.29368e+08,0,0,,1.6e+08,0,0,1990,False,,,18.67,18.57
cyclone,Mexico,MEX,1995,170,0,20800,46000,66800,4.99137e+09,6.99907e+08,0,0.637815,2.4247e+09,3.4e+08,0,1990,False,0.254491,74721.1,56.66,52.53
cyclone,Montserrat,MSR,1995,0,0,0,0,0,4.1171e+07,0,0,,2e+07,0,0,1990,False,,,16.69,16.6
cyclone,Netherlands,NLD,1995,1,0,200000,0,200000,2.42909e+09,3.08783e+08,0,0.260504,1.18e+09,1.5e+08,0,1990,False,0.0005,12145.5,39.82,38.56
cyclone,Netherlands Antilles,ANT,1995,2,0,40000,0,40000,2.05855e+09,1.44099e+09,0,,1e+09,7e+08,0,1990,True,0.005,51463.8,39.1,37.66
cyclone,Nicaragua,NIC,1995,38,0,15085,0,15085,0,0,0,0,0,0,0,1990,False,0.251906,,27.53,24.57
cyclone,Philippines,PHL,1995,1249,2440,3168372,106000,3276812,6.53579e+08,0,0,0.375092,3.17494e+08,0,0,1990,False,0.0381163,199.456,67.87,62.22
cyclone,Puerto Rico,PRI,1995,1,0,98000,0,98000,6.17565e+08,3.08783e+08,0,0.703444,3e+08,1.5e+08,0,1990,False,0.00102041,6301.68,37.55,36.34
cyclone,Russia,RUS,1995,145,10,1350,1200,2560,9.0576e+07,0,0,0.0111241,4.4e+07,0,0,1990,False,5.66406,35381.2,47.81,43.99
cyclone,Saint Kitts and Nevis,KNA,1995,0,0,1800,0,1800,4.05535e+08,0,0,62.8419,1.97e+08,0,0,1990,False,,225297,29,28.47
cyclone,South Korea,KOR,1995,73,160,2400,2600,5160,1.16308e+09,0,0,0.0963693,5.65e+08,0,0,1990,False,1.41473,225403,48.49,45.06
cyclone,Thailand,THA,1995,27,0,0,0,0,0,0,0,0,0,0,0,1990,False,,,13.21,11.02
cyclone,United Kingdom,GBR,1995,9,0,0,0,0,1.33806e+09,9.88105e+08,0,0.0481805,6.5e+08,4.8e+08,0,1990,False,,,29.13,27.51
cyclone,United States,USA,1995,150,160,90000,2000,92160,2.80889e+10,1.44016e+10,0,0.178605,1.3645e+10,6.996e+09,0,1990,False,0.16276,304784,58.25,54.17
cyclone,United States Virgin Islands,VIR,1995,7,0,0,10000,10000,1.9268e+09,1.1322e+09,0,,9.36e+08,5.5e+08,0,1990,False,0.07,192680,41.05,39.04
cyclone,Vietnam,VNM,1995,16,51,23000,0,23051,4.3641e+07,0,0,0.102237,2.12e+07,0,0,1990,False,0.0694113,1893.24,41.56,39.03
cyclone,Australia,AUS,1996,7,76,621500,1230,622806,1.19902e+09,0,0,0.149151,5.99533e+08,0,0,1990,False,0.00112395,1925.2,46.18,43.94
cyclone,Bangladesh,BGD,1996,626,36091,82600,0,118691,0,0,0,0,0,0,0,1990,False,0.52742,,41.33,36.42
cyclone,British Virgin Islands,VGB,1996,0,3,0,0,3,4e+06,0,0,,2e+06,0,0,1990,False,,1.33333e+06,16.35,16.19
cyclone,Canada,CAN,1996,0,0,0,0,0,200000,0,0,1.58577e-05,100000,0,0,1990,False,,,11.62,11.56
cyclone,China,CHN,1996,637,5482,15302000,10000,15317482,3.97586e+09,0,0,0.228894,1.988e+09,0,0,1990,False,0.00415865,259.564,69.01,63.7
cyclone,Costa Rica,CRI,1996,54,0,716000,0,716000,3.99986e+08,0,0,1.71256,2e+08,0,0,1990,False,0.0075419,558.64,52.97,49.46
cyclone,Cuba,CUB,1996,0,0,269995,66681,336676,2.5999e+07,0,0,0.0519639,1.3e+07,0,0,1990,False,,77.2226,33.46,32.65
cyclone,Dominican Republic,DOM,1996,24,0,25000,0,25000,0,0,0,0,0,0,0,1990,False,0.096,,26.45,23.75
cyclone,El Salvador,SLV,1996,12,0,0,0,0,20000,0,0,0.000104315,10000,0,0,1990,False,,,19.6,17.86
cyclone,France,FRA,1996,1,0,0,0,0,20000,0,0,6.25434e-07,10000,0,0,1990,False,,,12.18,11.67
cyclone,Germany,DEU,1996,0,0,0,0,0,1e+06,0,0,1.99475e-05,500000,0,0,1990,False,,,13.15,13.08
cyclone,Guatemala,GTM,1996,0,0,0,0,0,1e+06,0,0,0.00318983,500000,0,0,1990,False,,,13.15,13.08
cyclone,Haiti,HTI,1996,66,0,0,115,115,200000,0,0,0.00343936,100000,0,0,1990,False,57.3913,1739.13,34.72,31.61
cyclone,Honduras,HND,1996,1,0,0,0,0,3e+06,0,0,0.0312576,1.5e+06,0,0,1990,False,,,16.95,16.41
cyclone,India,IND,1996,1537,0,9177100,0,9177100,3.00049e+09,0,0,0.381856,1.5003e+09,0,0,1990,False,0.0167482,326.954,71.54,65.68
cyclone,Iran,IRN,1996,9,85,0,0,85,2.6599e+07,0,0,0.0110462,1.33e+07,0,0,1990,False,10.5882,312929,31.43,29.57
cyclone,Ireland,IRL,1996,2,0,0,0,0,2e+06,0,0,0.00131942,1e+06,0,0,1990,False,,,18.17,17.37
cyclone,Jamaica,JAM,1996,0,0,0,800,800,6e+06,0,0,0.040574,3e+06,0,0,1990,False,,7500,23.9,23.44
cyclone,Japan,JPN,1996,6,74,5400,264,5738,0,0,0,0,0,0,0,1990,False,0.104566,,19.42,17.64
cyclone,Lesotho,LSO,1996,0,0,200,0,200,0,0,0,0,0,0,0,1990,False,,,7.17,6.87
cyclone,Madagascar,MDG,1996,9,0,100000,0,100000,0,0,0,0,0,0,0,1990,False,0.009,,24.69,22.52
cyclone,Malaysia,MYS,1996,270,26,1150,3000,4176,1.03996e+08,0,0,0.051559,5.2e+07,0,0,1990,False,6.46552,24903.3,51.05,46.8
cyclone,Martinique,MTQ,1996,0,0,0,0,0,20000,0,0,,10000,0,0,1990,False,,,9.43,9.38
cyclone,Mauritius,MUS,1996,3,0,0,0,0,0,0,0,0,0,0,0,1990,False,,,5.5,4.58
cyclone,Mexico,MEX,1996,16,80,1000,18750,19830,20000,0,0,2.31397e-06,10000,0,0,1990,False,0.0806858,1.00857,34.04,31.56
cyclone,Morocco,MAR,1996,14,0,0,0,0,0,0,0,0,0,0,0,1990,False,,,10.74,8.95
cyclone,Mozambique,MOZ,1996,11,0,200000,0,200000,2.8999e+07,0,2.7999e+07,0.359788,1.45e+07,0,1.4e+07,1990,False,0.0055,144.995,42.71,40.29
cyclone,Nepal,NPL,1996,20,19,0,0,19,0,0,0,0,0,0,0,1990,False,105.263,,16.12,13.94
cyclone,New Zealand,NZL,1996,1,0,2000,0,2000,0,0,0,0,0,0,0,1990,False,0.05,,13.02,12.13
cyclone,Nicaragua,NIC,1996,44,0,10724,0,10724,2.0199e+07,0,0,0.234428,1.01e+07,0,0,1990,False,0.410295,1883.53,43.65,40.53
cyclone,Philippines,PHL,1996,38,13,37615,0,37628,8.4297e+07,0,0,0.0445334,4.215e+07,0,0,1990,False,0.100989,2240.27,46.14,43.03
cyclone,Portugal,PRT,1996,0,0,60,0,60,1.31995e+08,0,0,0.0538204,6.6e+07,0,0,1990,False,,2.19992e+06,23.36,23.03
cyclone,Puerto Rico,PRI,1996,18,0,57315,0,57315,9.99965e+08,2.99989e+08,0,1.10276,5e+08,1.5e+08,0,1990,False,0.0314054,17446.8,46.21,43.54
cyclone,Taiwan,TWN,1996,65,0,0,0,0,2.59991e+09,2.29992e+08,0,,1.3e+09,1.15e+08,0,1990,False,,,37.25,34.38
cyclone,Thailand,THA,1996,9,0,343386,0,343386,2.99989e+08,0,0,0.0819514,1.5e+08,0,0,1990,False,0.00262096,873.62,44.94,42.6
cyclone,United Kingdom,GBR,1996,5,0,12000,0,12000,5.99979e+08,4.79983e+08,0,0.0210484,3e+08,2.4e+08,0,1990,False,0.0416667,49998.2,39.04,37.22
cyclone,United States,USA,1996,287,131,4000,0,4131,6.79976e+09,7.35974e+09,0,0.0421151,3.4e+09,3.68e+09,0,1990,False,6.94747,1.64603e+06,55.26,50.94
cyclone,Vietnam,VNM,1996,789,591,666500,0,667091,1.2e+09,0,0,2.43342,6.0002e+08,0,0,1990,False,0.118275,1798.85,64.48,59.22
cyclone,Bangladesh,BGD,1997,425,10664,2792738,1000000,3803402,0,0,0,0,0,0,0,1990,False,0.0111742,,44.49,39.63
cyclone,Belarus,BLR,1997,5,45,21045,300,21390,6.449e+07,0,2.93137e+08,0.233572,3.3e+07,0,1.5e+08,1990,False,0.0233754,3014.96,37.7,35.86
cyclone,Brazil,BRA,1997,3,76,600,0,676,0,0,0,0,0,0,0,1990,False,0.443787,,14.31,13.02
cyclone,Cambodia,KHM,1997,25,0,0,0,0,20000,0,0,0.00029041,10000,0,0,1990,False,,,22.34,20.15
cyclone,Canada,CAN,1997,1,0,0,0,0,1.9542e+07,0,0,0.00152675,1e+07,0,0,1990,False,,,18.73,18.19
cyclone,Chile,CHL,1997,4,0,2250,0,2250,0,0,0,0,0,0,0,1990,False,0.177778,,16.82,15.32
cyclone,China,CHN,1997,282,3699,6895000,374000,7272699,7.35715e+09,2.9314e+07,0,0.389014,3.7647e+09,1.5e+07,0,1990,False,0.00387752,1011.61,65.37,60.63
cyclone,Cook Islands,COK,1997,19,200,700,0,900,0,0,0,,0,0,0,1990,False,2.11111,,21.07,18.71
cyclone,Egypt,EGY,1997,18,60,0,0,60,1.954e+06,0,0,0.00127492,1e+06,0,0,1990,False,30,32566.7,31.02,28.77
cyclone,El Salvador,SLV,1997,4,0,0,2000,2000,0,0,0,0,0,0,0,1990,False,0.2,,16.66,15.16
cyclone,Fiji,FJI,1997,25,0,3500,0,3500,5.2765e+07,0,0,1.29173,2.7e+07,0,0,1990,False,0.714286,15075.7,40.88,38.17
cyclone,Guam,GUM,1997,0,20,1400,5000,6420,3.90849e+08,0,0,,2e+08,0,0,1990,False,,60879.9,30.69,30.08
cyclone,Hong Kong,HKG,1997,1,55,200,0,255,0,0,0,0,0,0,0,1990,False,0.392157,,10.24,9.47
cyclone,India,IND,1997,25,0,0,0,0,0,0,0,0,0,0,0,1990,False,,,12.92,10.77
cyclone,Italy,ITA,1997,22,0,0,0,0,0,0,0,0,0,0,0,1990,False,,,12.43,10.37
cyclone,Japan,JPN,1997,7,0,67000,0,67000,1.95425e+08,0,0,0.00218351,1e+08,0,0,1990,False,0.0104478,2916.79,41.44,39.34
cyclone,Madagascar,MDG,1997,174,0,520000,80000,600000,9.7712e+07,0,0,1.17289,5e+07,0,0,1990,False,0.029,162.853,55.98,51.72
cyclone,Malaysia,MYS,1997,2,0,2115,0,2115,1.954e+06,0,0,0.000999947,1e+06,0,0,1990,False,0.0945626,923.877,28.5,27.26
cyclone,Mexico,MEX,1997,242,200,754555,50000,804755,8.75111e+08,0,0,0.0855479,4.478e+08,0,0,1990,False,0.0300713,1087.43,59.76,55.26
cyclone,Mozambique,MOZ,1997,0,0,0,0,0,98000,0,0,0.00102592,50000,0,0,1990,False,,,10.94,10.88
cyclone,Netherlands,NLD,1997,2,40,60,0,100,0,0,0,0,0,0,0,1990,False,2,,10.59,9.61
cyclone,New Zealand,NZL,1997,3,0,140,0,140,0,0,0,0,0,0,0,1990,False,2.14286,,12.19,10.99
cyclone,North Korea,PRK,1997,0,0,0,0,0,20000,0,0,,10000,0,0,1990,False,,,9.43,9.38
cyclone,Pakistan,PAK,1997,41,0,0,0,0,0,0,0,0,0,0,0,1990,False,,,14.82,12.36
cyclone,Papua New Guinea,PNG,1997,32,0,0,7500,7500,0,0,0,0,0,0,0,1990,False,0.426667,,25.92,23.11
cyclone,Paraguay,PRY,1997,33,77,0,0,77,0,0,0,0,0,0,0,1990,False,42.8571,,19.87,17.3
cyclone,Peru,PER,1997,42,59,47346,0,47405,1.91437e+06,0,0,0.00168467,979591,0,0,1990,False,0.0885982,40.3832,43.24,40.07
cyclone,Philippines,PHL,1997,49,5,366765,0,366770,1.4657e+07,0,0,0.00796971,7.5e+06,0,0,1990,False,0.0133599,39.9624,48.54,45.15
cyclone,Portugal,PRT,1997,40,0,296,200,496,4.8856e+07,0,0,0.0213645,2.5e+07,0,0,1990,False,8.06452,98500,39.97,37.08
cyclone,Romania,ROU,1997,12,60,400,0,460,0,0,0,0,0,0,0,1990,False,2.6087,,18.46,16.42
cyclone,Spain,ESP,1997,21,0,350,0,350,9.771e+06,0,0,0.000847832,5e+06,0,0,1990,False,6,27917.1,35.5,33.05
cyclone,Taiwan,TWN,1997,44,78,0,0,78,9.7712e+07,5.8627e+07,0,,5e+07,3e+07,0,1990,False,56.4103,1.25272e+06,38.51,35.66
cyclone,Thailand,THA,1997,198,394,50000,0,50394,8.6964e+07,0,0,0.029631,4.45e+07,0,0,1990,False,0.392904,1725.68,53.03,48.83
cyclone,Tonga,TON,1997,0,0,0,3000,3000,0,0,0,0,0,0,0,1990,False,,,10.82,10.37
cyclone,Ukraine,UKR,1997,11,0,0,0,0,6.6444e+07,0,0,0.0677945,3.4e+07,0,0,1990,False,,,27,25.27
cyclone,United States,USA,1997,180,222,4670,0,4892,4.38142e+09,4.18697e+09,0,0.026138,2.242e+09,2.1425e+09,0,1990,False,3.67948,895629,53.23,49.21
cyclone,Uruguay,URY,1997,1,0,0,500,500,0,0,0,0,0,0,0,1990,False,0.2,,11.15,10.34
cyclone,Vietnam,VNM,1997,3692,907,697225,383045,1081177,9.38037e+08,9.771e+06,0,1.78813,4.8e+08,5e+06,0,1990,False,0.34148,867.607,71.01,64.71
cyclone,Antigua and Barbuda,ATG,1998,2,25,0,2000,2025,1.92437e+08,9.6219e+07,0,12.6616,1e+08,5e+07,0,1990,False,0.0987654,95030.6,32.81,31.55
cyclone,Argentina,ARG,1998,0,0,4000,0,4000,0,0,0,0,0,0,0,1990,False,,,11.21,10.74
cyclone,Bangladesh,BGD,1998,321,804,229440,0,230244,0,0,0,0,0,0,0,1990,False,0.139417,,39.58,35.08
cyclone,Belgium,BEL,1998,0,0,0,0,0,962000,0,0,0.000193402,500000,0,0,1990,False,,,13.12,13.04
cyclone,Belize,BLZ,1998,9,0,60000,0,60000,96000,0,0,0.00538186,50000,0,0,1990,False,0.015,1.6,34.92,32.72
cyclone,Canada,CAN,1998,28,0,2000,0,2000,2.88656e+09,1.82816e+09,0,0.236593,1.5e+09,9.5e+08,0,1990,False,1.4,1.44328e+06,44.36,41.6
cyclone,China,CHN,1998,96,1464,0,11000000,11001464,5.19966e+08,0,0,0.0260526,2.702e+08,0,0,1990,False,0.000872611,47.2633,59.16,55.12
cyclone,Costa Rica,CRI,1998,8,0,15000,1700,16700,1.75291e+08,0,0,0.665655,9.109e+07,0,0,1990,False,0.0479042,10496.5,39.93,37.83
cyclone,Cuba,CUB,1998,6,0,147000,0,147000,3.84875e+09,1.9244e+07,0,7.77112,2e+09,1e+07,0,1990,False,0.00408163,26182,44.81,42.74
cyclone,Dominican Republic,DOM,1998,347,595,855000,120000,975595,3.81315e+09,7.69749e+08,0,9.14304,1.9815e+09,4e+08,0,1990,False,0.035568,3908.53,62.85,58.09
cyclone,El Salvador,SLV,1998,475,0,84000,0,84000,7.46849e+08,0,0,3.54861,3.881e+08,0,0,1990,False,0.565476,8891.06,59.22,54.41
cyclone,France,FRA,1998,6,0,690,0,690,2.88656e+08,2.50169e+08,0,0.0100207,1.5e+08,1.3e+08,0,1990,False,0.869565,418342,35.1,33.34
cyclone,Germany,DEU,1998,3,15,0,0,15,2.88656e+08,1.73194e+08,0,0.00667331,1.5e+08,9e+07,0,1990,False,20,1.92437e+07,27.79,26.62
cyclone,Guadeloupe,GLP,1998,0,0,0,0,0,9.622e+06,0,0,,5e+06,0,0,1990,False,,,15.31,15.23
cyclone,Guatemala,GTM,1998,384,0,105700,0,105700,1.43943e+09,0,0,3.85657,7.48e+08,0,0,1990,False,0.363292,13618.1,59.31,54.63
cyclone,Haiti,HTI,1998,190,29,12000,0,12029,3.46387e+08,0,0,4.83364,1.8e+08,0,0,1990,False,1.57952,28796,52.24,48.15
cyclone,Honduras,HND,1998,14600,12000,2100000,0,2112000,7.3003e+09,2.88656e+08,0,61.5474,3.7936e+09,1.5e+08,0,1990,False,0.691288,3456.58,79.32,72.06
cyclone,India,IND,1998,3471,3393,4658000,0,4661393,9.21775e+08,4.17589e+08,0,0.113682,4.79e+08,2.17e+08,0,1990,False,0.0744627,197.747,72.73,66.38
cyclone,Ireland,IRL,1998,2,0,0,0,0,96000,0,0,5.54327e-05,50000,0,0,1990,False,,,15.28,14.49
cyclone,Japan,JPN,1998,41,864,49000,0,49864,6.41875e+09,1.19504e+08,0,0.0803665,3.3355e+09,6.21e+07,0,1990,False,0.0822236,128725,50.94,47.75
cyclone,Mexico,MEX,1998,255,0,5460,0,5460,1.924e+06,0,0,0.000179385,1e+06,0,0,1990,False,4.67033,352.381,47.39,43.18
cyclone,Netherlands,NLD,1998,0,0,0,0,0,192000,0,0,2.27992e-05,100000,0,0,1990,False,,,11.58,11.52
cyclone,Nicaragua,NIC,1998,3332,228,868000,0,868228,1.9007e+09,0,0,21.308,9.877e+08,0,0,1990,False,0.38377,2189.18,70.98,64.75
cyclone,Pakistan,PAK,1998,12,0,0,0,0,0,0,0,0,0,0,0,1990,False,,,10.17,8.48
cyclone,Panama,PAN,1998,3,0,7500,0,7500,96000,0,0,0.000453739,50000,0,0,1990,False,0.04,12.8,28.48,27
cyclone,Peru,PER,1998,476,671,532654,0,533325,2.15366e+07,0,0,0.0198561,1.10204e+07,0,0,1990,False,0.0892514,40.3818,58.35,53.45
cyclone,Philippines,PHL,1998,594,866,7322133,0,7322999,4.5307e+08,0,0,0.316055,2.35437e+08,0,0,1990,False,0.00811143,61.8695,65.67,60.46
cyclone,Puerto Rico,PRI,1998,0,0,0,0,0,3.36765e+09,0,0,3.23556,1.75e+09,0,0,1990,False,,,20.88,20.77
cyclone,Russia,RUS,1998,8,160,0,0,160,3.079e+08,0,0,0.0590503,1.6e+08,0,0,1990,False,5,1.92438e+06,34.19,32.35
cyclone,Saint Kitts and Nevis,KNA,1998,5,0,10000,0,10000,7.69749e+08,0,0,104.369,4e+08,0,0,1990,False,0.05,76974.9,39.03,37.22
cyclone,South Africa,ZAF,1998,18,160,0,0,160,3.17522e+08,0,0,0.107855,1.65e+08,0,0,1990,False,11.25,1.98451e+06,37.18,34.85
cyclone,South Korea,KOR,1998,100,3,2000,2376,4379,5.5333e+07,0,0,0.0072374,2.8754e+07,0,0,1990,False,2.28363,12636,46.6,43
cyclone,Spain,ESP,1998,0,0,0,0,0,1.924e+06,0,0,0.000161621,1e+06,0,0,1990,False,,,13.77,13.7
cyclone,Switzerland,CHE,1998,0,0,0,0,0,1.924e+06,0,0,0.000325831,1e+06,0,0,1990,False,,,13.77,13.7
cyclone,Taiwan,TWN,1998,13,0,400000,0,400000,2.48244e+08,0,0,,1.29e+08,0,0,1990,False,0.00325,620.61,46.3,43.73
cyclone,Tonga,TON,1998,0,0,3571,0,3571,0,0,0,0,0,0,0,1990,False,,,11.06,10.59
cyclone,United Kingdom,GBR,1998,35,0,256000,0,256000,2.62754e+09,1.25354e+09,0,0.0822123,1.3654e+09,6.514e+08,0,1990,False,0.0136719,10263.8,51.69,48.51
cyclone,United States,USA,1998,203,495,151547,1579,153621,2.37631e+10,1.31704e+10,0,0.136255,1.23485e+10,6.844e+09,0,1990,False,0.132143,154687,59.97,55.67
cyclone,United States Virgin Islands,VIR,1998,0,0,0,0,0,1.92437e+08,0,0,,1e+08,0,0,1990,False,,,18.16,18.06
cyclone,Vanuatu,VUT,1998,0,0,2400,0,2400,0,0,0,0,0,0,0,1990,False,,,10.52,10.08
cyclone,Vietnam,VNM,1998,368,92,2481635,43510,2525237,2.08218e+08,0,0,0.397654,1.082e+08,0,0,1990,False,0.0145729,82.4548,61.6,56.77
cyclone,Anguilla,AIA,1999,0,0,150,0,150,94000,0,0,,50000,0,0,1990,False,,626.667,17.68,17.34
cyclone,Antigua and Barbuda,ATG,1999,2,18,4500,1439,5957,0,0,0,0,0,0,0,1990,False,0.0335739,,16.11,14.89
cyclone,Australia,AUS,1999,7,25,10000,672,10697,4.136e+09,2.07149e+09,0,0.562652,2.1963e+09,1.1e+09,0,1990,False,0.0654389,386651,41.87,39.85
cyclone,Bahamas,BHS,1999,1,0,0,0,0,8.47426e+08,4.143e+07,0,5.85642,4.5e+08,2.2e+07,0,1990,False,,,22.32,21.76
cyclone,Bangladesh,BGD,1999,128,510,1000,100000,101510,0,0,0,0,0,0,0,1990,False,0.126096,,34.85,30.99
cyclone,Belgium,BEL,1999,2,5,900,0,905,9.5073e+07,1.8832e+07,0,0.0195496,5.0486e+07,1e+07,0,1990,False,0.220994,105053,31.05,29.84
cyclone,Bosnia and Herzegovina,BIH,1999,0,0,1000,90,1090,0,0,0,0,0,0,0,1990,False,,,9.46,9.06
cyclone,Bulgaria,BGR,1999,0,0,0,850,850,0,0,0,0,0,0,0,1990,False,,,9.12,8.74
cyclone,Burundi,BDI,1999,0,0,30810,0,30810,0,0,0,0,0,0,0,1990,False,,,13.97,13.38
cyclone,Canada,CAN,1999,7,0,4000,200,4200,188000,0,0,1.47403e-05,100000,0,0,1990,False,0.166667,44.7619,31.08,29.18
cyclone,China,CHN,1999,496,3860,1993800,183950,2181610,1.56246e+09,0,0,0.0751647,8.297e+08,0,0,1990,False,0.0227355,716.198,64.5,59.47
cyclone,Colombia,COL,1999,2,0,0,0,0,942000,0,0,0.00058014,500000,0,0,1990,False,,,17.45,16.66
cyclone,Cuba,CUB,1999,4,0,228067,26923,254990,0,0,0,0,0,0,0,1990,False,0.00156869,,23.21,21.44
cyclone,Denmark,DNK,1999,7,0,240,0,240,4.90554e+09,3.95466e+09,0,1.46437,2.60494e+09,2.1e+09,0,1990,False,2.91667,2.04398e+07,36.9,35.1
cyclone,Dominica,DMA,1999,0,0,400,315,715,0,0,0,0,0,0,0,1990,False,,,8.89,8.51
cyclone,Fiji,FJI,1999,12,0,0,1772,1772,6.591e+06,0,0,0.180742,3.5e+06,0,0,1990,False,0.677201,3719.53,35.23,33.03
cyclone,France,FRA,1999,122,31,3500000,0,3500031,2.2598e+10,8.3801e+09,4.61376e+09,0.80704,1.2e+10,4.45e+09,2.45e+09,1990,False,0.00348568,6456.52,62.14,57.99
cyclone,Germany,DEU,1999,18,0,0,0,0,3.29555e+09,1.41238e+09,0,0.079047,1.75e+09,7.5e+08,0,1990,False,,,32.54,30.49
cyclone,Grenada,GRD,1999,0,0,210,0,210,1.8832e+07,0,0,2.07465,1e+07,0,0,1990,False,,89676.2,23.18,22.79
cyclone,Guadeloupe,GLP,1999,4,49,400,450,899,0,0,0,,0,0,0,1990,False,0.444939,,15.58,14.13
cyclone,Hong Kong,HKG,1999,2,493,0,0,493,0,0,0,0,0,0,0,1990,False,0.40568,,12.74,11.66
cyclone,Hungary,HUN,1999,40,0,0,0,0,0,0,0,0,0,0,0,1990,False,,,14.72,12.28
cyclone,India,IND,1999,10378,4312,13165696,700000,13870008,5.63068e+09,1.88317e+08,0,0.65167,2.99e+09,1e+08,0,1990,False,0.0748233,405.961,80.27,73.13
cyclone,Ireland,IRL,1999,8,0,0,0,0,1.88317e+08,0,0,0.101118,1e+08,0,0,1990,False,,,26.85,25.31
cyclone,Japan,JPN,1999,26,438,20000,6900,27338,9.41585e+09,6.59109e+09,0,0.106633,5e+09,3.5e+09,0,1990,False,0.0951057,344423,48.74,45.87
cyclone,Latvia,LVA,1999,6,0,0,0,0,942000,0,0,0.00682669,500000,0,0,1990,False,,,20.81,19.46
cyclone,Lithuania,LTU,1999,2,0,0,0,0,942000,0,0,0.00453634,500000,0,0,1990,False,,,17.45,16.66
cyclone,Martinique,MTQ,1999,0,0,400,200,600,0,0,0,,0,0,0,1990,False,,,8.65,8.29
cyclone,Mauritania,MRT,1999,1,17,0,160,177,0,0,0,0,0,0,0,1990,False,0.564972,,9.75,9
cyclone,Mauritius,MUS,1999,0,1000,0,0,1000,0,0,0,0,0,0,0,1990,False,,,9.34,8.95
cyclone,Mexico,MEX,1999,9,0,2000,2000,4000,0,0,0,0,0,0,0,1990,False,0.225,,20.34,18.35
cyclone,Nigeria,NGA,1999,100,0,0,0,0,0,0,0,0,0,0,0,1990,False,,,18.3,15.26
cyclone,Pakistan,PAK,1999,258,221,315040,221090,536351,2.0594e+07,0,0,0.0173659,1.0936e+07,0,0,1990,False,0.0481028,38.3965,55.9,51.4
cyclone,Philippines,PHL,1999,100,56,1382143,5091,1387290,1.06376e+08,0,0,0.0659585,5.6487e+07,0,0,1990,False,0.0072083,76.679,55.01,51.07
cyclone,Poland,POL,1999,3,0,0,0,0,1.8832e+07,1.8832e+07,0,0.00585808,1e+07,1e+07,0,1990,False,,,21.44,20.44
cyclone,Puerto Rico,PRI,1999,1,0,0,0,0,2.82475e+08,1.1299e+08,0,0.259332,1.5e+08,6e+07,0,1990,False,,,21.27,20.72
cyclone,Russia,RUS,1999,12,0,0,0,0,0,0,0,0,0,0,0,1990,False,,,10.17,8.48
cyclone,Saint Kitts and Nevis,KNA,1999,0,0,1080,100,1180,7.7963e+07,0,0,10.1821,4.14e+07,0,0,1990,False,,66070.3,26.86,26.37
cyclone,Saint Lucia,LCA,1999,0,0,0,200,200,0,0,0,0,0,0,0,1990,False,,,7.17,6.87
cyclone,Saint Vincent and the Grenadines,VCT,1999,0,0,100,0,100,0,0,0,0,0,0,0,1990,False,,,6.24,5.98
cyclone,Senegal,SEN,1999,187,0,65853,30000,95853,0,0,0,0,0,0,0,1990,False,0.19509,,36.27,32.16
cyclone,Sierra Leone,SLE,1999,13,3,0,0,3,0,0,0,0,0,0,0,1990,False,433.333,,12.34,10.52
cyclone,South Africa,ZAF,1999,26,480,13000,5300,18780,4.7079e+07,0,0,0.0164998,2.5e+07,0,0,1990,False,0.138445,2506.87,43.19,40.37
cyclone,South Korea,KOR,1999,4,0,0,514,514,7.533e+06,0,0,0.000775649,4e+06,0,0,1990,False,0.77821,14655.6,29.9,28.4
cyclone,Spain,ESP,1999,6,0,0,0,0,9.69832e+08,4.5196e+07,0,0.0811797,5.15e+08,2.4e+07,0,1990,False,,,27.41,26.03
cyclone,Sweden,SWE,1999,3,0,0,0,0,3.01307e+08,2.2598e+08,0,0.0583264,1.6e+08,1.2e+08,0,1990,False,,,24.08,23.07
cyclone,Switzerland,CHE,1999,12,0,0,0,0,2.82475e+09,1.50654e+09,0,0.496835,1.5e+09,8e+08,0,1990,False,,,30.88,29.09
cyclone,Tajikistan,TJK,1999,0,0,0,1500,1500,377000,0,0,0.0184058,200000,0,0,1990,False,,251.333,22.11,21.63
cyclone,United Kingdom,GBR,1999,11,0,200,0,200,1.902e+08,0,0,0.00596412,1.01e+08,0,0,1990,False,5.5,951000,35.17,33.13
cyclone,United States,USA,1999,227,929,3050951,6990,3058870,2.37289e+10,1.0816e+10,1.17698e+08,0.13083,1.26005e+10,5.7435e+09,6.25e+07,1990,False,0.00742104,7757.4,64.46,59.91
cyclone,United States Virgin Islands,VIR,1999,3,0,0,0,0,3.3897e+08,1.97733e+08,0,,1.8e+08,1.05e+08,0,1990,False,,,24.19,23.18
cyclone,Uruguay,URY,1999,1,0,0,1000,1000,0,0,0,0,0,0,0,1990,False,0.1,,12.09,11.24
cyclone,Vanuatu,VUT,1999,32,0,0,0,0,0,0,0,0,0,0,0,1990,False,,,13.86,11.56
cyclone,Vietnam,VNM,1999,10,0,0,0,0,0,0,0,0,0,0,0,1990,False,,,9.51,7.93
cyclone,Argentina,ARG,2000,1,0,0,430,430,0,0,0,0,0,0,0,2000,False,0.232558,,10.95,10.15
cyclone,Australia,AUS,2000,1,0,1350,0,1350,2.73248e+08,1.8217e+07,0,0.0359797,1.5e+08,1e+07,0,2000,False,0.0740741,202406,30.99,30.02
cyclone,Austria,AUT,2000,0,0,0,0,0,3.6433e+07,0,0,0.0101946,2e+07,0,0,2000,False,,,16.57,16.49
cyclone,Bangladesh,BGD,2000,99,599,72500,73500,146599,0,0,0,0,0,0,0,2000,False,0.0675312,,34.34,30.63
cyclone,Belize,BLZ,2000,14,570,62000,0,62570,5.05436e+08,0,0,24.3784,2.7746e+08,0,0,2000,False,0.0223749,8077.93,44.74,42.23
cyclone,Canada,CAN,2000,11,140,0,700,840,2.3682e+07,1.8217e+07,0,0.0017455,1.3e+07,1e+07,0,2000,False,1.30952,28192.9,35.12,33.01
cyclone,China,CHN,2000,173,724,2464000,62165,2526889,4.74214e+08,0,0,0.0212723,2.60321e+08,0,0,2000,False,0.00684636,187.667,59.4,55.06
cyclone,El Salvador,SLV,2000,1,0,100,0,100,0,0,0,0,0,0,0,2000,False,1,,8.99,8.27
cyclone,France,FRA,2000,6,7,0,200,207,0,0,0,0,0,0,0,2000,False,2.89855,,14.93,13.34
cyclone,India,IND,2000,0,0,30000,0,30000,0,0,0,0,0,0,0,2000,False,,,13.94,13.35
cyclone,Iran,IRN,2000,3,0,0,5500,5500,0,0,0,0,0,0,0,2000,False,0.0545455,,17.14,15.74
cyclone,Ireland,IRL,2000,1,0,2800,0,2800,1.82165e+08,8.5618e+07,0,0.0997928,1e+08,4.7e+07,0,2000,False,0.0357143,65058.9,31.59,30.58
cyclone,Israel,ISR,2000,3,0,410,0,410,5.01e+06,0,0,0.00201598,2.75e+06,0,0,2000,False,0.731707,12219.5,28.32,26.98
cyclone,Japan,JPN,2000,13,141,192900,0,193041,3.73439e+09,2.80535e+09,0,0.0406554,2.05e+09,1.54e+09,0,2000,False,0.00673432,19345.1,47.9,45.35
cyclone,Jordan,JOR,2000,9,200,0,0,200,0,0,0,0,0,0,0,2000,False,4.5,,16.3,14.48
cyclone,Madagascar,MDG,2000,153,1,1106208,0,1106209,1.6395e+07,0,0,0.194416,9e+06,0,0,2000,False,0.013831,14.8209,54.6,50.4
cyclone,Malaysia,MYS,2000,0,0,500,0,500,0,0,0,0,0,0,0,2000,False,,,8.4,8.05
cyclone,Mexico,MEX,2000,31,0,30300,0,30300,1.822e+06,0,0,0.00013476,1e+06,0,0,2000,False,0.10231,60.132,41.41,38.47
cyclone,Moldova,MDA,2000,0,0,2600000,0,2600000,5.7564e+07,0,0,2.4526,3.16e+07,0,0,2000,False,,22.14,36.98,36.05
cyclone,Mongolia,MNG,2000,23,0,1071000,0,1071000,1.45732e+08,0,0,7.0367,8e+07,0,0,2000,False,0.00214753,136.071,49.26,46.28
cyclone,Mozambique,MOZ,2000,32,4,350,1050,1404,1.822e+06,0,0,0.0168615,1e+06,0,0,2000,False,2.2792,1297.72,37.38,34.59
cyclone,Nicaragua,NIC,2000,2,0,2510,0,2510,1.822e+06,0,0,0.0195711,1e+06,0,0,2000,False,0.0796813,725.896,28.66,27.42
cyclone,Nigeria,NGA,2000,0,0,0,1000,1000,0,0,0,0,0,0,0,2000,False,,,9.34,8.95
cyclone,North Korea,PRK,2000,46,180,480000,147000,627180,1.09299e+10,0,0,,6e+09,0,0,2000,False,0.00733442,17427.1,55.31,51.9
cyclone,Philippines,PHL,2000,394,355,6067076,120000,6187431,1.52042e+08,2.732e+06,0,0.099754,8.3464e+07,1.5e+06,0,2000,False,0.00636775,24.5727,62.78,57.85
cyclone,Portugal,PRT,2000,5,10,173,0,183,0,0,0,0,0,0,0,2000,False,2.73224,,14.15,12.68
cyclone,Reunion,REU,2000,2,0,0,600,600,0,0,0,,0,0,0,2000,False,0.333333,,13.01,11.92
cyclone,Romania,ROU,2000,14,0,0,300,300,0,0,0,0,0,0,0,2000,False,4.66667,,18.45,16.34
cyclone,Russia,RUS,2000,9,0,0,0,0,91000,0,0,1.92522e-05,50000,0,0,2000,False,,,20,18.42
cyclone,South Africa,ZAF,2000,1,100,0,200,300,0,0,0,0,0,0,0,2000,False,0.333333,,10.46,9.68
cyclone,South Korea,KOR,2000,33,0,0,711,711,1.49922e+08,0,0,0.0137744,8.23e+07,0,0,2000,False,4.64135,210861,40.78,37.99
cyclone,Sri Lanka,LKA,2000,5,0,375000,0,375000,0,0,0,0,0,0,0,2000,False,0.00133333,,24.45,22.54
cyclone,Taiwan,TWN,2000,103,102,0,2000,2102,5.19171e+08,1.14764e+08,0,,2.85e+08,6.3e+07,0,2000,False,4.9001,246989,47.86,44.26
cyclone,Thailand,THA,2000,2,0,41219,0,41219,0,0,0,0,0,0,0,2000,False,0.00485213,,18.72,17.39
cyclone,Uganda,UGA,2000,0,0,0,10000,10000,0,0,0,0,0,0,0,2000,False,,,12.45,11.93
cyclone,Ukraine,UKR,2000,10,710,47400,0,48110,2.18599e+08,0,0,0.370655,1.2e+08,0,0,2000,False,0.0207857,4543.73,42.36,40.07
cyclone,United Kingdom,GBR,2000,16,4,20100,0,20104,2.73248e+09,2.00382e+09,0,0.0897345,1.5e+09,1.1e+09,0,2000,False,0.0795862,135917,45.31,42.77
cyclone,United States,USA,2000,105,351,19218,3585,23154,3.38026e+09,1.71964e+09,0,0.0181017,1.8556e+09,9.44e+08,0,2000,False,0.453485,145990,52.96,49.21
cyclone,Uruguay,URY,2000,0,0,0,100,100,0,0,0,0,0,0,0,2000,False,,,6.24,5.98
cyclone,Vietnam,VNM,2000,23,169,2505,11860,14534,4.7427e+07,0,0,0.0835191,2.6035e+07,0,0,2000,False,0.15825,3263.18,42.38,39.65
cyclone,Argentina,ARG,2001,20,150,500,2000,2650,2.6574e+07,0,0,0.0055825,1.5e+07,0,0,2000,False,0.754717,10027.9,39,36.46
cyclone,Australia,AUS,2001,2,27,180,0,207,1.1692e+07,0,0,0.0017352,6.6e+06,0,0,2000,False,0.966184,56483.1,27.06,25.95
cyclone,Bahamas,BHS,2001,0,0,0,0,0,5.31476e+08,2.6574e+07,0,3.60671,3e+08,1.5e+07,0,2000,False,,,19.13,19.02
cyclone,Bangladesh,BGD,2001,238,2750,26000,0,28750,0,0,0,0,0,0,0,2000,False,0.827826,,35.59,31.4
cyclone,Belize,BLZ,2001,30,0,20000,0,20000,4.42897e+08,0,0,21.3302,2.5e+08,0,0,2000,False,0.15,22144.8,45.95,43.03
cyclone,Brazil,BRA,2001,13,0,0,3400,3400,0,0,0,0,0,0,0,2000,False,0.382353,,21.46,19.25
cyclone,Canada,CAN,2001,11,0,0,30,30,0,0,0,0,0,0,0,2000,False,36.6667,,14.49,12.66
cyclone,Cayman Islands,CYM,2001,0,0,0,0,0,1.06295e+08,7.0863e+07,0,,6e+07,4e+07,0,2000,False,,,17.59,17.5
cyclone,Central African Republic,CAF,2001,3,0,0,3000,3000,0,0,0,0,0,0,0,2000,False,0.1,,16.32,14.95
cyclone,Chile,CHL,2001,2,0,2000,400,2400,0,0,0,0,0,0,0,2000,False,0.0833333,,14.88,13.71
cyclone,China,CHN,2001,344,86690,20816148,263000,21165838,6.35468e+09,2.48022e+08,0,0.264716,3.587e+09,1.4e+08,0,2000,False,0.00162526,300.233,67.46,62.53
cyclone,Colombia,COL,2001,5,200,0,7500,7700,0,0,0,0,0,0,0,2000,False,0.0649351,,19.2,17.51
cyclone,Cook Islands,COK,2001,0,0,744,0,744,0,0,0,,0,0,0,2000,False,,,8.94,8.56
cyclone,Cuba,CUB,2001,5,12,5900000,0,5900012,1.77159e+08,3.5432e+07,0,0.315633,1e+08,2e+07,0,2000,False,8.47456e-05,30.0269,46.26,44.09
cyclone,Dominican Republic,DOM,2001,3,0,175,0,175,18000,0,0,3.90597e-05,10000,0,0,2000,False,1.71429,102.857,21.81,20.56
cyclone,France,FRA,2001,14,120,300,0,420,0,0,0,0,0,0,0,2000,False,3.33333,,18.9,16.78
cyclone,Georgia,GEO,2001,0,0,900,0,900,0,0,0,0,0,0,0,2000,False,,,9.2,8.81
cyclone,Guatemala,GTM,2001,8,11,6435,0,6446,177000,0,0,0.000543324,100000,0,0,2000,False,0.124108,27.4589,32.07,30.06
cyclone,Haiti,HTI,2001,0,0,0,0,0,35000,0,0,0.000315857,20000,0,0,2000,False,,,9.96,9.91
cyclone,Honduras,HND,2001,21,0,61051,25270,86321,8.858e+06,0,0,0.0653496,5e+06,0,0,2000,False,0.0243278,102.617,42.85,40.08
cyclone,India,IND,2001,99,0,25000,2000,27000,0,0,0,0,0,0,0,2000,False,0.366667,,32.05,28.44
cyclone,Jamaica,JAM,2001,1,0,0,200,200,9.83e+07,2.6574e+07,0,0.603465,5.5487e+07,1.5e+07,0,2000,False,0.5,491500,27.44,26.58
cyclone,Japan,JPN,2001,22,368,9508,12,9888,2.30306e+09,1.41727e+09,0,0.0292872,1.3e+09,8e+08,0,2000,False,0.222492,232915,45.39,42.69
cyclone,Lesotho,LSO,2001,1,1,1000,1000,2001,0,0,0,0,0,0,0,2000,False,0.049975,,13.03,12.13
cyclone,Mexico,MEX,2001,5,0,5600,800,6400,7.10407e+08,2.65738e+08,0,0.0503728,4.01e+08,1.5e+08,0,2000,False,0.078125,111001,38.35,36.57
cyclone,Mongolia,MNG,2001,16,0,175000,0,175000,0,0,0,0,0,0,0,2000,False,0.00914286,,27.55,25
cyclone,Nicaragua,NIC,2001,16,0,24866,0,24866,1.772e+06,0,0,0.0186855,1e+06,0,0,2000,False,0.0643449,71.262,38.61,36.1
cyclone,Pakistan,PAK,2001,4,0,0,500,500,0,0,0,0,0,0,0,2000,False,0.8,,14.78,13.37
cyclone,Philippines,PHL,2001,587,480,3349957,100000,3450437,1.75496e+08,0,0,0.125519,9.9061e+07,0,0,2000,False,0.0170123,50.862,63.7,58.55
cyclone,Russia,RUS,2001,8,28,12000,400,12428,3.0471e+07,0,0,0.00560988,1.72e+07,0,0,2000,False,0.0643708,2451.8,37.86,35.79
cyclone,Saint Helena,SHN,2001,0,0,300,0,300,0,0,0,,0,0,0,2000,False,,,7.72,7.39
cyclone,South Africa,ZAF,2001,14,40,0,600,640,0,0,0,0,0,0,0,2000,False,2.1875,,19.47,17.32
cyclone,South Korea,KOR,2001,11,300,0,0,300,5.1376e+08,0,0,0.0510955,2.9e+08,0,0,2000,False,3.66667,1.71253e+06,36.66,34.6
cyclone,Spain,ESP,2001,10,0,0,0,0,1.27554e+08,0,0,0.0114686,7.2e+07,0,0,2000,False,,,27.27,25.6
cyclone,Syria,SYR,2001,27,172,0,0,172,0,0,0,0,0,0,0,2000,False,15.6977,,20.18,17.69
cyclone,Taiwan,TWN,2001,194,333,650000,2000,652333,1.85131e+09,9.21225e+08,0,,1.045e+09,5.2e+08,0,2000,False,0.0297394,2837.98,59.32,54.97
cyclone,Tajikistan,TJK,2001,0,0,830,0,830,415000,0,0,0.0216512,234000,0,0,2000,False,,500,21.4,20.95
cyclone,Thailand,THA,2001,0,0,150,0,150,0,0,0,0,0,0,0,2000,False,,,6.78,6.5
cyclone,Tonga,TON,2001,0,0,16500,0,16500,9.0882e+07,0,0,28.3242,5.13e+07,0,0,2000,False,,5508,30.57,29.93
cyclone,United States,USA,2001,82,251,109404,71398,181053,1.1212e+10,6.55576e+09,0,0.0598076,6.3288e+09,3.7005e+09,0,2000,False,0.0452906,61926.7,55.91,52.2
cyclone,Vanuatu,VUT,2001,2,0,505,295,800,0,0,0,0,0,0,0,2000,False,0.25,,13.39,12.29
cyclone,Vietnam,VNM,2001,53,89,177450,23100,200639,1.47396e+08,0,0,0.254549,8.32e+07,0,0,2000,False,0.0264156,734.633,50.22,46.81
cyclone,Yemen,YEM,2001,30,0,0,0,0,0,0,0,0,0,0,0,2000,False,,,13.61,11.35
cyclone,Albania,ALB,2002,6,0,125000,0,125000,0,0,0,0,0,0,0,2000,False,0.0048,,23.58,21.63
cyclone,Argentina,ARG,2002,3,0,5000,0,5000,0,0,0,0,0,0,0,2000,False,0.06,,17.01,15.61
cyclone,Australia,AUS,2002,0,0,120,9,129,0,0,0,0,0,0,0,2000,False,,,6.58,6.3
cyclone,Austria,AUT,2002,3,0,300,0,300,8.72e+06,0,0,0.00234921,5e+06,0,0,2000,False,1,29066.7,28.42,27.1
cyclone,Bangladesh,BGD,2002,122,400,100000,1000,101400,0,0,0,0,0,0,0,2000,False,0.120316,,34.66,30.83
cyclone,Barbados,BRB,2002,0,0,0,2000,2000,349000,0,0,0.00643811,200000,0,0,2000,False,,174.5,22.43,21.93
cyclone,Belgium,BEL,2002,5,0,0,0,0,8.72e+06,0,0,0.00193511,5e+06,0,0,2000,False,,,22.32,21.06
cyclone,Bolivia,BOL,2002,20,0,12085,0,12085,0,0,0,0,0,0,0,2000,False,0.165494,,24.78,22.24
cyclone,Cayman Islands,CYM,2002,0,0,300,0,300,2.616e+06,0,0,,1.5e+06,0,0,2000,False,,8720,21.78,21.38
cyclone,China,CHN,2002,108,394,107402700,0,107403094,3.80177e+08,0,0,0.0146326,2.18e+08,0,0,2000,False,0.000100556,3.53972,62.41,58.16
cyclone,Cuba,CUB,2002,3,0,323970,0,323970,8.022e+07,3.488e+06,0,0.136943,4.6e+07,2e+06,0,2000,False,0.000926012,247.616,39.98,38.25
cyclone,Czechia,CZE,2002,2,0,0,0,0,3.4879e+07,1.7439e+07,0,0.0242108,2e+07,1e+07,0,2000,False,,,20.89,20.08
cyclone,Denmark,DNK,2002,1,0,0,0,0,0,0,0,0,0,0,0,2000,False,,,2.75,2.29
cyclone,El Salvador,SLV,2002,0,0,500,0,500,0,0,0,0,0,0,0,2000,False,,,8.4,8.05
cyclone,France,FRA,2002,5,3,250,0,253,1.744e+06,0,0,6.70049e-05,1e+06,0,0,2000,False,1.97628,6893.28,28.27,26.7
cyclone,Germany,DEU,2002,22,19,0,0,19,3.57505e+09,2.26711e+09,0,0.0975099,2.05e+09,1.3e+09,0,2000,False,115.789,1.88161e+08,37.42,35.07
cyclone,Greece,GRC,2002,2,12,0,0,12,0,0,0,0,0,0,0,2000,False,16.6667,,7.82,6.95
cyclone,Grenada,GRD,2002,0,0,70,5,75,0,0,0,0,0,0,0,2000,False,,,5.85,5.61
cyclone,Guam,GUM,2002,1,0,10044,5100,15144,2.26711e+08,0,0,3.83029,1.3e+08,0,0,2000,False,0.00660328,14970.4,34.08,32.97
cyclone,Guatemala,GTM,2002,2,0,1500,0,1500,174000,0,0,0.000489136,100000,0,0,2000,False,0.133333,116,25.73,24.53
cyclone,Haiti,HTI,2002,4,0,250,0,250,0,0,0,0,0,0,0,2000,False,1.6,,13.85,12.48
cyclone,India,IND,2002,144,250,10000,5000,15250,725000,0,0,8.07862e-05,416000,0,0,2000,False,0.944262,47.541,45.6,41.7
cyclone,Jamaica,JAM,2002,4,0,1500,0,1500,1.796e+06,0,0,0.0105978,1.03e+06,0,0,2000,False,0.266667,1197.33,29.98,28.43
cyclone,Japan,JPN,2002,7,255,100570,0,100825,4.4471e+07,0,0,0.000600573,2.55e+07,0,0,2000,False,0.00694272,441.071,40.58,38.47
cyclone,Lebanon,LBN,2002,0,0,500,0,500,0,0,0,0,0,0,0,2000,False,,,8.4,8.05
cyclone,Madagascar,MDG,2002,22,1200,521900,5000,528100,316000,0,0,0.0033821,181000,0,0,2000,False,0.00416588,0.598372,42.3,39.42
cyclone,Malaysia,MYS,2002,2,0,155,0,155,0,0,0,0,0,0,0,2000,False,1.29032,,11.18,10.17
cyclone,Mauritius,MUS,2002,3,50,0,1000,1050,8.7196e+07,0,0,1.01906,5e+07,0,0,2000,False,0.285714,83043.8,32.31,30.9
cyclone,Mexico,MEX,2002,16,230,509300,0,509530,1.4649e+09,4.883e+08,0,0.103618,8.4e+08,2.8e+08,0,2000,False,0.00314015,2875,49.09,46.37
cyclone,Micronesia (country),FSM,2002,47,148,1300,175,1623,872000,0,0,0.21039,500000,0,0,2000,False,2.89587,537.277,38.36,35.32
cyclone,Mongolia,MNG,2002,1,0,332500,0,332500,0,0,0,0,0,0,0,2000,False,0.000300752,,19.94,18.75
cyclone,Mozambique,MOZ,2002,3,17,0,4000,4017,0,0,0,0,0,0,0,2000,False,0.0746826,,16.71,15.33
cyclone,Netherlands,NLD,2002,4,0,0,0,0,5.23178e+08,3.48785e+08,0,0.0630875,3e+08,2e+08,0,2000,False,,,25.49,24.33
cyclone,Nicaragua,NIC,2002,2,0,300,0,300,1.744e+06,0,0,0.0191434,1e+06,0,0,2000,False,0.666667,5813.33,25.75,24.63
cyclone,Niger,NER,2002,4,3,1250,0,1253,0,0,0,0,0,0,0,2000,False,0.319234,,16.03,14.56
cyclone,North Korea,PRK,2002,3,0,7401,0,7401,872000,0,0,,500000,0,0,2000,False,0.0405351,117.822,30.56,29.07
cyclone,Northern Mariana Islands,MNP,2002,0,0,0,300,300,0,0,0,0,0,0,0,2000,False,,,7.72,7.39
cyclone,Pakistan,PAK,2002,14,12,0,0,12,0,0,0,0,0,0,0,2000,False,116.667,,14.2,12.27
cyclone,Paraguay,PRY,2002,0,0,0,12500,12500,0,0,0,0,0,0,0,2000,False,,,12.75,12.21
cyclone,Peru,PER,2002,59,0,86682,0,86682,0,0,0,0,0,0,0,2000,False,0.0680649,,31.6,28.26
cyclone,Philippines,PHL,2002,215,66,979128,3000,982194,2.3603e+07,0,0,0.0160532,1.3534e+07,0,0,2000,False,0.0218898,24.0309,56.12,51.71
cyclone,Poland,POL,2002,9,0,0,0,0,261000,0,0,7.51147e-05,150000,0,0,2000,False,,,21,19.42
cyclone,Reunion,REU,2002,0,300,0,2800,3100,8.7196e+07,0,0,,5e+07,0,0,2000,False,,28127.7,28.27,27.72
cyclone,Russia,RUS,2002,8,0,0,0,0,5.232e+06,0,0,0.000868381,3e+06,0,0,2000,False,,,23.44,21.91
cyclone,Saint Vincent and the Grenadines,VCT,2002,4,0,1000,0,1000,1.9183e+07,0,0,2.25519,1.1e+07,0,0,2000,False,0.4,19183,31.68,30.15
cyclone,Seychelles,SYC,2002,0,0,6800,0,6800,0,0,0,0,0,0,0,2000,False,,,11.93,11.43
cyclone,Solomon Islands,SLB,2002,0,10,0,1100,1110,0,0,0,0,0,0,0,2000,False,,,9.48,9.08
cyclone,South Africa,ZAF,2002,23,66,101150,0,101216,2.4487e+07,0,0,0.0108771,1.4041e+07,0,0,2000,False,0.0227237,241.928,44.38,41.54
cyclone,South Korea,KOR,2002,204,0,88625,0,88625,7.34193e+09,2.96468e+08,0,0.647678,4.21e+09,1.7e+08,0,2000,False,0.230183,82842.7,58.13,53.86
cyclone,Sudan,SDN,2002,33,0,0,0,0,0,0,0,0,0,0,0,2000,False,,,13.98,11.66
cyclone,Sweden,SWE,2002,1,0,0,0,0,0,0,0,0,0,0,0,2000,False,,,2.75,2.29
cyclone,Switzerland,CHE,2002,1,2,0,0,2,0,0,0,0,0,0,0,2000,False,50,,4.23,3.71
cyclone,Taiwan,TWN,2002,1,0,0,0,0,87000,0,0,,50000,0,0,2000,False,,,13.58,13.06
cyclone,Thailand,THA,2002,1,100,27000,3104,30204,3.488e+06,0,0,0.00148919,2e+06,0,0,2000,False,0.00331082,115.481,31.04,29.91
cyclone,Turkey,TUR,2002,10,0,0,0,0,0,0,0,0,0,0,0,2000,False,,,9.51,7.93
cyclone,Uganda,UGA,2002,0,0,0,100,100,0,0,0,0,0,0,0,2000,False,,,6.24,5.98
cyclone,United Kingdom,GBR,2002,14,0,0,0,0,6.97658e+08,4.35982e+08,0,0.0223425,4.0005e+08,2.5e+08,0,2000,False,,,30.12,28.23
cyclone,United States,USA,2002,190,317,18150,432,18899,1.09431e+10,7.76571e+09,0,0.0574155,6.275e+09,4.453e+09,0,2000,False,1.00534,579033,56.14,52
cyclone,Uruguay,URY,2002,2,0,1300,200,1500,4.3598e+07,0,0,0.183735,2.5e+07,0,0,2000,False,0.133333,29065.3,30.99,29.76
cyclone,Vietnam,VNM,2002,0,0,1800,0,1800,174000,0,0,0.000285192,100000,0,0,2000,False,,96.6667,21.62,21.13
cyclone,Algeria,DZA,2003,13,0,0,0,0,0,0,0,0,0,0,0,2000,False,,,10.46,8.72
cyclone,Argentina,ARG,2003,12,0,900,0,900,0,0,0,0,0,0,0,2000,False,1.33333,,19.37,17.29
cyclone,Australia,AUS,2003,1,0,2040,30,2070,1.58585e+08,1.27891e+08,0,0.0198499,9.3e+07,7.5e+07,0,2000,False,0.0483092,76611.1,31.05,30.06
cyclone,Bangladesh,BGD,2003,51,400,0,0,400,0,0,0,0,0,0,0,2000,False,12.75,,23.77,20.82
cyclone,Bermuda,BMU,2003,4,0,0,0,0,5.11565e+08,2.13152e+08,0,7.16585,3e+08,1.25e+08,0,2000,False,,,25.47,24.31
cyclone,Canada,CAN,2003,2,0,200,0,200,1.87574e+08,0,0,0.0122831,1.1e+08,0,0,2000,False,1,937870,29.66,28.54
cyclone,China,CHN,2003,61,1282,9410000,68925,9480207,9.17301e+08,0,0,0.0319459,5.37938e+08,0,0,2000,False,0.000643446,96.7596,57.73,53.99
cyclone,Comoros,COM,2003,0,0,0,300,300,0,0,0,0,0,0,0,2000,False,,,7.72,7.39
cyclone,Cyprus,CYP,2003,0,30,0,0,30,1.7052e+07,1.0231e+07,0,0.0687411,1e+07,6e+06,0,2000,False,,568400,20.49,20.21
cyclone,Democratic Republic of Congo,COD,2003,28,2573,0,20000,22573,0,0,0,0,0,0,0,2000,False,0.124042,,26.9,24.11
cyclone,Dominican Republic,DOM,2003,8,0,10000,0,10000,0,0,0,0,0,0,0,2000,False,0.08,,21.16,19.19
cyclone,Fiji,FJI,2003,17,0,30000,0,30000,5.1157e+07,0,0,1.30407,3e+07,0,0,2000,False,0.0566667,1705.23,42.29,39.71
cyclone,France,FRA,2003,6,70,0,0,70,85000,0,0,2.72465e-06,50000,0,0,2000,False,8.57143,1214.29,24.28,22.7
cyclone,Gambia,GMB,2003,3,19,8000,0,8019,0,0,0,0,0,0,0,2000,False,0.0374111,,17.65,16.22
cyclone,Germany,DEU,2003,15,0,0,0,0,5.11565e+08,1.70522e+08,0,0.0118356,3e+08,1e+08,0,2000,False,,,30.08,28.15
cyclone,Haiti,HTI,2003,26,5,0,150,155,0,0,0,0,0,0,0,2000,False,16.7742,,19.89,17.43
cyclone,Hong Kong,HKG,2003,4,33,3500,0,3533,0,0,0,0,0,0,0,2000,False,0.113218,,17.43,15.9
cyclone,India,IND,2003,164,4564,294905,231845,531314,7.5029e+07,0,0,0.00724041,4.4e+07,0,0,2000,False,0.0308669,141.214,55.33,51.12
cyclone,Japan,JPN,2003,21,173,2230,0,2403,1.79048e+08,8.0145e+07,0,0.00229588,1.05e+08,4.7e+07,0,2000,False,0.873908,74510.2,40.87,38.29
cyclone,Madagascar,MDG,2003,89,86,114641,48023,162750,0,0,0,0,0,0,0,2000,False,0.0546851,,34.06,30.41
cyclone,Mexico,MEX,2003,4,0,9000,0,9000,1.70522e+08,0,0,0.0130625,1e+08,0,0,2000,False,0.0444444,18946.9,36.73,35.06
cyclone,Micronesia (country),FSM,2003,0,0,0,1000,1000,0,0,0,0,0,0,0,2000,False,,,9.34,8.95
cyclone,Mongolia,MNG,2003,2,0,332500,0,332500,0,0,0,0,0,0,0,2000,False,0.000601504,,21.54,20.1
cyclone,Mozambique,MOZ,2003,11,10,23000,0,23010,0,0,0,0,0,0,0,2000,False,0.0478053,,23.43,21.22
cyclone,New Caledonia,NCL,2003,2,100,0,1000,1100,6.8209e+07,0,0,0.813777,4e+07,0,0,2000,False,0.181818,62008.2,31,29.78
cyclone,New Zealand,NZL,2003,2,0,0,0,0,5.116e+06,0,0,0.0033994,3e+06,0,0,2000,False,,,19.06,18.26
cyclone,Oman,OMN,2003,30,0,0,0,0,1.705e+06,512000,0,0.00404307,1e+06,300000,0,2000,False,,,27.27,24.94
cyclone,Pakistan,PAK,2003,51,57,0,2500,2557,0,0,0,0,0,0,0,2000,False,1.99452,,26.27,23.22
cyclone,Philippines,PHL,2003,95,21,383037,83203,466261,6.0197e+07,0,0,0.0405588,3.5302e+07,0,0,2000,False,0.0203749,129.106,52.79,48.95
cyclone,Puerto Rico,PRI,2003,0,0,0,100,100,0,0,0,0,0,0,0,2000,False,,,6.24,5.98
cyclone,Solomon Islands,SLB,2003,0,0,275,150,425,0,0,0,0,0,0,0,2000,False,,,8.19,7.84
cyclone,South Africa,ZAF,2003,0,0,0,600,600,0,0,0,0,0,0,0,2000,False,,,8.65,8.29
cyclone,South Korea,KOR,2003,130,0,65000,15000,80000,7.67348e+09,8.5943e+08,0,0.617694,4.5e+09,5.04e+08,0,2000,False,0.1625,95918.5,56.26,52.29
cyclone,Switzerland,CHE,2003,1,7,0,0,7,8.526e+06,0,0,0.00136402,5e+06,0,0,2000,False,14.2857,1.218e+06,20.75,20.09
cyclone,Taiwan,TWN,2003,3,0,0,0,0,0,0,0,,0,0,0,2000,False,,,5.5,4.58
cyclone,Thailand,THA,2003,0,0,5000,0,5000,0,0,0,0,0,0,0,2000,False,,,11.51,11.03
cyclone,United States,USA,2003,172,421,227995,15231,243647,2.58255e+10,1.10958e+10,0,0.132196,1.5145e+10,6.507e+09,0,2000,False,0.0705939,105996,60.02,55.8
cyclone,Vietnam,VNM,2003,0,18,0,5000,5018,0,0,0,0,0,0,0,2000,False,,,11.52,11.03
cyclone,Zimbabwe,ZWE,2003,8,0,0,0,0,0,0,0,0,0,0,0,2000,False,,,8.71,7.26
cyclone,American Samoa,ASM,2004,0,60,20000,3000,23060,2.49113e+08,0,0,29.4695,1.5e+08,0,0,2000,False,,10802.8,31.99,31.31
cyclone,Australia,AUS,2004,3,0,645,0,645,9.9646e+07,4.9823e+07,0,0.00974591,6e+07,3e+07,0,2000,False,0.465116,154490,31.78,30.4
cyclone,Bahamas,BHS,2004,12,0,9000,0,9000,2.57417e+09,3.81974e+08,0,17.1171,1.55e+09,2.3e+08,0,2000,False,0.133333,286019,43.11,40.79
cyclone,Bangladesh,BGD,2004,239,3150,1050,14000,18200,0,0,0,0,0,0,0,2000,False,1.31319,,34.99,30.82
cyclone,Barbados,BRB,2004,1,0,0,880,880,8.304e+06,0,0,0.145159,5e+06,0,0,2000,False,0.113636,9436.36,27.08,26.16
cyclone,Brazil,BRA,2004,4,60,150000,0,150060,5.81264e+08,4.982e+06,0,0.0522943,3.5e+08,3e+06,0,2000,False,0.0026656,3873.54,41.71,39.86
cyclone,Burundi,BDI,2004,0,0,0,15500,15500,0,0,0,0,0,0,0,2000,False,,,13.04,12.49
cyclone,Canada,CAN,2004,0,0,0,0,0,1.66075e+08,0,0,0.00974003,1e+08,0,0,2000,False,,,18.02,17.92
cyclone,Cayman Islands,CYM,2004,2,0,0,0,0,5.70483e+09,2.49113e+09,0,,3.43508e+09,1.5e+09,0,2000,False,,,25.74,24.9
cyclone,China,CHN,2004,249,8353,9230000,553512,9791865,3.68352e+09,0,0,0.111782,2.21798e+09,0,0,2000,False,0.00254293,376.182,64.62,59.95
cyclone,Cuba,CUB,2004,4,5,205745,41500,247250,1.99291e+09,0,0,3.14111,1.2e+09,0,0,2000,False,0.0016178,8060.29,43.55,41.68
cyclone,Cyprus,CYP,2004,0,10,0,0,10,0,0,0,0,0,0,0,2000,False,,,3.24,3.1
cyclone,Dominican Republic,DOM,2004,15,9,14250,0,14259,4.93244e+08,0,0,1.3305,2.97e+08,0,0,2000,False,0.105197,34591.8,42.98,40.5
cyclone,Egypt,EGY,2004,13,42,0,0,42,0,0,0,0,0,0,0,2000,False,30.9524,,15.55,13.59
cyclone,Fiji,FJI,2004,16,0,5000,0,5000,6.643e+06,0,0,0.147706,4e+06,0,0,2000,False,0.32,1328.6,37.7,35.27
cyclone,France,FRA,2004,11,0,0,0,0,0,0,0,0,0,0,0,2000,False,,,9.85,8.22
cyclone,Gambia,GMB,2004,2,112,6025,0,6137,0,0,0,0,0,0,0,2000,False,0.0325892,,16.15,14.93
cyclone,Germany,DEU,2004,2,0,0,0,0,2.15898e+08,1.66075e+08,0,0.0045577,1.3e+08,1e+08,0,2000,False,,,22.62,21.8
cyclone,Greece,GRC,2004,0,0,0,0,0,5.64657e+08,0,0,0.144693,3.4e+08,0,0,2000,False,,,19.18,19.08
cyclone,Grenada,GRD,2004,39,700,60000,53000,113700,1.47641e+09,0,0,148.385,8.89e+08,0,0,2000,False,0.0343008,12985.1,50.46,47.26
cyclone,Guam,GUM,2004,1,0,300,0,300,1.661e+06,0,0,0.0258465,1e+06,0,0,2000,False,0.333333,5536.67,24.1,23.24
cyclone,Haiti,HTI,2004,2757,2620,302926,16548,322094,8.4699e+07,0,0,0.837801,5.1e+07,0,0,2000,False,0.855961,262.964,65.93,59.9
cyclone,Indonesia,IDN,2004,4,0,3715,0,3715,0,0,0,0,0,0,0,2000,False,0.107672,,17.49,15.96
cyclone,Iran,IRN,2004,0,0,2500,0,2500,399000,0,0,0.000127826,240000,0,0,2000,False,,159.6,22.86,22.34
cyclone,Ireland,IRL,2004,0,0,200,0,200,0,0,0,0,0,0,0,2000,False,,,7.17,6.87
cyclone,Italy,ITA,2004,2,0,200,0,200,0,0,0,0,0,0,0,2000,False,1,,11.52,10.5
cyclone,Jamaica,JAM,2004,16,6,350120,0,350126,1.48638e+09,3.32151e+08,0,8.79636,8.95e+08,2e+08,0,2000,False,0.00456978,4245.26,48.6,45.89
cyclone,Japan,JPN,2004,199,1483,329556,0,331039,2.51496e+10,1.20255e+10,0,0.306456,1.51435e+10,7.241e+09,0,2000,False,0.0601138,75971.8,60.99,56.65
cyclone,Madagascar,MDG,2004,395,979,773000,258450,1032429,4.15189e+08,0,0,4.93609,2.5e+08,0,0,2000,False,0.0382593,402.148,61.32,56.49
cyclone,Malaysia,MYS,2004,1,0,41000,0,41000,0,0,0,0,0,0,0,2000,False,0.00243902,,17.11,16.04
cyclone,Micronesia (country),FSM,2004,1,8,6000,0,6008,0,0,0,0,0,0,0,2000,False,0.0166445,,14.51,13.56
cyclone,Myanmar,MMR,2004,236,0,0,25000,25000,1.143e+06,0,0,0.00651062,688000,0,0,2000,False,0.944,45.72,48.65,44.4
cyclone,Nicaragua,NIC,2004,0,0,200,0,200,0,0,0,0,0,0,0,2000,False,,,7.17,6.87
cyclone,Niue,NIU,2004,1,2,200,500,702,6.643e+07,0,0,,4e+07,0,0,2000,False,0.14245,94629.6,28.76,27.83
cyclone,Northern Mariana Islands,MNP,2004,3,0,200,0,200,0,0,0,0,0,0,0,2000,False,1.5,,12.67,11.45
cyclone,Philippines,PHL,2004,1861,1315,3232763,7200,3241278,2.30625e+08,0,0,0.146173,1.38867e+08,0,0,2000,False,0.0574156,71.1525,68.45,62.54
cyclone,Puerto Rico,PRI,2004,2,0,3500,0,3500,1.66075e+08,4.9823e+07,0,0.124498,1e+08,3e+07,0,2000,False,0.0571429,47450,33.41,32.12
cyclone,Romania,ROU,2004,12,0,2400,0,2400,0,0,0,0,0,0,0,2000,False,0.5,,20.69,18.56
cyclone,Russia,RUS,2004,9,62,6000,0,6062,9.965e+06,0,0,0.0010152,6e+06,0,0,2000,False,0.148466,1643.85,36.24,34.15
cyclone,Saint Lucia,LCA,2004,0,0,0,0,0,830000,0,0,0.046875,500000,0,0,2000,False,,,12.97,12.9
cyclone,Saint Vincent and the Grenadines,VCT,2004,0,4,1000,0,1004,6.643e+07,0,0,7.27405,4e+07,0,0,2000,False,,66165.3,26.49,26.01
cyclone,Samoa,WSM,2004,1,0,0,0,0,0,0,0,0,0,0,0,2000,False,,,2.75,2.29
cyclone,Senegal,SEN,2004,2,0,0,1000,1000,0,0,0,0,0,0,0,2000,False,0.2,,13.7,12.58
cyclone,Slovakia,SVK,2004,2,24,10300,0,10324,6.36567e+08,0,0,0.89221,3.833e+08,0,0,2000,False,0.0193723,61659,36.15,34.79
cyclone,South Korea,KOR,2004,14,0,0,2922,2922,1.36348e+09,0,0,0.0997266,8.21e+08,0,0,2000,False,0.479124,466626,41.55,39.2
cyclone,Syria,SYR,2004,5,180,0,0,180,0,0,0,0,0,0,0,2000,False,2.77778,,14.13,12.65
cyclone,Taiwan,TWN,2004,79,108,8765,0,8873,6.77107e+08,0,0,,4.0771e+08,0,0,2000,False,0.890341,76310.9,49.02,45.51
cyclone,Thailand,THA,2004,14,0,9000,50,9050,0,0,0,0,0,0,0,2000,False,0.154696,,23.05,20.75
cyclone,Trinidad and Tobago,TTO,2004,1,0,560,0,560,1.661e+06,0,0,0.00752995,1e+06,0,0,2000,False,0.178571,2966.07,24.94,24.05
cyclone,Turkey,TUR,2004,25,136,1500,0,1636,0,0,0,0,0,0,0,2000,False,1.52812,,22.92,20.35
cyclone,Turks and Caicos Islands,TCA,2004,0,0,200,0,200,0,0,0,0,0,0,0,2000,False,,,7.17,6.87
cyclone,United States,USA,2004,215,57,5078900,753,5079710,9.17148e+10,5.18363e+10,0,0.452025,5.52248e+10,3.12125e+10,0,2000,False,0.00423253,18055.1,66.21,61.66
cyclone,Vanuatu,VUT,2004,2,8,54000,0,54008,0,0,0,0,0,0,0,2000,False,0.00370316,,19.09,17.74
cyclone,Venezuela,VEN,2004,5,5,1645,80,1730,0,0,0,0,0,0,0,2000,False,0.289017,,17.18,15.58
cyclone,Vietnam,VNM,2004,70,5,500900,0,500905,4.9822e+07,0,0,0.0660388,3e+07,0,0,2000,False,0.0139747,99.464,51.51,47.87
cyclone,Afghanistan,AFG,2005,260,0,22656,0,22656,8.031e+06,0,0,0.0806028,5e+06,0,0,2000,False,1.1476,354.476,50.75,46.44
cyclone,Albania,ALB,2005,2,0,400000,0,400000,0,0,0,0,0,0,0,2000,False,0.0005,,21.79,20.33
cyclone,Algeria,DZA,2005,10,5,0,0,5,0,0,0,0,0,0,0,2000,False,200,,11.93,10.25
cyclone,Argentina,ARG,2005,11,52,0,200,252,0,0,0,0,0,0,0,2000,False,4.36508,,17.33,15.38
cyclone,Australia,AUS,2005,1,0,1200,0,1200,6.7463e+07,0,0,0.00602746,4.2e+07,0,0,2000,False,0.0833333,56219.2,29.5,28.54
cyclone,Bahamas,BHS,2005,1,0,1500,0,1500,0,0,0,0,0,0,0,2000,False,0.0666667,,12.64,11.76
cyclone,Bangladesh,BGD,2005,177,2106,12000,21500,35606,0,0,0,0,0,0,0,2000,False,0.497107,,34.71,30.7
cyclone,Belize,BLZ,2005,3,0,0,0,0,0,0,0,0,0,0,0,2000,False,,,5.5,4.58
cyclone,Bosnia and Herzegovina,BIH,2005,4,0,0,0,0,0,0,0,0,0,0,0,2000,False,,,6.38,5.32
cyclone,Brazil,BRA,2005,2,4,0,340,344,0,0,0,0,0,0,0,2000,False,0.581395,,12.26,11.2
cyclone,Canada,CAN,2005,0,0,300,0,300,0,0,0,0,0,0,0,2000,False,,,7.72,7.39
cyclone,Chile,CHL,2005,45,0,112,0,112,0,0,0,0,0,0,0,2000,False,40.1786,,21.57,18.78
cyclone,China,CHN,2005,426,2831,40767000,13000,40782831,1.15039e+10,3.98352e+08,0,0.309029,7.16192e+09,2.48e+08,0,2000,False,0.00104456,282.077,69.76,64.65
cyclone,Colombia,COL,2005,0,0,3074,0,3074,0,0,0,0,0,0,0,2000,False,,,10.86,10.4
cyclone,Cook Islands,COK,2005,0,8,600,0,608,0,0,0,,0,0,0,2000,False,,,8.67,8.3
cyclone,Costa Rica,CRI,2005,1,0,1074,0,1074,3.2125e+07,0,0,0.0997972,2e+07,0,0,2000,False,0.0931099,29911.5,28.64,27.7
cyclone,Croatia,HRV,2005,2,0,0,0,0,0,0,0,0,0,0,0,2000,False,,,4.36,3.63
cyclone,Cuba,CUB,2005,20,0,2600000,0,2600000,3.37314e+09,8.031e+06,0,4.92451,2.1e+09,5e+06,0,2000,False,0.000769231,1297.36,52.92,49.96
cyclone,Czechia,CZE,2005,0,3,0,0,3,0,0,0,0,0,0,0,2000,False,,,1.87,1.8
cyclone,Democratic Republic of Congo,COD,2005,8,3,0,5386,5389,0,0,0,0,0,0,0,2000,False,0.148451,,20.33,18.39
cyclone,Denmark,DNK,2005,4,0,0,0,0,2.08814e+09,1.44563e+09,0,0.490288,1.3e+09,9e+08,0,2000,False,,,26.81,25.64
cyclone,Dominican Republic,DOM,2005,9,0,1000,0,1000,0,0,0,0,0,0,0,2000,False,0.9,,18.47,16.56
cyclone,El Salvador,SLV,2005,69,0,72141,0,72141,5.71346e+08,0,0,2.42006,3.557e+08,0,0,2000,False,0.095646,7919.85,51.16,47.62
cyclone,Estonia,EST,2005,1,0,100,0,100,2.08814e+08,4.1763e+07,0,0.921366,1.3e+08,2.6e+07,0,2000,False,1,2.08814e+06,27.22,26.41
cyclone,Eswatini,SWZ,2005,0,0,890,260,1150,0,0,0,0,0,0,0,2000,False,,,9.53,9.13
cyclone,Germany,DEU,2005,2,2,0,0,2,4.3369e+08,3.21252e+08,0,0.0093316,2.7e+08,2e+08,0,2000,False,100,2.16845e+08,24.77,23.89
cyclone,Grenada,GRD,2005,1,0,0,0,0,7.2121e+07,0,0,6.45527,4.49e+07,0,0,2000,False,,,19.97,19.42
cyclone,Guatemala,GTM,2005,1513,386,474928,0,475314,1.58746e+09,0,0,3.68997,9.883e+08,0,0,2000,False,0.318316,3339.82,66.87,61.19
cyclone,Haiti,HTI,2005,71,53,27740,185,27978,8.1116e+07,0,0,0.718335,5.05e+07,0,0,2000,False,0.253771,2899.28,48.13,44.64
cyclone,Honduras,HND,2005,53,0,103869,0,103869,1.85523e+08,0,0,1.18376,1.155e+08,0,0,2000,False,0.0510258,1786.12,49.55,46.17
cyclone,Hungary,HUN,2005,4,0,0,0,0,0,0,0,0,0,0,0,2000,False,,,6.38,5.32
cyclone,India,IND,2005,82,90,11000,57500,68590,0,0,0,0,0,0,0,2000,False,0.119551,,32.57,29.03
cyclone,Iran,IRN,2005,0,0,8000,0,8000,0,0,0,0,0,0,0,2000,False,,,12.15,11.64
cyclone,Jamaica,JAM,2005,6,0,10396,0,10396,5.5416e+07,0,0,0.306834,3.45e+07,0,0,2000,False,0.0577145,5330.51,37.19,35.29
cyclone,Japan,JPN,2005,117,973,271568,0,272541,1.6498e+09,8.83442e+08,0,0.0210661,1.02711e+09,5.5e+08,0,2000,False,0.0429293,6053.4,56.04,52.07
cyclone,Latvia,LVA,2005,0,0,0,0,0,5.22034e+08,6.425e+07,0,1.99302,3.25e+08,4e+07,0,2000,False,,,19.11,19.01
cyclone,Lithuania,LTU,2005,0,0,0,0,0,4.8188e+07,9.638e+06,0,0.11492,3e+07,6e+06,0,2000,False,,,16.84,16.75
cyclone,Madagascar,MDG,2005,78,8,0,7977,7985,0,0,0,0,0,0,0,2000,False,0.976832,,29.47,26.08
cyclone,Malawi,MWI,2005,11,8,0,0,8,0,0,0,0,0,0,0,2000,False,137.5,,12.82,11.06
cyclone,Mexico,MEX,2005,47,0,2669571,300000,2969571,1.27055e+10,3.29283e+09,0,0.862058,7.91e+09,2.05e+09,0,2000,False,0.00158272,4278.57,57.64,54.13
cyclone,Morocco,MAR,2005,1,0,0,0,0,80000,0,0,7.26188e-05,50000,0,0,2000,False,,,13.5,12.98
cyclone,Netherlands,NLD,2005,0,1,0,0,1,0,0,0,0,0,0,0,2000,False,,,0.94,0.9
cyclone,New Zealand,NZL,2005,0,0,100,0,100,1.6063e+07,0,0,0.00871687,1e+07,0,0,2000,False,,160630,22.03,21.69
cyclone,Nicaragua,NIC,2005,7,0,7880,5763,13643,0,0,0,0,0,0,0,2000,False,0.0513084,,21.12,19.2
cyclone,North Macedonia,MKD,2005,1,3,0,0,3,0,0,0,0,0,0,0,2000,False,33.3333,,4.62,4.09
cyclone,Norway,NOR,2005,0,0,0,0,0,2.08814e+08,6.425e+07,0,0.0417446,1.3e+08,4e+07,0,2000,False,,,18.24,18.14
cyclone,Pakistan,PAK,2005,58,0,0,0,0,0,0,0,0,0,0,0,2000,False,,,16.16,13.48
cyclone,Philippines,PHL,2005,34,0,20011,0,20011,3.213e+06,0,0,0.00186185,2e+06,0,0,2000,False,0.169907,160.562,41.75,38.76
cyclone,Poland,POL,2005,1,0,0,0,0,0,0,0,0,0,0,0,2000,False,,,2.75,2.29
cyclone,Romania,ROU,2005,3,0,0,0,0,0,0,0,0,0,0,0,2000,False,,,5.5,4.58
cyclone,Russia,RUS,2005,0,2,0,0,2,0,0,0,0,0,0,0,2000,False,,,1.49,1.42
cyclone,Saint Vincent and the Grenadines,VCT,2005,0,0,530,0,530,0,0,0,0,0,0,0,2000,False,,,8.48,8.12
cyclone,Samoa,WSM,2005,9,0,0,0,0,0,0,0,0,0,0,0,2000,False,,,9.13,7.61
cyclone,Serbia and Montenegro,OWID_SRM,2005,0,0,8750,0,8750,0,0,0,,0,0,0,2000,True,,,12.27,11.75
cyclone,South Korea,KOR,2005,11,0,1100,0,1100,2.65835e+08,0,0,0.0170313,1.655e+08,0,0,2000,False,1,241668,37.79,35.65
cyclone,Spain,ESP,2005,19,0,0,0,0,6.02347e+08,0,0,0.0324769,3.75e+08,0,0,2000,False,,,31.12,29.05
cyclone,Sweden,SWE,2005,9,0,0,0,0,4.49752e+09,1.04407e+09,0,0.714854,2.8e+09,6.5e+08,0,2000,False,,,30.29,28.66
cyclone,Taiwan,TWN,2005,17,139,1500,0,1639,3.83896e+08,1.20469e+08,0,,2.39e+08,7.5e+07,0,2000,False,1.03722,234226,40.28,37.86
cyclone,Thailand,THA,2005,10,0,3500,0,3500,3.252e+07,0,0,0.0106942,2.0246e+07,0,0,2000,False,0.285714,9291.43,37.01,34.87
cyclone,Tokelau,TKL,2005,0,1,0,25,26,0,0,0,,0,0,0,2000,False,,,4.46,4.27
cyclone,Turkey,TUR,2005,2,0,0,0,0,0,0,0,0,0,0,0,2000,False,,,4.36,3.63
cyclone,United Kingdom,GBR,2005,10,0,3000,0,3000,1.12438e+09,8.43285e+08,0,0.0274363,7e+08,5.25e+08,0,2000,False,0.333333,374794,40.17,38.03
cyclone,United States,USA,2005,1882,8,830165,132,830305,2.54158e+11,1.33263e+11,0,1.21349,1.5823e+11,8.2965e+10,0,2000,False,0.226664,306102,73.32,67.44
cyclone,Uruguay,URY,2005,7,12,0,0,12,0,0,0,0,0,0,0,2000,False,58.3333,,11.71,10.2
cyclone,Vietnam,VNM,2005,116,28,367632,0,367660,4.01966e+08,0,0,0.434211,2.5025e+08,0,0,2000,False,0.0315509,1093.31,55.06,51.1
cyclone,Afghanistan,AFG,2006,71,0,0,0,0,0,0,0,0,0,0,0,2000,False,,,16.95,14.14
cyclone,Australia,AUS,2006,0,30,2000,7000,9030,1.83982e+09,5.2128e+08,0,0.157709,1.18235e+09,3.35e+08,0,2000,False,,203745,32.62,31.99
cyclone,Bangladesh,BGD,2006,154,1264,14485,2400,18149,0,0,0,0,0,0,0,2000,False,0.848532,,33.25,29.37
cyclone,Burundi,BDI,2006,0,5,0,1500,1505,0,0,0,0,0,0,0,2000,False,,,9.89,9.47
cyclone,China,CHN,2006,1500,6420,55223000,108400,55337820,1.22291e+10,0,0,0.281533,7.859e+09,0,0,2000,False,0.00271062,220.99,75.21,69.26
cyclone,Cuba,CUB,2006,0,8,260,0,268,0,0,0,0,0,0,0,2000,False,,,7.56,7.24
cyclone,Democratic Republic of Congo,COD,2006,3,66,75000,0,75066,0,0,0,0,0,0,0,2000,False,0.00399648,,20.67,19.12
cyclone,East Timor,TLS,2006,0,0,8730,0,8730,0,0,0,0,0,0,0,2000,False,,,12.27,11.75
cyclone,Eswatini,SWZ,2006,1,0,6535,0,6535,0,0,0,0,0,0,0,2000,False,0.0153022,,14.62,13.67
cyclone,Fiji,FJI,2006,0,0,168,0,168,0,0,0,0,0,0,0,2000,False,,,6.94,6.64
cyclone,France,FRA,2006,5,2,600,0,602,0,0,0,0,0,0,0,2000,False,0.830565,,15.76,14.21
cyclone,Germany,DEU,2006,11,300,0,0,300,0,0,0,0,0,0,0,2000,False,3.66667,,17.57,15.6
cyclone,Greece,GRC,2006,3,0,600,0,600,0,0,0,0,0,0,0,2000,False,0.5,,14.15,12.87
cyclone,Haiti,HTI,2006,5,0,15000,0,15000,0,0,0,0,0,0,0,2000,False,0.0333333,,20.1,18.37
cyclone,Hungary,HUN,2006,5,300,0,0,300,1.5561e+07,7.78e+06,0,0.00865021,1e+07,5e+06,0,2000,False,1.66667,51870,30.58,28.99
cyclone,India,IND,2006,190,300,0,150000,150300,0,0,0,0,0,0,0,2000,False,0.126414,,36.94,32.8
cyclone,Italy,ITA,2006,1,0,0,0,0,0,0,0,0,0,0,0,2000,False,,,2.75,2.29
cyclone,Japan,JPN,2006,38,896,12409,99,13404,3.89962e+09,1.62608e+09,0,0.0539127,2.50589e+09,1.045e+09,0,2000,False,0.283497,290929,48.39,45.33
cyclone,Kyrgyzstan,KGZ,2006,4,0,9075,0,9075,0,0,0,0,0,0,0,2000,False,0.0440771,,18.7,17.12
cyclone,Madagascar,MDG,2006,4,0,6112,404,6516,0,0,0,0,0,0,0,2000,False,0.0613874,,18.25,16.69
cyclone,Mexico,MEX,2006,15,0,270700,0,270700,4.201e+06,0,0,0.000264637,2.7e+06,0,0,2000,False,0.00554119,15.519,42.42,39.8
cyclone,Myanmar,MMR,2006,34,31,60075,0,60106,0,0,0,0,0,0,0,2000,False,0.0565667,,28.97,26
cyclone,Philippines,PHL,2006,1805,2659,7819149,0,7821808,5.14933e+08,0,0,0.259235,3.30921e+08,0,0,2000,False,0.0230765,65.833,70.28,64.34
cyclone,Switzerland,CHE,2006,1,0,0,0,0,0,0,0,0,0,0,0,2000,False,,,2.75,2.29
cyclone,Taiwan,TWN,2006,3,0,800,0,800,0,0,0,,0,0,0,2000,False,0.375,,14.53,13.24
cyclone,United States,USA,2006,93,258,5405,0,5663,7.35684e+09,6.0663e+09,0,0.0342212,4.72786e+09,3.8985e+09,0,2000,False,1.64224,1.29911e+06,51.32,47.72
cyclone,Vietnam,VNM,2006,401,1890,2944720,350680,3297290,1.69611e+09,0,0,1.64227,1.09e+09,0,0,2000,False,0.0121615,514.394,64.29,59.38
cyclone,Australia,AUS,2007,2,0,730,90,820,1.5129e+08,0,0,0.011674,1e+08,0,0,2000,False,0.243902,184500,31.36,30.16
cyclone,Austria,AUT,2007,0,0,0,0,0,6.05161e+08,3.93355e+08,0,0.103423,4e+08,2.6e+08,0,2000,False,,,19.25,19.15
cyclone,Bahamas,BHS,2007,1,0,7000,0,7000,0,0,0,0,0,0,0,2000,False,0.0142857,,14.72,13.76
cyclone,Bangladesh,BGD,2007,4275,55282,8923259,225,8978766,3.47968e+09,0,0,2.88902,2.3e+09,0,0,2000,False,0.0476123,387.545,75.7,69.17
cyclone,Belarus,BLR,2007,0,0,0,0,0,1.5129e+07,0,0,0.0220869,1e+07,0,0,2000,False,,,15.74,15.65
cyclone,Belgium,BEL,2007,2,2,0,0,2,6.80806e+08,4.23613e+08,0,0.0955572,4.5e+08,2.8e+08,0,2000,False,100,3.40403e+08,25.2,24.31
cyclone,Belize,BLZ,2007,0,0,20000,0,20000,2.2462e+07,0,0,0.870184,1.4847e+07,0,0,2000,False,,1123.1,29.5,28.85
cyclone,Canada,CAN,2007,6,0,0,0,0,0,0,0,0,0,0,0,2000,False,,,7.71,6.43
cyclone,Chad,TCD,2007,14,145,0,0,145,0,0,0,0,0,0,0,2000,False,9.65517,,17.47,15.41
cyclone,China,CHN,2007,95,299,9000000,4855,9005154,3.99337e+09,0,0,0.0732381,2.63954e+09,0,0,2000,False,0.00105495,443.454,60.79,56.76
cyclone,Cuba,CUB,2007,1,0,192488,0,192488,7.56451e+08,0,0,0.92144,5e+08,0,0,2000,False,0.000519513,3929.86,38.66,37.4
cyclone,Czechia,CZE,2007,4,0,0,0,0,2.26935e+08,5.2952e+07,0,0.0789305,1.5e+08,3.5e+07,0,2000,False,,,24.7,23.54
cyclone,Denmark,DNK,2007,0,0,0,0,0,1.5129e+08,0,0,0.0312292,1e+08,0,0,2000,False,,,17.93,17.83
cyclone,Dominica,DMA,2007,2,30,7500,0,7530,3.0258e+07,1.5129e+07,0,4.49756,2e+07,1e+07,0,2000,False,0.0265604,4018.33,32.82,31.5
cyclone,Dominican Republic,DOM,2007,163,0,142933,0,142933,2.4615e+08,4.5387e+07,0,0.370063,1.627e+08,3e+07,0,2000,False,0.114039,1722.14,54.66,50.53
cyclone,El Salvador,SLV,2007,0,0,2800,0,2800,0,0,0,0,0,0,0,2000,False,,,10.73,10.28
cyclone,Fiji,FJI,2007,1,0,69,0,69,986000,0,0,0.0192996,652000,0,0,2000,False,1.44928,14289.9,21.63,20.86
cyclone,France,FRA,2007,5,0,900,0,900,3.78226e+08,1.96677e+08,0,0.0094133,2.5e+08,1.3e+08,0,2000,False,0.555556,420251,35.1,33.43
cyclone,Germany,DEU,2007,18,130,0,0,130,8.32096e+09,4.72026e+09,0,0.157862,5.5e+09,3.12e+09,0,2000,False,13.8462,6.40074e+07,40.01,37.68
cyclone,Guadeloupe,GLP,2007,0,0,0,0,0,4.53871e+08,1.89113e+08,0,,3e+08,1.25e+08,0,2000,False,,,18.98,18.87
cyclone,Guatemala,GTM,2007,0,0,3905,0,3905,0,0,0,0,0,0,0,2000,False,,,11.18,10.71
cyclone,Haiti,HTI,2007,102,141,114680,260,115081,0,0,0,0,0,0,0,2000,False,0.0886332,,34.13,30.41
cyclone,Honduras,HND,2007,1,0,19500,0,19500,9.953e+06,0,0,0.0532227,6.579e+06,0,0,2000,False,0.00512821,510.41,31.44,30.34
cyclone,Iran,IRN,2007,12,9,185000,0,185009,0,0,0,0,0,0,0,2000,False,0.00648617,,26.56,24.18
cyclone,Ireland,IRL,2007,7,0,0,0,0,0,0,0,0,0,0,0,2000,False,,,8.24,6.87
cyclone,Jamaica,JAM,2007,5,0,32000,1188,33188,4.53871e+08,2.26935e+08,0,2.34382,3e+08,1.5e+08,0,2000,False,0.0150657,13675.8,40.15,38.28
cyclone,Japan,JPN,2007,13,94,40900,0,40994,1.60368e+09,1.1604e+09,0,0.0229206,1.06e+09,7.67e+08,0,2000,False,0.031712,39119.8,45,42.55
cyclone,Liberia,LBR,2007,0,0,0,3500,3500,0,0,0,0,0,0,0,2000,False,,,11.03,10.57
cyclone,Madagascar,MDG,2007,81,16,210495,12000,222511,3.63097e+08,0,0,2.81537,2.4e+08,0,0,2000,False,0.0364027,1631.82,52.88,49.17
cyclone,Martinique,MTQ,2007,1,6,0,0,6,4.53871e+08,1.89113e+08,0,,3e+08,1.25e+08,0,2000,False,16.6667,7.56452e+07,24.35,23.69
cyclone,Mauritius,MUS,2007,2,0,0,0,0,0,0,0,0,0,0,0,2000,False,,,4.36,3.63
cyclone,Mexico,MEX,2007,20,0,173000,30000,203000,9.07742e+08,7.18629e+08,0,0.0544289,6e+08,4.75e+08,0,2000,False,0.00985222,4471.64,48.23,45.42
cyclone,Mozambique,MOZ,2007,10,70,162700,0,162770,0,0,0,0,0,0,0,2000,False,0.00614364,,25.73,23.47
cyclone,Netherlands,NLD,2007,7,0,0,0,0,8.32096e+08,6.42984e+08,0,0.0644406,5.5e+08,4.25e+08,0,2000,False,,,27.8,26.32
cyclone,New Zealand,NZL,2007,0,0,300,0,300,0,0,0,0,0,0,0,2000,False,,,7.72,7.39
cyclone,Nicaragua,NIC,2007,177,0,188726,0,188726,0,0,0,0,0,0,0,2000,False,0.0937868,,36.97,32.86
cyclone,North Korea,PRK,2007,0,0,0,1649,1649,0,0,0,,0,0,0,2000,False,,,10.02,9.59
cyclone,Oman,OMN,2007,76,0,20000,0,20000,5.90032e+09,9.83387e+08,0,8.07447,3.9e+09,6.5e+08,0,2000,False,0.38,295016,52.03,48.49
cyclone,Pakistan,PAK,2007,242,0,1650000,0,1650000,2.4509e+09,0,0,0.879761,1.62e+09,0,0,2000,False,0.0146667,1485.4,61.71,57.17
cyclone,Papua New Guinea,PNG,2007,172,0,162140,0,162140,0,0,2.76861e+08,0,0,0,1.83e+08,2000,False,0.106081,,36.65,32.57
cyclone,Philippines,PHL,2007,78,24,1909770,0,1909794,1.5061e+07,0,0,0.00638221,9.955e+06,0,0,2000,False,0.00408421,7.88619,52.61,48.82
cyclone,Poland,POL,2007,19,0,0,0,0,1.5129e+08,0,0,0.0232712,1e+08,0,0,2000,False,,,29.81,27.74
cyclone,Puerto Rico,PRI,2007,1,0,0,0,0,0,0,0,0,0,0,0,2000,False,,,2.75,2.29
cyclone,Reunion,REU,2007,2,90,0,0,90,0,0,0,,0,0,0,2000,False,2.22222,,10.45,9.47
cyclone,Saint Lucia,LCA,2007,1,0,0,0,0,6.0516e+07,3.0258e+07,0,2.99381,4e+07,2e+07,0,2000,False,,,19.81,19.26
cyclone,Slovenia,SVN,2007,6,0,0,1050,1050,5.93058e+08,0,0,0.818709,3.92e+08,0,0,2000,False,0.571429,564817,36.35,34.57
cyclone,South Korea,KOR,2007,20,2,0,600,602,1.05903e+08,0,0,0.00573342,7e+07,0,0,2000,False,3.32226,175919,38.31,35.85
cyclone,Spain,ESP,2007,1,0,0,0,0,0,0,0,0,0,0,0,2000,False,,,2.75,2.29
cyclone,Switzerland,CHE,2007,0,0,0,0,0,1.5129e+08,0,0,0.0200403,1e+08,0,0,2000,False,,,17.93,17.83
cyclone,Taiwan,TWN,2007,18,79,1000,1800,2879,9.0775e+07,0,0,,6e+07,0,0,2000,False,0.625217,31530,39.89,37.4
cyclone,Ukraine,UKR,2007,0,17,6268,1267,7552,1.5129e+08,0,0,0.0672342,1e+08,0,0,2000,False,,20033.1,30,29.4
cyclone,United Kingdom,GBR,2007,12,0,0,0,0,1.81548e+09,1.01364e+09,0,0.0386511,1.2e+09,6.7e+08,0,2000,False,,,30.46,28.67
cyclone,United States,USA,2007,264,417,7700,200,8317,9.18029e+09,5.5463e+09,0,0.0419228,6.068e+09,3.666e+09,0,2000,False,3.17422,1.1038e+06,56.16,51.86
cyclone,Vietnam,VNM,2007,96,150,637755,47525,685430,2.88964e+08,0,0,0.246724,1.91e+08,0,0,2000,False,0.0140058,421.581,54.85,50.97
cyclone,Zimbabwe,ZWE,2007,0,0,0,0,0,1.815e+06,0,0,0.022664,1.2e+06,0,0,2000,False,,,13.72,13.65
cyclone,Antigua and Barbuda,ATG,2008,0,0,25800,0,25800,0,0,0,0,0,0,0,2000,False,,,13.73,13.15
cyclone,Australia,AUS,2008,1,0,12000,0,12000,6.55636e+08,5.53648e+08,0,0.0425151,4.5e+08,3.8e+08,0,2000,False,0.00833333,54636.3,34.77,33.68
cyclone,Austria,AUT,2008,4,0,0,0,0,7.28484e+08,0,0,0.116486,5e+08,0,0,2000,False,,,25.81,24.64
cyclone,Bahamas,BHS,2008,0,0,3000,0,3000,0,0,0,0,0,0,0,2000,False,,,10.82,10.37
cyclone,Bangladesh,BGD,2008,27,400,0,0,400,0,0,0,0,0,0,0,2000,False,6.75,,21.31,18.78
cyclone,Belize,BLZ,2008,7,0,10000,0,10000,0,0,0,0,0,0,0,2000,False,0.07,,20.7,18.8
cyclone,Bolivia,BOL,2008,0,0,6655,0,6655,0,0,0,0,0,0,0,2000,False,,,11.9,11.4
cyclone,Brazil,BRA,2008,3,0,0,1600,1600,0,0,0,0,0,0,0,2000,False,0.1875,,15.47,14.14
cyclone,China,CHN,2008,66,106,1649000,0,1649106,2.93579e+09,0,0,0.0431723,2.015e+09,0,0,2000,False,0.00400217,1780.23,56.78,53.08
cyclone,Costa Rica,CRI,2008,4,0,55000,0,55000,0,0,0,0,0,0,0,2000,False,0.00727273,,21.14,19.45
cyclone,Cuba,CUB,2008,7,19,499445,0,499464,5.20429e+09,0,0,6.34434,3.572e+09,0,0,2000,False,0.0014015,10419.7,47.28,45.05
cyclone,Czechia,CZE,2008,2,0,0,0,0,7.2848e+07,8.742e+06,0,0.0211411,5e+07,6e+06,0,2000,False,,,21.59,20.77
cyclone,Democratic Republic of Congo,COD,2008,10,8,0,0,8,0,0,0,0,0,0,0,2000,False,125,,12.48,10.77
cyclone,Dominican Republic,DOM,2008,13,2,17000,0,17002,0,0,0,0,0,0,0,2000,False,0.0764616,,23.63,21.34
cyclone,Fiji,FJI,2008,7,0,0,0,0,4.3709e+07,0,0,0.851502,3e+07,0,0,2000,False,,,24.99,23.53
cyclone,France,FRA,2008,3,6,2100,600,2706,1.16557e+08,8.7418e+07,0,0.00273336,8e+07,6e+07,0,2000,False,0.110865,43073.5,33.86,32.4
cyclone,Gambia,GMB,2008,0,0,300,0,300,0,0,0,0,0,0,0,2000,False,,,7.72,7.39
cyclone,Germany,DEU,2008,8,0,0,0,0,3.93381e+09,1.60266e+09,0,0.0708997,2.7e+09,1.1e+09,0,2000,False,,,29.74,28.18
cyclone,Guatemala,GTM,2008,17,0,0,0,0,0,0,0,0,0,0,0,2000,False,,,11.46,9.56
cyclone,Haiti,HTI,2008,698,86,246160,30,246276,0,0,0,0,0,0,0,2000,False,0.283422,,42.75,37.73
cyclone,Hong Kong,HKG,2008,2,207,0,0,207,554000,0,0,0.000173295,380000,0,0,2000,False,0.966184,2676.33,24.16,23.07
cyclone,India,IND,2008,111,50,0,0,50,3.6424e+07,0,0,0.00208525,2.5e+07,0,0,2000,False,222,728480,40.6,37.18
cyclone,Iran,IRN,2008,28,0,0,0,0,0,0,0,0,0,0,0,2000,False,,,13.35,11.13
cyclone,Jamaica,JAM,2008,13,0,4000,0,4000,9.6448e+07,0,0,0.482866,6.6198e+07,0,0,2000,False,0.325,24112,39.18,36.87
cyclone,Lesotho,LSO,2008,0,0,4500,0,4500,0,0,0,0,0,0,0,2000,False,,,11.37,10.89
cyclone,Madagascar,MDG,2008,105,580,338248,194338,533166,8.7418e+07,0,0,0.559433,6e+07,0,0,2000,False,0.0196937,163.96,53.72,49.81
cyclone,Mexico,MEX,2008,2,0,500000,0,500000,1.09273e+08,0,0,0.00645687,7.5e+07,0,0,2000,False,0.0004,218.546,39.72,38.15
cyclone,Mongolia,MNG,2008,52,0,0,0,0,0,0,0,0,0,0,0,2000,False,,,15.74,13.13
cyclone,Mozambique,MOZ,2008,9,13,165000,55000,220013,2.9139e+07,0,0,0.154795,2e+07,0,0,2000,False,0.00409067,132.442,42.12,39.82
cyclone,Myanmar,MMR,2008,138366,20000,2400000,0,2420000,5.82787e+09,0,0,12.5539,4e+09,0,0,2000,False,5.7176,2408.21,88.21,79.46
cyclone,Nicaragua,NIC,2008,13,0,25000,0,25000,0,0,0,0,0,0,0,2000,False,0.052,,24.15,21.84
cyclone,Norway,NOR,2008,0,100,0,0,100,0,0,0,0,0,0,0,2000,False,,,6.24,5.98
cyclone,Paraguay,PRY,2008,0,0,47655,0,47655,0,0,0,0,0,0,0,2000,False,,,14.56,13.95
cyclone,Philippines,PHL,2008,819,946,6846388,4645,6851979,6.43433e+08,6.5564e+07,0,0.243153,4.41625e+08,4.5e+07,0,2000,False,0.0119528,93.9047,67.19,61.77
cyclone,Poland,POL,2008,2,10,1050,0,1060,7.2848e+07,0,0,0.00933512,5e+07,0,0,2000,False,0.188679,68724.5,31.01,29.8
cyclone,Romania,ROU,2008,0,0,90,0,90,0,0,0,0,0,0,0,2000,False,,,6.1,5.84
cyclone,South Africa,ZAF,2008,5,76,0,3500,3576,0,0,0,0,0,0,0,2000,False,0.139821,,18.16,16.52
cyclone,Sri Lanka,LKA,2008,9,0,50000,0,50000,0,0,0,0,0,0,0,2000,False,0.018,,23.76,21.62
cyclone,Taiwan,TWN,2008,54,88,0,0,88,2.07472e+08,1.09273e+08,0,,1.424e+08,7.5e+07,0,2000,False,61.3636,2.35764e+06,40.19,37.19
cyclone,Tanzania,TZA,2008,0,7,670,0,677,0,0,0,0,0,0,0,2000,False,,,8.81,8.44
cyclone,Thailand,THA,2008,0,0,0,1000,1000,0,0,0,0,0,0,0,2000,False,,,9.34,8.95
cyclone,Turks and Caicos Islands,TCA,2008,4,0,1500,0,1500,7.28484e+08,0,0,57.9586,5e+08,0,0,2000,False,0.266667,485656,35.69,34.11
cyclone,United States,USA,2008,258,597,2300550,0,2301147,6.66709e+10,3.5204e+10,0,0.30982,4.576e+10,2.41625e+10,0,2000,False,0.0112118,28972.9,65.56,60.94
cyclone,Vietnam,VNM,2008,254,159,143830,12660,156649,2.77552e+08,0,0,0.192171,1.905e+08,0,0,2000,False,0.162146,1771.81,56.65,52.22
cyclone,Argentina,ARG,2009,10,24,0,0,24,0,0,0,0,0,0,0,2000,False,41.6667,,13.86,12.1
cyclone,Australia,AUS,2009,1,0,15400,0,15400,8.773e+07,0,0,0.00643942,6e+07,0,0,2000,False,0.00649351,5696.75,33.19,32.09
cyclone,Austria,AUT,2009,0,0,0,0,0,7.31083e+08,0,0,0.125222,5e+08,0,0,2000,False,,,19.43,19.33
cyclone,Bangladesh,BGD,2009,197,7187,3947363,0,3954550,3.94785e+08,0,0,0.263479,2.7e+08,0,0,2000,False,0.0049816,99.8306,60.34,55.89
cyclone,Benin,BEN,2009,0,0,800,0,800,0,0,0,0,0,0,0,2000,False,,,9.04,8.66
cyclone,Bhutan,BTN,2009,12,0,0,0,0,0,0,0,0,0,0,0,2000,False,,,10.17,8.48
cyclone,Botswana,BWA,2009,0,0,400,0,400,0,0,0,0,0,0,0,2000,False,,,8.1,7.76
cyclone,Brazil,BRA,2009,4,64,1850,450,2364,0,0,0,0,0,0,0,2000,False,0.169205,,16.88,15.38
cyclone,Cambodia,KHM,2009,19,91,178000,0,178091,0,0,0,0,0,0,0,2000,False,0.0106687,,28.22,25.56
cyclone,Canada,CAN,2009,2,3,0,0,3,7.31083e+08,0,0,0.0363735,5e+08,0,0,2000,False,66.6667,2.43694e+08,25.66,24.75
cyclone,Central African Republic,CAF,2009,3,0,9137,3835,12972,0,0,0,0,0,0,0,2000,False,0.0231267,,18.3,16.85
cyclone,China,CHN,2009,169,557,23197799,98450,23296806,5.26592e+09,3.0706e+07,0,0.0693978,3.60145e+09,2.1e+07,0,2000,False,0.000725421,226.036,64.6,60.14
cyclone,Czechia,CZE,2009,2,12,0,0,12,0,0,0,0,0,0,0,2000,False,16.6667,,7.82,6.95
cyclone,El Salvador,SLV,2009,275,0,75000,15000,90000,1.37298e+09,0,0,5.33474,9.39e+08,0,0,2000,False,0.305556,15255.3,57.73,53.27
cyclone,Fiji,FJI,2009,2,0,3845,0,3845,1.9447e+07,0,0,0.463314,1.33e+07,0,0,2000,False,0.0520156,5057.74,31.49,30.21
cyclone,France,FRA,2009,11,0,0,0,0,4.67893e+09,3.05593e+09,0,0.118515,3.2e+09,2.09e+09,0,2000,False,,,31.05,29.3
cyclone,Gabon,GAB,2009,0,0,0,800,800,0,0,0,0,0,0,0,2000,False,,,9.04,8.66
cyclone,Gambia,GMB,2009,0,0,2350,0,2350,0,0,0,0,0,0,0,2000,False,,,10.49,10.05
cyclone,Germany,DEU,2009,1,0,0,0,0,7.3108e+07,0,0,0.00143738,5e+07,0,0,2000,False,,,19.99,19.44
cyclone,Hong Kong,HKG,2009,0,50,300,0,350,0,0,0,0,0,0,0,2000,False,,,7.92,7.59
cyclone,India,IND,2009,218,85,5105000,4000,5109085,4.3865e+08,0,0,0.0223566,3e+08,0,0,2000,False,0.00426691,85.8569,61.19,56.66
cyclone,Italy,ITA,2009,3,0,0,0,0,0,0,0,0,0,0,0,2000,False,,,5.5,4.58
cyclone,Japan,JPN,2009,16,119,7000,0,7119,1.46217e+09,9.13854e+08,0,0.0187379,1e+09,6.25e+08,0,2000,False,0.224751,205389,43.31,40.83
cyclone,Laos,LAO,2009,16,91,128796,0,128887,1.46217e+08,0,0,1.71346,1e+08,0,0,2000,False,0.012414,1134.46,45.04,42.4
cyclone,Madagascar,MDG,2009,27,10,122687,8102,130799,7.311e+06,0,0,0.0519919,5e+06,0,0,2000,False,0.0206424,55.8949,44.18,41.24
cyclone,Mexico,MEX,2009,4,0,112000,0,112000,5.8487e+07,0,0,0.00423982,4e+07,0,0,2000,False,0.00357143,522.205,39.12,37.31
cyclone,Mozambique,MOZ,2009,0,3,600,6500,7103,4.387e+06,0,0,0.024462,3e+06,0,0,2000,False,,617.626,26.55,25.96
cyclone,Nicaragua,NIC,2009,0,0,19897,0,19897,0,0,0,0,0,0,0,2000,False,,,13.38,12.82
cyclone,Paraguay,PRY,2009,0,0,700,0,700,0,0,0,0,0,0,0,2000,False,,,8.86,8.48
cyclone,Philippines,PHL,2009,1242,867,12220696,100,12221663,1.36377e+09,0,0,0.530021,9.32703e+08,0,0,2000,False,0.0101623,111.586,70.33,64.6
cyclone,Poland,POL,2009,8,82,0,0,82,0,0,0,0,0,0,0,2000,False,9.7561,,14.68,12.99
cyclone,South Africa,ZAF,2009,18,0,0,0,0,0,0,0,0,0,0,0,2000,False,,,11.67,9.73
cyclone,Spain,ESP,2009,14,0,1793,0,1793,2.77812e+09,1.31595e+09,0,0.126955,1.9e+09,9e+08,0,2000,False,0.780814,1.54942e+06,41.57,39.24
cyclone,Switzerland,CHE,2009,0,0,0,0,0,1.46217e+09,0,0,0.177412,1e+09,0,0,2000,False,,,20.09,19.98
cyclone,Taiwan,TWN,2009,630,46,2307477,0,2307523,3.65542e+08,0,0,,2.5e+08,0,0,2000,False,0.027302,158.413,64.14,58.96
cyclone,Tanzania,TZA,2009,0,0,605,0,605,0,0,0,0,0,0,0,2000,False,,,8.66,8.3
cyclone,United Kingdom,GBR,2009,2,0,180,0,180,0,0,0,0,0,0,0,2000,False,1.11111,,11.38,10.36
cyclone,United States,USA,2009,74,158,750,0,908,1.51919e+10,8.773e+09,0,0.0717637,1.039e+10,6e+09,0,2000,False,8.14978,1.67312e+07,48.64,45.29
cyclone,Vietnam,VNM,2009,306,1005,2867820,108635,2977460,1.5575e+09,0,0,1.00477,1.0652e+09,0,0,2000,False,0.0102772,523.097,63.01,58.28
cyclone,Antigua and Barbuda,ATG,2010,0,0,5000,0,5000,1.8126e+07,0,0,0.970464,1.26e+07,0,0,2010,False,,3625.2,27.43,26.85
cyclone,Australia,AUS,2010,1,0,0,0,0,3.91292e+09,2.79083e+09,0,0.235995,2.72e+09,1.94e+09,0,2010,False,,,23.77,23.21
cyclone,Bangladesh,BGD,2010,26,250,256910,0,257160,0,0,0,0,0,0,0,2010,False,0.0101104,,29.91,27.03
cyclone,Barbados,BRB,2010,0,0,2500,0,2500,0,0,0,0,0,0,0,2010,False,,,10.58,10.13
cyclone,Belgium,BEL,2010,1,0,0,0,0,2.30172e+08,1.15086e+08,0,0.0332256,1.6e+08,8e+07,0,2010,False,,,21.08,20.52
cyclone,Burundi,BDI,2010,9,0,0,1500,1500,0,0,0,0,0,0,0,2010,False,0.6,,19.02,17.08
cyclone,China,CHN,2010,139,1290,2880000,256000,3137290,1.25305e+09,0,0,0.0140658,8.71036e+08,0,0,2010,False,0.00443058,399.405,59.76,55.54
cyclone,Cook Islands,COK,2010,0,8,2194,0,2202,0,0,0,,0,0,0,2010,False,,,10.41,9.97
cyclone,Dominican Republic,DOM,2010,0,0,12000,0,12000,0,0,0,0,0,0,0,2010,False,,,12.7,12.16
cyclone,Egypt,EGY,2010,31,40,0,0,40,0,0,0,0,0,0,0,2010,False,77.5,,18.76,16.27
cyclone,El Salvador,SLV,2010,18,3,11750,0,11753,2.8771e+07,0,0,0.108413,2e+07,0,0,2010,False,0.153152,2447.97,40.69,38.13
cyclone,Fiji,FJI,2010,2,0,39101,0,39101,5.6719e+07,0,0,1.25557,3.9427e+07,0,0,2010,False,0.00511496,1450.58,35.65,34.23
cyclone,France,FRA,2010,53,79,500000,0,500079,6.08517e+09,3.021e+09,0,0.15985,4.23e+09,2.1e+09,0,2010,False,0.0105983,12168.4,55,51.51
cyclone,French Polynesia,PYF,2010,1,11,3400,0,3411,1.5824e+07,0,0,0.180724,1.1e+07,0,0,2010,False,0.0293169,4639.11,29.53,28.52
cyclone,Gabon,GAB,2010,0,0,2647,0,2647,0,0,0,0,0,0,0,2010,False,,,10.66,10.21
cyclone,Germany,DEU,2010,4,0,0,0,0,1.43857e+09,9.7823e+08,0,0.0288426,1e+09,6.8e+08,0,2010,False,,,26.45,25.29
cyclone,Guatemala,GTM,2010,174,154,399988,0,400142,9.35073e+08,0,1.40261e+09,1.59797,6.5e+08,0,9.75e+08,2010,False,0.0434846,2336.85,57.58,53.34
cyclone,Haiti,HTI,2010,27,67,78075,0,78142,0,0,0,0,0,0,0,2010,False,0.0345525,,28.44,25.6
cyclone,Honduras,HND,2010,22,4,16673,7998,24675,1.29472e+08,0,0,0.568205,9e+07,0,0,2010,False,0.0891591,5247.09,43.88,41.15
cyclone,Hong Kong,HKG,2010,1,0,15000,0,15000,0,0,0,0,0,0,0,2010,False,0.00666667,,15.75,14.74
cyclone,India,IND,2010,287,80,0,507000,507080,0,0,0,0,0,0,0,2010,False,0.0565986,,40.21,35.73
cyclone,Italy,ITA,2010,3,5,30800,0,30805,1.25444e+09,0,0,0.0406539,8.72e+08,0,0,2010,False,0.00973868,40721.8,39.41,37.8
cyclone,Jamaica,JAM,2010,15,26,2480,0,2506,2.15786e+08,0,0,1.1346,1.5e+08,0,0,2010,False,0.598563,86107.7,39.84,37.47
cyclone,Luxembourg,LUX,2010,0,0,0,0,0,4.4596e+07,3.021e+07,0,0.0551464,3.1e+07,2.1e+07,0,2010,False,,,16.77,16.68
cyclone,Madagascar,MDG,2010,120,132,192000,0,192132,0,0,0,0,0,0,0,2010,False,0.0624571,,35.46,31.61
cyclone,Mexico,MEX,2010,43,0,555075,0,555075,8.48759e+09,2.15786e+08,0,0.533732,5.9e+09,1.5e+08,0,2010,False,0.0077467,15290.9,54.65,51.28
cyclone,Myanmar,MMR,2010,45,49,260000,0,260049,8.1999e+07,0,0,0.115057,5.7e+07,0,0,2010,False,0.0173044,315.321,49.38,46.06
cyclone,Netherlands,NLD,2010,0,0,0,0,0,4.028e+07,2.5894e+07,0,0.00328459,2.8e+07,1.8e+07,0,2010,False,,,16.67,16.58
cyclone,Nicaragua,NIC,2010,5,0,0,0,0,0,0,0,0,0,0,0,2010,False,,,7.1,5.92
cyclone,North Korea,PRK,2010,20,0,40000,0,40000,0,0,0,,0,0,0,2010,False,0.05,,26.4,23.79
cyclone,Oman,OMN,2010,16,0,0,0,0,1.43857e+09,0,0,1.53862,1e+09,0,0,2010,False,,,31.31,29.33
cyclone,Pakistan,PAK,2010,23,0,4000,0,4000,1.15086e+08,0,0,0.0406691,8e+07,0,0,2010,False,0.575,28771.5,41.48,38.82
cyclone,Philippines,PHL,2010,212,133,2595412,0,2595545,4.0916e+08,0,0,0.136498,2.8442e+08,0,0,2010,False,0.00816784,157.639,60.1,55.62
cyclone,Poland,POL,2010,0,0,1000,0,1000,0,0,0,0,0,0,0,2010,False,,,9.34,8.95
cyclone,Portugal,PRT,2010,3,0,0,0,0,3.88415e+08,1.007e+08,0,0.113234,2.7e+08,7e+07,0,2010,False,,,24.32,23.31
cyclone,Saint Lucia,LCA,2010,14,0,181000,0,181000,719000,0,0,0.0337294,500000,0,0,2010,False,0.00773481,3.97238,39.94,37.4
cyclone,Saint Vincent and the Grenadines,VCT,2010,0,0,6000,100,6100,6.9052e+07,0,0,6.66252,4.8e+07,0,0,2010,False,,11320,28.97,28.38
cyclone,Solomon Islands,SLB,2010,0,0,205,590,795,0,0,0,0,0,0,0,2010,False,,,9.03,8.65
cyclone,South Africa,ZAF,2010,23,0,3517,0,3517,0,0,0,0,0,0,0,2010,False,0.653966,,23.64,21.08
cyclone,South Korea,KOR,2010,12,0,41500,0,41500,0,0,0,0,0,0,0,2010,False,0.0289157,,24.54,22.25
cyclone,Spain,ESP,2010,3,0,0,0,0,4.89115e+08,1.97085e+08,0,0.0238097,3.4e+08,1.37e+08,0,2010,False,,,24.54,23.53
cyclone,Switzerland,CHE,2010,0,0,0,0,0,2.014e+07,1.2947e+07,0,0.00229508,1.4e+07,9e+06,0,2010,False,,,16.01,15.92
cyclone,Taiwan,TWN,2010,34,100,0,0,100,1.0516e+08,0,0,,7.31e+07,0,0,2010,False,34,1.0516e+06,37.92,35.22
cyclone,United Kingdom,GBR,2010,1,0,0,0,0,719000,49000,0,2.00261e-05,500000,34000,0,2010,False,,,15.59,15.06
cyclone,United States,USA,2010,114,234,10700,0,10934,1.35082e+10,7.58128e+09,0,0.0623963,9.39e+09,5.27e+09,0,2010,False,1.04262,1.23543e+06,53.59,49.82
cyclone,Venezuela,VEN,2010,8,0,0,0,0,0,0,0,0,0,0,0,2010,False,,,8.71,7.26
cyclone,Vietnam,VNM,2010,35,20,32960,1620,34600,6.4016e+07,0,0,0.0302307,4.45e+07,0,0,2010,False,0.101156,1850.17,45.45,42.4
cyclone,Afghanistan,AFG,2011,21,5,0,0,5,0,0,0,0,0,0,0,2010,False,420,,14.68,12.54
cyclone,Australia,AUS,2011,1,0,7300,0,7300,3.48638e+09,1.81292e+09,0,0.178197,2.5e+09,1.3e+09,0,2010,False,0.0136986,477586,35.69,34.61
cyclone,Bahamas,BHS,2011,0,0,10000,0,10000,5.5782e+07,0,0,0.397202,4e+07,0,0,2010,False,,5578.2,29.43,28.82
cyclone,Bangladesh,BGD,2011,13,121,0,0,121,0,0,0,0,0,0,0,2010,False,10.7438,,16.96,14.95
cyclone,Belgium,BEL,2011,5,71,0,0,71,1.3806e+08,0,0,0.0187786,9.9e+07,0,0,2010,False,7.04225,1.94451e+06,30.73,29.21
cyclone,Burundi,BDI,2011,12,50,0,0,50,0,0,0,0,0,0,0,2010,False,24,,15.48,13.57
cyclone,Canada,CAN,2011,1,0,0,0,0,0,0,0,0,0,0,0,2010,False,,,2.75,2.29
cyclone,Central African Republic,CAF,2011,1,1,1830,0,1831,0,0,0,0,0,0,0,2010,False,0.054615,,12.91,12.02
cyclone,China,CHN,2011,44,150,26649800,0,26649950,9.99313e+08,0,0,0.00934056,7.16585e+08,0,0,2010,False,0.000165103,37.4977,57.93,54.35
cyclone,Dominica,DMA,2011,0,0,144,96,240,0,0,0,0,0,0,0,2010,False,,,7.42,7.1
cyclone,Dominican Republic,DOM,2011,7,0,44000,0,44000,4.1836e+07,0,0,0.0517703,3e+07,0,0,2010,False,0.0159091,950.818,39.4,37.34
cyclone,Estonia,EST,2011,0,0,6500,0,6500,0,0,0,0,0,0,0,2010,False,,,11.87,11.37
cyclone,Gabon,GAB,2011,0,0,883,0,883,0,0,0,0,0,0,0,2010,False,,,9.17,8.78
cyclone,Guatemala,GTM,2011,5,0,0,0,0,0,0,0,0,0,0,0,2010,False,,,7.1,5.92
cyclone,Haiti,HTI,2011,3,4,2500,540,3044,0,0,0,0,0,0,0,2010,False,0.0985545,,16.34,14.97
cyclone,India,IND,2011,106,50,0,250000,250050,5.23828e+08,0,0,0.0206042,3.75625e+08,0,0,2010,False,0.0423915,2094.89,54.44,50.55
cyclone,Japan,JPN,2011,86,363,1300,0,1663,3.51426e+09,2.28706e+09,0,0.0401311,2.52e+09,1.64e+09,0,2010,False,5.17138,2.11321e+06,48.66,45.18
cyclone,Madagascar,MDG,2011,35,73,89297,25845,115215,0,0,0,0,0,0,0,2010,False,0.030378,,29.96,26.94
cyclone,Martinique,MTQ,2011,1,0,0,0,0,0,0,0,,0,0,0,2010,False,,,2.75,2.29
cyclone,Mexico,MEX,2011,43,0,550450,0,550450,1.36247e+08,0,0,0.00794946,9.77e+07,0,0,2010,False,0.00781179,247.519,50.7,47.36
cyclone,Mozambique,MOZ,2011,12,0,0,0,0,0,0,0,0,0,0,0,2010,False,,,10.17,8.48
cyclone,Nigeria,NGA,2011,11,12,0,0,12,0,0,0,0,0,0,0,2010,False,91.6667,,13.32,11.54
cyclone,North Korea,PRK,2011,10,887,5612,0,6499,0,0,0,,0,0,0,2010,False,0.15387,,21.38,19.3
cyclone,Norway,NOR,2011,4,0,500,0,500,0,0,0,0,0,0,0,2010,False,0.8,,14.78,13.37
cyclone,Oman,OMN,2011,14,200,0,0,200,0,0,0,0,0,0,0,2010,False,7,,17.91,15.82
cyclone,Paraguay,PRY,2011,0,0,0,2000,2000,0,0,0,0,0,0,0,2010,False,,,10.28,9.84
cyclone,Peru,PER,2011,16,0,0,0,0,0,0,0,0,0,0,0,2010,False,,,11.23,9.37
cyclone,Philippines,PHL,2011,1782,6291,9462385,0,9468676,7.35258e+08,0,0,0.225107,5.27238e+08,0,0,2010,False,0.0188199,77.6516,70.83,64.88
cyclone,Puerto Rico,PRI,2011,1,0,1500,771,2271,6.97275e+08,6.27547e+08,0,0.498248,5e+08,4.5e+08,0,2010,False,0.0440335,307034,32.58,31.58
cyclone,Russia,RUS,2011,1,14,0,0,14,4.184e+06,0,0,0.000146633,3e+06,0,0,2010,False,7.14286,298857,20.92,20.23
cyclone,South Africa,ZAF,2011,23,217,5089,3500,8806,1.3945e+07,0,0,0.00218246,1e+07,0,0,2010,False,0.261186,1583.58,40.54,37.84
cyclone,Sri Lanka,LKA,2011,22,41,35000,0,35041,0,0,0,0,0,0,0,2010,False,0.0627836,,26.58,23.92
cyclone,Sudan,SDN,2011,20,30,0,0,30,0,0,0,0,0,0,0,2010,False,66.6667,,16.71,14.51
cyclone,Thailand,THA,2011,18,0,1000000,0,1000000,0,0,0,0,0,0,0,2010,False,0.0018,,30.35,27.62
cyclone,Tonga,TON,2011,3,0,7600,0,7600,4.184e+06,0,0,0.724386,3e+06,0,0,2010,False,0.0394737,550.526,32.09,30.59
cyclone,Uganda,UGA,2011,23,47,0,0,47,0,0,0,0,0,0,0,2010,False,48.9362,,17.83,15.52
cyclone,United Kingdom,GBR,2011,1,0,0,0,0,0,0,0,0,0,0,0,2010,False,,,2.75,2.29
cyclone,United States,USA,2011,760,3600,370600,15000,389200,6.05932e+10,3.01711e+10,0,0.27853,4.345e+10,2.1635e+10,0,2010,False,0.195272,155687,67.34,62.11
cyclone,Vanuatu,VUT,2011,0,0,32000,0,32000,0,0,0,0,0,0,0,2010,False,,,14.02,13.43
cyclone,Vietnam,VNM,2011,16,63,0,0,63,0,0,0,0,0,0,0,2010,False,25.3968,,16.85,14.75
cyclone,Argentina,ARG,2012,19,30,7500,2000,9530,1.6396e+07,0,0,0.00219787,1.2e+07,0,0,2010,False,0.19937,1720.46,40.08,37.5
cyclone,Bahamas,BHS,2012,1,0,0,0,0,0,0,0,0,0,0,0,2010,False,,,2.75,2.29
cyclone,Bangladesh,BGD,2012,133,304,129375,55000,184679,0,0,0,0,0,0,0,2010,False,0.0720169,,35.81,31.89
cyclone,Canada,CAN,2012,0,0,0,0,0,1.43459e+09,724000,0,0.0574285,1.05e+09,530000,0,2010,False,,,20.07,19.96
cyclone,Central African Republic,CAF,2012,0,23,0,3870,3893,0,0,0,0,0,0,0,2010,False,,,11.18,10.7
cyclone,China,CHN,2012,75,7,10492630,48540,10541177,4.39395e+09,4.59069e+08,0,0.0370778,3.216e+09,3.36e+08,0,2010,False,0.000711495,416.836,60.17,56.28
cyclone,Cuba,CUB,2012,12,0,45496,162605,208101,0,0,0,0,0,0,0,2010,False,0.00576643,,26.72,24.34
cyclone,Dominican Republic,DOM,2012,8,0,42515,0,42515,4.0988e+07,0,0,0.0495363,3e+07,0,0,2010,False,0.0188169,964.083,39.81,37.66
cyclone,Fiji,FJI,2012,2,0,8400,0,8400,1.1477e+07,0,0,0.211479,8.4e+06,0,0,2010,False,0.0238095,1366.31,32.05,30.72
cyclone,Georgia,GEO,2012,0,18,0,6000,6018,1.24331e+08,0,0,0.53864,9.1e+07,0,0,2010,False,,20659.9,29.51,28.92
cyclone,Haiti,HTI,2012,88,27,176500,33330,209857,3.47034e+08,0,0,1.85281,2.54e+08,0,0,2010,False,0.0419333,1653.67,53.08,49.33
cyclone,India,IND,2012,40,0,70000,0,70000,0,0,0,0,0,0,0,2010,False,0.0571429,,29.8,26.72
cyclone,Indonesia,IDN,2012,21,60,10000,490,10550,1.366e+06,0,0,0.000108948,1e+06,0,0,2010,False,0.199052,129.479,38.23,35.59
cyclone,Jamaica,JAM,2012,1,0,215850,0,215850,2.2601e+07,0,0,0.111717,1.6542e+07,0,0,2010,False,0.000463285,104.707,35.47,34.23
cyclone,Japan,JPN,2012,143,2602,51551,0,54153,4.13163e+08,1.14904e+09,0,0.00477438,3.024e+08,8.41e+08,0,2010,False,0.264067,7629.55,53.32,49.33
cyclone,Madagascar,MDG,2012,112,299,335300,0,335599,1.36628e+08,0,0,0.863634,1e+08,0,0,2010,False,0.0333732,407.117,53.78,49.84
cyclone,Malawi,MWI,2012,0,0,6000,0,6000,0,0,0,0,0,0,0,2010,False,,,11.76,11.26
cyclone,Mexico,MEX,2012,19,0,87000,0,87000,1.16817e+09,1.35261e+08,0,0.0681215,8.55e+08,9.9e+07,0,2010,False,0.0218391,13427.2,47.13,44.4
cyclone,Mozambique,MOZ,2012,33,55,109945,0,110000,0,0,0,0,0,0,0,2010,False,0.03,,29.67,26.69
cyclone,New Zealand,NZL,2012,3,7,450,0,457,1.2433e+07,0,0,0.00515557,9.1e+06,0,0,2010,False,0.656455,27205.7,29.33,27.98
cyclone,Nigeria,NGA,2012,15,0,15000,0,15000,1.366e+06,0,0,0.000215531,1e+06,0,0,2010,False,0.1,91.0667,37.44,34.99
cyclone,North Korea,PRK,2012,59,1,10960,33500,44461,0,0,0,,0,0,0,2010,False,0.132701,,30.7,27.39
cyclone,Palau,PLW,2012,0,0,0,1250,1250,0,0,0,0,0,0,0,2010,False,,,9.64,9.23
cyclone,Paraguay,PRY,2012,5,100,25000,0,25100,2.733e+06,0,0,0.00601107,2e+06,0,0,2010,False,0.0199203,108.884,34.91,33.07
cyclone,Philippines,PHL,2012,2039,2724,7557756,0,7560480,1.25443e+09,0,0,0.35054,9.18137e+08,0,0,2010,False,0.0269692,165.919,71.57,65.54
cyclone,Poland,POL,2012,1,10,300,0,310,8.061e+06,0,0,0.00118439,5.9e+06,0,0,2010,False,0.322581,26003.2,25.65,24.78
cyclone,Samoa,WSM,2012,12,0,12703,0,12703,1.81715e+08,0,0,17.2025,1.33e+08,0,0,2010,False,0.0944659,14304.9,41.05,38.72
cyclone,South Africa,ZAF,2012,0,0,1350,0,1350,0,0,0,0,0,0,0,2010,False,,,9.75,9.33
cyclone,South Korea,KOR,2012,22,0,3120,0,3120,1.09166e+09,0,0,0.0598348,7.99e+08,0,0,2010,False,0.705128,349890,43.12,40.49
cyclone,Sri Lanka,LKA,2012,0,0,0,69000,69000,7.7878e+07,0,0,0.0809116,5.7e+07,0,0,2010,False,,1128.67,32.36,31.63
cyclone,Taiwan,TWN,2012,14,0,0,0,0,4.8229e+07,0,0,,3.53e+07,0,0,2010,False,,,27.58,25.7
cyclone,United States,USA,2012,190,837,89300,267,90404,1.05951e+11,1.70238e+10,0,0.477096,7.7547e+10,1.246e+10,0,2010,False,0.210168,1.17197e+06,60.42,56.18
cyclone,Vietnam,VNM,2012,38,107,59320,279545,338972,4.6836e+08,0,0,0.175264,3.428e+08,0,0,2010,False,0.0112104,1381.71,50.74,47.5
cyclone,Wallis and Futuna,WLF,2012,0,2,1250,0,1252,0,0,0,,0,0,0,2010,False,,,9.64,9.24
cyclone,Argentina,ARG,2013,4,12,0,0,12,2.693e+06,0,0,0.000362302,2e+06,0,0,2010,False,33.3333,224417,23.94,22.66
cyclone,Armenia,ARM,2013,0,0,64000,0,64000,8.0793e+07,0,0,0.539497,6e+07,0,0,2010,False,,1262.39,32.29,31.57
cyclone,Australia,AUS,2013,6,0,7500,0,7500,2.6931e+09,1.34655e+09,0,0.126284,2e+09,1e+09,0,2010,False,0.08,359081,40.45,38.55
cyclone,Bangladesh,BGD,2013,50,453,1531754,0,1532207,2.6931e+07,0,0,0.0133334,2e+07,0,0,2010,False,0.00326327,17.5766,51.13,47.64
cyclone,Brazil,BRA,2013,2,64,13800,0,13864,1.2119e+08,0,0,0.00363957,9e+07,0,0,2010,False,0.0144259,8741.34,34.97,33.6
cyclone,Canada,CAN,2013,0,0,0,0,0,1.89864e+09,1.19574e+09,0,0.0763572,1.41e+09,8.88e+08,0,2010,False,,,20.34,20.23
cyclone,Central African Republic,CAF,2013,0,34,8710,0,8744,0,0,0,0,0,0,0,2010,False,,,12.27,11.75
cyclone,China,CHN,2013,265,474,11295100,50000,11345574,1.45253e+10,0,0,0.110714,1.0787e+10,0,0,2010,False,0.00233571,1280.26,66.37,61.65
cyclone,Denmark,DNK,2013,2,0,0,0,0,0,0,0,0,0,0,0,2010,False,,,4.36,3.63
cyclone,France,FRA,2013,2,0,0,0,0,0,0,0,0,0,0,0,2010,False,,,4.36,3.63
cyclone,Georgia,GEO,2013,0,0,1750,0,1750,0,0,0,0,0,0,0,2010,False,,,10.1,9.67
cyclone,Germany,DEU,2013,7,2,0,0,2,6.46345e+09,4.98224e+09,0,0.126083,4.8e+09,3.7e+09,0,2010,False,350,3.23173e+09,31.23,29.69
cyclone,Hungary,HUN,2013,0,0,14000,0,14000,0,0,0,0,0,0,0,2010,False,,,12.91,12.36
cyclone,India,IND,2013,106,4,13230000,0,13230004,1.2058e+09,0,0,0.0482286,8.95471e+08,0,0,2010,False,0.000801209,91.1412,60.6,56.48
cyclone,Israel,ISR,2013,4,3000,2000000,0,2003000,0,0,0,0,0,0,0,2010,False,0.0001997,,26,24.11
cyclone,Japan,JPN,2013,57,1903,63054,0,64957,2.9651e+08,0,0,0.00417655,2.202e+08,0,0,2010,False,0.0877504,4564.71,49.65,46.24
cyclone,Madagascar,MDG,2013,51,127,44752,0,44879,3.3664e+07,0,0,0.201231,2.5e+07,0,0,2010,False,0.113639,750.106,46.64,43.34
cyclone,Mexico,MEX,2013,210,0,172000,0,172000,7.67804e+09,1.2321e+09,0,0.42955,5.702e+09,9.15e+08,0,2010,False,0.122093,44639.8,59.18,54.86
cyclone,Netherlands,NLD,2013,2,0,0,0,0,1.3466e+07,0,0,0.00113128,1e+07,0,0,2010,False,,,19.98,19.18
cyclone,New Zealand,NZL,2013,0,0,0,0,0,2.6931e+07,0,0,0.0104743,2e+07,0,0,2010,False,,,16.29,16.2
cyclone,Palestine,PSE,2013,1,100,49971,0,50071,0,0,0,0,0,0,0,2010,False,0.00199716,,17.38,16.3
cyclone,Paraguay,PRY,2013,0,0,50000,0,50000,3.3664e+07,0,0,0.0649332,2.5e+07,0,0,2010,False,,673.28,31.13,30.42
cyclone,Philippines,PHL,2013,7415,28858,17915713,0,17944571,1.36494e+10,9.42587e+08,0,3.57043,1.01366e+10,7e+08,0,2010,False,0.0413217,760.643,80.12,73.19
cyclone,Poland,POL,2013,4,53,0,0,53,0,0,0,0,0,0,0,2010,False,7.54717,,11.77,10.49
cyclone,Portugal,PRT,2013,1,21,3900,46,3967,0,1.85555e+08,0,0,0,1.378e+08,0,2010,False,0.025208,,13.95,13.02
cyclone,Seychelles,SYC,2013,0,0,3000,0,3000,1.2523e+07,0,0,0.697591,9.3e+06,0,0,2010,False,,4174.33,26.38,25.84
cyclone,Somalia,SOM,2013,162,0,142380,0,142380,2.693e+06,0,0,0.0395032,2e+06,0,0,2010,False,0.11378,18.9142,50.33,46.22
cyclone,South Africa,ZAF,2013,3,0,2870,0,2870,0,0,0,0,0,0,0,2010,False,0.10453,,16.26,14.89
cyclone,Sri Lanka,LKA,2013,7,0,3478,3861,7339,0,0,0,0,0,0,0,2010,False,0.0953808,,20.28,18.4
cyclone,Sweden,SWE,2013,7,0,0,0,0,0,0,0,0,0,0,0,2010,False,,,8.24,6.87
cyclone,Switzerland,CHE,2013,0,84,0,0,84,3.36638e+08,1.50814e+08,0,0.0347827,2.5e+08,1.12e+08,0,2010,False,,4.0076e+06,24.7,24.34
cyclone,Taiwan,TWN,2013,5,54,0,0,54,8.2948e+07,0,0,,6.16e+07,0,0,2010,False,9.25926,1.53607e+06,29.88,28.38
cyclone,United Kingdom,GBR,2013,11,0,4200,0,4200,0,0,0,0,0,0,0,2010,False,0.261905,,21.13,19.02
cyclone,United States,USA,2013,140,985,175889,600,177474,1.96624e+10,1.32467e+10,0,0.0865012,1.4602e+10,9.8375e+09,0,2010,False,0.0788848,110790,58.52,54.45
cyclone,Vietnam,VNM,2013,74,584,1962485,375,1963444,1.98513e+09,0,0,0.689831,1.47423e+09,0,0,2010,False,0.00376889,1011.04,57.09,53.31
cyclone,Afghanistan,AFG,2014,63,0,0,0,0,0,0,0,0,0,0,0,2010,False,,,16.49,13.75
cyclone,Australia,AUS,2014,0,12,52527,0,52539,1.32506e+09,1.12895e+09,0,0.0678115,1e+09,8.52e+08,0,2010,False,,25220.4,34.69,33.96
cyclone,Bangladesh,BGD,2014,20,12,1250,4000,5262,0,0,0,0,0,0,0,2010,False,0.380084,,23.65,21.16
cyclone,Bulgaria,BGR,2014,1,40,0,0,40,7.22156e+08,9.6729e+07,0,0.954736,5.45e+08,7.3e+07,0,2010,False,2.5,1.80539e+07,27.19,26.41
cyclone,China,CHN,2014,329,189,11145250,64255,11209694,1.33433e+10,0,0,0.0943364,1.007e+10,0,0,2010,False,0.00293496,1190.33,67.13,62.27
cyclone,Colombia,COL,2014,11,18,0,0,18,0,0,0,0,0,0,0,2010,False,61.1111,,13.83,12.03
cyclone,Comoros,COM,2014,0,0,9511,0,9511,0,0,0,0,0,0,0,2010,False,,,12.38,11.86
cyclone,France,FRA,2014,8,0,0,0,0,2.4116e+08,1.92133e+08,0,0.00636089,1.82e+08,1.45e+08,0,2010,False,,,27.08,25.54
cyclone,Germany,DEU,2014,8,1,0,0,1,5.30023e+08,2.51761e+08,0,0.0100886,4e+08,1.9e+08,0,2010,False,800,5.30023e+08,28.77,27.18
cyclone,Guatemala,GTM,2014,5,0,100000,0,100000,0,0,0,0,0,0,0,2010,False,0.005,,22.67,20.83
cyclone,India,IND,2014,119,84,931480,0,931564,9.2754e+09,7.0228e+08,0,0.343284,7e+09,5.3e+08,0,2010,False,0.0127742,9956.8,59.41,55.36
cyclone,Ireland,IRL,2014,1,0,0,0,0,0,0,0,0,0,0,0,2010,False,,,2.75,2.29
cyclone,Italy,ITA,2014,5,0,0,0,0,3.31264e+08,0,0,0.0115035,2.5e+08,0,0,2010,False,,,25.78,24.5
cyclone,Japan,JPN,2014,129,4817,36465,0,41282,8.7997e+09,4.10768e+09,0,0.133199,6.641e+09,3.1e+09,0,2010,False,0.312485,213161,55.46,51.54
cyclone,Lesotho,LSO,2014,0,0,0,2600,2600,0,0,0,0,0,0,0,2010,False,,,10.63,10.18
cyclone,Madagascar,MDG,2014,17,0,0,1736,1736,0,0,0,0,0,0,0,2010,False,0.979263,,21.54,19.22
cyclone,Mexico,MEX,2014,19,135,144000,0,144135,3.36763e+09,1.59007e+09,0,0.186258,2.5415e+09,1.2e+09,0,2010,False,0.0131821,23364.4,48.82,46.06
cyclone,Morocco,MAR,2014,49,0,117000,0,117000,3.97517e+08,0,0,0.251824,3e+08,0,0,2010,False,0.0418803,3397.58,50.14,46.79
cyclone,Nepal,NPL,2014,83,175,0,0,175,0,0,0,0,0,0,0,2010,False,47.4286,,24.56,21.34
cyclone,Pakistan,PAK,2014,16,82,0,0,82,0,0,0,0,0,0,0,2010,False,19.5122,,17.21,15.09
cyclone,Papua New Guinea,PNG,2014,0,0,12346,0,12346,0,0,0,0,0,0,0,2010,False,,,12.74,12.2
cyclone,Philippines,PHL,2014,326,2269,13066714,0,13068983,1.4084e+09,0,0,0.357297,1.0629e+09,0,0,2010,False,0.00249446,107.767,65.16,60.31
cyclone,Portugal,PRT,2014,1,4,50,0,54,0,0,0,0,0,0,0,2010,False,1.85185,,8.17,7.48
cyclone,Reunion,REU,2014,1,15,250,0,265,1.1263e+08,6.4928e+07,0,,8.5e+07,4.9e+07,0,2010,False,0.377358,425019,27.95,27.08
cyclone,South Korea,KOR,2014,24,101,0,0,101,1.4576e+07,0,0,0.000706826,1.1e+07,0,0,2010,False,23.7624,144317,34.72,32.25
cyclone,Spain,ESP,2014,3,0,0,0,0,0,0,0,0,0,0,0,2010,False,,,5.5,4.58
cyclone,Switzerland,CHE,2014,2,0,0,0,0,0,0,0,0,0,0,0,2010,False,,,4.36,3.63
cyclone,Taiwan,TWN,2014,0,0,0,0,0,5.56524e+08,0,0,,4.2e+08,0,0,2010,False,,,19.17,19.07
cyclone,Thailand,THA,2014,0,0,0,2000,2000,0,0,0,0,0,0,0,2010,False,,,10.28,9.84
cyclone,Tonga,TON,2014,1,14,4000,0,4014,4.1077e+07,0,0,7.02951,3.1e+07,0,0,2010,False,0.0249128,10233.4,30.65,29.64
cyclone,United Kingdom,GBR,2014,5,0,18000,0,18000,1.32506e+08,0,0,0.00324111,1e+08,0,0,2010,False,0.0277778,7361.44,38.15,36.32
cyclone,United States,USA,2014,136,51,1134,30,1215,1.26781e+10,8.47175e+09,0,0.0543385,9.568e+09,6.3935e+09,0,2010,False,11.1934,1.04347e+07,51.25,47.49
cyclone,Vanuatu,VUT,2014,12,6,20000,0,20006,2.65e+06,0,0,0.227483,2e+06,0,0,2010,False,0.059982,132.46,37.64,35.31
cyclone,Vietnam,VNM,2014,38,0,48075,0,48075,1.4178e+07,0,0,0.00458339,1.07e+07,0,0,2010,False,0.0790432,294.914,44.77,41.66
cyclone,Argentina,ARG,2015,8,0,4500,0,4500,2.2764e+07,0,0,0.00289198,1.72e+07,0,0,2010,False,0.177778,5058.67,36.21,34.2
cyclone,Australia,AUS,2015,8,0,1990,6048,8038,2.62183e+09,1.5551e+09,0,0.146005,1.981e+09,1.175e+09,0,2010,False,0.0995272,326179,41.51,39.44
cyclone,Bahamas,BHS,2015,33,0,6710,0,6710,1.19114e+08,8.0733e+07,0,0.760289,9e+07,6.1e+07,0,2010,False,0.491803,17751.7,43.59,40.68
cyclone,Bangladesh,BGD,2015,117,250,2660000,0,2660250,5.8233e+07,0,0,0.0225471,4.4e+07,0,0,2010,False,0.00439808,21.89,55.93,51.86
cyclone,Brazil,BRA,2015,2,97,10940,0,11037,2.647e+06,0,0,0.000110975,2e+06,0,0,2010,False,0.0181209,239.83,31.02,29.69
cyclone,Cambodia,KHM,2015,0,0,6300,0,6300,0,0,0,0,0,0,0,2010,False,,,11.83,11.33
cyclone,Cape Verde,CPV,2015,9,0,0,0,0,1.456e+06,0,0,0.0628623,1.1e+06,0,0,2010,False,,,22.64,21.05
cyclone,Central African Republic,CAF,2015,1,7,1109,0,1116,0,0,0,0,0,0,0,2010,False,0.0896057,,12.24,11.38
cyclone,Chile,CHL,2015,6,4,934,0,938,0,0,0,0,0,0,0,2010,False,0.639659,,16.97,15.3
cyclone,China,CHN,2015,119,185,2153500,35800,2189485,1.18898e+10,1.04555e+08,0,0.0796369,8.98369e+09,7.9e+07,0,2010,False,0.00543507,5430.41,60.8,56.7
cyclone,Dominica,DMA,2015,30,20,28000,574,28594,6.38993e+08,0,0,82.7895,4.8281e+08,0,0,2010,False,0.104917,22347.1,46.79,43.84
cyclone,Dominican Republic,DOM,2015,0,0,33,2100,2133,0,0,0,0,0,0,0,2010,False,,,10.36,9.93
cyclone,Egypt,EGY,2015,25,35,100,0,135,0,0,0,0,0,0,0,2010,False,18.5185,,19.56,17.13
cyclone,El Salvador,SLV,2015,12,0,20000,0,20000,0,0,0,0,0,0,0,2010,False,0.06,,23.56,21.3
cyclone,France,FRA,2015,3,0,750,0,750,0,0,0,0,0,0,0,2010,False,0.4,,14.45,13.16
cyclone,Haiti,HTI,2015,5,3,0,1966,1969,0,0,0,0,0,0,0,2010,False,0.253936,,17.36,15.75
cyclone,India,IND,2015,212,100,135000,0,135100,1.41481e+09,1.4029e+08,0,0.0508179,1.069e+09,1.06e+08,0,2010,False,0.156921,10472.3,57.28,52.97
cyclone,Ireland,IRL,2015,1,0,0,0,0,0,0,0,0,0,0,0,2010,False,,,2.75,2.29
cyclone,Israel,ISR,2015,0,200,0,0,200,0,0,0,0,0,0,0,2010,False,,,7.17,6.87
cyclone,Italy,ITA,2015,3,0,0,0,0,1.15011e+09,3.65282e+08,0,0.0470893,8.69e+08,2.76e+08,0,2010,False,,,25.36,24.34
cyclone,Japan,JPN,2015,11,205,60828,0,61033,3.04667e+08,4.98955e+08,0,0.0050767,2.302e+08,3.77e+08,0,2010,False,0.018023,4991.84,43.34,40.98
cyclone,Kiribati,KIR,2015,0,0,1500,0,1500,0,0,0,0,0,0,0,2010,False,,,9.89,9.47
cyclone,Lebanon,LBN,2015,5,750,1000942,0,1001692,0,0,0,0,0,0,0,2010,False,0.000499155,,25.78,23.81
cyclone,Madagascar,MDG,2015,95,37,28450,182400,210887,6.0881e+07,0,0,0.406252,4.6e+07,0,0,2010,False,0.0450478,288.69,51.73,47.94
cyclone,Malawi,MWI,2015,5,0,0,350,350,0,0,0,0,0,0,0,2010,False,1.42857,,15.03,13.51
cyclone,Mexico,MEX,2015,42,458,17592,741,18791,1.09188e+09,4.53956e+08,0,0.0679967,8.25e+08,3.43e+08,0,2010,False,0.223511,58106.4,48.03,44.88
cyclone,Micronesia (country),FSM,2015,5,0,35000,0,35000,1.4558e+07,0,0,3.52564,1.1e+07,0,0,2010,False,0.0142857,415.943,36.95,35.09
cyclone,Myanmar,MMR,2015,3,0,0,0,0,0,0,0,0,0,0,0,2010,False,,,5.5,4.58
cyclone,Northern Mariana Islands,MNP,2015,0,10,350,0,360,0,0,0,0,0,0,0,2010,False,,,7.96,7.63
cyclone,Oman,OMN,2015,0,0,6000,0,6000,2.92491e+08,3.4411e+07,0,0.280775,2.21e+08,2.6e+07,0,2010,False,,48748.5,30.32,29.72
cyclone,Palestine,PSE,2015,4,0,31050,0,31050,0,0,0,0,0,0,0,2010,False,0.0128824,,20.36,18.71
cyclone,Papua New Guinea,PNG,2015,0,0,9199,0,9199,0,0,0,0,0,0,0,2010,False,,,12.34,11.82
cyclone,Paraguay,PRY,2015,2,25,10000,0,10025,0,0,0,0,0,0,0,2010,False,0.0199501,,16.81,15.56
cyclone,Philippines,PHL,2015,148,131,3602774,3300,3606205,2.48996e+09,0,0,0.613931,1.88137e+09,0,0,2010,False,0.00410404,690.467,60.85,56.58
cyclone,Poland,POL,2015,1,17,1200,0,1217,0,0,0,0,0,0,0,2010,False,0.0821693,,12.35,11.49
cyclone,Solomon Islands,SLB,2015,9,0,44096,400,44496,2.647e+06,0,0,0.152916,2e+06,0,0,2010,False,0.0202265,59.4885,37.68,35.47
cyclone,Somalia,SOM,2015,0,0,4000,0,4000,0,0,0,0,0,0,0,2010,False,,,11.21,10.74
cyclone,Syria,SYR,2015,13,3500,0,0,3500,0,0,0,0,0,0,0,2010,False,0.371429,,21.49,19.29
cyclone,Taiwan,TWN,2015,9,762,0,0,762,3.4411e+07,0,0,,2.6e+07,0,0,2010,False,1.1811,45158.8,34.62,32.64
cyclone,Tanzania,TZA,2015,47,112,5000,0,5112,0,0,0,0,0,0,0,2010,False,0.919405,,26.89,23.86
cyclone,Thailand,THA,2015,3,0,1440,0,1440,742000,0,0,0.000139797,561000,0,0,2010,False,0.208333,515.278,28.2,26.8
cyclone,Tuvalu,TUV,2015,0,0,4613,0,4613,0,0,0,0,0,0,0,2010,False,,,11.41,10.92
cyclone,United Kingdom,GBR,2015,3,0,15600,0,15600,1.58818e+09,1.16996e+09,0,0.040739,1.2e+09,8.84e+08,0,2010,False,0.0192308,101807,38.72,37.15
cyclone,United States,USA,2015,218,176,4400,0,4576,2.08052e+10,1.14184e+10,0,0.085925,1.572e+10,8.6275e+09,0,2010,False,4.76399,4.54659e+06,55.38,51.23
cyclone,Vanuatu,VUT,2015,11,0,188000,0,188000,5.94775e+08,0,0,52.5393,4.494e+08,0,0,2010,False,0.00585106,3163.7,45.5,43.07
cyclone,Vietnam,VNM,2015,18,0,0,115,115,289000,0,0,9.11149e-05,218000,0,0,2010,False,15.6522,2513.04,30.07,27.8
cyclone,Yemen,YEM,2015,26,65,125000,0,125065,2.64697e+08,0,0,0.471204,2e+08,0,0,2010,False,0.0207892,2116.48,47.4,44.46
cyclone,Zimbabwe,ZWE,2015,10,0,0,475,475,0,0,0,0,0,0,0,2010,False,2.10526,,17.84,15.91
cyclone,Australia,AUS,2016,5,0,0,0,0,6.53499e+08,4.05169e+08,0,0.0412682,5e+08,3.1e+08,0,2010,False,,,26.43,25.14
cyclone,Bahamas,BHS,2016,0,0,0,0,0,7.84199e+08,0,0,5.05012,6e+08,0,0,2010,False,,,19.5,19.39
cyclone,Bangladesh,BGD,2016,87,0,1083855,119700,1203555,7.84199e+08,0,0,0.226223,6e+08,0,0,2010,False,0.00722859,651.569,56.17,52.32
cyclone,Belgium,BEL,2016,1,0,0,0,0,0,0,0,0,0,0,0,2010,False,,,2.75,2.29
cyclone,Belize,BLZ,2016,0,0,10355,0,10355,0,0,0,0,0,0,0,2010,False,,,12.5,11.97
cyclone,China,CHN,2016,340,1895,577900,24900,604695,9.96476e+09,1.32007e+08,0,0.0665515,7.62416e+09,1.01e+08,0,2010,False,0.0562267,16479,63.03,58.32
cyclone,Costa Rica,CRI,2016,9,0,50000,0,50000,0,0,0,0,0,0,0,2010,False,0.018,,23.76,21.62
cyclone,Cuba,CUB,2016,0,0,190000,0,190000,3.3982e+09,0,0,2.84556,2.6e+09,0,0,2010,False,,17885.2,37.32,36.52
cyclone,Dominican Republic,DOM,2016,6,0,39,9,48,0,0,0,0,0,0,0,2010,False,12.5,,12.98,11.47
cyclone,Egypt,EGY,2016,26,72,32500,0,32572,3.2675e+07,0,0,0.00752011,2.5e+07,0,0,2010,False,0.0798232,1003.16,43.59,40.73
cyclone,Fiji,FJI,2016,47,144,545414,0,545558,7.84199e+08,6.535e+07,0,12.1699,6e+08,5e+07,0,2010,False,0.00861503,1437.43,52.7,49.29
cyclone,Guatemala,GTM,2016,0,0,55,0,55,0,0,0,0,0,0,0,2010,False,,,5.44,5.21
cyclone,Haiti,HTI,2016,546,439,2100000,0,2100439,2.614e+09,0,0,14.2154,2e+09,0,0,2010,False,0.0259946,1244.5,65.32,60.22
cyclone,Honduras,HND,2016,1,0,151,0,151,0,0,0,0,0,0,0,2010,False,0.662252,,9.54,8.8
cyclone,India,IND,2016,128,0,0,0,0,1.307e+09,2.614e+08,0,0.0435768,1e+09,2e+08,0,2010,False,,,39.25,35.94
cyclone,Iran,IRN,2016,4,0,0,2000,2000,0,0,0,0,0,0,0,2010,False,0.2,,16.66,15.16
cyclone,Jamaica,JAM,2016,0,0,125000,0,125000,0,0,0,0,0,0,0,2010,False,,,15.87,15.2
cyclone,Japan,JPN,2016,25,70,9633,0,9703,1.307e+08,0,0,0.00195681,1e+08,0,0,2010,False,0.257652,13470.1,43.12,40.35
cyclone,Mexico,MEX,2016,65,0,21500,0,21500,6.535e+07,0,0,0.00449546,5e+07,0,0,2010,False,0.302326,3039.53,47.23,43.81
cyclone,Mozambique,MOZ,2016,12,200,0,1500,1700,1.96e+06,0,0,0.0124285,1.5e+06,0,0,2010,False,0.705882,1152.94,34.02,31.83
cyclone,Myanmar,MMR,2016,32,36,87920,12000,99956,6.012e+06,0,0,0.00726717,4.6e+06,0,0,2010,False,0.0320141,60.1465,44.28,41.25
cyclone,Netherlands,NLD,2016,0,0,0,0,0,1.10311e+09,6.88788e+08,0,0.105875,8.44e+08,5.27e+08,0,2010,False,,,19.82,19.72
cyclone,Nicaragua,NIC,2016,0,0,10570,0,10570,0,0,0,0,0,0,0,2010,False,,,12.53,12
cyclone,Nigeria,NGA,2016,28,0,1000,0,1000,0,0,0,0,0,0,0,2010,False,2.8,,22.69,20.08
cyclone,Pakistan,PAK,2016,34,191,0,0,191,0,0,0,0,0,0,0,2010,False,17.801,,21.2,18.56
cyclone,Panama,PAN,2016,7,0,12000,0,12000,0,0,0,0,0,0,0,2010,False,0.0583333,,20.94,19.04
cyclone,Philippines,PHL,2016,34,2,2971510,0,2971512,2.23175e+08,0,0,0.0535906,1.70754e+08,0,0,2010,False,0.0011442,75.1049,52.54,49.26
cyclone,Saint Lucia,LCA,2016,0,0,25000,0,25000,0,0,0,0,0,0,0,2010,False,,,13.69,13.11
cyclone,Saint Vincent and the Grenadines,VCT,2016,1,0,0,0,0,0,0,0,0,0,0,0,2010,False,,,2.75,2.29
cyclone,Saudi Arabia,SAU,2016,3,2,120,0,122,6.535e+07,0,0,0.00725395,5e+07,0,0,2010,False,2.45902,535656,29.13,27.85
cyclone,South Korea,KOR,2016,9,0,1500,0,1500,1.64682e+08,0,0,0.00797897,1.26e+08,0,0,2010,False,0.6,109788,37.03,35
cyclone,Taiwan,TWN,2016,10,460,0,0,460,2.3526e+08,0,0,,1.8e+08,0,0,2010,False,2.17391,511435,36.15,34.12
cyclone,Tonga,TON,2016,0,0,392,0,392,0,0,0,0,0,0,0,2010,False,,,8.08,7.74
cyclone,United Kingdom,GBR,2016,0,0,7200,0,7200,2.0912e+08,1.5684e+08,0,0.00591102,1.6e+08,1.2e+08,0,2010,False,,29044.4,30.25,29.64
cyclone,United States,USA,2016,199,98,85018800,570,85019468,3.66613e+10,2.16374e+10,0,0.149163,2.805e+10,1.6555e+10,0,2010,False,0.000234064,431.211,68.84,64.19
cyclone,Vietnam,VNM,2016,71,20,992820,2500,995340,8.95499e+08,0,0,0.266499,6.85157e+08,0,0,2010,False,0.00713324,899.692,55.25,51.54
cyclone,Zimbabwe,ZWE,2016,31,0,2000,0,2000,0,0,0,0,0,0,0,2010,False,1.55,,24.02,21.3
cyclone,Afghanistan,AFG,2017,67,10,9045,0,9055,0,0,0,0,0,0,0,2010,False,0.739923,,29.05,25.75
cyclone,Anguilla,AIA,2017,4,0,15000,0,15000,2.55948e+08,8.574e+06,0,,2e+08,6.7e+06,0,2010,False,0.0266667,17063.2,37.81,36.1
cyclone,Antigua and Barbuda,ATG,2017,1,0,1800,0,1800,3.19934e+08,8.702e+06,2.55948e+08,16.2882,2.5e+08,6.8e+06,2e+08,2010,False,0.0555556,177741,31.53,30.54
cyclone,Australia,AUS,2017,12,0,51000,0,51000,4.08236e+09,2.29073e+09,0,0.239689,3.19e+09,1.79e+09,0,2010,False,0.0235294,80046.4,45.89,43.47
cyclone,Austria,AUT,2017,5,120,210,0,330,1.51009e+08,1.5357e+07,0,0.0284388,1.18e+08,1.2e+07,0,2010,False,1.51515,457603,32.88,31.27
cyclone,Bahamas,BHS,2017,0,0,0,0,0,2.559e+06,509000,0,0.0160683,2e+06,397600,0,2010,False,,,14.05,13.97
cyclone,Bangladesh,BGD,2017,19,12,3300000,0,3300012,0,0,0,0,0,0,0,2010,False,0.000575755,,32.17,29.34
cyclone,Barbados,BRB,2017,1,0,0,0,0,0,0,0,0,0,0,0,2010,False,,,2.75,2.29
cyclone,British Virgin Islands,VGB,2017,9,0,0,0,0,3.83921e+09,0,0,,3e+09,0,0,2010,False,,,30.14,28.51
cyclone,Central African Republic,CAF,2017,0,0,3690,0,3690,0,0,0,0,0,0,0,2010,False,,,11.1,10.64
cyclone,China,CHN,2017,91,406,277400,29400,307206,9.44651e+09,3.19934e+08,0,0.0588759,7.3816e+09,2.5e+08,0,2010,False,0.0296218,30749.8,56.87,53.06
cyclone,Costa Rica,CRI,2017,13,0,11500,0,11500,2.36752e+08,0,0,0.305704,1.85e+08,0,0,2010,False,0.113043,20587.1,41.46,39.09
cyclone,Croatia,HRV,2017,0,0,8000,0,8000,2.06038e+08,7.678e+06,0,0.286567,1.61e+08,6e+06,0,2010,False,,25754.8,30.37,29.76
cyclone,Cuba,CUB,2017,10,0,10000000,0,10000000,6.91058e+08,2.55948e+08,0,0.557559,5.4e+08,2e+08,0,2010,False,0.0001,69.1058,50.67,48.07
cyclone,Czechia,CZE,2017,0,0,600,0,600,3.711e+06,0,0,0.00130888,2.9e+06,0,0,2010,False,,6185,23.05,22.61
cyclone,Dominica,DMA,2017,64,100,71293,0,71393,1.8633e+09,2.4699e+07,0,258.451,1.456e+09,1.93e+07,0,2010,False,0.0896446,26099.2,51.98,48.48
cyclone,Dominican Republic,DOM,2017,5,0,42560,27,42587,8.0623e+07,0,0,0.079676,6.3e+07,0,0,2010,False,0.0117407,1893.14,38.84,36.96
cyclone,El Salvador,SLV,2017,10,4,530,50,584,0,0,0,0,0,0,0,2010,False,1.71233,,18.12,16.18
cyclone,France,FRA,2017,2,11,0,0,11,7.03856e+08,4.36391e+08,0,0.0212448,5.5e+08,3.41e+08,0,2010,False,18.1818,6.39869e+07,27.11,26.14
cyclone,Germany,DEU,2017,5,24,0,0,24,1.15048e+09,7.29451e+08,0,0.0238756,8.99e+08,5.7e+08,0,2010,False,20.8333,4.79368e+07,31.32,29.85
cyclone,Ghana,GHA,2017,20,12,0,0,12,0,0,0,0,0,0,0,2010,False,166.667,,15.54,13.39
cyclone,Guadeloupe,GLP,2017,4,2,80000,0,80002,1.53569e+08,0,0,,1.2e+08,0,0,2010,False,0.00499988,1919.56,39.59,37.79
cyclone,Guatemala,GTM,2017,8,0,2762,413,3175,0,0,0,0,0,0,0,2010,False,0.251969,,19.61,17.7
cyclone,Haiti,HTI,2017,4,17,40075,0,40092,0,207000,0,0,0,162000,0,2010,False,0.00997705,,20.71,19.04
cyclone,Honduras,HND,2017,3,0,120,0,120,0,0,0,0,0,0,0,2010,False,2.5,,11.98,10.79
cyclone,Hong Kong,HKG,2017,1,129,27,0,156,9.66842e+08,0,0,0.221377,7.555e+08,0,0,2010,False,0.641026,6.19771e+06,29.28,28.43
cyclone,Hungary,HUN,2017,0,0,1298,0,1298,0,0,0,0,0,0,0,2010,False,,,9.69,9.28
cyclone,India,IND,2017,940,32,63220,60000,123252,0,0,0,0,0,0,0,2010,False,0.762665,,42.99,37.81
cyclone,Indonesia,IDN,2017,11,35,0,2000,2035,0,0,0,0,0,0,0,2010,False,0.540541,,20.15,18.08
cyclone,Italy,ITA,2017,13,0,1000,0,1000,2.80902e+08,0,0,0.0111381,2.195e+08,0,0,2010,False,1.3,280902,38.32,36.09
cyclone,Jamaica,JAM,2017,0,0,5000,0,5000,0,0,0,0,0,0,0,2010,False,,,11.51,11.03
cyclone,Japan,JPN,2017,12,317,41538,0,41855,1.92217e+09,4.22314e+08,0,0.029812,1.502e+09,3.3e+08,0,2010,False,0.0286704,45924.4,44.91,42.5
cyclone,Macao,MAC,2017,10,200,0,0,200,1.81723e+09,0,0,2.82323,1.42e+09,0,0,2010,False,5,9.08614e+06,36.97,34.98
cyclone,Madagascar,MDG,2017,81,253,434000,0,434253,2.5595e+07,0,0,0.151788,2e+07,0,0,2010,False,0.0186527,58.9403,51.26,47.53
cyclone,Malaysia,MYS,2017,0,0,426,0,426,0,0,0,0,0,0,0,2010,False,,,8.19,7.84
cyclone,Martinique,MTQ,2017,0,2,0,0,2,5.6308e+07,0,0,,4.4e+07,0,0,2010,False,,2.8154e+07,18.47,18.32
cyclone,Mauritania,MRT,2017,18,40,2000,0,2040,0,0,0,0,0,0,0,2010,False,0.882353,,21.98,19.6
cyclone,Mexico,MEX,2017,29,0,1410,1600,3010,2.559e+06,0,0,0.000167965,2e+06,0,0,2010,False,0.963455,850.166,38.36,35.59
cyclone,Mozambique,MOZ,2017,7,102,750000,0,750102,2.1756e+07,0,0,0.12816,1.7e+07,0,0,2010,False,0.000933206,29.0041,42.62,40.39
cyclone,Myanmar,MMR,2017,0,0,107520,0,107520,0,0,0,0,0,0,0,2010,False,,,15.66,15
cyclone,New Zealand,NZL,2017,0,0,171,12,183,2.5595e+07,0,0,0.00968233,2e+07,0,0,2010,False,,139863,23.29,22.9
cyclone,Nicaragua,NIC,2017,15,0,39200,0,39200,0,0,0,0,0,0,0,2010,False,0.0382653,,25.29,22.86
cyclone,Pakistan,PAK,2017,26,113,0,0,113,0,0,0,0,0,0,0,2010,False,23.0088,,19.47,17.03
cyclone,Panama,PAN,2017,7,0,12000,0,12000,0,0,0,0,0,0,0,2010,False,0.0583333,,20.94,19.04
cyclone,Philippines,PHL,2017,200,88,2915715,53645,2969448,1.69918e+08,0,0,0.0404212,1.32776e+08,0,0,2010,False,0.00673526,57.2221,59.21,54.77
cyclone,Poland,POL,2017,6,45,5799,0,5844,3.51928e+08,0,0,0.0520482,2.75e+08,0,0,2010,False,0.102669,60220.4,38.17,36.3
cyclone,Puerto Rico,PRI,2017,66,0,540000,210000,750000,8.70222e+10,3.83921e+10,0,65.7351,6.8e+10,3e+10,0,2010,False,0.0088,116030,58.94,55.27
cyclone,Romania,ROU,2017,9,137,0,0,137,9.342e+06,0,0,0.00347375,7.3e+06,0,0,2010,False,6.56934,68189.8,31.07,29.19
cyclone,Russia,RUS,2017,16,201,0,0,201,2.559e+06,0,0,0.000127049,2e+06,0,0,2010,False,7.9602,12731.3,32.45,30.21
cyclone,Rwanda,RWA,2017,3,28,6525,0,6553,0,0,0,0,0,0,0,2010,False,0.0457806,,17.38,15.96
cyclone,Saint Barthelemy,BLM,2017,4,0,0,0,0,0,1.34219e+09,0,,0,1.0488e+09,0,2010,False,,,6.38,5.32
cyclone,Saint Kitts and Nevis,KNA,2017,0,0,500,0,500,2.5595e+07,2.943e+06,0,1.89219,2e+07,2.3e+06,0,2010,False,,51190,24.64,24.2
cyclone,Saint Martin (French part),MAF,2017,12,110,0,0,110,5.24692e+09,1.57561e+09,0,,4.1e+09,1.2312e+09,0,2010,False,10.9091,4.76993e+07,37.84,35.77
cyclone,Sint Maarten (Dutch part),SXM,2017,4,40,5000,0,5040,3.19934e+09,6.39869e+08,0,184.746,2.5e+09,5e+08,0,2010,False,0.0793651,634791,38.74,37.08
cyclone,South Africa,ZAF,2017,20,18,6918,500,7436,7.71682e+08,3.64725e+08,0,0.158082,6.03e+08,2.85e+08,0,2010,False,0.268962,103776,43.6,40.98
cyclone,Sri Lanka,LKA,2017,27,77,160000,0,160077,4.42789e+08,0,0,0.366644,3.46e+08,0,0,2010,False,0.0168669,2766.1,48.36,45.38
cyclone,Taiwan,TWN,2017,1,131,0,0,131,2.2011e+07,0,0,,1.72e+07,0,0,2010,False,0.763359,168023,25.44,24.62
cyclone,Thailand,THA,2017,0,0,28560,0,28560,0,0,0,0,0,0,0,2010,False,,,13.87,13.28
cyclone,Turkey,TUR,2017,0,0,270,0,270,7.67843e+08,3.83921e+08,0,0.0694545,6e+08,3e+08,0,2010,False,,2.84386e+06,27.05,26.63
cyclone,Turks and Caicos Islands,TCA,2017,0,0,0,0,0,6.39869e+08,1.9068e+07,0,41.7377,5e+08,1.49e+07,0,2010,False,,,19.3,19.2
cyclone,United States,USA,2017,244,319,757070,97012,854401,2.17803e+11,9.11493e+10,0,0.867797,1.70193e+11,7.1225e+10,0,2010,False,0.028558,254919,65.13,60.59
cyclone,United States Virgin Islands,VIR,2017,7,0,0,0,0,0,0,0,0,0,0,0,2010,False,,,8.24,6.87
cyclone,Vanuatu,VUT,2017,0,0,2564,0,2564,0,0,0,0,0,0,0,2010,False,,,10.61,10.16
cyclone,Vietnam,VNM,2017,147,113,5042900,0,5043013,3.82002e+09,0,0,1.06094,2.985e+09,0,0,2010,False,0.00291492,757.487,61.68,57.4
cyclone,Zimbabwe,ZWE,2017,251,128,100000,12895,113023,2.4187e+08,0,0,0.370329,1.89e+08,0,0,2010,False,0.222079,2140.01,56.03,51.62
cyclone,Argentina,ARG,2018,2,0,1200,0,1200,0,0,0,0,0,0,0,2010,False,0.166667,,13.94,12.81
cyclone,Armenia,ARM,2018,0,0,9900,0,9900,2.276e+06,0,0,0.0146252,1.822e+06,0,0,2010,False,,229.899,26.37,25.77
cyclone,Bangladesh,BGD,2018,33,0,0,0,0,0,0,0,0,0,0,0,2010,False,,,13.98,11.66
cyclone,Belgium,BEL,2018,1,0,0,0,0,0,0,0,0,0,0,0,2010,False,,,2.75,2.29
cyclone,Canada,CAN,2018,0,30,900,0,930,4.05998e+08,0,0,0.018837,3.25e+08,0,0,2010,False,,436557,28.11,27.62
cyclone,China,CHN,2018,110,0,4605700,4000,4609700,1.33357e+10,0,0,0.075455,1.06752e+10,0,0,2010,False,0.00238627,2892.97,61.61,57.51
cyclone,Cuba,CUB,2018,9,0,40540,0,40540,0,0,0,0,0,0,0,2010,False,0.0222003,,23.47,21.35
cyclone,Djibouti,DJI,2018,2,0,25000,0,25000,0,0,0,0,0,0,0,2010,False,0.008,,18.05,16.74
cyclone,Dominican Republic,DOM,2018,0,0,0,8000,8000,0,0,0,0,0,0,0,2010,False,,,12.15,11.64
cyclone,Fiji,FJI,2018,7,0,179200,0,179200,7.4953e+07,0,0,1.07499,6e+07,0,0,2010,False,0.00390625,418.265,41.86,39.71
cyclone,France,FRA,2018,6,30,0,0,30,2.49845e+08,0,0,0.00719017,2e+08,0,0,2010,False,20,8.32817e+06,30.76,29.19
cyclone,Germany,DEU,2018,5,12,0,0,12,7.35138e+08,0,0,0.0145108,5.88475e+08,0,0,2010,False,41.6667,6.12615e+07,30.01,28.58
cyclone,Guinea-Bissau,GNB,2018,3,0,11541,0,11541,0,0,0,0,0,0,0,2010,False,0.0259943,,18.14,16.69
cyclone,Hong Kong,HKG,2018,0,300,0,0,300,0,0,0,0,0,0,0,2010,False,,,7.72,7.39
cyclone,India,IND,2018,625,650,853000,0,853650,2.67834e+09,0,0,0.0793213,2.144e+09,0,0,2010,False,0.073215,3137.52,64.66,59.53
cyclone,Ireland,IRL,2018,2,0,0,0,0,0,0,0,0,0,0,0,2010,False,,,4.36,3.63
cyclone,Italy,ITA,2018,12,0,2200,0,2200,1.37415e+09,0,0,0.052395,1.1e+09,0,0,2010,False,0.545455,624613,40.6,38.37
cyclone,Japan,JPN,2018,24,800,25500,0,26300,2.12368e+10,1.1243e+10,0,0.329822,1.7e+10,9e+09,0,2010,False,0.0912548,807484,49.16,46.34
cyclone,Laos,LAO,2018,0,0,735145,0,735145,2.81076e+08,0,0,1.24024,2.25e+08,0,0,2010,False,,382.341,36.78,35.91
cyclone,Lebanon,LBN,2018,15,0,0,0,0,0,0,0,0,0,0,0,2010,False,,,10.99,9.17
cyclone,Madagascar,MDG,2018,94,0,212190,0,212190,0,0,0,0,0,0,0,2010,False,0.0442999,,34.63,30.94
cyclone,Mauritius,MUS,2018,0,0,30000,0,30000,0,0,0,0,0,0,0,2010,False,,,13.94,13.35
cyclone,Mexico,MEX,2018,20,0,10000,0,10000,6.79335e+08,0,0,0.0432862,5.43805e+08,0,0,2010,False,0.2,67933.5,43.88,41.25
cyclone,Netherlands,NLD,2018,3,0,0,0,0,1.37429e+08,0,0,0.0118325,1.10011e+08,0,0,2010,False,,,23.33,22.33
cyclone,North Korea,PRK,2018,86,0,58143,0,58143,5.796e+06,0,0,,4.64e+06,0,0,2010,False,0.147911,99.6853,47.36,43.71
cyclone,Northern Mariana Islands,MNP,2018,2,0,0,0,0,0,0,0,0,0,0,0,2010,False,,,4.36,3.63
cyclone,Oman,OMN,2018,6,0,0,0,0,0,0,0,0,0,0,0,2010,False,,,7.71,6.43
cyclone,Philippines,PHL,2018,302,254,9348635,0,9348889,7.07246e+08,0,0,0.163229,5.66148e+08,0,0,2010,False,0.00323033,75.6503,63.75,58.97
cyclone,Portugal,PRT,2018,2,28,60,0,88,1.44286e+08,7.4954e+07,0,0.047709,1.155e+08,6e+07,0,2010,False,2.27273,1.63961e+06,28.31,27.23
cyclone,Reunion,REU,2018,0,0,200,0,200,0,0,0,,0,0,0,2010,False,,,7.17,6.87
cyclone,Solomon Islands,SLB,2018,0,0,1000,0,1000,0,0,0,0,0,0,0,2010,False,,,9.34,8.95
cyclone,Somalia,SOM,2018,53,0,228000,0,228000,0,0,0,0,0,0,0,2010,False,0.0232456,,32.49,29.16
cyclone,Spain,ESP,2018,2,0,0,0,0,0,0,0,0,0,0,0,2010,False,,,4.36,3.63
cyclone,Switzerland,CHE,2018,0,16,0,0,16,0,2.0362e+07,0,0,0,1.63e+07,0,2010,False,,,3.83,3.67
cyclone,Taiwan,TWN,2018,7,140,6000,0,6140,4.2474e+07,0,0,,3.4e+07,0,0,2010,False,0.114007,6917.59,36.76,34.8
cyclone,Tonga,TON,2018,0,0,87000,0,87000,0,0,0,0,0,0,0,2010,False,,,15.38,14.73
cyclone,Ukraine,UKR,2018,0,0,600,0,600,0,0,0,0,0,0,0,2010,False,,,8.65,8.29
cyclone,United Kingdom,GBR,2018,2,4,780,0,784,1.2492e+07,0,0,0.000345181,1e+07,0,0,2010,False,0.255102,15933.7,28.92,27.74
cyclone,United States,USA,2018,177,18,1505075,0,1505093,4.97367e+10,2.25551e+10,0,0.192635,3.97917e+10,1.804e+10,0,2010,False,0.0117601,33045.6,63.22,58.87
cyclone,Vietnam,VNM,2018,67,28,156000,0,156028,2.98815e+08,0,0,0.0771348,2.392e+08,0,0,2010,False,0.042941,1915.14,51.47,47.91
cyclone,Yemen,YEM,2018,49,124,15750,0,15874,0,0,0,0,0,0,0,2010,False,0.308681,,28.58,25.46
cyclone,Armenia,ARM,2019,0,0,11700,0,11700,0,0,0,0,0,0,0,2010,False,,,12.66,12.13
cyclone,Austria,AUT,2019,11,0,0,0,0,0,0,0,0,0,0,0,2010,False,,,9.85,8.22
cyclone,Bahamas,BHS,2019,356,0,14940,0,14940,4.17176e+09,0,0,25.6082,3.4e+09,0,0,2010,False,2.38286,279234,57.38,52.85
cyclone,Bangladesh,BGD,2019,94,116,251435,10000,261551,7.098e+06,0,0,0.00164706,5.785e+06,0,0,2010,False,0.0359395,27.1381,49.94,46.14
cyclone,Canada,CAN,2019,1,0,0,0,0,3.37422e+08,0,0,0.0157708,2.75e+08,0,0,2010,False,,,21.44,20.88
cyclone,China,CHN,2019,81,120,153000,0,153120,1.29312e+10,0,0,0.0723824,1.0539e+10,0,0,2010,False,0.0528997,84451.7,55.77,52.07
cyclone,Comoros,COM,2019,8,180,345131,0,345311,0,0,0,0,0,0,0,2010,False,0.00231675,,25.95,23.78
cyclone,Cuba,CUB,2019,6,195,9916,0,10111,0,0,0,0,0,0,0,2010,False,0.0593413,,20.18,18.37
cyclone,Fiji,FJI,2019,1,0,7780,0,7780,0,0,0,0,0,0,0,2010,False,0.0128535,,14.86,13.89
cyclone,France,FRA,2019,9,31,1425,0,1456,5.09201e+08,0,0,0.0152417,4.15e+08,0,0,2010,False,0.618132,349726,38.06,36.03
cyclone,Gambia,GMB,2019,4,101,15000,0,15101,0,0,0,0,0,0,0,2010,False,0.0264883,,19.39,17.78
cyclone,Germany,DEU,2019,1,0,0,0,0,0,0,0,0,0,0,0,2010,False,,,2.75,2.29
cyclone,Greece,GRC,2019,7,123,0,0,123,0,0,0,0,0,0,0,2010,False,5.69106,,14.76,13.12
cyclone,Guatemala,GTM,2019,4,104,78349,0,78453,0,0,0,0,0,0,0,2010,False,0.00509859,,21.62,19.91
cyclone,Hungary,HUN,2019,0,0,150000,0,150000,0,0,0,0,0,0,0,2010,False,,,16.11,15.43
cyclone,India,IND,2019,172,0,20130000,0,20130000,2.22085e+09,0,0,0.0638312,1.81e+09,0,0,2010,False,0.000854446,110.325,63.65,59.19
cyclone,Italy,ITA,2019,4,0,542,0,542,0,0,0,0,0,0,0,2010,False,0.738007,,14.89,13.47
cyclone,Japan,JPN,2019,102,641,512000,0,512641,3.20367e+10,2.08588e+10,0,0.497736,2.611e+10,1.7e+10,0,2010,False,0.019897,62493.4,59.18,55.25
cyclone,Lebanon,LBN,2019,3,9,11000,0,11009,0,0,0,0,0,0,0,2010,False,0.0272504,,18.08,16.63
cyclone,Luxembourg,LUX,2019,0,19,1500,0,1519,0,1.37423e+08,0,0,0,1.12e+08,0,2010,False,,,9.9,9.49
cyclone,Madagascar,MDG,2019,8,6293,15100,0,21393,3.0675e+07,0,0,0.177246,2.5e+07,0,0,2010,False,0.0373954,1433.88,38.6,36.5
cyclone,Mexico,MEX,2019,4,0,1200,0,1200,4.69937e+08,3.0675e+07,0,0.0293688,3.83e+08,2.5e+07,0,2010,False,0.333333,391614,34.98,33.41
cyclone,Micronesia (country),FSM,2019,0,0,10000,0,10000,0,0,0,0,0,0,0,2010,False,,,12.45,11.93
cyclone,Mongolia,MNG,2019,0,0,500,0,500,0,0,0,0,0,0,0,2010,False,,,8.4,8.05
cyclone,Mozambique,MOZ,2019,648,1594,1900000,0,1901594,2.73619e+09,1.84048e+08,0,14.3753,2.23e+09,1.5e+08,0,2010,False,0.0340767,1438.89,65.9,60.7
cyclone,Nepal,NPL,2019,28,612,14242,0,14854,0,0,0,0,0,0,0,2010,False,0.188501,,26.34,23.57
cyclone,North Korea,PRK,2019,5,0,5300000,0,5300000,2.9448e+07,0,0,,2.4e+07,0,0,2010,False,9.43396e-05,5.55623,44.41,42.26
cyclone,Pakistan,PAK,2019,39,135,0,0,135,0,0,0,0,0,0,0,2010,False,28.8889,,21.27,18.56
cyclone,Philippines,PHL,2019,92,692,5682282,342165,6025139,6.60505e+08,0,0,0.142856,5.38313e+08,0,0,2010,False,0.00152694,109.625,58.41,54.43
cyclone,Poland,POL,2019,4,157,0,0,157,0,0,0,0,0,0,0,2010,False,2.54777,,13.22,11.88
cyclone,Portugal,PRT,2019,3,0,51,0,51,0,0,0,0,0,0,0,2010,False,5.88235,,10.84,9.7
cyclone,Slovakia,SVK,2019,1,0,0,0,0,0,0,0,0,0,0,0,2010,False,,,2.75,2.29
cyclone,Somalia,SOM,2019,6,0,30000,0,30000,0,0,0,0,0,0,0,2010,False,0.02,,21.65,19.78
cyclone,South Africa,ZAF,2019,4,20,0,0,20,0,0,0,0,0,0,0,2010,False,20,,10.5,9.26
cyclone,South Korea,KOR,2019,20,44,84808,0,84852,6.78525e+08,0,0,0.0315811,5.53e+08,0,0,2010,False,0.0235705,7996.57,46.77,44.01
cyclone,Spain,ESP,2019,8,0,320,0,320,0,0,0,0,0,0,0,2010,False,2.5,,16.51,14.74
cyclone,Switzerland,CHE,2019,5,0,0,0,0,0,0,0,0,0,0,0,2010,False,,,7.1,5.92
cyclone,Taiwan,TWN,2019,2,0,0,0,0,0,0,0,,0,0,0,2010,False,,,4.36,3.63
cyclone,Tanzania,TZA,2019,0,0,2000000,0,2000000,0,0,0,0,0,0,0,2010,False,,,19.61,18.79
cyclone,Thailand,THA,2019,7,0,720885,0,720885,0,0,0,0,0,0,0,2010,False,0.000971029,,26.48,24.34
cyclone,United States,USA,2019,139,321,1000,165,1486,1.38957e+10,4.68096e+09,0,0.0525766,1.1325e+10,3.815e+09,0,2010,False,9.35397,9.35105e+06,51.7,47.91
cyclone,Vietnam,VNM,2019,4,14,22150,0,22164,4.908e+06,0,0,0.0011963,4e+06,0,0,2010,False,0.0180473,221.44,34.57,32.87
cyclone,Zimbabwe,ZWE,2019,628,186,270000,0,270186,0,0,0,0,0,0,0,2010,False,0.232432,,42.45,37.5
cyclone,Afghanistan,AFG,2020,13,40,7441,0,7481,0,0,0,0,0,0,0,2020,False,0.173774,,22.52,20.28
cyclone,Argentina,ARG,2020,0,0,250,0,250,0,0,0,0,0,0,0,2020,False,,,7.47,7.15
cyclone,Armenia,ARM,2020,0,0,2836,0,2836,0,0,0,0,0,0,0,2020,False,,,10.75,10.29
cyclone,Australia,AUS,2020,0,0,0,0,0,3.2725e+09,1.21204e+09,0,0.2025,2.7e+09,1e+09,0,2020,False,,,20.86,20.74
cyclone,Bangladesh,BGD,2020,26,0,2600000,0,2600000,1.81806e+09,0,0,0.401092,1.5e+09,0,0,2020,False,0.001,699.253,53.33,50.21
cyclone,Belize,BLZ,2020,0,0,60000,0,60000,0,0,0,0,0,0,0,2020,False,,,14.87,14.25
cyclone,Brazil,BRA,2020,12,0,1119,0,1119,1.21204e+08,0,0,0.00677458,1e+08,0,0,2020,False,1.07239,108315,37.38,35.19
cyclone,Burundi,BDI,2020,2,0,5000,0,5000,0,0,0,0,0,0,0,2020,False,0.04,,15.87,14.66
cyclone,Cambodia,KHM,2020,44,0,759360,0,759360,1.21204e+08,0,0,0.287207,1e+08,0,0,2020,False,0.00579435,159.613,51.12,47.74
cyclone,Canada,CAN,2020,0,0,60000,0,60000,1.45444e+09,1.09083e+09,0,0.0724775,1.2e+09,9e+08,0,2020,False,,24240.8,34.96,34.22
cyclone,China,CHN,2020,26,0,627335,0,627335,1.54535e+09,0,0,0.00850203,1.275e+09,0,0,2020,False,0.00414452,2463.35,51.26,48.22
cyclone,Colombia,COL,2020,23,0,277800,0,277800,1.51505e+08,0,0,0.0462366,1.25e+08,0,0,2020,False,0.00827934,545.374,47.48,44.57
cyclone,Costa Rica,CRI,2020,0,0,25000,0,25000,0,0,0,0,0,0,0,2020,False,,,13.69,13.11
cyclone,Cuba,CUB,2020,0,3,4330,0,4333,0,0,0,0,0,0,0,2020,False,,,11.32,10.84
cyclone,Czechia,CZE,2020,1,5,0,0,5,0,0,0,0,0,0,0,2020,False,20,,5.17,4.61
cyclone,Dominican Republic,DOM,2020,6,0,15595,0,15595,1.99986e+08,0,0,0.210066,1.65e+08,0,0,2020,False,0.0384739,12823.7,38.96,37.03
cyclone,El Salvador,SLV,2020,33,0,149840,0,149840,2.66648e+08,0,0,0.882783,2.2e+08,0,0,2020,False,0.0220235,1779.55,48.56,45.46
cyclone,Fiji,FJI,2020,8,0,205115,0,205115,1.7113e+07,0,0,0.333986,1.412e+07,0,0,2020,False,0.00390025,83.4312,41.1,38.87
cyclone,France,FRA,2020,18,31,12980,0,13011,1.17204e+09,0,0,0.0365191,9.67e+08,0,0,2020,False,0.138344,90080.7,44.36,41.77
cyclone,Germany,DEU,2020,9,33,0,0,33,1.33324e+09,0,0,0.0279089,1.1e+09,0,0,2020,False,27.2727,4.04012e+07,33.9,32.07
cyclone,Greece,GRC,2020,4,0,480,0,480,2.90889e+08,0,0,0.125416,2.4e+08,0,0,2020,False,0.833333,606019,33.28,31.77
cyclone,Guatemala,GTM,2020,164,30,2853156,886,2854072,4.67847e+08,0,0,0.496658,3.86e+08,0,0,2020,False,0.00574618,163.923,59.34,55.03
cyclone,Haiti,HTI,2020,39,0,44175,0,44175,0,0,0,0,0,0,0,2020,False,0.0882852,,29.08,26.05
cyclone,Honduras,HND,2020,129,0,5145784,0,5145784,0,0,0,0,0,0,0,2020,False,0.00250691,,40.19,36.1
cyclone,India,IND,2020,121,0,18007500,0,18007500,1.80836e+10,0,0,0.557788,1.492e+10,0,0,2020,False,0.000671942,1004.23,64.11,59.88
cyclone,Italy,ITA,2020,11,22,10900,0,10922,7.2722e+07,0,0,0.00314551,6e+07,0,0,2020,False,0.100714,6658.3,39.65,37.4
cyclone,Japan,JPN,2020,23,60,0,0,60,2.42408e+08,0,0,0.00385416,2e+08,0,0,2020,False,38.3333,4.04013e+06,36.54,34.11
cyclone,Laos,LAO,2020,2,0,70764,0,70764,0,0,0,0,0,0,0,2020,False,0.0028263,,19.45,18.09
cyclone,Madagascar,MDG,2020,4,0,3200,0,3200,0,0,0,0,0,0,0,2020,False,0.125,,17.29,15.77
cyclone,Mexico,MEX,2020,42,0,4106,0,4106,4.06033e+08,0,0,0.0298823,3.35e+08,0,0,2020,False,1.02289,98887.7,45.03,41.98
cyclone,Mongolia,MNG,2020,0,0,22000,0,22000,0,0,0,0,0,0,0,2020,False,,,13.52,12.95
cyclone,Nicaragua,NIC,2020,20,0,930000,0,930000,1.11386e+09,0,0,7.2212,9.19e+08,0,0,2020,False,0.00215054,1197.7,50.48,47.58
cyclone,Pakistan,PAK,2020,107,104,1000000,0,1000104,0,0,0,0,0,0,0,2020,False,0.0106989,,37.24,33.37
cyclone,Panama,PAN,2020,83,0,5000,0,5000,1.3332e+07,0,0,0.019278,1.1e+07,0,0,2020,False,1.66,2666.4,44.7,41.21
cyclone,Philippines,PHL,2020,190,695,5374045,0,5374740,1.26655e+09,0,0,0.288865,1.04497e+09,0,0,2020,False,0.00353505,235.648,61.73,57.28
cyclone,Poland,POL,2020,3,6,0,0,6,0,0,0,0,0,0,0,2020,False,50,,8.13,7.1
cyclone,Puerto Rico,PRI,2020,1,0,0,0,0,7.248e+07,0,0,0.0579846,5.98e+07,0,0,2020,False,,,19.98,19.43
cyclone,Slovenia,SVN,2020,1,0,0,0,0,0,0,0,0,0,0,0,2020,False,,,2.75,2.29
cyclone,Solomon Islands,SLB,2020,48,0,150000,0,150000,0,0,0,0,0,0,0,2020,False,0.032,,31.54,28.3
cyclone,Somalia,SOM,2020,9,0,120000,0,120000,0,0,0,0,0,0,0,2020,False,0.0075,,24.94,22.76
cyclone,South Africa,ZAF,2020,10,0,210,0,210,0,0,0,0,0,0,0,2020,False,4.7619,,16.74,14.86
cyclone,South Korea,KOR,2020,29,7,3400,0,3407,1.45444e+09,9.6963e+08,0,0.0688046,1.2e+09,8e+08,0,2020,False,0.851189,426899,44.56,41.75
cyclone,Spain,ESP,2020,17,0,2000,0,2000,3.81792e+08,1.01811e+08,0,0.0244227,3.15e+08,8.4e+07,0,2020,False,0.85,190896,40.55,38.11
cyclone,Sri Lanka,LKA,2020,4,0,1100,0,1100,0,0,0,0,0,0,0,2020,False,0.363636,,15.85,14.39
cyclone,Sweden,SWE,2020,1,0,0,0,0,0,0,0,0,0,0,0,2020,False,,,2.75,2.29
cyclone,Switzerland,CHE,2020,1,0,13,0,13,0,0,0,0,0,0,0,2020,False,7.69231,,6.32,5.71
cyclone,Taiwan,TWN,2020,1,1,0,0,1,0,0,0,,0,0,0,2020,False,100,,3.68,3.19
cyclone,Thailand,THA,2020,13,2,325423,0,325425,1.212e+07,0,0,0.0019989,1e+07,0,0,2020,False,0.00399478,37.2436,43.15,40.6
cyclone,Tonga,TON,2020,0,0,25000,0,25000,1.34536e+08,0,0,21.912,1.11e+08,0,0,2020,False,,5381.44,31.51,30.84
cyclone,Turkey,TUR,2020,2,0,300,0,300,0,0,0,0,0,0,0,2020,False,0.666667,,12.07,11.02
cyclone,Tuvalu,TUV,2020,0,0,5500,0,5500,0,0,0,0,0,0,0,2020,False,,,11.64,11.15
cyclone,Uganda,UGA,2020,8,0,8700,0,8700,0,0,0,0,0,0,0,2020,False,0.091954,,20.97,19.01
cyclone,United Kingdom,GBR,2020,4,0,6400,0,6400,0,0,0,0,0,0,0,2020,False,0.0625,,18.23,16.67
cyclone,United States,USA,2020,175,531,27900,0,28431,7.28132e+10,3.1513e+10,0,0.281049,6.0075e+10,2.6e+10,0,2020,False,0.615525,2.56105e+06,58.17,54.05
cyclone,Uruguay,URY,2020,0,0,360,0,360,0,0,0,0,0,0,0,2020,False,,,7.96,7.63
cyclone,Vanuatu,VUT,2020,3,120,130000,0,130120,0,0,0,0,0,0,0,2020,False,0.00230556,,21.42,19.83
cyclone,Vietnam,VNM,2020,305,34,2192490,2925,2195449,1.7332e+09,0,0,0.412558,1.42999e+09,0,0,2020,False,0.0138924,789.453,62.68,57.97
cyclone,Australia,AUS,2021,1,0,8625,0,8625,7.92992e+08,0,0,0.0438929,6.85e+08,0,0,2020,False,0.0115942,91941.1,34.51,33.43
cyclone,Bangladesh,BGD,2021,3,0,1300000,0,1300000,0,0,0,0,0,0,0,2020,False,0.000230769,,24.53,22.81
cyclone,Barbados,BRB,2021,0,0,3114,186,3300,0,0,0,0,0,0,0,2020,False,,,10.95,10.49
cyclone,Cambodia,KHM,2021,1,1,500,0,501,0,0,0,0,0,0,0,2020,False,0.199601,,11.15,10.34
cyclone,Canada,CAN,2021,1,2,300,0,302,2.8941e+07,0,0,0.00123617,2.5e+07,0,0,2020,False,0.331126,95831.1,26.83,25.96
cyclone,Chile,CHL,2021,0,0,521,0,521,2.02589e+08,0,0,0.0554662,1.75e+08,0,0,2020,False,,388846,26.67,26.21
cyclone,China,CHN,2021,55,323,171252,459,172034,3.51174e+09,0,0,0.016666,3.0335e+09,0,0,2020,False,0.0319704,20413.1,53.18,49.73
cyclone,Cuba,CUB,2021,0,0,0,0,0,1.15765e+08,0,0,,1e+08,0,0,2020,False,,,17.68,17.58
cyclone,Czechia,CZE,2021,6,215,3600,0,3815,8.11515e+08,0,0,0.240916,7.01e+08,0,0,2020,False,0.157274,212717,38.39,36.54
cyclone,Dominican Republic,DOM,2021,2,0,4178,0,4178,0,0,0,0,0,0,0,2020,False,0.0478698,,15.63,14.43
cyclone,East Timor,TLS,2021,41,0,143670,0,143670,0,0,0,0,0,0,0,2020,False,0.0285376,,30.87,27.73
cyclone,Fiji,FJI,2021,6,0,82751,0,82751,1.1577e+07,0,0,0.24045,1e+07,0,0,2020,False,0.00725067,139.902,38.51,36.5
cyclone,France,FRA,2021,0,0,255,0,255,0,0,0,0,0,0,0,2020,False,,,7.5,7.18
cyclone,Gambia,GMB,2021,10,100,16849,0,16949,0,0,0,0,0,0,0,2020,False,0.0590005,,22.67,20.54
cyclone,Germany,DEU,2021,1,4,600,0,604,0,0,0,0,0,0,0,2020,False,0.165563,,11.41,10.59
cyclone,Haiti,HTI,2021,0,3,0,0,3,0,0,0,0,0,0,0,2020,False,,,1.87,1.8
cyclone,Hong Kong,HKG,2021,2,35,140,0,175,0,0,0,0,0,0,0,2020,False,1.14286,,11.35,10.33
cyclone,India,IND,2021,249,553,2505650,0,2506203,5.09367e+09,0,0,0.138921,4.4e+09,0,0,2020,False,0.00993535,2032.43,63.09,58.5
cyclone,Indonesia,IDN,2021,226,21,509604,0,509625,9.26123e+08,3.47296e+08,0,0.0674247,8e+08,3e+08,0,2020,False,0.0443463,1817.26,58.93,54.5
cyclone,Iran,IRN,2021,12,122,2600,0,2722,0,0,0,0,0,0,0,2020,False,0.440852,,20.86,18.72
cyclone,Japan,JPN,2021,23,394,0,0,394,2.31531e+09,0,0,0.0382707,2e+09,0,0,2020,False,5.83756,5.87641e+06,41.21,38.67
cyclone,Laos,LAO,2021,0,0,26000,0,26000,0,0,0,0,0,0,0,2020,False,,,13.74,13.16
cyclone,Lesotho,LSO,2021,0,0,2550,0,2550,0,0,0,0,0,0,0,2020,False,,,10.6,10.16
cyclone,Madagascar,MDG,2021,2,0,1000,0,1000,0,0,0,0,0,0,0,2020,False,0.2,,13.7,12.58
cyclone,Malawi,MWI,2021,13,51,55500,0,55551,0,0,0,0,0,0,0,2020,False,0.0234019,,25.23,22.87
cyclone,Maldives,MDV,2021,0,0,1320,0,1320,0,0,0,0,0,0,0,2020,False,,,9.72,9.3
cyclone,Mexico,MEX,2021,32,3,2871,0,2874,9.377e+08,0,0,0.0615235,8.1e+08,0,0,2020,False,1.11343,326270,44.29,41.43
cyclone,Mongolia,MNG,2021,12,0,8124,0,8124,0,0,0,0,0,0,0,2020,False,0.14771,,22.34,20.14
cyclone,Mozambique,MOZ,2021,11,15,481886,0,481901,0,0,0,0,0,0,0,2020,False,0.00228263,,27.54,25.16
cyclone,Netherlands,NLD,2021,0,4,0,0,4,0,0,0,0,0,0,0,2020,False,,,2.18,2.08
cyclone,New Zealand,NZL,2021,1,0,750,0,750,3.473e+07,0,0,0.0118235,3e+07,0,0,2020,False,0.133333,46306.7,28.23,27.31
cyclone,Oman,OMN,2021,20,0,90,0,90,9.2612e+07,0,0,0.0916131,8e+07,0,0,2020,False,22.2222,1.02902e+06,35.63,33.28
cyclone,Pakistan,PAK,2021,23,28,0,0,28,0,0,0,0,0,0,0,2020,False,82.1429,,17.15,14.87
cyclone,Palau,PLW,2021,0,0,7288,0,7288,0,0,0,0,0,0,0,2020,False,,,12.02,11.52
cyclone,Philippines,PHL,2021,567,1402,12415861,0,12417263,1.18687e+09,0,0,0.260154,1.02524e+09,0,0,2020,False,0.00456622,95.5819,67.12,61.9
cyclone,Poland,POL,2021,4,15,2000,0,2015,0,0,0,0,0,0,0,2020,False,0.198511,,16.67,15.17
cyclone,Saint Lucia,LCA,2021,1,0,0,0,0,3.936e+07,0,0,1.8171,3.4e+07,0,0,2020,False,,,19.4,18.85
cyclone,Saint Vincent and the Grenadines,VCT,2021,0,0,129,0,129,0,0,0,0,0,0,0,2020,False,,,6.58,6.3
cyclone,South Africa,ZAF,2021,27,27,12010,0,12037,0,0,0,0,0,0,0,2020,False,0.224308,,25.91,23.18
cyclone,South Korea,KOR,2021,0,0,600,0,600,1.5049e+07,0,0,0.000669305,1.3e+07,0,0,2020,False,,25081.7,24.38,23.93
cyclone,Spain,ESP,2021,5,0,0,0,0,2.19954e+09,0,0,0.130026,1.9e+09,0,0,2020,False,,,27.58,26.29
cyclone,Sri Lanka,LKA,2021,0,0,879,0,879,0,0,0,0,0,0,0,2020,False,,,9.17,8.78
cyclone,Sudan,SDN,2021,0,0,16000,0,16000,0,0,0,0,0,0,0,2020,False,,,13.09,12.53
cyclone,Switzerland,CHE,2021,0,5,0,0,5,0,3.7508e+08,0,0,0,3.24e+08,0,2020,False,,,2.42,2.32
cyclone,Taiwan,TWN,2021,18,0,0,0,0,0,0,0,,0,0,0,2020,False,,,11.67,9.73
cyclone,Tanzania,TZA,2021,0,0,30001,0,30001,0,0,0,0,0,0,0,2020,False,,,13.94,13.35
cyclone,Thailand,THA,2021,2,0,0,900,900,0,0,0,0,0,0,0,2020,False,0.222222,,13.55,12.44
cyclone,Ukraine,UKR,2021,1,0,1700,0,1700,1.96801e+08,0,0,0.0850996,1.7e+08,0,0,2020,False,0.0588235,115765,30.99,30.01
cyclone,United Kingdom,GBR,2021,1,0,0,0,0,0,0,0,0,0,0,0,2020,False,,,2.75,2.29
cyclone,United States,USA,2021,494,186,15050,0,15236,1.40747e+11,6.36709e+10,0,0.512441,1.2158e+11,5.5e+10,0,2020,False,3.24232,9.23782e+06,62.06,57.29
cyclone,Vietnam,VNM,2021,11,0,83560,1000,84560,3.0678e+07,0,0,0.00723106,2.65e+07,0,0,2020,False,0.0130085,362.796,41.6,39.23
cyclone,Zimbabwe,ZWE,2021,3,0,2400,0,2400,0,0,0,0,0,0,0,2020,False,0.125,,16.02,14.66
cyclone,Austria,AUT,2022,5,13,0,0,13,0,0,0,0,0,0,0,2020,False,38.4615,,10.67,9.34
cyclone,Bangladesh,BGD,2022,35,0,1000000,0,1000000,0,0,0,0,0,0,0,2020,False,0.0035,,32.88,29.74
cyclone,Belgium,BEL,2022,2,0,0,0,0,0,0,0,0,0,0,0,2020,False,,,4.36,3.63
cyclone,Belize,BLZ,2022,0,0,172000,150,172150,1.07187e+08,0,0,3.51296,1e+08,0,0,2020,False,,622.637,33.9,33.12
cyclone,Cambodia,KHM,2022,16,0,0,0,0,0,0,0,0,0,0,0,2020,False,,,11.23,9.37
cyclone,Canada,CAN,2022,17,0,4000,0,4000,1.91865e+08,0,0,0.00813428,1.79e+08,0,0,2020,False,0.425,47966.2,40.83,38.35
cyclone,China,CHN,2022,24,0,0,0,0,4.96277e+08,0,0,0.00252774,4.63e+08,0,0,2020,False,,,31.82,29.6
cyclone,Colombia,COL,2022,0,2,5000,0,5002,0,0,0,0,0,0,0,2020,False,,,11.52,11.03
cyclone,Costa Rica,CRI,2022,0,0,300000,0,300000,0,0,0,0,0,0,0,2020,False,,,17.05,16.33
cyclone,Cuba,CUB,2022,6,0,3206780,0,3206780,2.6797e+07,0,0,,2.5e+07,0,0,2020,False,0.000187104,8.35636,44.25,42.03
cyclone,Czechia,CZE,2022,1,3,0,0,3,0,0,0,0,0,0,0,2020,False,33.3333,,4.62,4.09
cyclone,Denmark,DNK,2022,1,3,0,0,3,0,0,0,0,0,0,0,2020,False,33.3333,,4.62,4.09
cyclone,Dominican Republic,DOM,2022,2,0,1434802,0,1434802,0,0,0,0,0,0,0,2020,False,0.000139392,,23.52,21.99
cyclone,El Salvador,SLV,2022,11,0,9373,0,9373,1.8222e+07,0,0,0.0533415,1.7e+07,0,0,2020,False,0.117358,1944.09,38.13,35.89
cyclone,Eswatini,SWZ,2022,0,0,1058,0,1058,0,0,0,0,0,0,0,2020,False,,,9.42,9.02
cyclone,Fiji,FJI,2022,1,0,69564,0,69564,2.6797e+07,0,0,0.502224,2.5e+07,0,0,2020,False,0.00143753,385.214,34.1,32.92
cyclone,France,FRA,2022,6,78,60300,0,60378,0,0,0,0,0,0,0,2020,False,0.00993739,,22.6,20.69
cyclone,Germany,DEU,2022,7,2,0,0,2,1.09669e+09,0,0,0.0243549,1.02316e+09,0,0,2020,False,350,5.48347e+08,29.54,28.01
cyclone,Guadeloupe,GLP,2022,1,0,0,0,0,0,0,0,,0,0,0,2020,False,,,2.75,2.29
cyclone,Guatemala,GTM,2022,4,11,457300,0,457311,0,0,0,0,0,0,0,2020,False,0.000874678,,24,22.2
cyclone,Honduras,HND,2022,5,0,144000,0,144000,0,0,0,0,0,0,0,2020,False,0.00347222,,23.16,21.3
cyclone,India,IND,2022,20,0,95000,0,95000,0,0,0,0,0,0,0,2020,False,0.0210526,,27.56,24.91
cyclone,Iraq,IRQ,2022,1,5000,0,0,5000,0,0,0,0,0,0,0,2020,False,0.02,,14.26,13.32
cyclone,Ireland,IRL,2022,1,0,0,0,0,0,0,0,0,0,0,0,2020,False,,,2.75,2.29
cyclone,Italy,ITA,2022,2,15,50,0,65,0,0,0,0,0,0,0,2020,False,3.07692,,10.02,9.06
cyclone,Japan,JPN,2022,27,272,14913,0,15185,2.9498e+09,0,0,0.0618708,2.752e+09,0,0,2020,False,0.177807,194257,46.98,44.13
cyclone,Madagascar,MDG,2022,190,0,428270,0,428270,1.715e+07,0,0,0.104288,1.6e+07,0,0,2020,False,0.0443645,40.0448,54.21,49.93
cyclone,Malawi,MWI,2022,71,206,945728,0,945934,0,0,0,0,0,0,0,2020,False,0.00750581,,35.56,31.96
cyclone,Mauritius,MUS,2022,1,0,139,0,139,0,0,0,0,0,0,0,2020,False,0.719424,,9.43,8.69
cyclone,Mexico,MEX,2022,38,0,16000,0,16000,5.4666e+07,0,0,0.00347664,5.1e+07,0,0,2020,False,0.2375,3416.62,44.57,41.52
cyclone,Mozambique,MOZ,2022,115,315,945177,0,945492,0,0,0,0,0,0,0,2020,False,0.012163,,37.45,33.53
cyclone,Nepal,NPL,2022,21,29,515,0,544,0,0,0,0,0,0,0,2020,False,3.86029,,20.77,18.38
cyclone,Netherlands,NLD,2022,4,0,0,0,0,6.09274e+08,0,0,0.0543142,5.6842e+08,0,0,2020,False,,,25.64,24.47
cyclone,New Zealand,NZL,2022,0,0,690,0,690,0,0,0,0,0,0,0,2020,False,,,8.84,8.47
cyclone,Nicaragua,NIC,2022,5,12,48000,2100,50112,1.92937e+08,0,0,1.15129,1.8e+08,0,0,2020,False,0.00997765,3850.12,39.9,38
cyclone,Nigeria,NGA,2022,7,0,0,1500,1500,0,0,0,0,0,0,0,2020,False,0.466667,,18.13,16.35
cyclone,Pakistan,PAK,2022,22,0,0,0,0,0,0,0,0,0,0,0,2020,False,,,12.43,10.37
cyclone,Philippines,PHL,2022,521,165,6654077,0,6654242,1.7372e+08,0,0,0.0400815,1.62071e+08,0,0,2020,False,0.00782959,26.1067,64.11,59
cyclone,Poland,POL,2022,7,12,1500,0,1512,0,0,0,0,0,0,0,2020,False,0.462963,,18.14,16.36
cyclone,Puerto Rico,PRI,2022,25,0,0,0,0,2.67968e+09,0,0,2.19599,2.5e+09,0,0,2020,False,,,33.58,31.33
cyclone,Reunion,REU,2022,0,13,0,0,13,0,0,0,,0,0,0,2020,False,,,3.57,3.42
cyclone,Russia,RUS,2022,6,0,300,0,300,0,0,0,0,0,0,0,2020,False,2,,15.43,13.82
cyclone,South Korea,KOR,2022,12,3,36000,0,36003,0,0,0,0,0,0,0,2020,False,0.0333306,,24.35,22.06
cyclone,Sri Lanka,LKA,2022,3,0,28838,0,28838,0,0,0,0,0,0,0,2020,False,0.0104029,,19.38,17.88
cyclone,Syria,SYR,2022,2,0,362700,0,362700,0,0,0,0,0,0,0,2020,False,0.00055142,,21.66,20.21
cyclone,Taiwan,TWN,2022,0,0,100,0,100,429000,0,0,,400000,0,0,2020,False,,4290,18.59,18.26
cyclone,Thailand,THA,2022,2,2,1050,0,1052,0,0,0,0,0,0,0,2020,False,0.190114,,13.76,12.64
cyclone,United Kingdom,GBR,2022,6,0,0,0,0,5.26656e+08,0,0,0.015445,4.91342e+08,0,0,2020,False,,,26.83,25.45
cyclone,United States,USA,2022,305,133,2642,0,2775,1.31247e+11,6.94574e+10,0,0.469959,1.22446e+11,6.48e+10,0,2020,False,10.991,4.7296e+07,57.78,53.43
cyclone,Venezuela,VEN,2022,0,0,30000,0,30000,0,0,0,0,0,0,0,2020,False,,,13.94,13.35
cyclone,Vietnam,VNM,2022,30,172,490918,800,491890,6.9672e+07,0,0,0.0157216,6.5e+07,0,0,2020,False,0.00609892,141.641,48.52,45.42
cyclone,Zimbabwe,ZWE,2022,0,0,3000,0,3000,0,0,0,0,0,0,0,2020,False,,,10.82,10.37
cyclone,Argentina,ARG,2023,13,20,14000,0,14020,1.28687e+08,0,0,0.0192467,1.25e+08,0,0,2020,False,0.0927247,9178.82,41.15,38.77
cyclone,Armenia,ARM,2023,0,0,18000,0,18000,0,0,0,0,0,0,0,2020,False,,,13.25,12.69
cyclone,Australia,AUS,2023,10,0,2400,0,2400,0,0,0,0,0,0,0,2020,False,0.416667,,20.03,18.01
cyclone,Bangladesh,BGD,2023,16,12,2250000,0,2250012,2.58403e+08,0,0,0.0573825,2.51e+08,0,0,2020,False,0.000711107,114.845,49.45,46.65
cyclone,Barbados,BRB,2023,0,0,179,0,179,0,0,0,0,0,0,0,2020,False,,,7.02,6.72
cyclone,Belgium,BEL,2023,2,0,0,0,0,0,0,0,0,0,0,0,2020,False,,,4.36,3.63
cyclone,Bosnia and Herzegovina,BIH,2023,1,20,0,0,20,0,0,0,0,0,0,0,2020,False,5,,6.86,6.23
cyclone,Brazil,BRA,2023,47,924,342050,300,343274,9.67725e+08,0,0,0.0429002,9.4e+08,0,0,2020,False,0.0136917,2819.1,52.28,48.89
cyclone,Bulgaria,BGR,2023,4,36,0,0,36,0,0,0,0,0,0,0,2020,False,11.1111,,11.26,10
cyclone,Cambodia,KHM,2023,0,0,14100,0,14100,0,0,0,0,0,0,0,2020,False,,,12.92,12.37
cyclone,Central African Republic,CAF,2023,0,0,6066,0,6066,0,0,0,0,0,0,0,2020,False,,,11.78,11.28
cyclone,China,CHN,2023,62,59,880849,0,880908,2.64477e+10,0,0,0.14061,2.569e+10,0,0,2020,False,0.00703819,30023.3,57.78,54.15
cyclone,Croatia,HRV,2023,1,100,6000,0,6100,0,0,0,0,0,0,0,2020,False,0.0163934,,14.53,13.58
cyclone,Dominican Republic,DOM,2023,3,0,289083,0,289083,0,0,0,0,0,0,0,2020,False,0.00103776,,22.5,20.87
cyclone,El Salvador,SLV,2023,3,0,500,0,500,0,0,0,0,0,0,0,2020,False,0.6,,13.9,12.63
cyclone,Fiji,FJI,2023,0,0,230000,0,230000,0,0,0,0,0,0,0,2020,False,,,16.69,15.99
cyclone,France,FRA,2023,2,66,0,517000,517066,4.118e+07,0,0,0.00130879,4e+07,0,0,2020,False,0.000386798,79.6417,38.83,37.27
cyclone,Gabon,GAB,2023,0,0,3000,0,3000,0,0,0,0,0,0,0,2020,False,,,10.82,10.37
cyclone,Germany,DEU,2023,4,0,0,0,0,0,0,0,0,0,0,0,2020,False,,,6.38,5.32
cyclone,Greece,GRC,2023,0,0,250,0,250,0,0,0,0,0,0,0,2020,False,,,7.47,7.15
cyclone,Guam,GUM,2023,2,0,100000,0,100000,4.42683e+09,0,0,,4.3e+09,0,0,2020,False,0.002,44268.3,41.06,39.57
cyclone,Honduras,HND,2023,5,0,46658,0,46658,0,0,0,0,0,0,0,2020,False,0.0107163,,21.64,19.84
cyclone,Hong Kong,HKG,2023,0,86,0,0,86,0,0,0,0,0,0,0,2020,False,,,6.04,5.78
cyclone,India,IND,2023,79,53,4402060,0,4402113,1.28687e+08,0,0,0.0035705,1.25e+08,0,0,2020,False,0.00179459,29.233,55.83,51.98
cyclone,Indonesia,IDN,2023,1,10,980,0,990,0,0,0,0,0,0,0,2020,False,0.10101,,12.07,11.22
cyclone,Iran,IRN,2023,6,3067,400,0,3467,0,0,0,0,0,0,0,2020,False,0.17306,,18.73,16.99
cyclone,Iraq,IRQ,2023,3,0,0,0,0,0,0,0,0,0,0,0,2020,False,,,5.5,4.58
cyclone,Italy,ITA,2023,10,110,1200,0,1310,1.0295e+08,0,0,0.00431615,1e+08,0,0,2020,False,0.763359,78587.8,36.77,34.69
cyclone,Japan,JPN,2023,8,142,4200,0,4342,0,0,0,0,0,0,0,2020,False,0.184247,,20.03,18.11
cyclone,Lesotho,LSO,2023,2,0,968,0,968,0,0,0,0,0,0,0,2020,False,0.206612,,13.65,12.54
cyclone,Libya,LBY,2023,13200,0,1600000,0,1600000,6.38287e+09,5.14748e+08,0,14.0821,6.2e+09,5e+08,0,2020,False,0.825,3989.29,78.42,71.24
cyclone,Madagascar,MDG,2023,70,0,389870,0,389870,2.059e+07,0,0,0.124714,2e+07,0,0,2020,False,0.0179547,52.8125,50.33,46.71
cyclone,Malawi,MWI,2023,1209,2186,2267458,0,2269644,5.21655e+08,0,7.00468e+08,3.7917,5.0671e+08,0,6.804e+08,2020,False,0.0532683,229.84,67.03,61.42
cyclone,Mauritius,MUS,2023,1,0,2500,0,2500,0,0,0,0,0,0,0,2020,False,0.04,,13.33,12.42
cyclone,Mexico,MEX,2023,84,0,988000,0,988000,1.23539e+10,4.11798e+09,0,0.668743,1.2e+10,4e+09,0,2020,False,0.00850202,12504,58.39,54.56
cyclone,Moldova,MDA,2023,4,10,0,0,10,0,0,0,0,0,0,0,2020,False,40,,9.62,8.43
cyclone,Mongolia,MNG,2023,3,0,329010,0,329010,0,0,0,0,0,0,0,2020,False,0.000911826,,22.67,21.03
cyclone,Mozambique,MOZ,2023,183,698,1230691,0,1231389,0,0,0,0,0,0,0,2020,False,0.0148613,,39.63,35.4
cyclone,Myanmar,MMR,2023,156,262,1200000,1150,1201412,2.30607e+09,0,0,3.35542,2.24e+09,0,0,2020,False,0.0129847,1919.47,59.49,55.26
cyclone,Netherlands,NLD,2023,1,0,0,0,0,0,0,0,0,0,0,0,2020,False,,,2.75,2.29
cyclone,New Zealand,NZL,2023,11,0,10803,0,10803,2.88259e+09,1.95604e+09,0,1.09216,2.8e+09,1.9e+09,0,2020,False,0.101824,266832,43.14,40.87
cyclone,Pakistan,PAK,2023,1,0,0,0,0,0,0,0,0,0,0,0,2020,False,,,2.75,2.29
cyclone,Peru,PER,2023,8,0,45000,0,45000,7.25794e+08,0,0,0.263035,7.05e+08,0,0,2020,False,0.0177778,16128.8,42.62,40.46
cyclone,Philippines,PHL,2023,47,176,6878306,0,6878482,3.26885e+08,0,0,0.0726498,3.1752e+08,0,0,2020,False,0.00068329,47.5228,55.29,51.75
cyclone,Reunion,REU,2023,0,0,25000,0,25000,0,0,0,,0,0,0,2020,False,,,13.69,13.11
cyclone,Romania,ROU,2023,2,0,0,0,0,0,0,0,0,0,0,0,2020,False,,,4.36,3.63
cyclone,Russia,RUS,2023,15,76,13200,0,13276,0,0,0,0,0,0,0,2020,False,0.112986,,23.83,21.46
cyclone,Saint Vincent and the Grenadines,VCT,2023,0,0,150,0,150,0,0,0,0,0,0,0,2020,False,,,6.78,6.5
cyclone,Serbia,SRB,2023,1,0,20,0,20,0,0,0,0,0,0,0,2020,False,5,,6.86,6.23
cyclone,Sierra Leone,SLE,2023,15,17,0,0,17,0,0,0,0,0,0,0,2020,False,88.2353,,14.9,12.91
cyclone,Slovenia,SVN,2023,1,3,3000,0,3003,0,0,0,0,0,0,0,2020,False,0.0333,,13.57,12.66
cyclone,Solomon Islands,SLB,2023,0,0,22319,0,22319,0,0,0,0,0,0,0,2020,False,,,13.54,12.97
cyclone,South Africa,ZAF,2023,6,6,1211,150,1367,0,0,0,0,0,0,0,2020,False,0.438917,,17.48,15.78
cyclone,South Korea,KOR,2023,2,0,0,0,0,0,0,0,0,0,0,0,2020,False,,,4.36,3.63
cyclone,Spain,ESP,2023,1,0,0,0,0,0,0,0,0,0,0,0,2020,False,,,2.75,2.29
cyclone,Sri Lanka,LKA,2023,9,3,44341,0,44344,0,0,0,0,0,0,0,2020,False,0.0202959,,23.59,21.47
cyclone,Switzerland,CHE,2023,2,40,15000,0,15040,0,0,0,0,0,0,0,2020,False,0.0132979,,17.36,16.09
cyclone,Taiwan,TWN,2023,3,258,0,0,258,1.0295e+07,0,0,,1e+07,0,0,2020,False,1.16279,39903.1,28.38,27.07
cyclone,Thailand,THA,2023,0,0,22200,0,22200,0,0,0,0,0,0,0,2020,False,,,13.53,12.96
cyclone,Turkey,TUR,2023,23,50,504,0,554,0,0,0,0,0,0,0,2020,False,4.15162,,21.14,18.69
cyclone,Ukraine,UKR,2023,12,23,0,0,23,0,0,0,0,0,0,0,2020,False,52.1739,,14.46,12.59
cyclone,United States,USA,2023,143,688,15657,1710,18055,4.6788e+10,8.75071e+09,0,0.163274,4.54091e+10,8.5e+09,0,2020,False,0.792024,2.59141e+06,56.34,52.38
cyclone,Uruguay,URY,2023,2,0,0,0,0,0,0,0,0,0,0,0,2020,False,,,4.36,3.63
cyclone,Vanuatu,VUT,2023,0,0,593702,0,593702,0,0,0,0,0,0,0,2020,False,,,17.97,17.21
cyclone,Vietnam,VNM,2023,6,3,80000,0,80003,0,0,0,0,0,0,0,2020,False,0.00749972,,22.98,21.05
cyclone,Yemen,YEM,2023,7,150,0,0,150,0,0,0,,0,0,0,2020,False,4.66667,,15.03,13.37
cyclone,Zimbabwe,ZWE,2023,2,0,0,0,0,0,0,0,0,0,0,0,2020,False,,,4.36,3.63
cyclone,Argentina,ARG,2024,1,6,400000,0,400006,2.5e+08,0,0,0.0391625,2.5e+08,0,0,2020,False,0.000249996,624.991,38.59,37.3
cyclone,Australia,AUS,2024,1,2,4400,0,4402,0,0,0,0,0,0,0,2020,False,0.0227169,,14.09,13.16
cyclone,Austria,AUT,2024,5,0,2220,0,2220,0,6.5e+08,0,0,0,6.5e+08,0,2020,False,0.225225,,17.52,15.9
cyclone,Bangladesh,BGD,2024,18,13,4590000,0,4590013,9.07e+07,0,0,0.0201502,9.07e+07,0,0,2020,False,0.000392156,19.7603,49.85,46.95
cyclone,Barbados,BRB,2024,0,0,2500,0,2500,0,0,0,0,0,0,0,2020,False,,,10.58,10.13
cyclone,Belize,BLZ,2024,0,0,162,0,162,0,0,0,0,0,0,0,2020,False,,,6.89,6.6
cyclone,Botswana,BWA,2024,0,0,105000,0,105000,0,0,0,0,0,0,0,2020,False,,,15.63,14.97
cyclone,Brazil,BRA,2024,4,50,29605,0,29655,0,0,0,0,0,0,0,2020,False,0.0134885,,20.3,18.65
cyclone,Burundi,BDI,2024,0,5,650,0,655,0,0,0,0,0,0,0,2020,False,,,8.77,8.4
cyclone,Canada,CAN,2024,2,0,20,0,20,7.95e+09,0,0,0.350209,7.95e+09,0,0,2020,False,10,3.975e+08,30.17,29.16
cyclone,Chile,CHL,2024,1,0,24480,2340,26820,5.4e+08,0,0,0.164004,5.4e+08,0,0,2020,False,0.00372856,20134.2,35.67,34.53
cyclone,China,CHN,2024,153,211,9423,0,9634,4.2222e+09,1.97e+08,0,0.0225428,4.2222e+09,1.97e+08,0,2020,False,1.58813,438260,53.47,49.52
cyclone,Colombia,COL,2024,1,0,262059,0,262059,1.5e+08,0,0,0.0356715,1.5e+08,0,0,2020,False,0.000381593,572.39,37.54,36.27
cyclone,Comoros,COM,2024,0,5,64150,0,64155,0,0,0,0,0,0,0,2020,False,,,14.96,14.33
cyclone,Costa Rica,CRI,2024,0,0,3418,0,3418,980000,0,0,0.00101328,980000,0,0,2020,False,,286.717,24.13,23.6
cyclone,Cuba,CUB,2024,10,0,4590000,0,4590000,1.13e+09,0,0,,1.13e+09,0,0,2020,False,0.000217865,246.187,50.09,47.53
cyclone,Czechia,CZE,2024,13,0,250000,0,250000,3e+09,7.5e+08,0,0.864348,3e+09,7.5e+08,0,2020,False,0.0052,12000,48.04,45.48
cyclone,Democratic Republic of Congo,COD,2024,2,27,500,0,527,0,0,0,0,0,0,0,2020,False,0.379507,,12.83,11.75
cyclone,Dominican Republic,DOM,2024,2,0,15000,0,15000,0,0,0,0,0,0,0,2020,False,0.0133333,,17.36,16.08
cyclone,El Salvador,SLV,2024,19,0,9050,0,9050,0,0,0,0,0,0,0,2020,False,0.209945,,24.19,21.7
cyclone,France,FRA,2024,8,27,0,0,27,0,0,0,0,0,0,0,2020,False,29.6296,,13.22,11.58
cyclone,Grenada,GRD,2024,8,27,12000,0,12027,2.18e+08,4.4e+07,0,16.133,2.18e+08,4.4e+07,0,2020,False,0.066517,18125.9,39.69,37.61
cyclone,Guatemala,GTM,2024,10,0,64640,0,64640,0,0,0,0,0,0,0,2020,False,0.0154703,,24.48,22.27
cyclone,Haiti,HTI,2024,1,0,0,0,0,0,0,0,0,0,0,0,2020,False,,,2.75,2.29
cyclone,Honduras,HND,2024,3,0,129216,0,129216,0,0,0,0,0,0,0,2020,False,0.00232169,,21.41,19.82
cyclone,India,IND,2024,101,594,6018953,115,6019662,7.33e+07,0,0,0.00194905,7.33e+07,0,0,2020,False,0.00167784,12.1768,56.68,52.65
cyclone,Italy,ITA,2024,4,3,1000,0,1003,0,0,0,0,0,0,0,2020,False,0.398804,,15.72,14.27
cyclone,Jamaica,JAM,2024,5,60,160000,0,160060,2.39e+07,1.63e+07,0,0.108565,2.39e+07,1.63e+07,0,2020,False,0.00312383,149.319,39.48,37.53
cyclone,Japan,JPN,2024,18,379,7200,0,7579,5e+08,0,0,0.0119332,5e+08,0,0,2020,False,0.237498,65971.8,42.82,40.27
cyclone,Laos,LAO,2024,13,6,126440,0,126446,3.05e+08,0,0,1.84816,3.05e+08,0,0,2020,False,0.0102811,2412.1,44.94,42.43
cyclone,Madagascar,MDG,2024,32,4,251140,0,251144,5e+07,0,0,0.284207,5e+07,0,0,2020,False,0.0127417,199.089,47.55,44.44
cyclone,Malawi,MWI,2024,13,29,45162,0,45191,0,0,0,0,0,0,0,2020,False,0.0287668,,24.95,22.6
cyclone,Marshall Islands,MHL,2024,0,0,19532,0,19532,0,0,0,0,0,0,0,2020,False,,,13.36,12.79
cyclone,Mauritius,MUS,2024,2,0,100000,0,100000,0,0,0,0,0,0,0,2020,False,0.002,,19.92,18.54
cyclone,Mayotte,MYT,2024,35,1373,230000,0,231373,7.52e+08,0,0,,7.52e+08,0,0,2020,False,0.0151271,3250.16,50.36,47.19
cyclone,Mexico,MEX,2024,46,0,27050,0,27050,2.59e+09,0,0,0.141492,2.59e+09,0,0,2020,False,0.170055,95748.6,49.69,46.47
cyclone,Mongolia,MNG,2024,5,0,340357,0,340357,0,0,0,0,0,0,0,2020,False,0.00146905,,24.32,22.42
cyclone,Mozambique,MOZ,2024,122,953,547211,0,548164,0,0,0,0,0,0,0,2020,False,0.0222561,,36.94,33.02
cyclone,Myanmar,MMR,2024,460,48,1000000,0,1000048,2.22e+08,0,0,0.299723,2.22e+08,0,0,2020,False,0.0459978,221.989,61.29,56.36
cyclone,Netherlands,NLD,2024,1,0,0,0,0,5e+07,4.2e+07,0,0.00411883,5e+07,4.2e+07,0,2020,False,,,19.62,19.08
cyclone,New Zealand,NZL,2024,0,0,1200,0,1200,0,0,0,0,0,0,0,2020,False,,,9.59,9.18
cyclone,Nicaragua,NIC,2024,2,0,0,0,0,0,0,0,0,0,0,0,2020,False,,,4.36,3.63
cyclone,Nigeria,NGA,2024,1,7,500,0,507,0,0,0,0,0,0,0,2020,False,0.197239,,11.17,10.36
cyclone,Pakistan,PAK,2024,106,103,17800,0,17903,0,0,0,0,0,0,0,2020,False,0.59208,,31.76,28.13
cyclone,Panama,PAN,2024,7,0,3895,0,3895,1.1e+08,0,0,0.127132,1.1e+08,0,0,2020,False,0.179718,28241.3,37.05,35.11
cyclone,Peru,PER,2024,0,0,149,0,149,0,0,0,0,0,0,0,2020,False,,,6.77,6.49
cyclone,Philippines,PHL,2024,343,227,24372525,0,24372752,7.68e+08,0,0,0.166352,7.68e+08,0,0,2020,False,0.00140731,31.5106,65.63,60.71
cyclone,Poland,POL,2024,9,0,57000,0,57000,1.56762e+08,0,0,0.0170808,1.56762e+08,0,0,2020,False,0.0157895,2750.21,41.9,39.66
cyclone,Reunion,REU,2024,4,0,700,0,700,0,0,0,,0,0,0,2020,False,0.571429,,15.24,13.81
cyclone,Romania,ROU,2024,7,0,15000,0,15000,0,0,0,0,0,0,0,2020,False,0.0466667,,21.24,19.33
cyclone,Saint Vincent and the Grenadines,VCT,2024,8,28,40000,0,40028,2.306e+08,1.8e+06,0,19.9273,2.306e+08,1.8e+06,0,2020,False,0.019986,5760.97,41.37,39.22
cyclone,Slovakia,SVK,2024,1,0,0,0,0,1.67e+07,0,0,0.0118495,1.67e+07,0,0,2020,False,,,18.58,18.04
cyclone,South Africa,ZAF,2024,47,0,21708,0,21708,0,0,0,0,0,0,0,2020,False,0.21651,,28.85,25.73
cyclone,South Korea,KOR,2024,1,0,0,0,0,0,0,0,0,0,0,0,2020,False,,,2.75,2.29
cyclone,Spain,ESP,2024,3,0,0,0,0,0,0,0,0,0,0,0,2020,False,,,5.5,4.58
cyclone,Sri Lanka,LKA,2024,20,21,597132,0,597153,0,0,0,0,0,0,0,2020,False,0.00334923,,30.05,27.29
cyclone,Switzerland,CHE,2024,6,0,0,0,0,0,0,0,0,0,0,0,2020,False,,,7.71,6.43
cyclone,Taiwan,TWN,2024,18,2092,0,0,2092,2.86e+08,0,0,,2.86e+08,0,0,2020,False,0.860421,136711,40.55,38.07
cyclone,Tanzania,TZA,2024,5,0,7775,0,7775,1.85e+08,0,0,0.233481,1.85e+08,0,0,2020,False,0.0643087,23794.2,37.34,35.55
cyclone,Thailand,THA,2024,47,103,6115,0,6218,9.04e+08,0,0,0.170764,9.04e+08,0,0,2020,False,0.75587,145384,46.79,43.64
cyclone,Uganda,UGA,2024,14,34,0,0,34,0,0,0,0,0,0,0,2020,False,41.1765,,15.54,13.56
cyclone,United Kingdom,GBR,2024,5,0,750,0,750,0,0,0,0,0,0,0,2020,False,0.666667,,16.05,14.5
cyclone,United States,USA,2024,447,235,2481,1017,3733,1.68825e+11,5.02e+10,0,0.576234,1.68825e+11,5.02e+10,0,2020,False,11.9743,4.5225e+07,59.93,55.31
cyclone,Venezuela,VEN,2024,9,0,29000,0,29000,0,0,0,0,0,0,0,2020,False,0.0310345,,23.02,20.92
cyclone,Vietnam,VNM,2024,365,1984,3756122,0,3758106,2.0306e+09,0,0,0.426306,2.0306e+09,0,0,2020,False,0.00971234,540.325,64.27,59.41
cyclone,Albania,ALB,2025,2,0,840,0,840,0,0,0,0,0,0,0,2020,False,0.238095,,13.46,12.35
cyclone,Argentina,ARG,2025,9,0,1800,0,1800,0,0,0,0,0,0,0,2020,False,0.5,,19.26,17.32
cyclone,Armenia,ARM,2025,4,0,20000,0,20000,0,0,0,0,0,0,0,2020,False,0.02,,19.77,18.14
cyclone,Australia,AUS,2025,6,13,50000,0,50013,0,0,0,0.209617,3.77e+09,1.2e+09,0,2020,False,0.0119969,,22.34,20.44
cyclone,Bahamas,BHS,2025,0,0,2600,0,2600,0,0,0,,0,0,0,2020,False,,,10.63,10.18
cyclone,Bangladesh,BGD,2025,13,104,10000,0,10104,0,0,0,0.0109572,5e+07,0,0,2020,False,0.128662,,22.93,20.66
cyclone,Benin,BEN,2025,0,0,1368,0,1368,0,0,0,0,0,0,0,2020,False,,,9.76,9.35
cyclone,Bolivia,BOL,2025,23,0,80000,0,80000,0,0,0,0,0,0,0,2020,False,0.02875,,27.86,25.13
cyclone,Brazil,BRA,2025,16,990,16610,0,17600,0,0,0,0.000964946,2.2e+07,0,0,2020,False,0.0909091,,24.45,22.02
cyclone,Canada,CAN,2025,0,25,371,0,396,0,0,0,0,0,0,0,2020,False,,,8.09,7.75
cyclone,China,CHN,2025,12,0,100444,63,100507,0,0,0,0,0,0,0,2020,False,0.0119395,,25.74,23.39
cyclone,Colombia,COL,2025,2,0,20000,0,20000,0,0,0,0,0,0,0,2020,False,0.01,,17.74,16.46
cyclone,Congo,COG,2025,0,55,61500,0,61555,0,0,0,0,0,0,0,2020,False,,,14.91,14.28
cyclone,Cuba,CUB,2025,3,17,2200000,0,2200017,0,0,0,,0,0,0,2020,False,0.000136363,,25.24,23.49
cyclone,Dominican Republic,DOM,2025,6,0,1277237,0,1277237,0,0,0,0,0,0,0,2020,False,0.000469764,,26.72,24.64
cyclone,Ecuador,ECU,2025,55,98,189200,0,189298,0,0,0,0,0,0,0,2020,False,0.0290547,,32.39,29.04
cyclone,Ethiopia,ETH,2025,1,87,38537,0,38624,0,0,0,0,0,0,0,2020,False,0.00258906,,17.03,15.97
cyclone,France,FRA,2025,0,2,1900,0,1902,0,0,0,0,0,0,0,2020,False,,,10.21,9.78
cyclone,Georgia,GEO,2025,3,0,28870,0,28870,0,0,0,0,0,0,0,2020,False,0.0103914,,19.38,17.88
cyclone,Guatemala,GTM,2025,16,26,4700,0,4726,0,0,0,0,0,0,0,2020,False,0.338553,,22.67,20.32
cyclone,Guinea,GIN,2025,15,10,0,0,10,0,0,0,0,0,0,0,2020,False,150,,14.23,12.27
cyclone,Guinea-Bissau,GNB,2025,0,15,3017,0,3032,0,0,0,0,0,0,0,2020,False,,,10.84,10.38
cyclone,Haiti,HTI,2025,56,21,2300000,0,2300021,0,0,0,0,0,0,0,2020,False,0.00243476,,35.83,32.33
cyclone,Honduras,HND,2025,1,0,25000,0,25000,0,0,0,0,0,0,0,2020,False,0.004,,16.44,15.4
cyclone,Hong Kong,HKG,2025,0,116,885,0,1001,0,0,0,0.0596756,2.55e+08,0,0,2020,False,,,9.34,8.95
cyclone,India,IND,2025,158,86,1839118,0,1839204,0,0,0,0.016251,6.429e+08,0,0,2020,False,0.00859067,,39.6,35.44
cyclone,Indonesia,IDN,2025,1109,5037,3200000,0,3205037,0,0,0,0.276694,4e+09,0,0,2020,False,0.0346018,,48.05,42.58
cyclone,Iran,IRN,2025,9,1870,0,0,1870,0,0,0,0,0,0,0,2020,False,0.481283,,19.31,17.37
cyclone,Iraq,IRQ,2025,0,3301,0,0,3301,0,0,0,0,0,0,0,2020,False,,,10.95,10.49
cyclone,Italy,ITA,2025,2,0,300,0,300,0,0,0,0,0,0,0,2020,False,0.666667,,12.07,11.02
cyclone,Jamaica,JAM,2025,62,340,1900000,0,1900340,0,0,0,44.0433,1e+10,0,0,2020,False,0.00326257,,35.97,32.42
cyclone,Japan,JPN,2025,2,89,6198,0,6287,0,0,0,0,0,0,0,2020,False,0.0318117,,16.18,14.96
cyclone,Laos,LAO,2025,2,0,10124,0,10124,0,0,0,0,0,0,0,2020,False,0.019755,,16.82,15.57
cyclone,Macao,MAC,2025,0,5,0,0,5,0,0,0,0,0,0,0,2020,False,,,2.42,2.32
cyclone,Madagascar,MDG,2025,13,72,64458,9620,74150,0,0,0,0.0509675,1e+07,0,0,2020,False,0.017532,,25.62,23.24
cyclone,Malawi,MWI,2025,20,101,40296,0,40397,0,0,0,0,0,0,0,2020,False,0.0495086,,26.41,23.8
cyclone,Mexico,MEX,2025,1,0,150,0,150,0,0,0,0.0116226,2.13e+08,0,0,2020,False,0.666667,,9.53,8.79
cyclone,Mozambique,MOZ,2025,46,174,1393624,0,1393798,0,0,0,0.121725,2.7191e+07,0,0,2020,False,0.00330033,,34.39,31.05
cyclone,Myanmar,MMR,2025,20,0,131430,0,131430,0,0,0,0,0,0,0,2020,False,0.0152172,,28,25.33
cyclone,Nepal,NPL,2025,14,12,675,0,687,0,0,0,0,0,0,0,2020,False,2.03785,,19.57,17.41
cyclone,Pakistan,PAK,2025,30,171,0,0,171,0,0,0,0,0,0,0,2020,False,17.5439,,20.57,18.02
cyclone,Palestine,PSE,2025,18,20,235000,0,235020,0,0,0,0,0,0,0,2020,False,0.00765892,,28.39,25.75
cyclone,Panama,PAN,2025,3,0,800,0,800,0,0,0,0,0,0,0,2020,False,0.375,,14.53,13.24
cyclone,Philippines,PHL,2025,525,604,31410746,0,31411350,0,0,0,0.113327,5.52e+08,0,0,2020,False,0.00167137,,48.18,43.07
cyclone,Portugal,PRT,2025,0,0,600,0,600,0,0,0,0,0,0,0,2020,False,,,8.65,8.29
cyclone,Puerto Rico,PRI,2025,1,0,0,0,0,0,0,0,0,0,0,0,2020,False,,,2.75,2.29
cyclone,Reunion,REU,2025,5,6,600,0,606,0,0,0,,9e+08,4e+08,0,2020,False,0.825083,,15.77,14.22
cyclone,South Africa,ZAF,2025,22,87,11437,0,11524,0,0,0,0,0,0,0,2020,False,0.190906,,25.07,22.48
cyclone,Spain,ESP,2025,1,18,1000,0,1018,0,0,0,0.00524534,1e+08,0,0,2020,False,0.0982318,,12.11,11.26
cyclone,Sri Lanka,LKA,2025,823,18,1702719,0,1702737,0,0,0,3.76751,4.1e+09,5e+08,6.5e+09,2020,False,0.0483339,,46.01,40.78
cyclone,Syria,SYR,2025,0,0,52666,0,52666,0,0,0,,0,0,0,2020,False,,,14.7,14.08
cyclone,Taiwan,TWN,2025,39,484,0,0,484,0,0,0,,8.2e+07,0,0,2020,False,8.05785,,22.98,20.2
cyclone,Tanzania,TZA,2025,0,0,7851,0,7851,0,0,0,0,0,0,0,2020,False,,,12.12,11.61
cyclone,Thailand,THA,2025,44,17,1184542,0,1184559,0,0,0,0,0,0,0,2020,False,0.00371446,,34,30.69
cyclone,United Kingdom,GBR,2025,0,0,2055,0,2055,0,0,0,0,0,0,0,2020,False,,,10.31,9.88
cyclone,United States,USA,2025,181,312,22427,492,23231,0,0,0,0.118639,3.6505e+10,1.1e+10,0,2020,False,0.779131,,34.22,30.22
cyclone,Uruguay,URY,2025,7,0,3000,0,3000,0,0,0,0,0,0,0,2020,False,0.233333,,19.07,17.24
cyclone,Venezuela,VEN,2025,0,0,24095,0,24095,0,0,0,0,0,0,0,2020,False,,,13.64,13.06
cyclone,Vietnam,VNM,2025,241,229,3504349,0,3504578,0,0,0,0.335003,1.72425e+09,0,0,2020,False,0.00687672,,42.13,37.66
earthquake,Turkey,TUR,1900,140,0,0,0,0,0,0,0,,0,0,0,1900,False,,,19.96,16.36
earthquake,Japan,JPN,1901,18,0,0,24,24,0,0,0,,0,0,0,1900,False,75,,16.43,13.9
earthquake,China,CHN,1902,2500,0,0,0,0,0,0,0,,0,0,0,1900,False,,,31.56,25.87
earthquake,Guatemala,GTM,1902,2000,0,0,0,0,9.06351e+08,0,0,,2.5e+07,0,0,1900,False,,,50.19,44.66
earthquake,USSR,OWID_USS,1902,4648,60,142592,0,142652,0,0,0,,0,0,0,1900,True,3.25828,,50.85,43.28
earthquake,Iran,IRN,1903,350,0,0,0,0,0,0,0,,0,0,0,1900,False,,,23.64,19.38
earthquake,Israel,ISR,1903,20,0,0,0,0,0,0,0,,0,0,0,1900,False,,,12.28,10.07
earthquake,Turkey,TUR,1903,6260,0,60000,0,60000,0,0,0,,0,0,0,1900,False,10.4333,,50.82,43.15
earthquake,Greece,GRC,1904,4,0,1620,0,1620,0,0,0,,0,0,0,1900,False,0.246914,,16.95,14.89
earthquake,Taiwan,TWN,1904,148,168,0,2181,2349,0,0,0,,0,0,0,1900,False,6.30055,,31.16,26.59
earthquake,Albania,ALB,1905,120,0,0,0,0,8.30889e+08,0,0,,2.38e+07,0,0,1900,False,,,38.79,35.3
earthquake,India,IND,1905,20000,0,0,0,0,8.72783e+08,0,0,,2.5e+07,0,0,1900,False,,,59.44,52.23
earthquake,Italy,ITA,1905,557,2000,0,20100,22100,0,0,0,,0,0,0,1900,False,2.52036,,39.66,33.86
earthquake,Japan,JPN,1905,52,0,177,0,177,0,0,0,,0,0,0,1900,False,29.3785,,23.34,19.84
earthquake,Chile,CHL,1906,20000,0,0,0,0,3.49113e+09,0,0,,1e+08,0,0,1900,False,,,60.75,53.55
earthquake,China,CHN,1906,280,0,10000,0,10000,0,0,0,,0,0,0,1900,False,2.8,,35.77,30.57
earthquake,Colombia,COL,1906,400,0,0,0,0,0,0,0,,0,0,0,1900,False,,,24.18,19.82
earthquake,Taiwan,TWN,1906,1273,229,0,25689,25918,0,0,0,,0,0,0,1900,False,4.91164,,43.21,36.8
earthquake,United States,USA,1906,700,0,0,84564,84564,1.82935e+10,6.28404e+09,0,,5.24e+08,1.8e+08,0,1900,False,0.827775,216328,64.85,58.73
earthquake,China,CHN,1907,12000,0,0,0,0,0,0,0,,0,0,0,1900,False,,,37.88,31.05
earthquake,Jamaica,JAM,1907,1200,0,90000,0,90000,1.00993e+09,0,0,,3e+07,0,0,1900,False,1.33333,11221.5,64.37,57.85
earthquake,Italy,ITA,1908,75000,0,150000,0,150000,4.04971e+09,0,0,,1.16e+08,0,0,1900,False,50,26998.1,83.08,73.49
earthquake,China,CHN,1909,21,0,0,0,0,0,0,0,,0,0,0,1900,False,,,12.47,10.22
earthquake,France,FRA,1909,46,0,0,0,0,0,0,0,,0,0,0,1900,False,,,15.53,12.73
earthquake,Iran,IRN,1909,5000,0,0,0,0,0,0,0,,0,0,0,1900,False,,,34.35,28.16
earthquake,Japan,JPN,1909,41,0,0,2928,2928,0,0,0,,0,0,0,1900,False,1.40027,,26.37,22.69
earthquake,Morocco,MAR,1909,100,0,0,0,0,0,0,0,,0,0,0,1900,False,,,18.61,15.26
earthquake,Pakistan,PAK,1909,231,0,0,0,0,0,0,0,,0,0,0,1900,False,,,21.97,18.01
earthquake,Portugal,PRT,1909,30,0,0,0,0,0,0,0,,0,0,0,1900,False,,,13.85,11.35
earthquake,Taiwan,TWN,1909,9,51,0,366,417,0,0,0,,0,0,0,1900,False,2.15827,,17.82,15.43
earthquake,Algeria,DZA,1910,12,0,0,0,0,0,0,0,,0,0,0,1910,False,,,10.35,8.48
earthquake,Costa Rica,CRI,1910,2450,0,0,0,0,0,0,0,,0,0,0,1910,False,,,31.48,25.8
earthquake,Taiwan,TWN,1910,60,0,0,0,0,0,0,0,,0,0,0,1910,False,,,16.58,13.59
earthquake,Iran,IRN,1911,700,0,0,0,0,0,0,0,,0,0,0,1910,False,,,26.43,21.66
earthquake,Japan,JPN,1911,12,0,0,1266,1266,0,0,0,,0,0,0,1910,False,0.947867,,20.45,17.73
earthquake,Kazakhstan,KAZ,1911,450,0,0,0,0,0,0,0,,0,0,0,1910,False,,,24.65,20.2
earthquake,Mexico,MEX,1911,45,22,0,0,22,0,0,0,,0,0,0,1910,False,204.545,,19.88,16.72
earthquake,USSR,OWID_USS,1911,90,0,0,0,0,0,0,0,,0,0,0,1910,True,,,18.19,14.91
earthquake,Turkey,TUR,1912,923,1575,0,16620,18195,0,0,0,,0,0,0,1910,False,5.07282,,41.42,35.28
earthquake,China,CHN,1913,942,112,0,0,112,0,0,0,,0,0,0,1910,False,841.071,,34.31,28.76
earthquake,Indonesia,IDN,1913,138,0,0,0,0,0,0,0,,0,0,0,1910,False,,,19.9,16.31
earthquake,Peru,PER,1913,150,0,0,0,0,0,0,0,,0,0,0,1910,False,,,20.24,16.59
earthquake,Greece,GRC,1914,14,0,0,0,0,0,0,0,,0,0,0,1910,False,,,10.92,8.95
earthquake,Indonesia,IDN,1914,20,20,0,0,20,0,0,0,,0,0,0,1910,False,100,,16.59,14.01
earthquake,Italy,ITA,1914,120,0,0,669,669,0,0,0,,0,0,0,1910,False,17.9372,,28.55,24.28
earthquake,Japan,JPN,1914,94,0,0,1920,1920,0,0,0,,0,0,0,1910,False,4.89583,,29.06,24.85
earthquake,Peru,PER,1914,34,0,0,0,0,0,0,0,,0,0,0,1910,False,,,14.34,11.75
earthquake,Turkey,TUR,1914,4000,700,0,51000,51700,0,0,0,,0,0,0,1910,False,7.73694,,48.81,41.47
earthquake,China,CHN,1915,170,0,0,0,0,0,0,0,,0,0,0,1910,False,,,20.74,17
earthquake,Italy,ITA,1915,29980,0,0,0,0,1.86379e+09,0,0,,6e+07,0,0,1910,False,,,61.79,54.29
earthquake,United States,USA,1915,6,0,0,0,0,3.1063e+07,0,0,,1e+06,0,0,1910,False,,,24.18,22.77
earthquake,Taiwan,TWN,1916,181,20,0,2133,2153,0,0,0,,0,0,0,1910,False,8.40687,,31.85,27.14
earthquake,China,CHN,1917,1800,0,0,0,0,0,0,0,,0,0,0,1910,False,,,30.23,24.78
earthquake,Guatemala,GTM,1917,2650,0,0,0,0,0,0,0,,0,0,0,1910,False,,,31.79,26.06
earthquake,Indonesia,IDN,1917,15000,0,0,0,0,0,0,0,,0,0,0,1910,False,,,38.78,31.79
earthquake,Taiwan,TWN,1917,54,85,0,390,475,0,0,0,,0,0,0,1910,False,11.3684,,24.88,21.23
earthquake,China,CHN,1918,10000,0,0,0,0,0,0,0,,0,0,0,1910,False,,,37.15,30.45
earthquake,Philippines,PHL,1918,100,0,0,0,0,0,0,0,,0,0,0,1910,False,,,18.61,15.26
earthquake,Puerto Rico,PRI,1918,116,0,0,0,0,6.06559e+08,0,0,,2.9e+07,0,0,1910,False,,,38.36,34.89
earthquake,Albania,ALB,1920,200,0,0,0,0,0,0,0,,0,0,0,1920,False,,,21.39,17.53
earthquake,Argentina,ARG,1920,400,0,0,0,0,0,0,0,,0,0,0,1920,False,,,24.18,19.82
earthquake,China,CHN,1920,180000,0,0,0,0,3.92172e+08,0,0,,2.5e+07,0,0,1920,False,,,67.54,58.74
earthquake,Italy,ITA,1920,1400,0,0,0,0,0,0,0,,0,0,0,1920,False,,,29.22,23.95
earthquake,Mexico,MEX,1920,648,167,0,0,167,0,0,0,,0,0,0,1920,False,388.024,,33.37,28.04
earthquake,Chile,CHL,1922,1000,0,0,0,0,0,0,0,,0,0,0,1920,False,,,27.87,22.84
earthquake,Japan,JPN,1922,27,0,0,0,0,0,0,0,,0,0,0,1920,False,,,13.44,11.02
earthquake,Taiwan,TWN,1922,5,0,0,417,417,0,0,0,,0,0,0,1920,False,1.19904,,15.76,13.74
earthquake,China,CHN,1923,5000,0,0,0,0,0,0,0,,0,0,0,1920,False,,,34.35,28.16
earthquake,Colombia,COL,1923,300,0,0,0,0,0,0,0,,0,0,0,1920,False,,,23.02,18.87
earthquake,Iran,IRN,1923,2647,0,0,0,0,0,0,0,,0,0,0,1920,False,,,31.79,26.06
earthquake,Japan,JPN,1923,143000,103733,100000,0,203733,1.10083e+10,0,0,,6e+08,0,0,1920,False,70.1899,54033.1,87.06,76.97
earthquake,USSR,OWID_USS,1923,18,0,0,0,0,0,0,0,,0,0,0,1920,True,,,11.88,9.73
earthquake,China,CHN,1924,100,0,0,0,0,0,0,0,,0,0,0,1920,False,,,18.61,15.26
earthquake,Ecuador,ECU,1924,40,0,0,0,0,0,0,0,,0,0,0,1920,False,,,14.98,12.28
earthquake,Indonesia,IDN,1924,787,0,0,11250,11250,0,0,0,,0,0,0,1920,False,6.99556,,40.1,34.13
earthquake,Turkey,TUR,1924,110,0,0,1140,1140,0,0,0,,0,0,0,1920,False,9.64912,,28.95,24.69
earthquake,China,CHN,1925,5012,0,0,1500,1500,0,0,0,,0,0,0,1920,False,334.133,,44.71,37.64
earthquake,Iran,IRN,1925,500,0,0,0,0,0,0,0,,0,0,0,1920,False,,,25.07,20.55
earthquake,Japan,JPN,1925,395,0,0,9999,9999,0,0,0,,0,0,0,1920,False,3.9504,,37.15,31.7
earthquake,Philippines,PHL,1925,17,0,0,0,0,0,0,0,,0,0,0,1920,False,,,11.66,9.56
earthquake,Turkey,TUR,1925,203,0,0,6129,6129,0,0,0,,0,0,0,1920,False,3.31212,,33.79,28.87
earthquake,United States,USA,1925,13,0,0,0,0,1.43423e+08,0,0,,8e+06,0,0,1920,False,,,28.43,26.51
earthquake,Egypt,EGY,1926,12,0,0,0,0,0,0,0,,0,0,0,1920,False,,,10.35,8.48
earthquake,China,CHN,1927,40912,524,0,133370,133894,0,0,0,,0,0,0,1920,False,30.5555,,59.53,50.39
earthquake,Indonesia,IDN,1927,50,50,0,0,50,0,0,0,,0,0,0,1920,False,100,,21.42,18.09
earthquake,Japan,JPN,1927,3022,3295,29463,46782,79540,7.21235e+08,0,0,,4e+07,0,0,1920,False,3.79935,9067.58,67.6,60.42
earthquake,Jordan,JOR,1927,268,0,0,0,0,0,0,0,,0,0,0,1920,False,,,22.57,18.5
earthquake,Bulgaria,BGR,1928,107,0,0,0,0,0,0,0,,0,0,0,1920,False,,,18.88,15.48
earthquake,Canada,CAN,1928,27,0,0,0,0,0,0,0,,0,0,0,1920,False,,,13.44,11.02
earthquake,Chile,CHL,1928,220,0,0,0,0,0,0,0,,0,0,0,1920,False,,,21.77,17.85
earthquake,Greece,GRC,1928,103,0,0,0,0,0,0,0,,0,0,0,1920,False,,,18.73,15.35
earthquake,Indonesia,IDN,1928,128,0,0,0,0,0,0,0,,0,0,0,1920,False,,,19.6,16.07
earthquake,Turkey,TUR,1928,50,209,0,0,209,0,0,0,,0,0,0,1920,False,23.9234,,23.42,19.92
earthquake,Iran,IRN,1929,3253,1121,0,0,1121,0,0,0,,0,0,0,1920,False,290.187,,42.55,35.83
earthquake,New Zealand,NZL,1929,17,0,0,0,0,0,0,0,,0,0,0,1920,False,,,11.66,9.56
earthquake,Albania,ALB,1930,60,108,2940,0,3048,0,0,0,,0,0,0,1930,False,1.9685,,27.93,23.98
earthquake,China,CHN,1930,242,0,0,0,0,0,0,0,,0,0,0,1930,False,,,22.16,18.16
earthquake,Iran,IRN,1930,1360,0,0,0,0,0,0,0,,0,0,0,1930,False,,,29.1,23.86
earthquake,Italy,ITA,1930,1901,0,10000,0,10000,9.3933e+07,0,0,,5e+06,0,0,1930,False,19.01,9393.3,60.87,54.27
earthquake,Japan,JPN,1930,259,1825,0,24297,26122,0,0,0,,0,0,0,1930,False,0.991501,,36.81,31.55
earthquake,Myanmar,MMR,1930,586,0,0,0,0,0,0,0,,0,0,0,1930,False,,,25.71,21.08
earthquake,Nicaragua,NIC,1930,1000,0,0,0,0,2.818e+08,0,0,,1.5e+07,0,0,1930,False,,,46.29,41.26
earthquake,Taiwan,TWN,1930,4,0,0,1254,1254,0,0,0,,0,0,0,1930,False,0.318979,,16.58,14.56
earthquake,USSR,OWID_USS,1930,151,208,0,0,208,0,0,0,,0,0,0,1930,True,72.5962,,27.82,23.53
earthquake,Albania,ALB,1931,90,0,0,0,0,0,0,0,,0,0,0,1930,False,,,18.19,14.91
earthquake,Armenia,ARM,1931,2890,0,0,0,0,0,0,0,,0,0,0,1930,False,,,32.14,26.35
earthquake,China,CHN,1931,10000,0,0,0,0,0,0,0,,0,0,0,1930,False,,,37.15,30.45
earthquake,New Zealand,NZL,1931,256,0,11000,0,11000,5.16015e+08,0,0,,2.5e+07,0,0,1930,False,2.32727,46910.5,54.54,49.39
earthquake,Nicaragua,NIC,1931,1000,0,0,0,0,3.09609e+08,0,0,,1.5e+07,0,0,1930,False,,,46.38,41.35
earthquake,Solomon Islands,SLB,1931,50,0,0,0,0,0,0,0,,0,0,0,1930,False,,,15.86,13
earthquake,Greece,GRC,1932,151,669,9654,12318,22641,0,0,0,,0,0,0,1930,False,0.666932,,34.45,29.59
earthquake,Indonesia,IDN,1932,6,115,0,3325,3440,0,0,0,,0,0,0,1930,False,0.174419,,19.37,16.98
earthquake,Iran,IRN,1932,1070,0,0,0,0,0,0,0,,0,0,0,1930,False,,,28.14,23.06
earthquake,Mexico,MEX,1932,400,120,0,2000,2120,0,0,0,,0,0,0,1930,False,18.8679,,35.01,29.73
earthquake,China,CHN,1933,10200,0,0,150,150,0,0,0,,0,0,0,1930,False,6800,,44.33,37.01
earthquake,Italy,ITA,1933,10,0,0,0,0,0,0,0,,0,0,0,1930,False,,,9.67,7.93
earthquake,Japan,JPN,1933,3000,0,0,0,0,0,0,0,,0,0,0,1930,False,,,32.29,26.47
earthquake,United States,USA,1933,116,0,0,0,0,9.36348e+08,0,0,,3.85e+07,0,0,1930,False,,,38.77,35.3
earthquake,India,IND,1934,7188,0,0,0,0,0,0,0,,0,0,0,1930,False,,,35.82,29.36
earthquake,Nepal,NPL,1934,8519,0,0,0,0,0,0,0,,0,0,0,1930,False,,,36.5,29.92
earthquake,Turkey,TUR,1934,120,0,0,0,0,0,0,0,,0,0,0,1930,False,,,19.34,15.86
earthquake,China,CHN,1935,100,0,0,0,0,0,0,0,,0,0,0,1930,False,,,18.61,15.26
earthquake,Iran,IRN,1935,750,0,0,0,0,0,0,0,,0,0,0,1930,False,,,26.71,21.89
earthquake,Pakistan,PAK,1935,60000,25000,0,0,25000,0,0,0,,0,0,0,1930,False,240,,58.7,49.49
earthquake,Taiwan,TWN,1935,6022,18057,0,239535,257592,0,0,0,,0,0,0,1930,False,2.33781,,52.73,44.91
earthquake,Turkey,TUR,1935,540,0,0,0,0,0,0,0,,0,0,0,1930,False,,,25.38,20.81
earthquake,China,CHN,1936,145,31,0,70545,70576,0,0,0,,0,0,0,1930,False,0.205452,,35.89,30.93
earthquake,Colombia,COL,1936,18,0,0,0,0,0,0,0,,0,0,0,1930,False,,,11.88,9.73
earthquake,El Salvador,SLV,1936,400,0,0,0,0,0,0,0,,0,0,0,1930,False,,,24.18,19.82
earthquake,Indonesia,IDN,1936,26,20,0,845,865,0,0,0,,0,0,0,1930,False,3.00578,,22.86,19.65
earthquake,Iran,IRN,1936,12,0,0,0,0,0,0,0,,0,0,0,1930,False,,,10.35,8.48
earthquake,Taiwan,TWN,1936,10,0,0,75,75,0,0,0,,0,0,0,1930,False,13.3333,,15.8,13.54
earthquake,China,CHN,1937,390,0,0,0,0,0,0,0,,0,0,0,1930,False,,,24.07,19.73
earthquake,Mexico,MEX,1937,34,0,0,0,0,0,0,0,,0,0,0,1930,False,,,14.34,11.75
earthquake,Philippines,PHL,1937,1,200,0,0,200,0,0,0,,0,0,0,1930,False,0.5,,10.3,9.16
earthquake,Indonesia,IDN,1938,0,0,920,4710,5630,0,0,0,,0,0,0,1930,False,,,12.22,11.18
earthquake,Turkey,TUR,1938,149,800,0,0,800,0,0,0,,0,0,0,1930,False,18.625,,29.67,25.22
earthquake,Chile,CHL,1939,30000,58500,0,0,58500,2.07653e+10,0,0,,9.2e+08,0,0,1930,False,51.2821,354963,79.6,70.79
earthquake,Ghana,GHA,1939,22,130,0,7500,7630,0,0,0,,0,0,0,1930,False,0.288336,,25.29,21.94
earthquake,Japan,JPN,1939,27,52,0,1437,1489,0,0,0,,0,0,0,1930,False,1.8133,,23.78,20.48
earthquake,Peru,PER,1939,37,0,0,0,0,0,0,0,,0,0,0,1930,False,,,14.67,12.03
earthquake,Turkey,TUR,1939,33035,68,585000,0,585068,4.51421e+08,0,0,,2e+07,0,0,1930,False,5.64635,771.57,79.62,70.46
earthquake,China,CHN,1940,181,475,0,63730,64205,0,0,0,,0,0,0,1940,False,0.28191,,36.65,31.54
earthquake,Peru,PER,1940,179,3500,0,0,3500,0,0,0,,0,0,0,1940,False,5.11429,,32.49,27.74
earthquake,Romania,ROU,1940,980,0,0,0,0,2.24098e+08,0,0,,1e+07,0,0,1940,False,,,45.99,40.98
earthquake,Turkey,TUR,1940,53,0,0,0,0,0,0,0,,0,0,0,1940,False,,,16.09,13.19
earthquake,United States,USA,1940,9,0,0,0,0,7.39524e+08,0,0,,3.3e+07,0,0,1940,False,,,28.62,26.95
earthquake,China,CHN,1941,147,213,0,31955,32168,0,0,0,,0,0,0,1940,False,0.456976,,34.84,29.96
earthquake,Iran,IRN,1941,730,0,0,0,0,0,0,0,,0,0,0,1940,False,,,26.6,21.8
earthquake,Myanmar,MMR,1941,15,0,0,0,0,0,0,0,,0,0,0,1940,False,,,11.18,9.17
earthquake,Taiwan,TWN,1941,319,0,0,5304,5304,0,0,0,,0,0,0,1940,False,6.01433,,35.4,30.18
earthquake,Turkey,TUR,1941,445,0,0,0,0,0,0,0,,0,0,0,1940,False,,,24.6,20.17
earthquake,Yemen Arab Republic,OWID_YAR,1941,1200,200,5000,3500,8700,0,0,0,,0,0,0,1940,True,13.7931,,41.43,35.19
earthquake,Albania,ALB,1942,43,110,0,0,110,0,0,0,,0,0,0,1940,False,39.0909,,21.92,18.61
earthquake,China,CHN,1942,120,0,0,0,0,0,0,0,,0,0,0,1940,False,,,19.34,15.86
earthquake,Ecuador,ECU,1942,200,0,0,0,0,4.8119e+07,0,0,,2.5e+06,0,0,1940,False,,,38.14,34.28
earthquake,Peru,PER,1942,30,25,0,0,25,0,0,0,,0,0,0,1940,False,120,,18.46,15.57
earthquake,Turkey,TUR,1942,3033,0,0,0,0,0,0,0,,0,0,0,1940,False,,,32.34,26.51
earthquake,Chile,CHL,1943,12,35,0,0,35,1.81351e+09,0,0,,1e+08,0,0,1940,False,34.2857,5.18146e+07,35.6,33.31
earthquake,Indonesia,IDN,1943,213,2096,14000,0,16096,0,0,0,,0,0,0,1940,False,1.32331,,35.34,30.28
earthquake,Japan,JPN,1943,1400,0,0,23217,23217,0,0,0,,0,0,0,1940,False,6.03006,,43.44,36.97
earthquake,Peru,PER,1943,200,0,0,0,0,0,0,0,,0,0,0,1940,False,,,21.39,17.53
earthquake,Turkey,TUR,1943,5140,5000,0,0,5000,7.25404e+08,0,0,,4e+07,0,0,1940,False,102.8,145081,65.83,58.6
earthquake,Yugoslavia,OWID_YGS,1943,19,0,0,0,0,0,0,0,,0,0,0,1940,True,,,12.08,9.9
earthquake,Argentina,ARG,1944,10000,35000,120000,0,155000,1.7826e+09,0,0,,1e+08,0,0,1940,False,6.45161,11500.6,74.22,66.09
earthquake,Iran,IRN,1944,20,0,0,0,0,0,0,0,,0,0,0,1940,False,,,12.28,10.07
earthquake,Japan,JPN,1944,1223,2135,0,78438,80573,0,0,0,,0,0,0,1940,False,1.51788,,44.66,38.13
earthquake,Turkey,TUR,1944,4007,0,0,0,0,0,0,0,,0,0,0,1940,False,,,33.46,27.43
earthquake,China,CHN,1945,17,30,0,0,30,0,0,0,,0,0,0,1940,False,56.6667,,16.52,14
earthquake,Iran,IRN,1945,20,0,0,0,0,0,0,0,,0,0,0,1940,False,,,12.28,10.07
earthquake,Japan,JPN,1945,2306,896,0,21663,22559,0,0,0,,0,0,0,1940,False,10.2221,,45.41,38.58
earthquake,Pakistan,PAK,1945,4000,0,0,0,0,4.35746e+08,0,0,,2.5e+07,0,0,1940,False,,,52.29,46.26
earthquake,Turkey,TUR,1945,600,0,0,0,0,0,0,0,,0,0,0,1940,False,,,25.81,21.15
earthquake,Algeria,DZA,1946,276,0,0,0,0,0,0,0,,0,0,0,1940,False,,,22.68,18.59
earthquake,Chile,CHL,1946,2,0,0,0,0,0,0,0,,0,0,0,1940,False,,,4.43,3.63
earthquake,Dominican Republic,DOM,1946,73,0,0,0,0,0,0,0,,0,0,0,1940,False,,,17.36,14.23
earthquake,Japan,JPN,1946,2000,0,0,0,0,0,0,0,,0,0,0,1940,False,,,30.66,25.13
earthquake,Peru,PER,1946,1400,0,0,0,0,0,0,0,,0,0,0,1940,False,,,29.22,23.95
earthquake,Taiwan,TWN,1946,58,384,0,3500,3884,0,0,0,,0,0,0,1940,False,1.49331,,28.14,24.18
earthquake,Turkey,TUR,1946,852,0,0,0,0,0,0,0,,0,0,0,1940,False,,,27.22,22.31
earthquake,USSR,OWID_USS,1946,400,0,0,0,0,0,0,0,,0,0,0,1940,True,,,24.18,19.82
earthquake,United States,USA,1946,165,0,0,0,0,4.02227e+08,0,0,,2.5e+07,0,0,1940,False,,,39.38,35.66
earthquake,Greece,GRC,1947,3,20,0,35000,35020,0,0,0,,0,0,0,1940,False,0.00856653,,20.39,18.13
earthquake,Iran,IRN,1947,400,0,0,0,0,0,0,0,,0,0,0,1940,False,,,24.18,19.82
earthquake,Peru,PER,1947,233,0,0,0,0,0,0,0,,0,0,0,1940,False,,,22,18.04
earthquake,China,CHN,1948,910,1200,0,6000,7200,0,0,0,,0,0,0,1940,False,12.6389,,40.05,34.03
earthquake,Greece,GRC,1948,2,45,10110,1220,11375,0,0,0,,0,0,0,1940,False,0.0175824,,17.64,15.72
earthquake,Iran,IRN,1948,200,6000,0,0,6000,0,0,0,,0,0,0,1940,False,3.33333,,33.7,28.8
earthquake,Japan,JPN,1948,5131,11000,0,315000,326000,1.30724e+10,0,0,,1e+09,0,0,1940,False,1.57393,40099.3,74.47,66.74
earthquake,Philippines,PHL,1948,72,0,0,0,0,4.5753e+07,0,0,,3.5e+06,0,0,1940,False,,,34.01,30.89
earthquake,USSR,OWID_USS,1948,110000,0,0,0,0,3.2681e+08,0,0,,2.5e+07,0,0,1940,True,,,65.38,56.94
earthquake,Chile,CHL,1949,41,173,0,0,173,5.82655e+08,0,0,,4.42e+07,0,0,1940,False,23.6994,3.36795e+06,41.48,38.15
earthquake,China,CHN,1949,21,17,0,5050,5067,0,0,0,,0,0,0,1940,False,0.414446,,24.53,21.27
earthquake,Ecuador,ECU,1949,6000,0,100000,0,100000,2.63645e+08,0,0,,2e+07,0,0,1940,False,6,2636.45,69.73,62.03
earthquake,Turkey,TUR,1949,320,355,0,0,355,0,0,0,,0,0,0,1940,False,90.1408,,31.59,26.69
earthquake,USSR,OWID_USS,1949,3500,0,0,0,0,0,0,0,,0,0,0,1940,True,,,32.92,26.98
earthquake,United States,USA,1949,8,0,0,0,0,3.29556e+08,0,0,,2.5e+07,0,0,1940,False,,,27.43,25.84
earthquake,Colombia,COL,1950,211,0,0,40000,40000,6.5091e+07,0,0,,5e+06,0,0,1950,False,0.5275,1627.28,53.63,48.47
earthquake,India,IND,1950,1500,0,0,0,0,2.60363e+08,0,0,,2e+07,0,0,1950,False,,,47.85,42.53
earthquake,Indonesia,IDN,1950,16,50,0,0,50,0,0,0,,0,0,0,1950,False,32,,16.99,14.46
earthquake,Iran,IRN,1950,20,0,0,0,0,0,0,0,,0,0,0,1950,False,,,12.28,10.07
earthquake,Peru,PER,1950,83,200,0,0,200,0,0,0,,0,0,0,1950,False,41.5,,25.37,21.52
earthquake,Turkey,TUR,1950,20,0,0,0,0,0,0,0,,0,0,0,1950,False,,,12.28,10.07
earthquake,Venezuela,VEN,1950,100,0,0,0,0,0,0,0,,0,0,0,1950,False,,,18.61,15.26
earthquake,China,CHN,1951,0,0,0,149450,149450,0,0,0,,0,0,0,1950,False,,,16.85,15.43
earthquake,El Salvador,SLV,1951,1100,0,0,0,0,2.77537e+08,0,0,,2.3e+07,0,0,1950,False,,,46.66,41.56
earthquake,Nicaragua,NIC,1951,500,0,0,0,0,0,0,0,,0,0,0,1950,False,,,25.07,20.55
earthquake,Papua New Guinea,PNG,1951,3000,0,0,0,0,0,0,0,,0,0,0,1950,False,,,32.29,26.47
earthquake,Taiwan,TWN,1951,85,836,0,11910,12746,0,0,0,,0,0,0,1950,False,0.666876,,31.34,26.97
earthquake,Turkey,TUR,1951,54,150,0,0,150,0,0,0,,0,0,0,1950,False,36,,23.26,19.74
earthquake,China,CHN,1952,54,0,0,4170,4170,0,0,0,,0,0,0,1950,False,1.29496,,27.95,24.04
earthquake,Costa Rica,CRI,1952,29,0,0,0,0,0,0,0,,0,0,0,1950,False,,,13.72,11.24
earthquake,Haiti,HTI,1952,6,0,0,0,0,2.35893e+08,0,0,,2e+07,0,0,1950,False,,,26.1,24.69
earthquake,Japan,JPN,1952,33,217,0,339,556,0,0,0,,0,0,0,1950,False,5.93525,,23.17,19.84
earthquake,Turkey,TUR,1952,217,250,0,0,250,0,0,0,,0,0,0,1950,False,86.8,,29.53,24.96
earthquake,USSR,OWID_USS,1952,2336,0,0,0,0,0,0,0,,0,0,0,1950,True,,,31.29,25.64
earthquake,United States,USA,1952,14,200,0,270,470,8.36239e+08,0,0,,7.09e+07,0,0,1950,False,2.97872,1.77923e+06,39.08,36.38
earthquake,Chile,CHL,1953,15,55,0,0,55,5.93888e+09,0,0,,5.0731e+08,0,0,1950,False,27.2727,1.0798e+08,38.19,35.69
earthquake,Cyprus,CYP,1953,40,100,0,2500,2600,0,0,0,,0,0,0,1950,False,1.53846,,26.1,22.46
earthquake,Greece,GRC,1953,476,2412,0,138865,141277,1.17066e+09,0,0,,1e+08,0,0,1950,False,0.336927,8286.29,61.42,55.52
earthquake,Iran,IRN,1953,981,0,0,0,0,0,0,0,,0,0,0,1950,False,,,27.79,22.78
earthquake,Peru,PER,1953,9,20,0,1000,1020,0,0,0,,0,0,0,1950,False,0.882353,,19.09,16.58
earthquake,Turkey,TUR,1953,1237,0,50000,0,50000,4.1793e+07,0,0,,3.57e+06,0,0,1950,False,2.474,835.86,60.64,54.17
earthquake,Afghanistan,AFG,1954,2000,0,0,0,0,0,0,0,,0,0,0,1950,False,,,30.66,25.13
earthquake,Algeria,DZA,1954,1250,5000,0,129250,134250,6.9979e+07,0,0,,6e+06,0,0,1950,False,0.931099,521.259,62.57,55.97
earthquake,Greece,GRC,1954,56,200,0,0,200,3.6739e+07,0,0,,3.15e+06,0,0,1950,False,28,183695,40.3,36.73
earthquake,Philippines,PHL,1954,13,101,0,0,101,0,0,0,,0,0,0,1950,False,12.8713,,17.19,14.71
earthquake,China,CHN,1955,39,113,0,0,113,0,0,0,,0,0,0,1950,False,34.5133,,21.58,18.33
earthquake,Costa Rica,CRI,1955,10,0,0,0,0,0,0,0,,0,0,0,1950,False,,,9.67,7.93
earthquake,Egypt,EGY,1955,20,28,0,0,28,0,0,0,,0,0,0,1950,False,71.4286,,17.04,14.43
earthquake,Greece,GRC,1955,8,149,25056,1377,26582,0,0,0,,0,0,0,1950,False,0.0300956,,23.27,20.46
earthquake,Pakistan,PAK,1955,12,0,0,0,0,0,0,0,,0,0,0,1950,False,,,10.35,8.48
earthquake,Philippines,PHL,1955,400,2000,0,0,2000,5.8579e+07,0,0,,5e+06,0,0,1950,False,20,29289.5,51.86,46.59
earthquake,Afghanistan,AFG,1956,100,2000,0,0,2000,2.88494e+08,0,0,,2.5e+07,0,0,1950,False,5,144247,47.81,43.55
earthquake,Greece,GRC,1956,53,100,0,0,100,0,0,0,,0,0,0,1950,False,53,,22.62,19.16
earthquake,India,IND,1956,113,219,0,0,219,0,0,0,,0,0,0,1950,False,51.5982,,26.73,22.64
earthquake,Iran,IRN,1956,350,0,0,0,0,0,0,0,,0,0,0,1950,False,,,23.64,19.38
earthquake,Lebanon,LBN,1956,136,200,0,0,200,0,0,0,,0,0,0,1950,False,68,,27.35,23.13
earthquake,Spain,ESP,1956,11,70,0,0,70,0,0,0,,0,0,0,1950,False,15.7143,,16.05,13.73
earthquake,Iran,IRN,1957,5544,5000,10000,0,15000,2.23332e+08,0,0,,2e+07,0,0,1950,False,36.96,14888.8,66.57,59.15
earthquake,Mexico,MEX,1957,160,100,0,0,100,2.79166e+08,0,0,,2.5e+07,0,0,1950,False,160,2.79166e+06,45.44,41.19
earthquake,Mongolia,MNG,1957,1200,0,0,0,0,0,0,0,,0,0,0,1950,False,,,28.6,23.44
earthquake,Tunisia,TUN,1957,13,0,0,0,0,0,0,0,,0,0,0,1950,False,,,10.64,8.72
earthquake,Turkey,TUR,1957,53,119,0,0,119,0,0,0,,0,0,0,1950,False,44.5378,,22.86,19.39
earthquake,Chile,CHL,1958,0,35,0,0,35,1.09787e+08,0,0,,1.01e+07,0,0,1950,False,,3.13677e+06,22.6,22.17
earthquake,Colombia,COL,1958,111,46,0,0,46,0,0,0,,0,0,0,1950,False,241.304,,24.48,20.58
earthquake,Indonesia,IDN,1958,8,1856,1030,475,3361,0,0,0,,0,0,0,1950,False,0.238024,,20.35,17.78
earthquake,Iran,IRN,1958,191,984,0,0,984,0,0,0,,0,0,0,1950,False,19.4106,,30.96,26.31
earthquake,Peru,PER,1958,28,0,0,0,0,0,0,0,,0,0,0,1950,False,,,13.58,11.13
earthquake,Mexico,MEX,1959,25,200,0,0,200,0,0,0,,0,0,0,1950,False,12.5,,20.64,17.64
earthquake,Taiwan,TWN,1959,16,63,0,0,63,0,0,0,,0,0,0,1950,False,25.3968,,17.31,14.75
earthquake,United States,USA,1959,28,0,0,0,0,1.18373e+08,0,0,,1.1e+07,0,0,1950,False,,,31.18,28.73
earthquake,Algeria,DZA,1960,57,0,0,1250,1250,0,0,0,0,0,0,0,1960,False,4.56,,26.47,22.66
earthquake,Chile,CHL,1960,6000,3000,2000000,0,2003000,5.8336e+09,0,0,13.0607,5.5e+08,0,0,1960,False,0.299551,2912.43,76.91,68.84
earthquake,Iran,IRN,1960,480,0,0,0,0,2.12131e+08,0,0,0.476289,2e+07,0,0,1960,False,,,43.06,38.57
earthquake,Japan,JPN,1960,138,0,0,0,0,1.48492e+09,0,0,0.28915,1.4e+08,0,0,1960,False,,,39.9,36.31
earthquake,Morocco,MAR,1960,13100,0,0,0,0,1.27279e+09,0,0,5.89057,1.2e+08,0,0,1960,False,,,58.09,51.19
earthquake,Peru,PER,1960,63,200,0,0,200,0,0,0,0,0,0,0,1960,False,31.5,,24.28,20.62
earthquake,Philippines,PHL,1960,32,0,0,0,0,0,0,0,0,0,0,0,1960,False,,,14.1,11.56
earthquake,United States,USA,1960,61,0,0,0,0,6.09877e+09,0,0,0.106091,5.75e+08,0,0,1960,False,,,37.98,34.98
earthquake,Ethiopia,ETH,1961,30,0,0,0,0,0,0,0,0,0,0,0,1960,False,,,13.85,11.35
earthquake,Iran,IRN,1961,60,0,0,0,0,0,0,0,0,0,0,0,1960,False,,,16.58,13.59
earthquake,Japan,JPN,1961,10,0,0,0,0,0,0,0,0,0,0,0,1960,False,,,9.67,7.93
earthquake,Albania,ALB,1962,15,154,0,0,154,0,0,0,,0,0,0,1960,False,9.74026,,18.32,15.7
earthquake,Colombia,COL,1962,47,300,0,0,300,0,0,0,0,0,0,0,1960,False,15.6667,,23.69,20.19
earthquake,Iran,IRN,1962,12000,3000,100000,0,103000,3.11096e+08,0,0,0.639173,3e+07,0,0,1960,False,11.6505,3020.35,72.73,64.51
earthquake,Italy,ITA,1962,16,0,0,30000,30000,0,0,0,0,0,0,0,1960,False,0.0533333,,26.01,22.72
earthquake,Libya,LBY,1963,300,375,0,5000,5375,5.1215e+07,0,0,0.560332,5e+06,0,0,1960,False,5.5814,9528.37,51.98,46.8
earthquake,Taiwan,TWN,1963,15,18,0,0,18,0,0,0,,0,0,0,1960,False,83.3333,,15.35,12.98
earthquake,Yugoslavia,OWID_YGS,1963,1070,3300,0,0,3300,1.02429e+10,0,0,,1e+09,0,0,1960,True,32.4242,3.10391e+06,61.42,55.38
earthquake,Japan,JPN,1964,25,376,35000,0,35376,8.09085e+09,5.0568e+07,0,0.895526,8e+08,5e+06,0,1960,False,0.0706694,228710,49.56,45.94
earthquake,Mexico,MEX,1964,45,0,4000,0,4000,3.0341e+07,0,0,0.0149402,3e+06,0,0,1960,False,1.125,7585.25,43.49,39.71
earthquake,Portugal,PRT,1964,0,0,1000,0,1000,0,0,0,0,0,0,0,1960,False,,,9.77,8.95
earthquake,Taiwan,TWN,1964,107,2485,37000,23000,62485,0,0,0,,0,0,0,1960,False,0.171241,,34.51,29.78
earthquake,Tanzania,TZA,1964,4,0,500,0,500,0,0,0,0,0,0,0,1960,False,0.8,,15.29,13.37
earthquake,Turkey,TUR,1964,23,100,13000,0,13100,5.0568e+07,0,0,0.0447316,5e+06,0,0,1960,False,0.175573,3860.15,43.02,39.58
earthquake,United States,USA,1964,131,0,0,0,0,3.14532e+09,0,0,0.0454582,3.11e+08,0,0,1960,False,,,40.4,36.85
earthquake,Algeria,DZA,1965,2,350,37000,12000,49350,1.9911e+07,0,0,0.0637697,2e+06,0,0,1960,False,0.00405268,403.465,35.63,33.54
earthquake,Chile,CHL,1965,400,350,20000,0,20350,1.24447e+09,0,0,2.02135,1.25e+08,0,0,1960,False,1.9656,61153.2,58.04,52.49
earthquake,El Salvador,SLV,1965,125,1138,90582,48000,139720,3.48451e+08,0,0,3.9876,3.5e+07,0,0,1960,False,0.0894646,2493.92,54.89,49.95
earthquake,Greece,GRC,1965,70,453,30000,0,30453,7.9646e+07,0,0,0.10551,8e+06,0,0,1960,False,0.229862,2615.37,49.02,44.69
earthquake,Indonesia,IDN,1965,71,0,15000,0,15000,0,0,0,,0,0,0,1960,False,0.473333,,30.85,26.59
earthquake,Iran,IRN,1965,20,0,0,0,0,0,0,0,0,0,0,0,1960,False,,,12.28,10.07
earthquake,United States,USA,1965,7,0,0,0,0,2.78761e+08,0,0,0.00377407,2.8e+07,0,0,1960,False,,,26.8,25.29
earthquake,Chile,CHL,1966,4,6,3000,0,3006,3.866e+06,0,0,0.00551201,400000,0,0,1960,False,0.133067,1286.09,32.18,30.05
earthquake,Democratic Republic of Congo,COD,1966,24,600,3000,0,3600,1.933e+06,0,0,0.00441242,200000,0,0,1960,False,0.666667,536.944,38.27,34.95
earthquake,Greece,GRC,1966,2,173,26000,0,26173,1.73958e+08,0,0,0.212464,1.8e+07,0,0,1960,False,0.00764146,6646.47,36.79,34.77
earthquake,India,IND,1966,15,0,0,0,0,0,0,0,0,0,0,0,1960,False,,,11.18,9.17
earthquake,Nepal,NPL,1966,80,100,20000,0,20100,9.664e+06,0,0,0.110276,1e+06,0,0,1960,False,0.39801,480.796,46.97,42.59
earthquake,Peru,PER,1966,120,1500,57600,49256,108356,1.44965e+08,0,0,0.245537,1.5e+07,0,0,1960,False,0.110746,1337.86,53.54,48.66
earthquake,Turkey,TUR,1966,2430,1520,108000,0,109520,1.93287e+08,0,0,0.141844,2e+07,0,0,1960,False,2.21877,1764.86,65.92,58.87
earthquake,USSR,OWID_USS,1966,10,0,100000,0,100000,2.89931e+09,0,0,,3e+08,0,0,1960,True,0.01,28993.1,46.59,43.46
earthquake,Uganda,UGA,1966,104,510,5000,0,5510,1.4497e+07,0,0,0.162095,1.5e+06,0,0,1960,False,1.88748,2631.03,46.57,42.15
earthquake,Albania,ALB,1967,11,134,0,0,134,1.88072e+08,0,0,,2e+07,0,0,1960,False,8.20896,1.40352e+06,35,32.61
earthquake,Algeria,DZA,1967,10,15,0,200,215,0,0,0,0,0,0,0,1960,False,4.65116,,17.28,14.89
earthquake,China,CHN,1967,0,0,0,2085,2085,0,0,0,0,0,0,0,1960,False,,,10.81,9.9
earthquake,Colombia,COL,1967,81,200,40000,0,40200,5.642e+06,0,0,0.0103001,600000,0,0,1960,False,0.201493,140.348,47.49,43.02
earthquake,France,FRA,1967,1,80,0,1020,1100,0,0,0,0,0,0,0,1960,False,0.0909091,,12.7,11.36
earthquake,Greece,GRC,1967,9,56,16527,0,16583,4.7018e+07,0,0,0.0546652,5e+06,0,0,1960,False,0.0542724,2835.31,39.76,36.92
earthquake,India,IND,1967,177,2272,50000,0,52272,3.761e+06,0,0,0.000797847,400000,0,0,1960,False,0.338613,71.9506,50.6,45.53
earthquake,Indonesia,IDN,1967,139,221,0,18290,18511,0,0,0,0,0,0,0,1960,False,0.750905,,33.83,29.06
earthquake,Turkey,TUR,1967,280,360,238713,87000,326073,2.8211e+07,0,0,0.0191761,3e+06,0,0,1960,False,0.0858703,86.5174,56.94,51.32
earthquake,Venezuela,VEN,1967,240,1536,80000,0,81536,1.31651e+09,0,0,1.51351,1.4e+08,0,0,1960,False,0.294349,16146.3,58,52.66
earthquake,Yugoslavia,OWID_YGS,1967,7,70,16400,5400,21870,1.88072e+08,0,0,,2e+07,0,0,1960,True,0.0320073,8599.54,40.56,37.85
earthquake,Australia,AUS,1968,0,16,3874,400,4290,2.3448e+07,0,0,0.00793569,2.6e+06,0,0,1960,False,,5465.73,27.9,26.9
earthquake,Greece,GRC,1968,19,18,4000,3600,7618,5.411e+06,0,0,0.00602995,600000,0,0,1960,False,0.249409,710.291,39.41,36.16
earthquake,Indonesia,IDN,1968,200,0,0,0,0,0,0,0,0,0,0,0,1960,False,,,21.39,17.53
earthquake,Iran,IRN,1968,10738,4150,80000,0,84150,3.24661e+08,0,0,0.41748,3.6e+07,0,0,1960,False,12.7605,3858.12,72.03,63.93
earthquake,Italy,ITA,1968,224,563,55000,0,55563,2.25459e+09,0,0,0.273267,2.5e+08,0,0,1960,False,0.403146,40577.2,57.69,52.44
earthquake,Japan,JPN,1968,47,281,2500,0,2781,1.18141e+09,0,0,0.081772,1.31e+08,0,0,1960,False,1.69004,424813,46.61,42.85
earthquake,Mexico,MEX,1968,33,500,0,0,500,2.1644e+07,0,0,0.00817439,2.4e+06,0,0,1960,False,6.6,43288,39.01,35.7
earthquake,New Zealand,NZL,1968,3,14,300,0,314,2.407e+07,0,0,0.0510516,2.669e+06,0,0,1960,False,0.955414,76656.1,29.82,28.13
earthquake,Nicaragua,NIC,1968,0,0,2000,0,2000,1.8037e+07,0,0,0.288659,2e+06,0,0,1960,False,,9018.5,26.57,25.66
earthquake,Peru,PER,1968,11,120,300,0,420,902000,0,0,0.00174335,100000,0,0,1960,False,2.61905,2147.62,31.55,29.02
earthquake,Philippines,PHL,1968,271,261,0,0,261,4.5092e+07,0,0,0.057919,5e+06,0,0,1960,False,103.831,172766,47.17,42.43
earthquake,Turkey,TUR,1968,24,200,10000,10000,20200,0,0,0,0,0,0,0,1960,False,0.118812,,27.01,23.48
earthquake,Yugoslavia,OWID_YGS,1968,1,30,15000,0,15030,3.48109e+08,0,0,,3.86e+07,0,0,1960,True,0.00665336,23160.9,35.02,33.37
earthquake,China,CHN,1969,3000,0,0,53810,53810,0,0,0,0,0,0,0,1960,False,5.57517,,47.7,40.58
earthquake,Egypt,EGY,1969,2,16,0,535,551,0,0,0,0,0,0,0,1960,False,0.362976,,13.36,11.81
earthquake,Ethiopia,ETH,1969,24,165,0,420,585,2.736e+06,0,0,0.0115566,320000,0,0,1960,False,4.10256,4676.92,36.03,32.93
earthquake,Indonesia,IDN,1969,64,97,0,6435,6532,0,0,0,0,0,0,0,1960,False,0.979792,,29.26,25.18
earthquake,Iran,IRN,1969,50,300,48000,0,48300,0,0,0,0,0,0,0,1960,False,0.10352,,31.11,26.96
earthquake,Morocco,MAR,1969,11,0,0,0,0,0,0,0,0,0,0,0,1960,False,,,10.02,8.22
earthquake,Peru,PER,1969,150,216,3000,0,3216,4.2756e+07,0,0,0.0778706,5e+06,0,0,1960,False,4.66418,13294.8,48.3,43.68
earthquake,Portugal,PRT,1969,2,80,0,0,80,0,0,0,0,0,0,0,1960,False,2.5,,10.65,9.32
earthquake,South Africa,ZAF,1969,9,0,1000,0,1000,2.0523e+08,0,0,0.12463,2.4e+07,0,0,1960,False,0.9,205230,37.18,34.68
earthquake,Turkey,TUR,1969,53,350,0,0,350,0,0,0,0,0,0,0,1960,False,15.1429,,24.38,20.78
earthquake,Yugoslavia,OWID_YGS,1969,15,1116,200000,85000,286116,4.27563e+08,0,0,,5e+07,0,0,1960,True,0.00524263,1494.37,47.77,44.25
earthquake,China,CHN,1970,10000,0,0,0,0,0,0,0,0,0,0,0,1970,False,,,37.15,30.45
earthquake,Colombia,COL,1970,0,6,3000,0,3006,3.232e+06,0,0,0.00555682,400000,0,0,1970,False,,1075.18,25.52,24.56
earthquake,Ecuador,ECU,1970,29,120,60000,27992,88112,3.2318e+07,0,0,0.139738,4e+06,0,0,1970,False,0.0329127,366.783,46.2,42.36
earthquake,India,IND,1970,26,200,0,0,200,0,0,0,0,0,0,0,1970,False,13,,20.79,17.76
earthquake,Iran,IRN,1970,176,0,10000,0,10000,6.4636e+07,0,0,0.0728847,8e+06,0,0,1970,False,1.76,6463.6,50.93,46.07
earthquake,Papua New Guinea,PNG,1970,15,20,4000,0,4020,1.4139e+07,0,0,0.271079,1.75e+06,0,0,1970,False,0.373134,3517.16,38.51,35.5
earthquake,Peru,PER,1970,66835,143583,3087909,0,3231492,4.29833e+09,0,0,7.15802,5.32e+08,0,0,1970,False,2.06824,1330.14,87.02,77.14
earthquake,Philippines,PHL,1970,14,200,0,0,200,0,0,0,0,0,0,0,1970,False,7,,18.42,15.82
earthquake,Turkey,TUR,1970,1086,2819,81422,0,84241,4.49224e+08,0,0,0.311247,5.56e+07,0,0,1970,False,1.28916,5332.61,63.11,56.66
earthquake,Chile,CHL,1971,85,451,2348522,0,2348973,1.83139e+09,0,0,2.14913,2.364e+08,0,0,1970,False,0.0036186,779.656,58.91,53.92
earthquake,Indonesia,IDN,1971,1,6,6885,0,6891,0,0,0,0,0,0,0,1970,False,0.0145117,,15.3,13.74
earthquake,Italy,ITA,1971,22,100,4120,0,4220,3.22275e+08,0,0,0.0332907,4.16e+07,0,0,1970,False,0.521327,76368.5,43,39.73
earthquake,Turkey,TUR,1971,935,1200,60000,27465,88665,3.8735e+07,0,0,0.0309278,5e+06,0,0,1970,False,1.05453,436.869,60.25,53.91
earthquake,United States,USA,1971,65,2000,0,0,2000,4.28409e+09,2.71145e+08,0,0.0474739,5.53e+08,3.5e+07,0,1970,False,3.25,2.14204e+06,48.65,44.69
earthquake,Afghanistan,AFG,1972,11,15,0,0,15,0,0,0,,0,0,0,1970,False,73.3333,,13.94,11.81
earthquake,Iran,IRN,1972,5057,1332,22126,0,23458,7.502e+06,0,0,0.00582973,1e+06,0,0,1970,False,21.5577,319.806,63.62,56.22
earthquake,Italy,ITA,1972,3,0,450,0,450,2.25046e+09,0,0,0.206051,3e+08,0,0,1970,False,0.666667,5.00102e+06,34.63,32.89
earthquake,Nicaragua,NIC,1972,10000,20000,400000,300000,720000,6.33879e+09,7.50153e+08,0,96.179,8.45e+08,1e+08,0,1970,False,1.38889,8803.88,77.6,69.28
earthquake,Pakistan,PAK,1972,100,0,5000,0,5000,0,0,0,0,0,0,0,1970,False,2,,30.66,26.29
earthquake,Peru,PER,1972,12,0,1500000,75000,1575000,1.50031e+08,0,0,0.217642,2e+07,0,0,1970,False,0.000761905,95.2578,48.36,44.78
earthquake,China,CHN,1973,0,0,0,840,840,0,0,0,0,0,0,0,1970,False,,,9.53,8.72
earthquake,Costa Rica,CRI,1973,21,98,3563,84,3745,1.413e+06,0,0,0.0130811,200000,0,0,1970,False,0.560748,377.303,37.52,34.28
earthquake,Japan,JPN,1973,0,27,0,0,27,3.5325e+07,0,0,0.00110925,5e+06,0,0,1970,False,,1.30833e+06,21.17,20.77
earthquake,Mexico,MEX,1973,556,390,0,0,390,0,0,0,0,0,0,0,1970,False,142.564,,33.94,28.63
earthquake,Philippines,PHL,1973,14,64,0,0,64,3.179e+06,0,0,0.00394306,450000,0,0,1970,False,21.875,49671.9,31,28.53
earthquake,United States,USA,1973,0,11,0,0,11,4.7689e+07,0,0,0.000473559,6.75e+06,0,0,1970,False,,4.33536e+06,20.26,19.96
earthquake,China,CHN,1974,20000,0,0,0,0,0,0,0,0,0,0,0,1970,False,,,39.94,32.74
earthquake,Colombia,COL,1974,11,0,0,0,0,0,0,0,0,0,0,0,1970,False,,,10.02,8.22
earthquake,Japan,JPN,1974,30,73,0,0,73,0,0,0,0,0,0,0,1970,False,41.0959,,19.94,16.93
earthquake,Pakistan,PAK,1974,4700,15000,30000,5200,50200,2.0708e+07,0,0,0.0365764,3.255e+06,0,0,1970,False,9.36255,412.51,65.37,57.92
earthquake,Peru,PER,1974,88,2414,41260,0,43674,6.3618e+07,0,0,0.0721582,1e+07,0,0,1970,False,0.201493,1456.66,50.23,45.69
earthquake,China,CHN,1975,2000,0,0,0,0,0,0,0,0,0,0,0,1970,False,,,30.66,25.13
earthquake,India,IND,1975,47,0,0,0,0,0,0,0,0,0,0,0,1970,False,,,15.61,12.8
earthquake,Solomon Islands,SLB,1975,200,0,0,0,0,0,0,0,0,0,0,0,1970,False,,,21.39,17.53
earthquake,Turkey,TUR,1975,2385,3372,50000,0,53372,9.909e+07,0,0,0.0369221,1.7e+07,0,0,1970,False,4.46864,1856.59,64.2,57.24
earthquake,United States,USA,1975,0,0,1560,0,1560,5.829e+06,0,0,5.93506e-05,1e+06,0,0,1970,False,,3736.54,25.15,24.27
earthquake,Afghanistan,AFG,1976,50,0,90000,0,90000,0,0,0,,0,0,0,1970,False,0.0555556,,31.99,27.77
earthquake,China,CHN,1976,242000,164000,0,0,164000,3.08682e+10,0,0,3.63172,5.6e+09,0,0,1970,False,147.561,188221,89.85,79.4
earthquake,Cuba,CUB,1976,1,8,0,0,8,0,0,0,0,0,0,0,1970,False,12.5,,5.9,5.14
earthquake,Ecuador,ECU,1976,20,0,0,20000,20000,1.32293e+08,0,0,0.263971,2.4e+07,0,0,1970,False,0.1,6614.65,44,40.6
earthquake,Guatemala,GTM,1976,23000,77000,3750000,1166000,4993000,5.51218e+09,0,0,22.9079,1e+09,0,0,1970,False,0.460645,1103.98,83.56,74.41
earthquake,Iceland,ISL,1976,1,6,0,0,6,0,0,0,0,0,0,0,1970,False,16.6667,,5.55,4.81
earthquake,Indonesia,IDN,1976,1126,4755,472000,0,476755,1.21268e+09,0,0,0.5903,2.2e+08,0,0,1970,False,0.23618,2543.61,66.64,59.97
earthquake,Iran,IRN,1976,16,0,0,0,0,0,0,0,0,0,0,0,1970,False,,,11.43,9.37
earthquake,Italy,ITA,1976,945,1750,111472,137000,250222,1.98438e+10,0,0,1.59833,3.6e+09,0,0,1970,False,0.377665,79305,67.67,61.2
earthquake,Philippines,PHL,1976,6000,6348,175000,0,181348,7.38632e+08,0,0,0.691397,1.34e+08,0,0,1970,False,3.30856,4073.01,71.55,63.77
earthquake,Turkey,TUR,1976,3846,15056,150000,60000,225056,1.37804e+08,0,0,0.0485909,2.5e+07,0,0,1970,False,1.70891,612.31,68.47,60.99
earthquake,USSR,OWID_USS,1976,0,0,0,0,0,4.68535e+08,0,0,,8.5e+07,0,0,1970,True,,,18.9,18.9
earthquake,Argentina,ARG,1977,70,100,0,40000,40100,4.14054e+08,0,0,0.140892,8e+07,0,0,1970,False,0.174564,10325.5,50.97,46.6
earthquake,Bulgaria,BGR,1977,20,165,0,0,165,0,0,0,,0,0,0,1970,False,12.1212,,19.51,16.68
earthquake,Indonesia,IDN,1977,187,100,3900,0,4000,6.211e+06,0,0,0.00261958,1.2e+06,0,0,1970,False,4.675,1552.75,47.66,42.86
earthquake,Iran,IRN,1977,1114,1280,420126,0,421406,0,0,0,0,0,0,0,1970,False,0.264353,,46.62,39.97
earthquake,Philippines,PHL,1977,1,30,60000,0,60030,518000,0,0,0.00044877,100000,0,0,1970,False,0.00166583,8.62902,30.82,29
earthquake,Romania,ROU,1977,1641,11300,200000,175000,386300,1.03513e+10,0,0,,2e+09,0,0,1970,False,0.424799,26796.1,69.89,62.97
earthquake,Solomon Islands,SLB,1977,34,1,1000,0,1001,0,0,0,0,0,0,0,1970,False,3.3966,,24.11,20.7
earthquake,Tonga,TON,1977,1,5,5000,500,5505,6.211e+06,0,0,3.515,1.2e+06,0,0,1970,False,0.0181653,1128.25,29.79,28.26
earthquake,Turkey,TUR,1977,30,0,0,0,0,0,0,0,0,0,0,0,1970,False,,,13.85,11.35
earthquake,Greece,GRC,1978,50,100,600000,0,600100,1.20218e+09,0,0,0.572679,2.5e+08,0,0,1970,False,0.00833194,2003.3,54.48,50.02
earthquake,Iran,IRN,1978,25045,52,40000,0,40052,2.40436e+08,0,0,0.0641072,5e+07,0,0,1970,False,62.5312,6003.1,74.12,65.48
earthquake,Italy,ITA,1978,5,0,900,0,900,0,0,0,0,0,0,0,1970,False,0.555556,,16.85,14.73
earthquake,Japan,JPN,1978,53,629,3632,255,4516,4.15954e+09,9.617e+06,0,0.0818029,8.65e+08,2e+06,0,1970,False,1.1736,921068,48.96,45.06
earthquake,Mexico,MEX,1978,9,100,3750,0,3850,0,0,0,0,0,0,0,1970,False,0.233766,,20.97,18.3
earthquake,Turkey,TUR,1978,0,20,125,2500,2645,0,0,0,0,0,0,0,1970,False,,,11.15,10.2
earthquake,West Germany,OWID_GFR,1978,0,35,0,200,235,7.21308e+08,0,0,,1.5e+08,0,0,1970,True,,3.0694e+06,27.04,26.39
earthquake,Albania,ALB,1979,35,350,0,0,350,0,0,0,,0,0,0,1970,False,10,,22.74,19.44
earthquake,China,CHN,1979,42,3091,2000,569545,574636,0,0,0,0,0,0,0,1970,False,0.00730897,,33.93,29.61
earthquake,Colombia,COL,1979,639,1642,10000,0,11642,1.21023e+08,0,0,0.100213,2.8e+07,0,0,1970,False,5.48875,10395.4,56.93,51.11
earthquake,Guatemala,GTM,1979,0,40,2000,0,2040,0,0,0,0,0,0,0,1970,False,,,10.78,9.87
earthquake,Indonesia,IDN,1979,638,895,67500,18000,86395,8.7093e+07,0,0,0.0392022,2.015e+07,0,0,1970,False,0.738469,1008.08,59.44,53.39
earthquake,Iran,IRN,1979,565,278,20000,0,20278,0,0,0,0,0,0,0,1970,False,2.78627,,39.59,33.8
earthquake,Italy,ITA,1979,5,0,0,5000,5000,0,0,0,0,0,0,0,1970,False,0.1,,19.28,16.95
earthquake,Mexico,MEX,1979,5,35,7500,0,7535,1.29668e+08,0,0,0.0222995,3e+07,0,0,1970,False,0.066357,17208.8,37.54,35.17
earthquake,Peru,PER,1979,13,1000,0,100,1100,0,0,0,0,0,0,0,1970,False,1.18182,,20.55,17.79
earthquake,Turkey,TUR,1979,0,0,0,1000,1000,0,0,0,0,0,0,0,1970,False,,,9.77,8.95
earthquake,Yugoslavia,OWID_YGS,1979,121,180,300000,10000,310180,1.94502e+09,0,0,,4.5e+08,0,0,1970,True,0.0390096,6270.62,57.52,52.51
earthquake,Algeria,DZA,1980,2633,8369,478948,443000,930317,1.97939e+10,0,0,12.2798,5.2e+09,0,0,1980,False,0.283022,21276.5,73.66,66.28
earthquake,Ecuador,ECU,1980,8,40,0,0,40,0,0,0,0,0,0,0,1980,False,20,,14.12,12.07
earthquake,Greece,GRC,1980,1,17,0,0,17,1.9033e+07,0,0,0.00892232,5e+06,0,0,1980,False,5.88235,1.11959e+06,22.76,21.91
earthquake,India,IND,1980,13,40,0,0,40,0,0,0,0,0,0,0,1980,False,32.5,,15.9,13.53
earthquake,Indonesia,IDN,1980,0,0,20000,0,20000,0,0,0,0,0,0,0,1980,False,,,14.01,12.82
earthquake,Iran,IRN,1980,50,100,0,0,100,2.284e+07,0,0,0.00635847,6e+06,0,0,1980,False,50,228400,38.43,35.02
earthquake,Italy,ITA,1980,4689,7700,400000,0,407700,7.61304e+10,0,0,4.18098,2e+10,0,0,1980,False,1.15011,186731,76.09,68.4
earthquake,Japan,JPN,1980,2,73,0,0,73,3.807e+06,0,0,8.67182e-05,1e+06,0,0,1980,False,2.73973,52150.7,24.87,23.55
earthquake,Mexico,MEX,1980,67,360,6000,0,6360,1.9033e+07,0,0,0.00243218,5e+06,0,0,1980,False,1.05346,2992.61,45.28,41.16
earthquake,Nepal,NPL,1980,100,5600,200000,35000,240600,9.32597e+08,0,0,12.5905,2.45e+08,0,0,1980,False,0.0415628,3876.13,55.7,50.86
earthquake,Peru,PER,1980,7,0,3000,0,3000,3.807e+06,0,0,0.00551364,1e+06,0,0,1980,False,0.233333,1269,34.06,31.59
earthquake,Portugal,PRT,1980,69,600,21300,0,21900,1.9033e+07,0,0,0.0151992,5e+06,0,0,1980,False,0.315068,869.087,47.14,42.86
earthquake,Venezuela,VEN,1980,0,36,150,0,186,0,0,0,0,0,0,0,1980,False,,,7.4,6.77
earthquake,Yugoslavia,OWID_YGS,1980,0,100,5000,0,5100,0,0,0,,0,0,0,1980,True,,,12.08,11.05
earthquake,China,CHN,1981,150,850,25000,0,25850,0,0,0,0,0,0,0,1980,False,0.580271,,34.61,29.74
earthquake,Colombia,COL,1981,10,0,0,0,0,1.725e+07,0,0,0.0137407,5e+06,0,0,1980,False,,,25.45,23.71
earthquake,Greece,GRC,1981,24,400,80450,0,80850,3.10498e+09,0,0,1.74356,9e+08,0,0,1980,False,0.0296846,38404.2,49.66,45.97
earthquake,Indonesia,IDN,1981,306,0,2682,0,2682,1.725e+07,0,0,0.00584671,5e+06,0,0,1980,False,11.4094,6431.77,50.04,44.93
earthquake,Iran,IRN,1981,3200,4000,30000,0,34000,3.46722e+09,0,0,1.00001,1.005e+09,0,0,1980,False,9.41176,101977,68.11,60.99
earthquake,Italy,ITA,1981,12,6,300,0,306,1.725e+06,0,0,0.000115822,500000,0,0,1980,False,3.92157,5637.25,32.04,29.49
earthquake,Mexico,MEX,1981,3,28,0,0,28,0,0,0,0,0,0,0,1980,False,10.7143,,10.35,8.94
earthquake,Pakistan,PAK,1981,256,2012,225,0,2237,1.725e+07,0,0,0.0177932,5e+06,0,0,1980,False,11.4439,7711.22,49.07,44.11
earthquake,Peru,PER,1981,18,115,12156,0,12271,0,0,0,0,0,0,0,1980,False,0.146687,,25.19,21.93
earthquake,Yugoslavia,OWID_YGS,1981,0,44,0,0,44,1.725e+07,0,0,,5e+06,0,0,1980,True,,392045,21.16,20.71
earthquake,Afghanistan,AFG,1982,500,3000,35000,0,38000,3.251e+06,0,0,,1e+06,0,0,1980,False,1.31579,85.5526,54.19,48.4
earthquake,Albania,ALB,1982,1,5,0,5000,5005,1.6253e+07,0,0,0.268649,5e+06,0,0,1980,False,0.01998,3247.35,30.57,29.04
earthquake,China,CHN,1982,10,5,0,0,5,0,0,0,0,0,0,0,1980,False,200,,12.21,10.25
earthquake,El Salvador,SLV,1982,20,0,30000,2500,32500,1.6253e+07,0,0,0.147094,5e+06,0,0,1980,False,0.0615385,500.092,42.7,39.24
earthquake,Honduras,HND,1982,0,0,500,0,500,0,0,0,0,0,0,0,1980,False,,,8.79,8.05
earthquake,Indonesia,IDN,1982,13,417,21400,2000,23817,1.609e+07,0,0,0.00549033,4.95e+06,0,0,1980,False,0.0545829,675.568,40.61,37.49
earthquake,Italy,ITA,1982,0,0,6000,0,6000,1.13773e+08,0,0,0.00817265,3.5e+07,0,0,1980,False,,18962.2,29.87,28.83
earthquake,Japan,JPN,1982,110,100,1000,0,1100,3.251e+06,0,0,8.45214e-05,1e+06,0,0,1980,False,10,2955.45,43.1,38.84
earthquake,Mexico,MEX,1982,19,217,0,0,217,0,0,0,0,0,0,0,1980,False,8.75576,,19.7,16.88
earthquake,Peru,PER,1982,3,0,0,0,0,1.6253e+07,0,0,0.0229415,5e+06,0,0,1980,False,,,21.31,20.3
earthquake,Poland,POL,1982,0,0,1050,0,1050,0,0,0,,0,0,0,1980,False,,,9.84,9.01
earthquake,Yemen Arab Republic,OWID_YAR,1982,1507,1500,400000,0,401500,6.50132e+09,0,0,,2e+09,0,0,1980,True,0.375342,16192.6,69.16,62.3
earthquake,Afghanistan,AFG,1983,12,483,27440,6580,34503,9.448e+06,0,0,,3e+06,0,0,1980,False,0.0347796,273.831,40.33,37.22
earthquake,Belgium,BEL,1983,2,30,1000,0,1030,1.57474e+08,0,0,0.0573498,5e+07,0,0,1980,False,0.194175,152887,32.12,30.49
earthquake,Chile,CHL,1983,4,24,1500,0,1524,3.149e+06,0,0,0.00484739,1e+06,0,0,1980,False,0.262467,2066.27,31.03,28.98
earthquake,China,CHN,1983,34,2200,0,16500,18700,1.5747e+07,0,0,0.00216328,5e+06,0,0,1980,False,0.181818,842.086,43.95,40.18
earthquake,Colombia,COL,1983,250,1200,35000,0,36200,1.29412e+09,0,0,1.06094,4.109e+08,0,0,1980,False,0.690608,35749.3,57,51.73
earthquake,Costa Rica,CRI,1983,12,60,5475,0,5535,1.8896e+07,0,0,0.190672,6e+06,0,0,1980,False,0.216802,3413.91,38.4,35.5
earthquake,Greece,GRC,1983,0,7,480,0,487,0,0,0,0,0,0,0,1980,False,,,8.76,8.02
earthquake,Guinea,GIN,1983,443,1436,20000,20000,41436,2.5196e+07,0,0,0.0528755,8e+06,0,0,1980,False,1.06912,608.07,55.76,50.06
earthquake,Indonesia,IDN,1983,2,104,0,100,204,3.149e+06,0,0,0.00123377,1e+06,0,0,1980,False,0.980392,15436.3,26.13,24.69
earthquake,Iran,IRN,1983,33,102,7005,375,7482,3.1494e+07,0,0,0.00639529,1e+07,0,0,1980,False,0.441059,4209.3,43.19,39.56
earthquake,Italy,ITA,1983,0,130,20000,1000,21130,0,0,0,0,0,0,0,1980,False,,,14.09,12.89
earthquake,Japan,JPN,1983,103,105,0,0,105,1.31019e+09,0,0,0.0320586,4.16e+08,0,0,1980,False,98.0952,1.2478e+07,45.21,41.27
earthquake,Papua New Guinea,PNG,1983,10,0,0,0,0,7.8737e+07,0,0,0.975666,2.5e+07,0,0,1980,False,,,26.89,25.14
earthquake,Peru,PER,1983,10,0,0,0,0,1.575e+06,0,0,0.00288263,500000,0,0,1980,False,,,23.18,21.44
earthquake,Philippines,PHL,1983,19,176,1725,0,1901,7.014e+06,0,0,0.0058979,2.227e+06,0,0,1980,False,0.999474,3689.64,37.69,34.61
earthquake,Turkey,TUR,1983,1346,1137,800000,33000,834137,7.8737e+07,0,0,0.0404507,2.5e+07,0,0,1980,False,0.161364,94.3934,65.56,58.69
earthquake,USSR,OWID_USS,1983,0,0,0,14000,14000,1.5747e+07,0,0,,5e+06,0,0,1980,True,,1124.79,29.2,28.05
earthquake,United States,USA,1983,2,53,1500,0,1553,1.6456e+08,0,0,0.00143779,5.225e+07,0,0,1980,False,0.128783,105963,32.74,31.06
earthquake,Yugoslavia,OWID_YGS,1983,12,0,0,0,0,1.575e+06,0,0,,500000,0,0,1980,True,,,23.86,21.99
earthquake,Afghanistan,AFG,1984,1,35,0,0,35,1.5098e+07,0,0,,5e+06,0,0,1980,False,2.85714,431371,23.52,22.58
earthquake,India,IND,1984,20,100,800,10000,10900,0,0,0,0,0,0,0,1980,False,0.183486,,25.43,22.1
earthquake,Indonesia,IDN,1984,2,197,5175,0,5372,4.53e+06,0,0,0.00176775,1.5e+06,0,0,1980,False,0.0372301,843.261,31.09,29.27
earthquake,Italy,ITA,1984,7,285,5000,4300,9585,7.5491e+07,0,0,0.0056961,2.5e+07,0,0,1980,False,0.0730308,7875.95,38.53,35.92
earthquake,Japan,JPN,1984,20,9,0,0,9,1.29844e+08,0,0,0.00312917,4.3e+07,0,0,1980,False,222.222,1.44271e+07,33.23,30.74
earthquake,Pakistan,PAK,1984,4,12,0,0,12,0,0,0,0,0,0,0,1980,False,33.3333,,10.12,8.64
earthquake,Turkey,TUR,1984,6,73,750000,0,750073,0,0,0,0,0,0,0,1980,False,0.000799922,,26.98,23.95
earthquake,USSR,OWID_USS,1984,0,100,0,20000,20100,1.5098e+07,0,0,,5e+06,0,0,1980,True,,751.144,29.67,28.48
earthquake,Algeria,DZA,1985,30,0,0,0,0,2.916e+06,0,0,0.00172599,1e+06,0,0,1980,False,,,27.95,25.45
earthquake,Argentina,ARG,1985,6,238,45000,0,45238,0,0,0,0,0,0,0,1980,False,0.0132632,,23.01,20.31
earthquake,Chile,CHL,1985,180,2483,979792,500000,1482275,4.37434e+09,2.62461e+08,0,8.36421,1.5e+09,9e+07,0,1980,False,0.0121435,2951.1,62.09,56.6
earthquake,China,CHN,1985,89,400,0,16000,16400,0,0,0,0,0,0,0,1980,False,0.542683,,31.88,27.44
earthquake,Guatemala,GTM,1985,0,0,1500,3500,5000,0,0,0,0,0,0,0,1980,False,,,12.05,11.03
earthquake,Indonesia,IDN,1985,10,7,0,0,7,0,0,0,0,0,0,0,1980,False,142.857,,12.61,10.62
earthquake,Iran,IRN,1985,1,80,7000,0,7080,0,0,0,0,0,0,0,1980,False,0.0141243,,15.34,13.77
earthquake,Mexico,MEX,1985,9500,30204,2000000,100000,2130204,1.19682e+10,0,0,2.10202,4.104e+09,0,0,1980,False,0.445967,5618.34,79.53,71.12
earthquake,Pakistan,PAK,1985,5,38,12000,0,12038,5.832e+06,0,0,0.00642159,2e+06,0,0,1980,False,0.0415351,484.466,35.27,32.84
earthquake,Papua New Guinea,PNG,1985,0,0,0,0,0,2.916e+06,0,0,0.0412654,1e+06,0,0,1980,False,,,14.09,14.09
earthquake,Peru,PER,1985,0,100,0,300,400,0,0,0,0,0,0,0,1980,False,,,8.48,7.76
earthquake,Philippines,PHL,1985,2,25,150,0,175,0,0,0,0,0,0,0,1980,False,1.14286,,11.74,10.33
earthquake,Turkey,TUR,1985,0,14,565,0,579,0,0,0,0,0,0,0,1980,False,,,9,8.24
earthquake,USSR,OWID_USS,1985,29,80,8000,0,8080,0,0,0,,0,0,0,1980,True,0.358911,,26.45,22.89
earthquake,Yugoslavia,OWID_YGS,1985,0,16,1500,0,1516,0,0,0,,0,0,0,1980,True,,,10.36,9.48
earthquake,Brazil,BRA,1986,1,0,15000,8000,23000,1.431e+07,0,0,0.00194946,5e+06,0,0,1980,False,0.00434783,622.174,32.6,30.9
earthquake,Bulgaria,BGR,1986,3,60,0,3000,3060,0,0,0,0,0,0,0,1980,False,0.0980392,,16.95,14.98
earthquake,China,CHN,1986,0,0,0,290,290,0,0,0,0,0,0,0,1980,False,,,8.03,7.35
earthquake,El Salvador,SLV,1986,1100,20000,500000,250000,770000,4.29286e+09,6.43929e+08,0,39.7703,1.5e+09,2.25e+08,0,1980,False,0.142857,5575.14,68.42,61.71
earthquake,Greece,GRC,1986,20,300,45000,0,45300,2.13212e+09,0,0,1.34004,7.45e+08,0,0,1980,False,0.0441501,47066.7,47.78,44.29
earthquake,Guatemala,GTM,1986,0,0,2500,0,2500,0,0,0,0,0,0,0,1980,False,,,11.07,10.13
earthquake,India,IND,1986,6,30,0,0,30,1.431e+07,0,0,0.00200814,5e+06,0,0,1980,False,20,477000,28.31,26.48
earthquake,Iran,IRN,1986,1,4,1900,0,1904,0,0,0,0,0,0,0,1980,False,0.052521,,13.48,12.07
earthquake,Pakistan,PAK,1986,0,0,750,0,750,0,0,0,0,0,0,0,1980,False,,,9.37,8.57
earthquake,Papua New Guinea,PNG,1986,0,0,1000,0,1000,1.431e+06,0,0,0.0188822,500000,0,0,1980,False,,1431,23.19,22.37
earthquake,Peru,PER,1986,16,80,8000,100,8180,6.2962e+07,0,0,0.100643,2.2e+07,0,0,1980,False,0.195599,7697.07,41.18,38.04
earthquake,Taiwan,TWN,1986,13,46,0,0,46,0,0,0,,0,0,0,1980,False,28.2609,,16.09,13.71
earthquake,Turkey,TUR,1986,15,103,20750,250,21103,0,0,0,0,0,0,0,1980,False,0.0710799,,25.27,22.06
earthquake,USSR,OWID_USS,1986,3,558,225000,4500,230058,2.08919e+09,0,0,,7.3e+08,0,0,1980,True,0.00130402,9081.15,43.38,40.89
earthquake,United States,USA,1986,0,29,150,0,179,2.061e+06,0,0,1.57218e-05,720000,0,0,1980,False,,11514,21.11,20.49
earthquake,Venezuela,VEN,1986,3,50,150,800,1000,2.862e+06,0,0,0.00165245,1e+06,0,0,1980,False,0.3,2862,29.44,27.61
earthquake,Algeria,DZA,1987,1,7,3145,0,3152,2.761e+06,0,0,0.00149822,1e+06,0,0,1980,False,0.0317259,875.952,28.23,26.77
earthquake,Chile,CHL,1987,5,112,0,5000,5112,2.761e+06,0,0,0.0044237,1e+06,0,0,1980,False,0.0978091,540.102,33.35,31.02
earthquake,China,CHN,1987,0,84,187085,0,187169,0,0,0,0,0,0,0,1980,False,,,17.17,15.72
earthquake,Ecuador,ECU,1987,5002,6,0,150000,150006,4.14111e+09,0,0,10.7562,1.5e+09,0,0,1980,False,3.33453,27606.3,72.18,64.56
earthquake,Indonesia,IDN,1987,127,101,31000,1000,32101,1.3804e+07,0,0,0.00658505,5e+06,0,0,1980,False,0.395626,430.018,49.82,45.04
earthquake,Iran,IRN,1987,2,50,0,0,50,0,0,0,0,0,0,0,1980,False,4,,9.99,8.72
earthquake,Japan,JPN,1987,2,53,22599,0,22652,0,0,0,0,0,0,0,1980,False,0.00882924,,18.62,16.62
earthquake,Mexico,MEX,1987,2,50,3000,0,3050,0,0,0,0,0,0,0,1980,False,0.0655738,,15.78,14.02
earthquake,New Zealand,NZL,1987,1,25,7000,0,7025,5.79755e+08,0,0,0.520106,2.1e+08,0,0,1980,False,0.0142349,82527.4,34.43,32.87
earthquake,Papua New Guinea,PNG,1987,1,0,4000,0,4000,7.247e+06,0,0,0.0834963,2.625e+06,0,0,1980,False,0.025,1811.75,29.49,27.99
earthquake,United States,USA,1987,8,94,2200,0,2294,5.9908e+08,8.2822e+07,0,0.00446942,2.17e+08,3e+07,0,1980,False,0.348736,261151,38.95,36.42
earthquake,Albania,ALB,1988,0,0,690,0,690,0,0,0,0,0,0,0,1980,False,,,9.25,8.47
earthquake,Algeria,DZA,1988,0,57,0,200,257,0,0,0,0,0,0,0,1980,False,,,7.85,7.19
earthquake,Bangladesh,BGD,1988,2,100,0,0,100,0,0,0,0,0,0,0,1980,False,2,,10.96,9.61
earthquake,China,CHN,1988,939,3424,1050000,267000,1320424,7.13542e+08,0,0,0.085973,2.69e+08,0,0,1980,False,0.0711135,540.389,66.85,60.18
earthquake,Greece,GRC,1988,0,25,0,0,25,0,0,0,0,0,0,0,1980,False,,,4.61,4.22
earthquake,Guatemala,GTM,1988,5,0,500,1550,2050,0,0,0,0,0,0,0,1980,False,0.243902,,18.01,15.8
earthquake,India,IND,1988,382,3766,20000000,0,20003766,1.89659e+08,0,0,0.0241074,7.15e+07,0,0,1980,False,0.00190964,9.48116,65.82,59.48
earthquake,Iran,IRN,1988,1,30,13000,0,13030,0,0,0,0,0,0,0,1980,False,0.0076746,,16.2,14.56
earthquake,Nepal,NPL,1988,709,1016,300000,0,301016,1.59154e+08,0,0,1.72067,6e+07,0,0,1980,False,0.235536,528.723,62.21,55.92
earthquake,Solomon Islands,SLB,1988,1,0,0,500,500,0,0,0,0,0,0,0,1980,False,0.2,,11.59,10.34
earthquake,USSR,OWID_USS,1988,25000,12000,1100000,530000,1642000,3.7136e+10,0,0,,1.4e+10,0,0,1980,True,1.52253,22616.3,84.13,75.05
earthquake,Uganda,UGA,1988,0,0,2000,0,2000,0,0,0,0,0,0,0,1980,False,,,10.75,9.84
earthquake,Algeria,DZA,1989,22,184,12000,0,12184,0,0,0,0,0,0,0,1980,False,0.180565,,25.95,22.55
earthquake,Australia,AUS,1989,12,115,2000,0,2115,2.53043e+09,1.00205e+09,0,0.33304,1e+09,3.96e+08,0,1980,False,0.567376,1.19642e+06,41.68,38.9
earthquake,Bangladesh,BGD,1989,1,100,0,0,100,0,0,0,0,0,0,0,1980,False,1,,9.32,8.27
earthquake,China,CHN,1989,42,392,102800,142850,246042,5.51633e+08,0,0,0.0625752,2.18e+08,0,0,1980,False,0.0170703,2242.03,51.79,47.57
earthquake,Indonesia,IDN,1989,120,203,17190,5500,22893,0,0,0,0,0,0,0,1980,False,0.524178,,33.54,28.85
earthquake,Iran,IRN,1989,100,17,1500,200,1717,0,0,0,0,0,0,0,1980,False,5.82411,,29.15,24.9
earthquake,Malawi,MWI,1989,9,100,0,50000,50100,7.0852e+07,0,0,1.20992,2.8e+07,0,0,1980,False,0.0179641,1414.21,41.71,38.74
earthquake,Mexico,MEX,1989,3,350,0,0,350,0,0,0,0,0,0,0,1980,False,0.857143,,13.88,12.17
earthquake,USSR,OWID_USS,1989,274,51,12000,0,12051,6.2755e+07,0,0,,2.48e+07,0,0,1980,True,2.27367,5207.45,52.95,47.74
earthquake,United States,USA,1989,67,3757,300,15,4072,1.41704e+10,0,0,0.099263,5.6e+09,0,0,1980,False,1.64538,3.47996e+06,50.91,46.85
earthquake,Venezuela,VEN,1989,0,0,0,2000,2000,0,0,0,0,0,0,0,1980,False,,,10.75,9.84
earthquake,Bulgaria,BGR,1990,1,0,0,0,0,0,0,0,0,0,0,0,1990,False,,,2.8,2.29
earthquake,China,CHN,1990,127,2065,54574,7696,64335,1.40089e+08,0,0,0.0161384,5.835e+07,0,0,1990,False,0.197404,2177.49,52.99,48.14
earthquake,Costa Rica,CRI,1990,1,309,300,14000,14609,4.6816e+07,0,0,0.341405,1.95e+07,0,0,1990,False,0.0068451,3204.6,33.08,31.43
earthquake,Ecuador,ECU,1990,4,10,6500,0,6510,0,0,0,0,0,0,0,1990,False,0.0614439,,18.91,16.69
earthquake,Greece,GRC,1990,1,61,0,0,61,0,0,0,0,0,0,0,1990,False,1.63934,,8.63,7.64
earthquake,Indonesia,IDN,1990,6,171,9140,0,9311,5.042e+06,0,0,0.00197851,2.1e+06,0,0,1990,False,0.0644399,541.51,35.39,32.88
earthquake,Iran,IRN,1990,40021,105090,521000,106310,732400,1.97644e+10,2.76096e+08,0,6.59569,8.2323e+09,1.15e+08,0,1990,False,5.46436,26985.8,84.29,74.97
earthquake,Italy,ITA,1990,21,216,0,2500,2716,1.20042e+09,0,0,0.0422317,5e+08,0,0,1990,False,0.773196,441980,43.45,40.25
earthquake,Pakistan,PAK,1990,22,290,0,0,290,2.401e+06,0,0,0.00249935,1e+06,0,0,1990,False,7.58621,8279.31,34.58,31.62
earthquake,Peru,PER,1990,200,800,70000,30000,100800,2.401e+06,0,0,0.00378639,1e+06,0,0,1990,False,0.198413,23.8194,51.6,46.36
earthquake,Philippines,PHL,1990,2417,3532,1628540,0,1632072,8.89509e+08,1.33006e+08,0,0.733543,3.705e+08,5.54e+07,0,1990,False,0.148094,545.018,71.17,63.79
earthquake,Romania,ROU,1990,9,700,0,0,700,0,5.69e+07,0,0,0,2.37e+07,0,1990,False,1.28571,,18.56,16.1
earthquake,South Africa,ZAF,1990,10,6,0,0,6,0,0,0,0,0,0,0,1990,False,166.667,,12.42,10.45
earthquake,Sudan,SDN,1990,0,0,8000,0,8000,0,0,0,0,0,0,0,1990,False,,,12.71,11.64
earthquake,USSR,OWID_USS,1990,5,8,0,24500,24508,0,0,0,,0,0,0,1990,True,0.0204015,,21.52,19.01
earthquake,United States,USA,1990,0,30,120,0,150,3.0491e+07,0,0,0.000212975,1.27e+07,0,0,1990,False,,203273,23.41,22.81
earthquake,Vanuatu,VUT,1990,0,2,0,0,2,0,0,0,0,0,0,0,1990,False,,,1.55,1.42
earthquake,Afghanistan,AFG,1991,154,0,7000,0,7000,0,0,0,,0,0,0,1990,False,2.2,,32.87,28.14
earthquake,China,CHN,1991,1,545,282205,600,283350,0,0,0,0,0,0,0,1990,False,0.00035292,,20.55,18.55
earthquake,Colombia,COL,1991,2,2,570,295,867,0,0,0,0,0,0,0,1990,False,0.230681,,14,12.39
earthquake,Costa Rica,CRI,1991,47,199,6470,3900,10569,2.30329e+08,0,0,1.38586,1e+08,0,0,1990,False,0.444697,21792.9,46.95,43.03
earthquake,Georgia,GEO,1991,8,200,2190,1350,3740,0,0,0,0,0,0,0,1990,False,0.213904,,20.5,17.92
earthquake,Guatemala,GTM,1991,14,90,23800,0,23890,0,0,0,0,0,0,0,1990,False,0.0586019,,25.18,22.01
earthquake,India,IND,1991,1500,1383,53000,0,54383,1.38197e+08,0,0,0.0222136,6e+07,0,0,1990,False,2.75821,2541.18,62.67,56.05
earthquake,Indonesia,IDN,1991,28,191,16000,1000,17191,4.1459e+07,0,0,0.0154345,1.8e+07,0,0,1990,False,0.162876,2411.67,43.98,40.37
earthquake,Iran,IRN,1991,0,51,1450,0,1501,0,0,0,0,0,0,0,1990,False,,,10.35,9.47
earthquake,Iraq,IRQ,1991,20,0,0,500,500,0,0,0,0,0,0,0,1990,False,4,,21.07,18.11
earthquake,Myanmar,MMR,1991,0,0,160,0,160,0,0,0,0,0,0,0,1990,False,,,7.19,6.58
earthquake,Pakistan,PAK,1991,300,574,174755,29465,204794,2.3033e+07,0,0,0.0219176,1e+07,0,0,1990,False,0.146489,112.469,56.37,50.76
earthquake,Panama,PAN,1991,30,596,10500,9000,20096,0,0,0,0,0,0,0,1990,False,0.149283,,27.87,24.18
earthquake,Peru,PER,1991,64,785,46500,0,47285,0,0,0,0,0,0,0,1990,False,0.135349,,32.06,27.74
earthquake,Romania,ROU,1991,0,5,1845,4000,5850,0,0,0,0,0,0,0,1990,False,,,12.27,11.23
earthquake,USSR,OWID_USS,1991,274,1500,95000,160000,256500,3.91559e+09,0,0,,1.7e+09,0,0,1990,True,0.106823,15265.5,61.19,55.61
earthquake,United States,USA,1991,2,100,0,0,100,7.716e+07,0,0,0.000543996,3.35e+07,0,0,1990,False,2,771600,28.16,26.8
earthquake,Yemen,YEM,1991,10,39,0,40000,40039,0,0,0,0,0,0,0,1990,False,0.0249756,,24.66,21.65
earthquake,Afghanistan,AFG,1992,14,0,0,0,0,0,0,0,,0,0,0,1990,False,,,10.92,8.95
earthquake,Algeria,DZA,1992,0,0,2250,0,2250,0,0,0,0,0,0,0,1990,False,,,10.92,10
earthquake,Belgium,BEL,1992,0,0,0,0,0,2.23558e+08,0,0,0.0425928,1e+08,0,0,1990,False,,,18.2,18.2
earthquake,China,CHN,1992,0,0,16000,0,16000,7.042e+06,0,0,0.000735118,3.15e+06,0,0,1990,False,,440.125,28.62,27.46
earthquake,Colombia,COL,1992,11,135,0,1500,1635,0,0,0,0,0,0,0,1990,False,0.672783,,20.49,17.8
earthquake,Cuba,CUB,1992,0,40,5829,0,5869,0,0,0,0,0,0,0,1990,False,,,12.27,11.24
earthquake,Democratic Republic of Congo,COD,1992,9,61,0,250,311,0,0,0,0,0,0,0,1990,False,2.89389,,17.41,15.05
earthquake,Egypt,EGY,1992,552,9929,57700,25020,92649,2.68269e+09,0,0,2.86697,1.2e+09,0,0,1990,False,0.595797,28955.5,62.21,56.24
earthquake,Georgia,GEO,1992,1,10,0,0,10,0,0,0,0,0,0,0,1990,False,10,,6.19,5.4
earthquake,Germany,DEU,1992,1,25,1500,0,1525,1.11779e+08,0,0,0.00233495,5e+07,0,0,1990,False,0.0655738,73297.7,30.71,29.33
earthquake,Indonesia,IDN,1992,2500,2104,0,97500,99604,2.23558e+08,0,0,0.0781085,1e+08,0,0,1990,False,2.50994,2244.47,66.04,58.97
earthquake,Iran,IRN,1992,5,50,0,4000,4050,0,0,0,0,0,0,0,1990,False,0.123457,,18.98,16.68
earthquake,Japan,JPN,1992,0,32,0,0,32,0,0,0,0,0,0,0,1990,False,,,4.95,4.53
earthquake,Kyrgyzstan,KGZ,1992,58,100,104168,32538,136806,3.59928e+08,0,0,6.9536,1.61e+08,0,0,1990,False,0.0423958,2630.94,51.83,47.45
earthquake,Netherlands,NLD,1992,0,20,0,0,20,0,0,0,0,0,0,0,1990,False,,,4.31,3.94
earthquake,Nicaragua,NIC,1992,179,489,5690,0,6179,5.5889e+07,0,0,1.39447,2.5e+07,0,0,1990,False,2.89691,9044.99,50.18,45.36
earthquake,Pakistan,PAK,1992,40,100,200,2000,2300,0,0,0,0,0,0,0,1990,False,1.73913,,25.93,22.3
earthquake,Turkey,TUR,1992,653,3850,250000,95000,348850,1.67668e+09,2.4144e+07,0,0.471388,7.5e+08,1.08e+07,0,1990,False,0.187186,4806.32,64.31,58.07
earthquake,United States,USA,1992,1,426,0,0,426,6.14784e+08,1.22957e+08,0,0.00421758,2.75e+08,5.5e+07,0,1990,False,0.234742,1.44315e+06,30.52,29.3
earthquake,Uzbekistan,UZB,1992,9,0,50000,0,50000,0,0,0,0,0,0,0,1990,False,0.018,,24.59,21.62
earthquake,China,CHN,1993,0,70,107220,35360,142650,0,0,0,0,0,0,0,1990,False,,,16.79,15.37
earthquake,Colombia,COL,1993,2,60,3011,0,3071,0,0,0,0,0,0,0,1990,False,0.0651254,,15.79,14.03
earthquake,Costa Rica,CRI,1993,3,40,200,0,240,0,0,0,0,0,0,0,1990,False,1.25,,13.35,11.69
earthquake,Greece,GRC,1993,1,21,2100,0,2121,0,0,0,0,0,0,0,1990,False,0.0471476,,13.63,12.21
earthquake,Guam,GUM,1993,0,71,0,0,71,2.60578e+08,1.08574e+08,0,,1.2e+08,5e+07,0,1990,False,,3.67011e+06,24.4,23.89
earthquake,India,IND,1993,9748,30025,500,0,30525,6.08015e+08,0,0,0.100252,2.8e+08,0,0,1990,False,31.9345,19918.6,70.8,62.89
earthquake,Iran,IRN,1993,24,52,4000,1000,5052,0,0,0,0,0,0,0,1990,False,0.475059,,25.05,21.68
earthquake,Japan,JPN,1993,241,955,15302,1620,17877,2.94888e+09,3.4744e+07,0,0.0293147,1.358e+09,1.6e+07,0,1990,False,1.3481,164954,56.64,51.47
earthquake,Nepal,NPL,1993,0,55,230,0,285,0,0,0,0,0,0,0,1990,False,,,8,7.32
earthquake,Papua New Guinea,PNG,1993,53,200,10000,10000,20200,1.0857e+07,0,0,0.100512,5e+06,0,0,1990,False,0.262376,537.475,45.45,41.36
earthquake,Peru,PER,1993,6,25,120,0,145,0,0,0,0,0,0,0,1990,False,4.13793,,14.9,12.89
earthquake,Sudan,SDN,1993,3,15,0,0,15,0,0,0,0,0,0,0,1990,False,20,,9.51,8.17
earthquake,United States,USA,1993,2,0,3000,0,3000,1.6286e+07,0,0,0.000109352,7.5e+06,0,0,1990,False,0.0666667,5428.67,31.48,29.72
earthquake,Wallis and Futuna,WLF,1993,5,20,0,0,20,0,0,0,,0,0,0,1990,False,25,,11.53,9.87
earthquake,Afghanistan,AFG,1994,160,330,100000,0,100330,0,0,0,,0,0,0,1990,False,0.159474,,36.79,31.71
earthquake,Algeria,DZA,1994,171,289,12500,0,12789,0,0,0,0,0,0,0,1990,False,1.33709,,34.14,29.26
earthquake,Australia,AUS,1994,0,5,5000,20,5025,0,0,0,0,0,0,0,1990,False,,,12.06,11.04
earthquake,Bolivia,BOL,1994,5,0,0,0,0,0,0,0,0,0,0,0,1990,False,,,7.23,5.92
earthquake,China,CHN,1994,1,865,5780,0,6645,0,0,0,0,0,0,0,1990,False,0.0150489,,15.25,13.69
earthquake,Colombia,COL,1994,271,158,12461,24797,37416,5.079e+06,0,0,0.00293745,2.4e+06,0,0,1990,False,0.724289,135.744,52.13,46.79
earthquake,Indonesia,IDN,1994,454,2009,248324,10330,260663,3.65435e+08,0,0,0.0976165,1.72676e+08,0,0,1990,False,0.174171,1401.94,60.99,55.05
earthquake,Iran,IRN,1994,14,131,16510,0,16641,2.963e+06,0,0,0.00194874,1.4e+06,0,0,1990,False,0.0841296,178.054,38.78,35.65
earthquake,Japan,JPN,1994,7,1785,0,0,1785,3.60618e+08,2.4761e+07,0,0.00333852,1.704e+08,1.17e+07,0,1990,False,0.392157,202027,37.64,35.23
earthquake,Philippines,PHL,1994,81,174,266925,3985,271084,7.83e+06,0,0,0.00505745,3.7e+06,0,0,1990,False,0.02988,28.884,50.5,45.8
earthquake,Russia,RUS,1994,11,242,0,2100,2342,0,0,0,0,0,0,0,1990,False,0.469684,,21,18.26
earthquake,Uganda,UGA,1994,7,0,50000,0,50000,1.48141e+08,0,0,1.7542,7e+07,0,0,1990,False,0.014,2962.82,41.51,38.7
earthquake,United States,USA,1994,60,7000,225,20000,27225,6.34935e+10,2.20095e+10,0,0.411708,3.00021e+10,1.04e+10,0,1990,False,0.220386,2.33218e+06,54.58,50.37
earthquake,Chile,CHL,1995,3,58,1200,575,1833,3.417e+06,0,0,0.0022487,1.66e+06,0,0,1990,False,0.163666,1864.16,30.47,28.56
earthquake,China,CHN,1995,71,493,1000000,25000,1025493,2.38998e+08,0,0,0.0157276,1.161e+08,0,0,1990,False,0.0069235,233.057,55.09,50.33
earthquake,Colombia,COL,1995,55,269,14682,3250,18201,0,0,0,0,0,0,0,1990,False,0.302181,,30.11,26.01
earthquake,Cyprus,CYP,1995,2,5,1710,150,1865,8.934e+06,0,0,0.0436921,4.34e+06,0,0,1990,False,0.107239,4790.35,30.24,28.54
earthquake,Ecuador,ECU,1995,3,90,200,600,890,0,0,0,0,0,0,0,1990,False,0.337079,,15.2,13.38
earthquake,Egypt,EGY,1995,10,69,0,0,69,0,0,0,0,0,0,0,1990,False,14.4928,,15.68,13.43
earthquake,Greece,GRC,1995,52,160,22500,6300,28960,1.7965e+09,412000,0,0.646566,8.727e+08,200000,0,1990,False,0.179558,62033.8,50.72,46.61
earthquake,Indonesia,IDN,1995,99,1932,54315,35685,91932,0,0,0,0,0,0,0,1990,False,0.107688,,34.74,30.02
earthquake,Japan,JPN,1995,5297,34531,257355,251301,543187,2.05855e+11,6.17565e+09,0,1.77316,1e+11,3e+09,0,1990,False,0.975171,378977,77.93,70.11
earthquake,Mexico,MEX,1995,64,125,54735,12275,67135,4.3435e+07,0,0,0.00555033,2.11e+07,0,0,1990,False,0.0953303,646.98,49.21,44.84
earthquake,Russia,RUS,1995,1989,750,0,0,750,1.31953e+08,0,0,0.0162058,6.41e+07,0,0,1990,False,265.2,175937,57.71,51.39
earthquake,Turkey,TUR,1995,94,240,120000,40000,160240,4.2365e+08,0,0,0.0876865,2.058e+08,0,0,1990,False,0.058662,2643.85,54.13,49.38
earthquake,Afghanistan,AFG,1996,0,0,2500,750,3250,0,0,0,,0,0,0,1990,False,,,11.44,10.47
earthquake,China,CHN,1996,353,17490,3470000,1823870,5311360,1.05996e+09,0,0,0.0610231,5.3e+08,0,0,1990,False,0.00664613,199.565,65.25,59.13
earthquake,Croatia,HRV,1996,0,0,0,2000,2000,0,0,0,0,0,0,0,1990,False,,,10.75,9.84
earthquake,Ecuador,ECU,1996,27,180,15000,15525,30705,1.4e+07,0,0,0.0277487,7e+06,0,0,1990,False,0.0879336,455.952,43.64,39.98
earthquake,Greece,GRC,1996,0,0,1500,0,1500,0,0,0,0,0,0,0,1990,False,,,10.35,9.47
earthquake,Indonesia,IDN,1996,175,423,20125,18090,38638,1.08e+07,0,0,0.00237499,5.4e+06,0,0,1990,False,0.452922,279.518,51.13,46.1
earthquake,Peru,PER,1996,21,587,55355,20780,76722,0,0,0,0,0,0,0,1990,False,0.0273715,,28.38,24.78
earthquake,Turkey,TUR,1996,0,6,17000,9000,26006,5.9998e+07,0,0,0.0119824,3e+07,0,0,1990,False,,2307.08,31.34,30.12
earthquake,Afghanistan,AFG,1997,5,0,0,0,0,20000,0,0,,10000,0,0,1990,False,,,16.6,15.3
earthquake,Armenia,ARM,1997,0,0,15000,0,15000,6.5141e+07,0,0,2.03313,3.3333e+07,0,0,1990,False,,4342.73,30.64,29.49
earthquake,Bangladesh,BGD,1997,23,200,0,0,200,0,0,0,0,0,0,0,1990,False,11.5,,20.32,17.37
earthquake,Chile,CHL,1997,8,98,40000,13000,53098,9.3804e+07,0,0,0.0559823,4.8e+07,0,0,1990,False,0.0150665,1766.62,41.63,38.73
earthquake,China,CHN,1997,32,224,585000,190000,775224,0,0,0,0,0,0,0,1990,False,0.00412784,,33.29,29.12
earthquake,India,IND,1997,43,1500,125000,30000,156500,7.2307e+07,0,0,0.00889706,3.7e+07,0,0,1990,False,0.027476,462.026,49.32,45.13
earthquake,Indonesia,IDN,1997,20,300,2805,0,3105,2.15e+06,0,0,0.000509852,1.1e+06,0,0,1990,False,0.644122,692.432,37.46,34.28
earthquake,Iran,IRN,1997,2768,7200,152000,64000,223200,4.02575e+08,0,0,0.18083,2.06e+08,0,0,1990,False,1.24014,1803.65,68.15,60.91
earthquake,Italy,ITA,1997,14,100,0,38000,38100,8.84276e+09,8.012e+06,0,0.363449,4.5249e+09,4.1e+06,0,1990,False,0.0367454,232094,47.53,44.3
earthquake,Kyrgyzstan,KGZ,1997,0,0,1200,30,1230,3.908e+06,0,0,0.113131,2e+06,0,0,1990,False,,3177.24,24.44,23.59
earthquake,Mexico,MEX,1997,1,0,17000,0,17000,0,0,0,0,0,0,0,1990,False,0.00588235,,16.57,14.9
earthquake,Pakistan,PAK,1997,50,100,0,10000,10100,0,0,0,0,0,0,0,1990,False,0.49505,,28.9,24.94
earthquake,South Africa,ZAF,1997,15,46,0,0,46,0,0,0,0,0,0,0,1990,False,32.6087,,16.63,14.15
earthquake,Trinidad and Tobago,TTO,1997,0,2,0,15,17,4.8856e+07,0,0,0.435709,2.5e+07,0,0,1990,False,,2.87388e+06,20.85,20.51
earthquake,Venezuela,VEN,1997,80,683,0,3500,4183,1.58294e+08,0,0,0.0943641,8.1e+07,0,0,1990,False,1.9125,37842.2,47.4,43.2
earthquake,Afghanistan,AFG,1998,7023,2753,102000,45000,149753,3.8488e+07,0,0,,2e+07,0,0,1990,False,4.68972,257.01,69.12,61.25
earthquake,Albania,ALB,1998,0,0,2100,0,2100,0,0,0,0,0,0,0,1990,False,,,10.82,9.91
earthquake,Azerbaijan,AZE,1998,1,10,700000,0,700010,0,0,0,0,0,0,0,1990,False,0.000142855,,21.83,19.72
earthquake,Bolivia,BOL,1998,95,50,11100,6900,18050,0,0,0,0,0,0,0,1990,False,0.526316,,32.27,27.78
earthquake,China,CHN,1998,55,13690,1073655,97600,1184945,7.27606e+08,0,0,0.0364562,3.781e+08,0,0,1990,False,0.00464157,614.042,55.34,50.74
earthquake,Ecuador,ECU,1998,3,40,1250,750,2040,0,0,0,0,0,0,0,1990,False,0.147059,,16.37,14.45
earthquake,Indonesia,IDN,1998,34,88,4110,2750,6948,3.84875e+08,9.6219e+07,0,0.209544,2e+08,5e+07,0,1990,False,0.489349,55393.6,45.57,41.93
earthquake,Iran,IRN,1998,22,185,9105,0,9290,0,0,0,0,0,0,0,1990,False,0.236814,,25.57,22.2
earthquake,Italy,ITA,1998,0,5,900,0,905,0,0,0,0,0,0,0,1990,False,,,9.63,8.82
earthquake,Nicaragua,NIC,1998,0,3,225,10,238,0,0,0,0,0,0,0,1990,False,,,7.75,7.09
earthquake,Pakistan,PAK,1998,1,11,0,600,611,0,0,0,0,0,0,0,1990,False,0.163666,,11.87,10.6
earthquake,Papua New Guinea,PNG,1998,2182,668,9199,0,9867,0,0,0,0,0,0,0,1990,False,22.1141,,44.02,37.33
earthquake,Portugal,PRT,1998,10,100,0,1000,1100,1.38555e+08,0,0,0.0580897,7.2e+07,0,0,1990,False,0.909091,125959,37.33,34.75
earthquake,Slovenia,SVN,1998,0,0,0,700,700,0,0,0,0,0,0,0,1990,False,,,9.27,8.48
earthquake,Turkey,TUR,1998,147,2616,1500590,88100,1591306,1.0584e+09,0,0,0.19925,5.5e+08,0,0,1990,False,0.0092377,665.117,60.03,54.69
earthquake,Afghanistan,AFG,1999,70,500,60185,31275,91960,0,0,0,,0,0,0,1990,False,0.0761201,,33.36,28.89
earthquake,Algeria,DZA,1999,22,175,0,15000,15175,1.1474e+08,0,0,0.125263,6.0929e+07,0,0,1990,False,0.144975,7561.12,43.84,40.4
earthquake,Azerbaijan,AZE,1999,1,18,750,8400,9168,9.416e+06,0,0,0.109141,5e+06,0,0,1990,False,0.0109075,1027.05,30.91,29.31
earthquake,Bangladesh,BGD,1999,6,200,0,15000,15200,0,0,0,0,0,0,0,1990,False,0.0394737,,21.47,18.9
earthquake,China,CHN,1999,0,7,3015800,21000,3036807,8.2859e+07,0,0,0.00398607,4.4e+07,0,0,1990,False,,27.2849,38.38,36.59
earthquake,Colombia,COL,1999,1186,8563,745000,452370,1205933,3.49773e+09,1.88317e+08,0,2.15506,1.85737e+09,1e+08,0,1990,False,0.0983471,2900.44,69.17,62.34
earthquake,Greece,GRC,1999,143,2000,113031,108,115139,7.90931e+09,0,0,3.06276,4.2e+09,0,0,1990,False,0.124198,68693.6,58.11,53.1
earthquake,Guatemala,GTM,1999,2,40,205,35,280,0,0,0,0,0,0,0,1990,False,0.714286,,12.41,10.93
earthquake,India,IND,1999,100,394,372000,105500,477894,3.766e+06,0,0,0.0004359,2e+06,0,0,1990,False,0.0209251,7.88041,51.45,46.53
earthquake,Indonesia,IDN,1999,5,220,14000,2700,16920,7.344e+06,0,0,0.00278569,3.9e+06,0,0,1990,False,0.0295508,434.043,35.97,33.5
earthquake,Iran,IRN,1999,21,100,2870,4070,7040,0,0,0,0,0,0,0,1990,False,0.298295,,25,21.69
earthquake,Mexico,MEX,1999,46,415,137500,0,137915,7.37449e+08,0,0,0.0620357,3.916e+08,0,0,1990,False,0.0333539,5347.13,51.6,47.39
earthquake,Peru,PER,1999,1,80,7000,1050,8130,2.071e+06,0,0,0.00219179,1.1e+06,0,0,1990,False,0.0123001,254.736,29.3,27.72
earthquake,Philippines,PHL,1999,6,40,150,0,190,3.378e+06,0,0,0.00209481,1.794e+06,0,0,1990,False,3.15789,17778.9,29.51,27.47
earthquake,Russia,RUS,1999,1,20,6000,5240,11260,1.695e+06,0,0,0.000459401,900000,0,0,1990,False,0.00888099,150.533,29.57,27.95
earthquake,Spain,ESP,1999,0,20,0,0,20,8.2867e+07,0,0,0.00693637,4.4004e+07,0,0,1990,False,,4.14335e+06,21.57,21.21
earthquake,Taiwan,TWN,1999,2265,8918,0,100000,108918,2.65542e+10,1.88317e+09,0,,1.41008e+10,1e+09,0,1990,False,2.07955,243800,70.29,63.29
earthquake,Turkey,TUR,1999,17982,49792,880000,655000,1584792,3.95466e+10,3.76634e+09,6.59109e+10,8.18159,2.1e+10,2e+09,3.5e+10,1990,False,1.13466,24953.8,82.81,73.98
earthquake,Vanuatu,VUT,1999,12,100,12000,2000,14100,0,0,0,0,0,0,0,1990,False,0.0851064,,23.86,20.85
earthquake,Azerbaijan,AZE,2000,31,600,2694,0,3294,1.8217e+07,0,0,0.189659,1e+07,0,0,2000,False,0.941105,5530.36,41.27,37.78
earthquake,Bangladesh,BGD,2000,0,0,1000,0,1000,0,0,0,0,0,0,0,2000,False,,,9.77,8.95
earthquake,China,CHN,2000,9,2791,1814300,287959,2105050,2.13103e+08,0,0,0.00955935,1.16983e+08,0,0,2000,False,0.000427543,101.234,48.04,44.62
earthquake,Colombia,COL,2000,2,0,430,0,430,0,0,0,0,0,0,0,2000,False,0.465116,,13.01,11.49
earthquake,Greece,GRC,2000,0,0,600,0,600,0,0,0,0,0,0,0,2000,False,,,9.05,8.29
earthquake,Iceland,ISL,2000,0,1,129,69,199,4.372e+07,0,0,0.262577,2.4e+07,0,0,2000,False,,219698,24.15,23.52
earthquake,Indonesia,IDN,2000,149,3108,208500,58500,270108,1.32981e+08,0,0,0.0442368,7.3e+07,0,0,2000,False,0.0551631,492.325,55.61,50.47
earthquake,Iran,IRN,2000,1,15,2500,500,3015,0,0,0,0,0,0,0,2000,False,0.0331675,,14.13,12.67
earthquake,Japan,JPN,2000,1,130,6790,312,7232,9.10827e+08,2.73248e+08,0,0.00991595,5e+08,1.5e+08,0,2000,False,0.0138274,125944,34.9,33.33
earthquake,Nicaragua,NIC,2000,7,42,1785,5650,7477,0,0,0,0,0,0,0,2000,False,0.0936204,,21,18.42
earthquake,Papua New Guinea,PNG,2000,2,0,0,5000,5000,0,0,0,0,0,0,0,2000,False,0.04,,16.48,14.66
earthquake,Russia,RUS,2000,0,8,0,19100,19108,1.676e+06,0,0,0.000354241,920000,0,0,2000,False,,87.712,27.51,26.33
earthquake,Tajikistan,TJK,2000,0,0,6000,0,6000,0,0,0,0,0,0,0,2000,False,,,12.31,11.26
earthquake,Tanzania,TZA,2000,1,6,750,35,791,0,0,0,0,0,0,0,2000,False,0.126422,,12.24,10.93
earthquake,Turkey,TUR,2000,3,80,24000,0,24080,0,0,0,0,0,0,0,2000,False,0.0124585,,19.86,17.65
earthquake,Turkmenistan,TKM,2000,11,0,0,0,0,0,0,0,0,0,0,0,2000,False,,,10.02,8.22
earthquake,United States,USA,2000,0,70,25000,104,25174,9.1083e+07,0,0,0.00048776,5e+07,0,0,2000,False,,3618.14,31.69,30.47
earthquake,Afghanistan,AFG,2001,4,20,0,250,270,0,0,0,0,0,0,0,2000,False,1.48148,,14.42,12.57
earthquake,China,CHN,2001,8,1124,175000,327000,503124,1.61214e+08,0,0,0.00671569,9.1e+07,0,0,2000,False,0.00159007,320.426,45.33,42.16
earthquake,El Salvador,SLV,2001,1159,8122,1582428,0,1590550,3.27478e+09,5.1376e+08,0,15.0498,1.8485e+09,2.9e+08,0,2000,False,0.0728679,2058.9,69.4,62.56
earthquake,Greece,GRC,2001,0,0,300,0,300,0,0,0,0,0,0,0,2000,False,,,8.07,7.39
earthquake,Guatemala,GTM,2001,6,2,150,0,152,89000,0,0,0.000271662,50000,0,0,2000,False,3.94737,585.526,25.76,23.74
earthquake,India,IND,2001,20005,166812,4365000,1790000,6321812,4.64687e+09,1.77159e+08,0,0.540334,2.623e+09,1e+08,0,2000,False,0.316444,735.054,83.17,74.1
earthquake,Indonesia,IDN,2001,0,12,12500,0,12512,0,0,0,0,0,0,0,2000,False,,,13.35,12.22
earthquake,Iran,IRN,2001,0,0,1000,0,1000,0,0,0,0,0,0,0,2000,False,,,9.77,8.95
earthquake,Japan,JPN,2001,2,161,11100,0,11261,8.85793e+08,2.26763e+08,0,0.0112643,5e+08,1.28e+08,0,2000,False,0.0177604,78660.2,37.13,35.22
earthquake,Pakistan,PAK,2001,12,100,914192,0,914292,886000,0,0,0.000514691,500000,0,0,2000,False,0.00131249,0.969056,42.73,39.22
earthquake,Papua New Guinea,PNG,2001,0,1,0,200,201,0,0,0,0,0,0,0,2000,False,,,7.51,6.87
earthquake,Peru,PER,2001,151,2733,226500,124865,354098,5.31476e+08,8.8579e+07,0,0.576589,3e+08,5e+07,0,2000,False,0.0426436,1500.93,57.36,52.18
earthquake,Tanzania,TZA,2001,0,0,0,700,700,0,0,0,0,0,0,0,2000,False,,,9.27,8.48
earthquake,Turkey,TUR,2001,0,176,435,0,611,0,0,0,0,0,0,0,2000,False,,,9.08,8.31
earthquake,United States,USA,2001,1,400,0,0,400,3.54317e+09,5.40334e+08,0,0.0189001,2e+09,3.05e+08,0,2000,False,0.25,8.85793e+06,32.09,30.87
earthquake,Afghanistan,AFG,2002,1200,1391,89500,10000,100891,0,0,0,0,0,0,0,2000,False,1.1894,,44.9,38.36
earthquake,Argentina,ARG,2002,0,27,500,200,727,0,0,0,0,0,0,0,2000,False,,,9.32,8.53
earthquake,China,CHN,2002,2,0,65830,48,65878,0,0,0,0,0,0,0,2000,False,0.00303591,,20.13,18
earthquake,Egypt,EGY,2002,0,0,250,0,250,0,0,0,0,0,0,0,2000,False,,,7.82,7.15
earthquake,Georgia,GEO,2002,6,70,18000,1086,19156,6.10375e+08,0,0,10.307,3.5e+08,0,0,2000,False,0.0313218,31863.4,40.95,38.36
earthquake,Greece,GRC,2002,0,17,150,0,167,0,0,0,0,0,0,0,2000,False,,,7.25,6.63
earthquake,India,IND,2002,2,0,0,200,200,0,0,0,0,0,0,0,2000,False,1,,11.93,10.5
earthquake,Indonesia,IDN,2002,11,740,11105,0,11845,0,0,0,0,0,0,0,2000,False,0.0928662,,23.29,20.36
earthquake,Iran,IRN,2002,230,1406,145750,0,147156,5.23178e+08,0,0,0.233233,3e+08,0,0,2000,False,0.156297,3555.26,57.79,52.41
earthquake,Italy,ITA,2002,32,42,0,9500,9542,2.26013e+09,0,0,0.101112,1.296e+09,0,0,2000,False,0.335359,236861,47.46,43.82
earthquake,Pakistan,PAK,2002,39,105,151742,4000,155847,0,0,0,0,0,0,0,2000,False,0.0250245,,31.79,27.68
earthquake,Papua New Guinea,PNG,2002,5,70,4400,1000,5470,0,0,0,0,0,0,0,2000,False,0.0914077,,19.4,17.07
earthquake,Philippines,PHL,2002,15,100,73351,0,73451,2.989e+06,0,0,0.00203304,1.714e+06,0,0,2000,False,0.0204218,40.6938,41.15,37.79
earthquake,Rwanda,RWA,2002,45,108,1535,0,1643,0,0,0,0,0,0,0,2000,False,2.73889,,25.92,22.25
earthquake,Serbia and Montenegro,OWID_SRM,2002,1,100,0,0,100,0,0,0,,0,0,0,2000,True,1,,9.32,8.27
earthquake,Taiwan,TWN,2002,4,200,300,0,500,4.3598e+07,1.7439e+07,0,,2.5e+07,1e+07,0,2000,False,0.8,87196,31.94,30.03
earthquake,Tajikistan,TJK,2002,3,50,1000,500,1550,0,0,0,0,0,0,0,2000,False,0.193548,,15.98,14.1
earthquake,Tanzania,TZA,2002,2,0,0,2000,2000,0,0,0,0,0,0,0,2000,False,0.1,,15.18,13.47
earthquake,Turkey,TUR,2002,42,327,222000,30000,252327,1.65673e+08,0,0,0.0394554,9.5e+07,0,0,2000,False,0.0166451,656.581,50.68,46.46
earthquake,Vanuatu,VUT,2002,0,3,1000,0,1003,0,0,0,0,0,0,0,2000,False,,,9.78,8.95
earthquake,Afghanistan,AFG,2003,1,1,0,1000,1001,0,0,0,0,0,0,0,2000,False,0.0999001,,12.57,11.24
earthquake,Algeria,DZA,2003,2275,10461,0,200000,210461,8.52609e+09,0,0,6.80436,5e+09,0,0,2000,False,1.08096,40511.5,70.17,63.08
earthquake,Bangladesh,BGD,2003,2,25,2500,0,2525,0,0,0,0,0,0,0,2000,False,0.0792079,,15.51,13.78
earthquake,China,CHN,2003,317,5954,2810053,330935,3146942,8.54199e+08,0,0,0.0297483,5.00933e+08,0,0,2000,False,0.0100733,271.438,63.88,57.9
earthquake,Costa Rica,CRI,2003,2,75,60,0,135,0,0,0,0,0,0,0,2000,False,1.48148,,11.38,9.99
earthquake,Dominican Republic,DOM,2003,3,15,2000,0,2015,0,0,0,0,0,0,0,2000,False,0.148883,,16.35,14.44
earthquake,Indonesia,IDN,2003,1,9,3100,140,3249,0,0,0,0,0,0,0,2000,False,0.0307787,,14.23,12.76
earthquake,Iran,IRN,2003,26797,22739,208550,65760,297049,8.89554e+08,0,0,0.343402,5.21666e+08,0,0,2000,False,9.02107,2994.64,78.46,69.54
earthquake,Italy,ITA,2003,0,2,230,0,232,9.57227e+08,0,0,0.0354628,5.61352e+08,0,0,2000,False,,4.12598e+06,27.29,26.64
earthquake,Japan,JPN,2003,2,1485,19563,219,21267,2.0582e+09,6.41162e+08,0,0.0263917,1.207e+09,3.76e+08,0,2000,False,0.00940424,96778.9,38.83,36.84
earthquake,Kazakhstan,KAZ,2003,3,626,36000,0,36626,0,0,0,0,0,0,0,2000,False,0.0081909,,20.46,18.19
earthquake,Mexico,MEX,2003,29,1073,177530,0,178603,1.98317e+08,4.263e+07,0,0.0151917,1.163e+08,2.5e+07,0,2000,False,0.0162371,1110.38,48.91,44.99
earthquake,Panama,PAN,2003,2,75,1000,340,1415,0,0,0,0,0,0,0,2000,False,0.141343,,14.69,13.03
earthquake,Russia,RUS,2003,3,5,0,1800,1805,1.8075e+07,0,0,0.00246313,1.06e+07,0,0,2000,False,0.166205,10013.9,32.02,30.12
earthquake,Turkey,TUR,2003,177,690,245240,45000,290930,2.30204e+08,1.705e+06,0,0.0428038,1.35e+08,1e+06,0,2000,False,0.0608394,791.269,56.93,51.65
earthquake,United States,USA,2003,2,40,0,120,160,3.41043e+08,0,0,0.00174574,2e+08,0,0,2000,False,1.25,2.13152e+06,30.22,28.82
earthquake,Afghanistan,AFG,2004,2,40,0,1000,1040,0,0,0,0,0,0,0,2000,False,0.192308,,14.26,12.63
earthquake,Algeria,DZA,2004,0,315,0,0,315,0,0,0,0,0,0,0,2000,False,,,8.14,7.45
earthquake,Bangladesh,BGD,2004,2,0,0,0,0,8.30377e+08,0,0,0.767948,5e+08,0,0,2000,False,,,23.88,23.08
earthquake,Burundi,BDI,2004,3,0,0,120,120,0,0,0,0,0,0,0,2000,False,2.5,,12.38,10.79
earthquake,China,CHN,2004,4,731,309000,127199,436930,2.05934e+08,0,0,0.00624938,1.24e+08,0,0,2000,False,0.000915478,471.32,42.99,40.26
earthquake,Colombia,COL,2004,1,22,8016,500,8538,0,0,0,0,0,0,0,2000,False,0.0117123,,15.6,14.01
earthquake,Costa Rica,CRI,2004,8,0,255,25,280,0,0,0,0,0,0,0,2000,False,2.85714,,16.84,14.56
earthquake,Dominica,DMA,2004,0,0,100,0,100,0,0,0,0,0,0,0,2000,False,,,6.53,5.98
earthquake,Germany,DEU,2004,0,0,150,0,150,1.9929e+07,1.3286e+07,0,0.00042071,1.2e+07,8e+06,0,2000,False,,132860,23.01,22.41
earthquake,Guadeloupe,GLP,2004,1,13,100,40,153,0,0,0,,0,0,0,2000,False,0.653595,,9.92,8.81
earthquake,India,IND,2004,16389,6913,647599,0,654512,1.69862e+09,8.304e+06,0,0.144228,1.0228e+09,5e+06,0,2000,False,2.504,2595.25,78.21,69.55
earthquake,Indonesia,IDN,2004,165816,1253,139580,532898,673731,7.50595e+09,3.73738e+08,0,1.75972,4.5196e+09,2.25041e+08,0,2000,False,24.6116,11140.9,88.99,78.64
earthquake,Iran,IRN,2004,35,278,220,0,498,2.74025e+08,9.7985e+07,0,0.0878807,1.65e+08,5.9e+07,0,2000,False,7.02811,550251,41.64,38.29
earthquake,Japan,JPN,2004,40,3183,59000,0,62183,4.65011e+10,1.26217e+09,0,0.566631,2.8e+10,7.6e+08,0,2000,False,0.0643263,747811,53.85,49.83
earthquake,Kenya,KEN,2004,1,0,0,0,0,1.66075e+08,0,0,0.621298,1e+08,0,0,2000,False,,,20.72,20.21
earthquake,Malaysia,MYS,2004,80,767,0,4296,5063,8.30377e+08,0,0,0.400803,5e+08,0,0,2000,False,1.58009,164009,49.24,45.02
earthquake,Maldives,MDV,2004,102,2214,12000,13000,27214,7.80721e+08,0,0,38.3183,4.701e+08,0,0,2000,False,0.374807,28688.2,52.53,47.93
earthquake,Morocco,MAR,2004,628,926,0,12539,13465,6.64302e+08,0,0,0.605014,4e+08,0,0,2000,False,4.66394,49335.5,58.68,52.85
earthquake,Myanmar,MMR,2004,71,0,12500,3200,15700,8.30377e+08,0,0,4.73155,5e+08,0,0,2000,False,0.452229,52890.3,50.36,46.1
earthquake,Pakistan,PAK,2004,24,63,10765,2320,13148,0,0,0,0,0,0,0,2000,False,0.182537,,26.4,22.92
earthquake,Russia,RUS,2004,0,0,138,0,138,0,0,0,0,0,0,0,2000,False,,,6.98,6.39
earthquake,Seychelles,SYC,2004,3,0,4760,70,4830,4.9823e+07,0,0,3.35942,3e+07,0,0,2000,False,0.0621118,10315.3,34.37,32.35
earthquake,Slovenia,SVN,2004,1,5,600,0,605,1.6608e+07,1.661e+06,0,0.029277,1e+07,1e+06,0,2000,False,0.165289,27451.2,27.6,26.33
earthquake,Somalia,SOM,2004,298,283,104800,0,105083,1.66075e+08,0,0,2.59095,1e+08,0,0,2000,False,0.283585,1580.42,57.27,51.74
earthquake,Sri Lanka,LKA,2004,35399,23176,516130,480000,1019306,2.18638e+09,0,0,6.37144,1.3165e+09,0,0,2000,False,3.47285,2144.97,82.18,72.91
earthquake,Tajikistan,TJK,2004,0,0,180,0,180,0,0,0,0,0,0,0,2000,False,,,7.35,6.73
earthquake,Tanzania,TZA,2004,10,0,0,0,0,0,0,0,0,0,0,0,2000,False,,,9.67,7.93
earthquake,Thailand,THA,2004,8345,8457,58550,0,67007,1.66076e+09,4.15189e+08,0,0.578383,1e+09,2.5e+08,0,2000,False,12.4539,24784.8,72.24,64.34
earthquake,Turkey,TUR,2004,27,81,36835,0,36916,0,0,0,0,0,0,0,2000,False,0.073139,,28.32,24.63
earthquake,Afghanistan,AFG,2005,6,1,500,0,501,80000,0,0,0.000806028,50000,0,0,2000,False,1.1976,159.681,27.33,25.18
earthquake,Chile,CHL,2005,11,182,27463,0,27645,8.031e+06,0,0,0.0040885,5e+06,0,0,2000,False,0.0397902,290.505,39.54,36.51
earthquake,China,CHN,2005,16,8009,626000,0,634009,0,0,0,0,0,0,0,2000,False,0.00252362,,30.33,26.67
earthquake,Democratic Republic of Congo,COD,2005,6,5,0,1500,1505,0,0,0,0,0,0,0,2000,False,0.398671,,18.2,15.91
earthquake,El Salvador,SLV,2005,1,1,750,0,751,0,0,0,0,0,0,0,2000,False,0.133156,,12.16,10.87
earthquake,India,IND,2005,1309,6622,0,150000,156622,1.60626e+09,0,0,0.121894,1e+09,0,0,2000,False,0.83577,10255.6,65.94,59.29
earthquake,Indonesia,IDN,2005,916,1150,104847,0,105997,0,0,0,0,0,0,0,2000,False,0.864175,,43.88,37.53
earthquake,Iran,IRN,2005,625,1621,115267,0,116888,1.28501e+08,0,0,0.0355602,8e+07,0,0,2000,False,0.5347,1099.35,60.16,54.08
earthquake,Japan,JPN,2005,1,793,3637,0,4430,6.42503e+08,1.92751e+08,0,0.00820404,4e+08,1.2e+08,0,2000,False,0.0225734,145035,33.88,32.37
earthquake,Pakistan,PAK,2005,73338,128309,0,5000000,5128309,8.35254e+09,0,8.35254e+09,3.58106,5.2e+09,0,5.2e+09,2000,False,1.43006,1628.71,88.67,78.67
earthquake,Papua New Guinea,PNG,2005,1,0,0,200,200,0,0,0,0,0,0,0,2000,False,0.5,,10.3,9.16
earthquake,Peru,PER,2005,5,59,2446,0,2505,80000,0,0,6.57371e-05,50000,0,0,2000,False,0.199601,31.9361,28.99,26.75
earthquake,South Africa,ZAF,2005,2,58,0,0,58,3.2125e+07,1.6063e+07,0,0.0069236,2e+07,1e+07,0,2000,False,3.44828,553879,26.57,25.28
earthquake,Tanzania,TZA,2005,2,0,5000,0,5000,0,0,0,0,0,0,0,2000,False,0.04,,16.48,14.66
earthquake,Turkey,TUR,2005,2,94,2950,0,3044,0,0,0,0,0,0,0,2000,False,0.065703,,15.78,14.02
earthquake,Afghanistan,AFG,2006,1,0,740,195,935,0,0,0,0,0,0,0,2000,False,0.106952,,12.47,11.15
earthquake,Algeria,DZA,2006,4,9,160,150,319,0,0,0,0,0,0,0,2000,False,1.25392,,14.65,12.79
earthquake,Bulgaria,BGR,2006,0,2,525,0,527,0,0,0,0,0,0,0,2000,False,,,8.87,8.12
earthquake,China,CHN,2006,23,143,267645,143760,411548,1.119e+07,0,0,0.000257604,7.191e+06,0,0,2000,False,0.00558866,27.19,46.47,42.61
earthquake,El Salvador,SLV,2006,0,0,16470,0,16470,0,0,0,0,0,0,0,2000,False,,,13.73,12.57
earthquake,Indonesia,IDN,2006,6592,138642,2377945,699395,3215982,4.90937e+09,6.3798e+07,0,0.865402,3.155e+09,4.1e+07,0,2000,False,0.204976,1526.55,77.79,69.6
earthquake,Iran,IRN,2006,63,1494,167000,0,168494,6.5762e+07,0,0,0.0159118,4.2262e+07,0,0,2000,False,0.0373901,390.293,50.84,46.38
earthquake,Kyrgyzstan,KGZ,2006,0,0,12000,50,12050,0,0,0,0,0,0,0,2000,False,,,13.29,12.17
earthquake,Mozambique,MOZ,2006,4,36,0,1440,1476,0,0,0,0,0,0,0,2000,False,0.271003,,16.81,14.77
earthquake,Russia,RUS,2006,0,40,12000,0,12040,8.5583e+07,0,0,0.00555594,5.5e+07,0,0,2000,False,,7108.22,30.59,29.46
earthquake,Taiwan,TWN,2006,2,42,0,0,42,0,0,0,,0,0,0,2000,False,4.7619,,9.75,8.5
earthquake,Tajikistan,TJK,2006,3,19,15408,0,15427,3.4233e+07,0,0,0.777326,2.2e+07,0,0,2000,False,0.0194464,2219.03,35.66,33.5
earthquake,United States,USA,2006,0,10,3519,0,3529,2.33409e+08,6.2242e+07,0,0.00108573,1.5e+08,4e+07,0,2000,False,,66140.3,29.8,28.82
earthquake,Barbados,BRB,2007,0,1,0,0,1,0,0,0,0,0,0,0,2000,False,,,0.98,0.9
earthquake,Brazil,BRA,2007,1,6,280,0,286,0,0,0,0,0,0,0,2000,False,0.34965,,10.8,9.62
earthquake,Chile,CHL,2007,12,155,25000,0,25155,1.5129e+08,0,0,0.057974,1e+08,0,0,2000,False,0.0477042,6014.31,42.51,39.43
earthquake,China,CHN,2007,3,329,0,0,329,5.17413e+08,1.5129e+07,0,0.00948931,3.42e+08,1e+07,0,2000,False,0.911854,1.57268e+06,32.79,31.09
earthquake,Colombia,COL,2007,0,5,170,0,175,0,0,0,0,0,0,0,2000,False,,,7.31,6.69
earthquake,Honduras,HND,2007,0,18,0,1865,1883,0,0,0,0,0,0,0,2000,False,,,10.67,9.76
earthquake,Indonesia,IDN,2007,95,2727,579969,36800,619496,1.05903e+09,7.565e+06,0,0.161956,7e+08,5e+06,0,2000,False,0.015335,1709.51,56.95,52.04
earthquake,Japan,JPN,2007,10,1371,13189,40668,55228,1.92895e+10,5.40106e+08,0,0.275695,1.275e+10,3.57e+08,0,2000,False,0.0181068,349270,47.54,44.49
earthquake,Martinique,MTQ,2007,1,100,0,0,100,0,0,0,,0,0,0,2000,False,1,,9.32,8.27
earthquake,Peru,PER,2007,593,1366,656965,0,658331,9.07742e+08,3.02581e+08,0,0.587251,6e+08,2e+08,0,2000,False,0.0900763,1378.85,64.24,57.99
earthquake,Russia,RUS,2007,2,12,25000,0,25012,6.35419e+08,0,0,0.0323151,4.2e+08,0,0,2000,False,0.00799616,25404.6,37.95,35.94
earthquake,Solomon Islands,SLB,2007,52,9,2375,0,2384,0,0,0,0,0,0,0,2000,False,2.18121,,27.01,23.2
earthquake,Tajikistan,TJK,2007,11,3,7000,0,7003,0,0,0,0,0,0,0,2000,False,0.157076,,22.55,19.68
earthquake,United Kingdom,GBR,2007,0,1,4500,0,4501,9.0774e+07,4.5387e+07,0,0.00193255,6e+07,3e+07,0,2000,False,,20167.5,29.25,28.24
earthquake,China,CHN,2008,87564,368412,46587000,414385,47369797,1.24559e+11,4.3709e+08,1.45697e+10,1.8317,8.5492e+10,3e+08,1e+10,2000,False,0.184852,2629.51,95.09,84.7
earthquake,Colombia,COL,2008,11,54,0,1700,1754,1.457e+07,0,0,0.00412364,1e+07,0,0,2000,False,0.627138,8306.73,36.21,33.51
earthquake,Democratic Republic of Congo,COD,2008,11,0,17355,0,17355,1.0199e+07,0,0,0.0308051,7e+06,0,0,2000,False,0.0633823,587.669,39.11,36.14
earthquake,Greece,GRC,2008,2,240,3468,0,3708,0,0,0,0,0,0,0,2000,False,0.0539374,,16.06,14.27
earthquake,Indonesia,IDN,2008,8,137,10565,0,10702,0,0,0,0,0,0,0,2000,False,0.0747524,,21.99,19.28
earthquake,Iran,IRN,2008,6,215,20500,0,20715,0,0,0,0,0,0,0,2000,False,0.0289645,,21.91,19.3
earthquake,Japan,JPN,2008,24,648,270,0,918,4.03581e+08,8.0133e+07,0,0.00536801,2.77e+08,5.5e+07,0,2000,False,2.61438,439631,41.4,38.24
earthquake,Kyrgyzstan,KGZ,2008,74,142,3000,1055,4197,0,0,0,0,0,0,0,2000,False,1.76316,,29.21,25.08
earthquake,Pakistan,PAK,2008,166,320,75000,0,75320,1.457e+07,0,0,0.00494551,1e+07,0,0,2000,False,0.220393,193.441,52.15,47.08
earthquake,Russia,RUS,2008,13,100,5135,0,5235,0,0,0,0,0,0,0,2000,False,0.248329,,22.76,19.81
earthquake,Rwanda,RWA,2008,36,643,0,0,643,0,0,0,0,0,0,0,2000,False,5.59876,,23.71,20.31
earthquake,United States,USA,2008,0,3,2100,0,2103,0,0,0,0,0,0,0,2000,False,,,10.82,9.91
earthquake,Afghanistan,AFG,2009,22,59,0,3250,3309,0,0,0,0,0,0,0,2000,False,0.664853,,24.11,20.86
earthquake,Albania,ALB,2009,0,0,0,150,150,0,0,0,0,0,0,0,2000,False,,,7.1,6.5
earthquake,American Samoa,ASM,2009,34,0,2500,0,2500,0,0,0,0,0,0,0,2000,False,1.36,,25.41,21.89
earthquake,Bhutan,BTN,2009,11,12,0,0,12,0,0,0,0,0,0,0,2000,False,91.6667,,13.65,11.54
earthquake,China,CHN,2009,1,336,19549,50000,69885,4.65116e+08,0,0,0.00612959,3.181e+08,0,0,2000,False,0.00143092,6655.45,37.47,35.63
earthquake,Costa Rica,CRI,2009,31,91,128527,0,128618,2.92433e+08,1.46217e+08,0,0.650497,2e+08,1e+08,0,2000,False,0.0241024,2273.66,49.08,45.15
earthquake,Georgia,GEO,2009,0,6,7300,0,7306,0,0,0,0,0,0,0,2000,False,,,12.58,11.52
earthquake,Honduras,HND,2009,7,136,50000,0,50136,1.46217e+08,0,0,0.685519,1e+08,0,0,2000,False,0.013962,2916.41,41.5,38.69
earthquake,Indonesia,IDN,2009,1330,3654,2846745,0,2850399,3.48205e+09,1.46217e+08,0,0.441349,2.38143e+09,1e+08,0,2000,False,0.0466601,1221.6,70.84,63.83
earthquake,Iran,IRN,2009,0,269,0,0,269,0,0,0,0,0,0,0,2000,False,,,7.92,7.25
earthquake,Italy,ITA,2009,300,2000,0,70000,72000,3.65542e+09,3.80163e+08,0,0.113149,2.5e+09,2.6e+08,0,2000,False,0.416667,50769.7,59.69,54.2
earthquake,Japan,JPN,2009,1,319,25000,0,25319,5.84867e+08,3.65542e+08,0,0.00749518,4e+08,2.5e+08,0,2000,False,0.0039496,23099.9,36.25,34.53
earthquake,Malawi,MWI,2009,4,186,0,20550,20736,0,0,0,0,0,0,0,2000,False,0.0192901,,20.55,18.19
earthquake,Philippines,PHL,2009,0,2,380,10,392,132000,0,0,5.11437e-05,90000,0,0,2000,False,,336.735,19.61,18.9
earthquake,Samoa,WSM,2009,148,310,5274,0,5584,1.81367e+08,0,0,19.7514,1.2404e+08,0,0,2000,False,2.65043,32479.8,50.39,45.72
earthquake,Tonga,TON,2009,9,7,500,0,507,1.3891e+07,0,0,3.04083,9.5e+06,0,0,2000,False,1.77515,27398.4,33.67,31.25
earthquake,Afghanistan,AFG,2010,11,70,0,1000,1070,0,0,0,0,0,0,0,2010,False,1.02804,,19.89,17.25
earthquake,Chile,CHL,2010,562,10334,1861222,800000,2671556,4.31572e+10,1.15086e+10,1.55927e+10,13.8216,3e+10,8e+09,1.0839e+10,2010,False,0.0210364,16154.3,69.66,63.29
earthquake,China,CHN,2010,2969,12040,65000,100500,177540,7.25617e+08,0,0,0.00814525,5.044e+08,0,0,2010,False,1.6723,4087.06,68.67,61.41
earthquake,Haiti,HTI,2010,222570,300000,3400000,0,3700000,1.15086e+10,2.87715e+08,1.65436e+10,67.4575,8e+09,2e+08,1.15e+10,2010,False,6.01541,3110.43,92.99,82.23
earthquake,Indonesia,IDN,2010,547,412,11452,4600,16464,0,0,0,0,0,0,0,2010,False,3.3224,,39.17,33.42
earthquake,Iran,IRN,2010,10,503,750,3500,4753,0,0,0,0,0,0,0,2010,False,0.210393,,21.65,18.89
earthquake,Mexico,MEX,2010,2,232,25000,0,25232,1.65436e+09,5.7543e+08,0,0.104032,1.15e+09,4e+08,0,2010,False,0.00792644,65565.9,38.87,36.86
earthquake,New Zealand,NZL,2010,0,2,300000,0,300002,9.35073e+09,7.19287e+09,0,4.42514,6.5e+09,5e+09,0,2010,False,,31168.9,39.58,38.07
earthquake,Serbia,SRB,2010,2,120,25440,1470,27030,1.90266e+08,0,0,0.30379,1.3226e+08,0,0,2010,False,0.00739919,7039.07,36.92,34.9
earthquake,Solomon Islands,SLB,2010,0,1,1125,0,1126,0,0,0,0,0,0,0,2010,False,,,9.94,9.1
earthquake,Taiwan,TWN,2010,0,96,0,0,96,1.43857e+09,1.28033e+08,0,,1e+09,8.9e+07,0,2010,False,,1.49851e+07,26.44,25.89
earthquake,Tajikistan,TJK,2010,0,0,6706,1134,7840,2.158e+06,0,0,0.0265853,1.5e+06,0,0,2010,False,,275.255,26.49,25.42
earthquake,Turkey,TUR,2010,51,100,3500,0,3600,0,0,0,0,0,0,0,2010,False,1.41667,,27.52,23.67
earthquake,United States,USA,2010,0,30,600,0,630,1.7982e+07,0,0,8.30622e-05,1.25e+07,0,0,2010,False,,28542.9,24.94,24.17
earthquake,Bhutan,BTN,2011,1,16,20000,0,20016,0,0,0,0,0,0,0,2010,False,0.004996,,16.81,15.12
earthquake,China,CHN,2011,32,433,153601,75425,229459,4.83072e+08,0,0,0.00451526,3.464e+08,0,0,2010,False,0.0139458,2105.26,50.5,46.48
earthquake,Guatemala,GTM,2011,3,0,400,0,400,0,0,0,0,0,0,0,2010,False,0.75,,14.07,12.34
earthquake,India,IND,2011,112,200,500000,75000,575200,0,0,0,0,0,0,0,2010,False,0.0194715,,37.83,32.8
earthquake,Indonesia,IDN,2011,11,0,0,95,95,8.158e+06,0,0,0.000655118,5.85e+06,0,0,2010,False,11.5789,85873.7,31.55,29.19
earthquake,Japan,JPN,2011,19848,6065,362887,0,368952,2.92855e+11,5.22956e+10,0,3.34426,2.1e+11,3.75e+10,0,2010,False,5.37956,793750,83.05,74.31
earthquake,Mexico,MEX,2011,2,2,150,0,152,0,0,0,0,0,0,0,2010,False,1.31579,,11.55,10.15
earthquake,Myanmar,MMR,2011,74,125,18000,3152,21277,5.02e+06,0,0,0.00600227,3.6e+06,0,0,2010,False,0.347793,235.936,46.12,41.79
earthquake,Nepal,NPL,2011,7,89,167860,0,167949,0,0,0,0,0,0,0,2010,False,0.00416793,,25.41,22.45
earthquake,New Zealand,NZL,2011,182,1545,300000,300,301845,2.51019e+10,1.95237e+10,0,10.6851,1.8e+10,1.4e+10,0,2010,False,0.0602958,83161.6,61.53,56.23
earthquake,Pakistan,PAK,2011,2,0,1000,0,1000,0,0,0,0,0,0,0,2010,False,0.2,,14.2,12.58
earthquake,Peru,PER,2011,1,106,870,1705,2681,0,0,0,0,0,0,0,2010,False,0.0372995,,13.96,12.51
earthquake,Philippines,PHL,2011,0,3,25,0,28,0,0,0,0,0,0,0,2010,False,,,4.76,4.36
earthquake,Spain,ESP,2011,10,300,0,15000,15300,2.7891e+08,1.39455e+08,0,0.0134448,2e+08,1e+08,0,2010,False,0.0653595,18229.4,41.71,38.82
earthquake,Thailand,THA,2011,1,16,0,0,16,0,0,0,0,0,0,0,2010,False,6.25,,6.8,5.96
earthquake,Turkey,TUR,2011,647,4303,6786,32075,43164,2.4321e+09,1.31087e+08,0,0.206588,1.744e+09,9.4e+07,0,2010,False,1.49893,56345.4,61.67,55.69
earthquake,Uzbekistan,UZB,2011,13,0,86,0,86,0,0,0,0,0,0,0,2010,False,15.1163,,16.96,14.51
earthquake,Afghanistan,AFG,2012,75,13,2965,570,3548,0,0,0,0,0,0,0,2010,False,2.11387,,29.03,24.9
earthquake,Azerbaijan,AZE,2012,0,50,15500,6949,22499,0,0,0,0,0,0,0,2010,False,,,14.18,12.98
earthquake,Bulgaria,BGR,2012,0,70,140,0,210,0,0,0,0,0,0,0,2010,False,,,7.57,6.93
earthquake,Chile,CHL,2012,1,14,24283,0,24297,1.36628e+08,0,0,0.0374497,1e+08,0,0,2010,False,0.00411573,5623.25,34.82,33.1
earthquake,China,CHN,2012,86,37910,940870,78,978858,2.115e+09,6.1482e+07,0,0.0178471,1.548e+09,4.5e+07,0,2010,False,0.00878575,2160.68,57.86,52.96
earthquake,Costa Rica,CRI,2012,2,225,537,0,762,6.1482e+07,4.3721e+07,0,0.0952751,4.5e+07,3.2e+07,0,2010,False,0.262467,80685,30.8,29.21
earthquake,Guatemala,GTM,2012,44,178,1321564,0,1321742,2.86918e+08,0,0,0.423439,2.1e+08,0,0,2010,False,0.00332894,217.076,53.73,49.27
earthquake,Indonesia,IDN,2012,13,150,5485,2355,7990,0,0,0,0,0,0,0,2010,False,0.162703,,23.36,20.36
earthquake,Iran,IRN,2012,312,2267,65040,0,67307,6.83139e+08,0,0,0.0776374,5e+08,0,0,2010,False,0.463548,10149.6,58.16,52.65
earthquake,Italy,ITA,2012,24,400,11000,14000,25400,2.15872e+10,3.55232e+09,0,0.753123,1.58e+10,2.6e+09,0,2010,False,0.0944882,849889,49.86,46.31
earthquake,Mexico,MEX,2012,2,11,45000,4000,49011,4.37209e+08,2.18604e+08,0,0.0254958,3.2e+08,1.6e+08,0,2010,False,0.00408072,8920.63,38.55,36.45
earthquake,Myanmar,MMR,2012,38,231,1255,0,1486,1.599e+06,0,0,0.00195202,1.17e+06,0,0,2010,False,2.5572,1076.04,38.63,35.1
earthquake,Peru,PER,2012,0,145,2905,1385,4435,0,0,0,0,0,0,0,2010,False,,,11.88,10.87
earthquake,Philippines,PHL,2012,114,123,353034,0,353157,1.6592e+07,0,0,0.00463652,1.2144e+07,0,0,2010,False,0.0322803,46.9819,52.95,47.97
earthquake,Tajikistan,TJK,2012,2,0,2531,0,2531,0,0,0,0,0,0,0,2010,False,0.0790202,,15.52,13.78
earthquake,Afghanistan,AFG,2013,18,141,3390,0,3531,0,0,0,0,0,0,0,2010,False,0.509771,,23.43,20.31
earthquake,China,CHN,2013,296,15762,3491515,12540,3519817,1.08469e+10,3.0971e+07,0,0.0826768,8.0553e+09,2.3e+07,0,2010,False,0.00840953,3081.66,66.17,60.22
earthquake,Colombia,COL,2013,0,15,9500,500,10015,5.386e+06,0,0,0.00104686,4e+06,0,0,2010,False,,537.793,27.71,26.6
earthquake,Guatemala,GTM,2013,1,52,520,0,572,2.693e+06,0,0,0.00377384,2e+06,0,0,2010,False,0.174825,4708.04,25.8,24.53
earthquake,Hungary,HUN,2013,0,0,1800,0,1800,0,0,0,0,0,0,0,2010,False,,,10.6,9.71
earthquake,India,IND,2013,3,70,59280,0,59350,1.61586e+08,0,0,0.006463,1.2e+08,0,0,2010,False,0.00505476,2722.59,39.04,36.71
earthquake,Indonesia,IDN,2013,50,2550,56638,0,59188,1.75052e+08,0,0,0.0142462,1.3e+08,0,0,2010,False,0.0844766,2957.56,49.37,45.2
earthquake,Iran,IRN,2013,45,997,3500,1500,5997,8.07931e+08,0,0,0.119904,6e+08,0,0,2010,False,0.750375,134723,47.17,43.34
earthquake,Japan,JPN,2013,0,32,8406,0,8438,0,0,0,0,0,0,0,2010,False,,,12.79,11.71
earthquake,New Zealand,NZL,2013,0,4,13836,0,13840,6.7328e+07,1.5889e+07,0,0.0261858,5e+07,1.18e+07,0,2010,False,,4864.74,30.56,29.41
earthquake,Pakistan,PAK,2013,462,824,200150,0,200974,1.34655e+08,0,0,0.0386612,1e+08,0,0,2010,False,0.22988,670.012,59.75,53.83
earthquake,Peru,PER,2013,0,29,7055,0,7084,0,0,0,0,0,0,0,2010,False,,,12.54,11.48
earthquake,Philippines,PHL,2013,230,976,3221248,0,3222224,6.9292e+07,2.6931e+07,0,0.0181256,5.1459e+07,2e+07,0,2010,False,0.00713793,21.5044,60.24,54.49
earthquake,Solomon Islands,SLB,2013,10,0,3329,0,3329,2.693e+06,0,0,0.155532,2e+06,0,0,2010,False,0.300391,808.952,35.16,32.45
earthquake,Taiwan,TWN,2013,5,116,1500,0,1616,2.828e+06,0,0,,2.1e+06,0,0,2010,False,0.309406,1750,31.74,29.56
earthquake,Algeria,DZA,2014,6,420,0,0,420,0,0,0,0,0,0,0,2010,False,1.42857,,16.4,14.26
earthquake,Chile,CHL,2014,6,0,513387,0,513387,1.32506e+08,0,0,0.0385266,1e+08,0,0,2010,False,0.00116871,258.102,44.16,41.17
earthquake,China,CHN,2014,738,3905,2388978,2090,2394973,7.47332e+09,0,0,0.052836,5.64e+09,0,0,2010,False,0.0308145,3120.42,68.95,62.38
earthquake,Comoros,COM,2014,0,0,10000,0,10000,0,0,0,0,0,0,0,2010,False,,,13.03,11.93
earthquake,Greece,GRC,2014,3,25,77000,0,77025,8.32136e+08,1.06e+07,0,0.268478,6.28e+08,8e+06,0,2010,False,0.00389484,10803.5,40.96,38.6
earthquake,Guatemala,GTM,2014,1,274,84679,9830,94783,0,0,0,0,0,0,0,2010,False,0.00105504,,19.01,17.13
earthquake,Iran,IRN,2014,1,280,300,12000,12580,5.9627e+07,0,0,0.00973426,4.5e+07,0,0,2010,False,0.00794913,4739.83,33.1,31.47
earthquake,Japan,JPN,2014,0,41,2466,150,2657,2.65e+06,0,0,4.01142e-05,2e+06,0,0,2010,False,,997.365,25.16,24.21
earthquake,Mexico,MEX,2014,3,0,27381,0,27381,0,0,0,0,0,0,0,2010,False,0.0109565,,20.04,17.81
earthquake,Nicaragua,NIC,2014,2,266,12015,0,12281,3.975e+06,0,0,0.0252516,3e+06,0,0,2010,False,0.0162853,323.671,32.14,30.21
earthquake,Peru,PER,2014,8,4,600,0,604,0,0,0,0,0,0,0,2010,False,1.3245,,17.92,15.56
earthquake,South Africa,ZAF,2014,1,2,2000,0,2002,0,0,0,0,0,0,0,2010,False,0.04995,,13.55,12.14
earthquake,Thailand,THA,2014,1,23,17500,0,17523,8.2154e+07,1.9876e+07,0,0.0152207,6.2e+07,1.5e+07,0,2010,False,0.00570679,4688.35,33.87,32.2
earthquake,Turkey,TUR,2014,0,324,0,0,324,0,0,0,0,0,0,0,2010,False,,,8.18,7.49
earthquake,United States,USA,2014,1,250,3000,0,3250,9.2754e+08,1.98759e+08,0,0.00397543,7e+08,1.5e+08,0,2010,False,0.0307692,285397,33.79,32.31
earthquake,Afghanistan,AFG,2015,115,58092,0,35040,93132,0,0,0,0,0,0,0,2010,False,0.123481,,35.36,30.53
earthquake,Bangladesh,BGD,2015,4,200,0,0,200,0,0,0,0,0,0,0,2010,False,2,,13.99,12.19
earthquake,Chile,CHL,2015,19,15,681484,0,681499,1.05879e+09,4.6322e+08,0,0.329964,8e+08,3.5e+08,0,2010,False,0.00278797,1553.62,50.76,46.97
earthquake,China,CHN,2015,34,463,211640,9500,221603,4.3476e+07,0,0,0.000291202,3.285e+07,0,0,2010,False,0.0153428,196.189,48.4,44.35
earthquake,Colombia,COL,2015,0,1,40835,400,41236,0,0,0,0,0,0,0,2010,False,,,15.03,13.76
earthquake,Democratic Republic of Congo,COD,2015,3,30,260,100,390,0,0,0,0,0,0,0,2010,False,0.769231,,14.03,12.31
earthquake,East Timor,TLS,2015,0,3,0,2000,2003,5.294e+06,0,0,0.251528,4e+06,0,0,2010,False,,2643.04,25.41,24.5
earthquake,India,IND,2015,98,570,0,0,570,0,0,0,0,0,0,0,2010,False,17.193,,27.51,23.41
earthquake,Indonesia,IDN,2015,0,62,12185,0,12247,0,0,0,0,0,0,0,2010,False,,,13.32,12.19
earthquake,Kyrgyzstan,KGZ,2015,0,0,11490,5290,16780,1.5882e+07,0,0,0.17969,1.2e+07,0,0,2010,False,,946.484,29.46,28.3
earthquake,Malaysia,MYS,2015,24,10,0,0,10,3000,0,0,6.63668e-07,2000,0,0,2010,False,240,300,23.96,21.33
earthquake,Nepal,NPL,2015,8969,20360,5621790,0,5642150,6.84772e+09,1.32349e+08,0,21.239,5.174e+09,1e+08,0,2010,False,0.158964,1213.67,80.14,71.66
earthquake,Pakistan,PAK,2015,283,1830,366945,133900,502675,0,0,0,0,0,0,0,2010,False,0.0562988,,41.35,35.67
earthquake,Tajikistan,TJK,2015,2,14,7962,0,7976,6.617e+06,0,0,0.060449,5e+06,0,0,2010,False,0.0250752,829.614,32.01,30.14
earthquake,Bangladesh,BGD,2016,5,70,0,0,70,0,0,0,0,0,0,0,2010,False,7.14286,,13.26,11.44
earthquake,China,CHN,2016,3,0,46200,5120,51320,2.62053e+08,0,0,0.00175017,2.005e+08,0,0,2010,False,0.00584567,5106.25,39.29,36.98
earthquake,Ecuador,ECU,2016,673,6361,383150,0,389511,2.614e+09,7.31919e+08,4.3706e+09,2.04768,2e+09,5.6e+08,3.344e+09,2010,False,0.172781,6710.97,65.01,58.73
earthquake,India,IND,2016,8,308,10500,0,10808,9.8025e+07,0,0,0.00326826,7.5e+07,0,0,2010,False,0.0740192,9069.67,39.42,36.71
earthquake,Indonesia,IDN,2016,105,879,89721,0,90600,1.307e+08,0,0,0.010731,1e+08,0,0,2010,False,0.115894,1442.6,52.65,47.89
earthquake,Italy,ITA,2016,297,444,29729,0,30173,7.05779e+09,9.8025e+07,0,0.286152,5.4e+09,7.5e+07,0,2010,False,0.984324,233911,59.04,53.66
earthquake,Japan,JPN,2016,58,2491,393243,23991,419725,2.62707e+10,6.53499e+09,0,0.393319,2.01e+10,5e+09,0,2010,False,0.0138186,62590.2,57.48,52.96
earthquake,Myanmar,MMR,2016,4,2,1150,0,1152,1.307e+07,0,0,0.0157982,1e+07,0,0,2010,False,0.347222,11345.5,31.98,29.96
earthquake,New Zealand,NZL,2016,2,50,0,0,50,5.09729e+09,2.7447e+09,0,2.06371,3.9e+09,2.1e+09,0,2010,False,4,1.01946e+08,31.16,29.89
earthquake,North Macedonia,MKD,2016,0,100,0,0,100,1.307e+07,0,0,0.093699,1e+07,0,0,2010,False,,130700,22.04,21.49
earthquake,Pakistan,PAK,2016,6,42,100,0,142,0,0,0,0,0,0,0,2010,False,4.22535,,14.87,12.86
earthquake,Peru,PER,2016,5,84,11315,40,11439,0,0,0,0,0,0,0,2010,False,0.0437101,,20.45,18.02
earthquake,Philippines,PHL,2016,8,202,0,0,202,0,0,0,0,0,0,0,2010,False,3.9604,,16.38,14.14
earthquake,Solomon Islands,SLB,2016,0,1,9769,0,9770,0,0,0,0,0,0,0,2010,False,,,13,11.9
earthquake,South Korea,KOR,2016,0,32,29800,0,29832,2.7447e+07,0,0,0.00132983,2.1e+07,0,0,2010,False,,920.052,30.79,29.56
earthquake,Taiwan,TWN,2016,117,525,0,0,525,9.14899e+08,4.83589e+08,0,,7e+08,3.7e+08,0,2010,False,22.2857,1.74266e+06,47.64,43.42
earthquake,Tajikistan,TJK,2016,0,0,155,0,155,0,0,0,0,0,0,0,2010,False,,,7.14,6.54
earthquake,Tanzania,TZA,2016,17,440,139161,0,139601,5.98605e+08,0,0,0.920152,4.58e+08,0,0,2010,False,0.0121776,4287.97,47.55,44.03
earthquake,Uganda,UGA,2016,4,0,0,590,590,0,0,0,0,0,0,0,2010,False,0.677966,,15.52,13.58
earthquake,United States,USA,2016,0,0,120,0,120,2.614e+07,0,0,0.000106355,2e+07,0,0,2010,False,,217833,22.96,22.38
earthquake,China,CHN,2017,37,552,240900,10005,251457,8.36949e+08,0,0,0.00521633,6.54e+08,0,0,2010,False,0.0147142,3328.4,51.72,47.58
earthquake,Greece,GRC,2017,3,131,720,0,851,0,0,0,0,0,0,0,2010,False,0.352526,,15.14,13.32
earthquake,Guatemala,GTM,2017,0,2,3518,81,3601,0,0,0,0,0,0,0,2010,False,,,11.58,10.6
earthquake,Indonesia,IDN,2017,4,36,8859,0,8895,0,0,0,0,0,0,0,2010,False,0.0449691,,19.35,17.1
earthquake,Iran,IRN,2017,449,9537,200000,1845,211382,9.49565e+08,0,0,0.145422,7.42e+08,0,0,2010,False,0.212412,4492.18,61.56,55.65
earthquake,Iraq,IRQ,2017,10,469,5500,0,5969,0,0,0,0,0,0,0,2010,False,0.167532,,21.97,19.19
earthquake,Italy,ITA,2017,31,53,2600,0,2653,2.3035e+07,7.678e+06,0,0.000913371,1.8e+07,6e+06,0,2010,False,1.16849,8682.62,41.18,37.72
earthquake,Kyrgyzstan,KGZ,2017,0,0,5000,0,5000,0,0,0,0,0,0,0,2010,False,,,12.05,11.03
earthquake,Mexico,MEX,2017,467,6250,1450000,0,1456250,1.06218e+10,3.07137e+09,0,0.697056,8.3e+09,2.4e+09,0,2010,False,0.0320687,7293.96,66.73,60.56
earthquake,Philippines,PHL,2017,11,650,57707,0,58357,2.6027e+07,0,6.783e+06,0.00619153,2.0338e+07,0,5.3e+06,2010,False,0.0188495,445.996,41.71,38.59
earthquake,South Korea,KOR,2017,0,57,5000,0,5057,0,0,0,0,0,0,0,2010,False,,,12.06,11.04
earthquake,Turkey,TUR,2017,0,360,0,0,360,0,0,0,0,0,0,0,2010,False,,,8.33,7.63
earthquake,China,CHN,2018,0,24,30000,0,30024,9.8689e+07,0,0,0.000558392,7.9e+07,0,0,2010,False,,3287,32.01,30.78
earthquake,El Salvador,SLV,2018,0,1,2499,0,2500,0,0,0,0,0,0,0,2010,False,,,11.07,10.13
earthquake,Haiti,HTI,2018,17,421,38915,0,39336,0,0,0,0,0,0,0,2010,False,0.0432174,,26.62,23.25
earthquake,Indonesia,IDN,2018,4729,1754,2562615,70000,2634369,2.94068e+09,0,1.99876e+09,0.225853,2.354e+09,0,1.6e+09,2010,False,0.179512,1116.27,75.69,67.76
earthquake,Iran,IRN,2018,2,1258,14755,3000,19013,2.4984e+07,0,0,0.00485551,2e+07,0,0,2010,False,0.0105191,1314.05,34.5,32.52
earthquake,Japan,JPN,2018,46,1097,25898,0,26995,5.62152e+09,0,0,0.0873059,4.5e+09,0,0,2010,False,0.170402,208243,51.22,47.2
earthquake,Mexico,MEX,2018,0,4,3000,0,3004,0,0,0,0,0,0,0,2010,False,,,11.33,10.37
earthquake,Papua New Guinea,PNG,2018,181,300,544000,0,544300,7.6203e+07,0,0,0.253009,6.1e+07,0,0,2010,False,0.0332537,140.002,56.86,51.49
earthquake,Peru,PER,2018,2,139,7885,1295,9319,0,0,0,0,0,0,0,2010,False,0.0214615,,17.36,15.47
earthquake,Taiwan,TWN,2018,84,285,0,0,285,1.24923e+08,0,0,,1e+08,0,0,2010,False,29.4737,438326,43.57,39.66
earthquake,Albania,ALB,2019,51,1025,206800,0,207825,9.14107e+08,0,0,4.7802,7.45e+08,0,0,2010,False,0.0245399,4398.45,52.79,48.45
earthquake,Chile,CHL,2019,2,0,780,0,780,0,0,0,0,0,0,0,2010,False,0.25641,,13.85,12.26
earthquake,China,CHN,2019,16,295,291856,423,292574,1.59754e+09,0,0,0.0089422,1.302e+09,0,0,2010,False,0.0054687,5460.29,49.3,45.73
earthquake,Ecuador,ECU,2019,0,24,225,15,264,0,0,0,0,0,0,0,2010,False,,,7.89,7.22
earthquake,El Salvador,SLV,2019,1,0,160,0,160,0,0,0,0,0,0,0,2010,False,0.625,,9.98,8.87
earthquake,France,FRA,2019,0,4,750,0,754,0,0,0,0,0,0,0,2010,False,,,9.37,8.58
earthquake,Indonesia,IDN,2019,51,547,279124,5880,285551,0,0,0,0,0,0,0,2010,False,0.0178602,,33.71,29.33
earthquake,Iran,IRN,2019,7,684,22500,2000,25184,1.10429e+08,0,0,0.0258629,9e+07,0,0,2010,False,0.0277954,4384.89,40.26,37.53
earthquake,Japan,JPN,2019,0,28,432,0,460,0,0,0,0,0,0,0,2010,False,,,8.68,7.94
earthquake,Pakistan,PAK,2019,39,746,129652,0,130398,2.0859e+07,0,0,0.00529744,1.7e+07,0,0,2010,False,0.0299084,159.964,47.5,43.4
earthquake,Papua New Guinea,PNG,2019,0,1,650,0,651,0,0,0,0,0,0,0,2010,False,,,9.17,8.39
earthquake,Peru,PER,2019,2,15,4257,0,4272,0,0,0,0,0,0,0,2010,False,0.0468165,,16.26,14.46
earthquake,Philippines,PHL,2019,88,1635,711100,0,712735,6.7801e+07,0,0,0.0146642,5.5258e+07,0,0,2010,False,0.0123468,95.1279,54.24,49.36
earthquake,Turkey,TUR,2019,1,34,1419,0,1453,0,0,0,0,0,0,0,2010,False,0.0688231,,13.1,11.72
earthquake,United States,USA,2019,0,0,150,0,150,2.45398e+08,6.1349e+07,0,0.000928506,2e+08,5e+07,0,2010,False,,1.63599e+06,25.39,24.79
earthquake,Algeria,DZA,2020,0,0,15000,0,15000,0,0,0,0,0,0,0,2020,False,,,13.6,12.45
earthquake,China,CHN,2020,4,24,3300,0,3324,2.0605e+07,0,0,0.00011336,1.7e+07,0,0,2020,False,0.120337,6198.86,33.91,31.77
earthquake,Croatia,HRV,2020,9,63,209371,18915,228349,1.57849e+10,0,1.14538e+10,22.4697,1.30234e+10,0,9.45e+09,2020,False,0.00394134,69126,48.98,45.82
earthquake,Greece,GRC,2020,2,19,900,0,919,0,0,0,0,0,0,0,2020,False,0.217628,,14.08,12.47
earthquake,Indonesia,IDN,2020,0,0,1490,70,1560,0,0,0,0,0,0,0,2020,False,,,10.4,9.52
earthquake,Iran,IRN,2020,0,75,15000,0,15075,0,0,0,0,0,0,0,2020,False,,,13.61,12.46
earthquake,Mexico,MEX,2020,10,24,24369,0,24393,9.0903e+07,0,0,0.00669007,7.5e+07,0,0,2020,False,0.0409954,3726.6,41.31,38.36
earthquake,Philippines,PHL,2020,1,20,4255,705,4980,3.03e+06,0,0,0.000691083,2.5e+06,0,0,2020,False,0.0200803,608.434,28.97,27.45
earthquake,Puerto Rico,PRI,2020,4,8,4320,900,5228,1.15144e+09,4.84815e+08,0,0.921159,9.5e+08,4e+08,0,2020,False,0.0765111,220244,38.36,36.16
earthquake,Turkey,TUR,2020,166,2731,75873,8000,86604,9.5751e+08,0,0,0.107684,7.9e+08,0,0,2020,False,0.191677,11056.2,56.31,51.22
earthquake,Argentina,ARG,2021,0,14,1800,0,1814,0,0,0,0,0,0,0,2020,False,,,10.61,9.72
earthquake,Bhutan,BTN,2021,0,2,500,0,502,0,0,0,0,0,0,0,2020,False,,,8.8,8.05
earthquake,China,CHN,2021,9,128,88275,2437,90840,1.11366e+09,0,0,0.00528522,9.62e+08,0,0,2020,False,0.00990753,12259.6,45.16,42.12
earthquake,Ecuador,ECU,2021,0,0,39,0,39,0,0,0,0,0,0,0,2020,False,,,5.22,4.78
earthquake,Greece,GRC,2021,1,31,0,5016,5047,4.6307e+07,0,0,0.0183231,4e+07,0,0,2020,False,0.0198138,9175.15,31.57,30.05
earthquake,Haiti,HTI,2021,2575,12763,690000,0,702763,1.87548e+09,0,2.28991e+09,7.8057,1.62007e+09,0,1.97806e+09,2020,False,0.366411,2668.72,70.94,63.62
earthquake,India,IND,2021,2,10,3000,0,3010,0,0,0,0,0,0,0,2020,False,0.0664452,,15.76,14
earthquake,Indonesia,IDN,2021,122,954,110447,2250,113651,6.7954e+07,0,0,0.00494728,5.87e+07,0,0,2020,False,0.107346,597.918,52.95,48.06
earthquake,Iran,IRN,2021,3,173,297682,0,297855,2.0259e+08,0,0,0.0429605,1.75e+08,0,0,2020,False,0.0010072,680.163,41.53,39.01
earthquake,Japan,JPN,2021,1,196,8247,60,8503,9.55064e+09,2.6626e+09,0,0.157867,8.25e+09,2.3e+09,0,2020,False,0.0117606,1.12321e+06,37.35,35.77
earthquake,Laos,LAO,2021,0,0,0,0,0,139000,0,0,0.000637377,120000,0,0,2020,False,,,11.21,11.21
earthquake,Mexico,MEX,2021,3,0,21951,0,21951,2.31531e+08,0,0,0.015191,2e+08,0,0,2020,False,0.0136668,10547.6,37.97,35.76
earthquake,Pakistan,PAK,2021,21,300,63800,0,64100,0,0,0,0,0,0,0,2020,False,0.0327613,,28.12,24.55
earthquake,Peru,PER,2021,0,724,18609,0,19333,0,0,0,0,0,0,0,2020,False,,,13.96,12.78
earthquake,Tajikistan,TJK,2021,5,0,100,0,100,0,0,0,0,0,0,0,2020,False,5,,13.76,11.9
earthquake,Afghanistan,AFG,2022,1191,2993,361634,4000,368627,0,0,0,0,0,0,0,2020,False,0.323091,,46.7,40.01
earthquake,Bosnia and Herzegovina,BIH,2022,1,2,1050,0,1052,2.7869e+07,0,0,0.105973,2.6e+07,0,0,2020,False,0.095057,26491.4,28.87,27.53
earthquake,China,CHN,2022,122,484,199770,0,200254,3.14809e+09,0,0,0.0160345,2.937e+09,0,0,2020,False,0.0609226,15720.5,57.38,52.42
earthquake,Ecuador,ECU,2022,1,2,7802,0,7804,0,0,0,0,0,0,0,2020,False,0.0128139,,15.47,13.9
earthquake,Guatemala,GTM,2022,3,2,31300,0,31302,0,0,0,0,0,0,0,2020,False,0.00958405,,20.23,17.99
earthquake,Haiti,HTI,2022,2,52,15,950,1017,0,0,0,0,0,0,0,2020,False,0.196657,,14.23,12.6
earthquake,Indonesia,IDN,2022,349,7013,2243715,515,2251243,6.6456e+07,0,0,0.00470017,6.2e+07,0,0,2020,False,0.0155025,29.5197,61.37,55.36
earthquake,Iran,IRN,2022,5,1211,33504,150,34865,1.53278e+08,0,0,0.0338332,1.43e+08,0,0,2020,False,0.014341,4396.33,39.87,37.31
earthquake,Japan,JPN,2022,3,183,558,0,741,9.43248e+09,3.00124e+09,0,0.197843,8.8e+09,2.8e+09,0,2020,False,0.404858,1.27294e+07,36.69,34.89
earthquake,Mexico,MEX,2022,5,14,33453,2424,35891,2.6797e+07,0,0,0.00170423,2.5e+07,0,0,2020,False,0.0139311,746.622,38.26,35.7
earthquake,Nepal,NPL,2022,6,8,30000,0,30008,0,0,0,0,0,0,0,2020,False,0.0199947,,22.43,19.78
earthquake,Pakistan,PAK,2022,43,0,0,0,0,0,0,0,0,0,0,0,2020,False,,,15.26,12.51
earthquake,Papua New Guinea,PNG,2022,7,24,0,1945,1969,0,0,0,0,0,0,0,2020,False,0.35551,,19.12,16.7
earthquake,Peru,PER,2022,0,2,600,0,602,0,0,0,0,0,0,0,2020,False,,,9.06,8.29
earthquake,Philippines,PHL,2022,10,438,649840,0,650278,1.63354e+08,0,0,0.0376898,1.524e+08,0,0,2020,False,0.0015378,251.206,46.51,43.17
earthquake,Taiwan,TWN,2022,1,140,0,0,140,5.3594e+07,0,0,,5e+07,0,0,2020,False,0.714286,382814,26.65,25.55
earthquake,Turkey,TUR,2022,2,93,213,0,306,5.3594e+07,0,0,0.005399,5e+07,0,0,2020,False,0.653595,175144,29.38,27.9
earthquake,United States,USA,2022,2,12,0,0,12,2.67968e+08,0,0,0.000959523,2.5e+08,0,0,2020,False,16.6667,2.23307e+07,26.43,25.33
earthquake,Afghanistan,AFG,2023,1486,2170,278265,0,280435,2.234e+08,0,0,1.26514,2.17e+08,0,0,2020,False,0.529891,796.62,65.41,58.59
earthquake,China,CHN,2023,151,1011,608400,378,609789,1.09641e+09,2.883e+06,0,0.00582911,1.065e+09,2.8e+06,0,2020,False,0.0247627,1798.02,58.82,53.57
earthquake,Ecuador,ECU,2023,14,494,126922,0,127416,0,0,0,0,0,0,0,2020,False,0.0109876,,27.55,24.17
earthquake,France,FRA,2023,0,2,750,0,752,4.58125e+08,0,0,0.0145603,4.45e+08,0,0,2020,False,,609209,28.25,27.46
earthquake,Iceland,ISL,2023,0,0,3665,0,3665,7.7212e+07,0,0,0.236578,7.5e+07,0,0,2020,False,,21067.4,28.81,27.82
earthquake,Indonesia,IDN,2023,6,21,7596,60,7677,0,0,0,0,0,0,0,2020,False,0.0781555,,20.5,18.02
earthquake,Iran,IRN,2023,3,1508,302813,0,304321,3.13996e+08,0,0,0.0666651,3.05e+08,0,0,2020,False,0.000985801,1031.79,41.98,39.46
earthquake,Japan,JPN,2023,1,43,2157,54,2254,0,0,0,0,0,0,0,2020,False,0.0443656,,13.72,12.29
earthquake,Morocco,MAR,2023,2946,5674,840000,0,845674,7.20647e+09,3.08849e+08,0,4.79334,7e+09,3e+08,0,2020,False,0.348361,8521.57,73.02,65.57
earthquake,Nepal,NPL,2023,155,389,336250,0,336639,1.0295e+08,0,0,0.243609,1e+08,0,0,2020,False,0.0460434,305.817,55.84,50.64
earthquake,Pakistan,PAK,2023,11,79,860,0,939,0,0,0,0,0,0,0,2020,False,1.17146,,19.71,17.08
earthquake,Papua New Guinea,PNG,2023,8,11,13635,2628,16274,0,0,0,0,0,0,0,2020,False,0.0491582,,22.58,19.82
earthquake,Peru,PER,2023,1,1,140,0,141,0,0,0,0,0,0,0,2020,False,0.70922,,9.81,8.71
earthquake,Philippines,PHL,2023,14,121,820713,0,820834,4.9524e+07,0,0,0.0110066,4.8105e+07,0,0,2020,False,0.00170558,60.3338,46.96,43.36
earthquake,Syria,SYR,2023,5670,12394,8000000,0,8012394,9.16251e+09,0,1.52365e+10,,8.9e+09,0,1.48e+10,2020,False,0.0707654,1143.54,79.07,70.88
earthquake,Tajikistan,TJK,2023,0,3,2202,0,2205,0,0,0,0,0,0,0,2020,False,,,10.89,9.97
earthquake,Turkey,TUR,2023,53007,107404,16000000,90,16107494,3.50028e+10,0,1.0295e+11,2.97921,3.4e+10,0,1e+11,2020,False,0.329083,2173.08,90.34,80.44
earthquake,China,CHN,2024,6,5,12426,141,12572,4.3e+08,0,0,0.00229582,4.3e+08,0,0,2020,False,0.0477251,34203,40.02,37.48
earthquake,Cuba,CUB,2024,0,7,6000,0,6007,0,0,0,,0,0,0,2020,False,,,12.31,11.27
earthquake,Indonesia,IDN,2024,2,89,150050,70,150209,7e+07,0,0,0.00501324,7e+07,0,0,2020,False,0.00133148,466.017,38.4,36.17
earthquake,Iran,IRN,2024,4,120,0,0,120,0,0,0,0,0,0,0,2020,False,3.33333,,13.28,11.53
earthquake,Japan,JPN,2024,699,1277,94947,73338,169562,1.5e+10,2.5e+09,0,0.357995,1.5e+10,2.5e+09,0,2020,False,0.412239,88463.2,65.64,59.44
earthquake,Kazakhstan,KAZ,2024,0,67,0,0,67,0,0,0,0,0,0,0,2020,False,,,5.97,5.46
earthquake,Papua New Guinea,PNG,2024,5,2,0,5000,5002,0,0,0,0,0,0,0,2020,False,0.09996,,19.28,16.95
earthquake,Peru,PER,2024,0,30,9000,33,9063,0,0,0,0,0,0,0,2020,False,,,12.89,11.8
earthquake,Philippines,PHL,2024,0,0,24000,0,24000,0,0,0,0,0,0,0,2020,False,,,14.27,13.06
earthquake,Taiwan,TWN,2024,20,1145,891,333,2369,2.53e+09,0,0,,2.53e+09,0,0,2020,False,0.844238,1.06796e+06,43.77,40.63
earthquake,Turkey,TUR,2024,0,43,1605,69,1717,0,0,0,0,0,0,0,2020,False,,,10.54,9.65
earthquake,Vanuatu,VUT,2024,14,265,80000,0,80265,1e+08,0,0,7.70442,1e+08,0,0,2020,False,0.0174422,1245.87,44.34,41.02
earthquake,Afghanistan,AFG,2025,2226,4872,2712000,0,2716872,0,0,0,,1.9e+08,0,0,2020,False,0.0819325,,52.05,44.67
earthquake,Bangladesh,BGD,2025,10,507,0,0,507,0,0,0,0,0,0,0,2020,False,1.97239,,18.48,16
earthquake,China,CHN,2025,126,201,62324,0,62525,0,0,0,0.0064109,1.25e+09,0,0,2020,False,0.201519,,35.16,30.31
earthquake,Colombia,COL,2025,0,31,1080,540,1651,0,0,0,0,0,0,0,2020,False,,,10.48,9.59
earthquake,Ecuador,ECU,2025,0,49,2810,222,3081,0,0,0,0,0,0,0,2020,False,,,11.36,10.4
earthquake,Ethiopia,ETH,2025,3,11,142950,0,142961,0,0,0,0,0,0,0,2020,False,0.00209847,,22.38,19.95
earthquake,Guatemala,GTM,2025,18,18,29082,0,29100,0,0,0,0,0,0,0,2020,False,0.0618557,,26.42,23.04
earthquake,Indonesia,IDN,2025,2,55,853,0,908,0,0,0,0,0,0,0,2020,False,0.220264,,14.07,12.45
earthquake,Japan,JPN,2025,1,11,0,0,11,0,0,0,0,0,0,0,2020,False,9.09091,,6.31,5.51
earthquake,Myanmar,MMR,2025,3820,5104,1350000,0,1355104,0,0,0,13.4695,1.1e+10,0,0,2020,False,0.281897,,53.24,45.55
earthquake,Nepal,NPL,2025,0,13,60,10,83,0,0,0,0,0,0,0,2020,False,,,6.27,5.74
earthquake,Peru,PER,2025,2,135,492,12,639,0,0,0,0,0,0,0,2020,False,0.312989,,13.57,12
earthquake,Philippines,PHL,2025,89,1586,1599733,0,1601319,0,0,0,0.0205302,1e+08,0,0,2020,False,0.00555792,,38.36,33.38
earthquake,Russia,RUS,2025,0,4,165,0,169,0,0,0,0,0,0,0,2020,False,,,7.26,6.65
earthquake,Taiwan,TWN,2025,0,27,0,0,27,0,0,0,,1.3e+09,6e+08,0,2020,False,,,4.71,4.31
earthquake,Tajikistan,TJK,2025,1,16,4004,0,4020,0,0,0,0,0,0,0,2020,False,0.0248756,,14.54,13.04
earthquake,Thailand,THA,2025,54,38,2313,0,2351,0,0,0,0,0,0,0,2020,False,2.29689,,27.14,23.3
earthquake,Turkey,TUR,2025,1,288,183,1278,1749,0,0,0,0.00688665,1.1e+08,0,0,2020,False,0.0571755,,13.36,11.96
earthquake,Venezuela,VEN,2025,0,0,130,80,210,0,0,0,0,0,0,0,2020,False,,,7.57,6.93
flood,Jamaica,JAM,1900,300,0,0,0,0,0,0,0,,0,0,0,1900,False,,,18.87,18.87
flood,United States,USA,1903,250,0,1200,0,1200,1.67784e+10,0,0,,4.806e+08,0,0,1900,False,20.8333,1.3982e+07,51.15,49.74
flood,Greece,GRC,1907,100,0,6000,0,6000,0,0,0,,0,0,0,1900,False,1.66667,,26.52,26.52
flood,Spain,ESP,1907,53,0,0,0,0,0,0,0,,0,0,0,1900,False,,,13.19,13.19
flood,United States,USA,1909,72,0,0,0,0,0,0,0,,0,0,0,1900,False,,,14.18,14.18
flood,France,FRA,1910,16,0,0,0,0,0,0,0,,0,0,0,1910,False,,,9.37,9.37
flood,Japan,JPN,1910,1379,0,0,0,0,0,0,0,,0,0,0,1910,False,,,23.9,23.9
flood,China,CHN,1911,100000,0,0,0,0,0,0,0,,0,0,0,1910,False,,,38.06,38.06
flood,China,CHN,1915,0,0,3000000,0,3000000,0,0,0,,0,0,0,1910,False,,,19.31,19.31
flood,Netherlands,NLD,1916,15,0,0,0,0,0,0,0,,0,0,0,1910,False,,,9.17,9.17
flood,China,CHN,1917,0,0,635000,0,635000,0,0,0,,0,0,0,1910,False,,,17.3,17.3
flood,United Kingdom,GBR,1920,23,0,0,0,0,0,0,0,,0,0,0,1920,False,,,10.51,10.51
flood,West Germany,OWID_GFR,1920,0,0,0,0,0,3.13737e+08,0,0,,2e+07,0,0,1920,True,,,19.69,18.52
flood,Greece,GRC,1924,15,0,0,0,0,0,0,0,,0,0,0,1920,False,,,9.17,9.17
flood,Greece,GRC,1925,13,0,0,0,0,0,0,0,,0,0,0,1920,False,,,8.72,8.72
flood,West Germany,OWID_GFR,1925,0,0,0,0,0,3.40629e+08,0,0,,1.9e+07,0,0,1920,True,,,19.78,18.6
flood,Romania,ROU,1926,1000,0,0,0,0,0,0,0,,0,0,0,1920,False,,,22.84,22.84
flood,West Germany,OWID_GFR,1926,0,0,0,0,0,5.49483e+08,0,0,,3.1e+07,0,0,1920,True,,,20.26,19.06
flood,Algeria,DZA,1927,3000,0,0,0,0,0,0,0,,0,0,0,1920,False,,,26.47,26.47
flood,United States,USA,1927,246,0,0,0,0,4.147e+06,0,0,,230000,0,0,1920,False,,,33.55,32.64
flood,Belgium,BEL,1928,0,0,6000,0,6000,0,0,0,,0,0,0,1920,False,,,11.26,11.26
flood,India,IND,1928,36,0,0,2000,2000,0,0,0,,0,0,0,1920,False,1.8,,21.78,21.78
flood,France,FRA,1930,230,0,16200,0,16200,0,0,0,,0,0,0,1930,False,1.41975,,30.54,30.54
flood,China,CHN,1931,3700000,0,0,0,0,2.88969e+10,0,0,,1.4e+09,0,0,1930,False,,,74.25,72.81
flood,China,CHN,1933,18000,0,0,3600000,3600000,0,0,0,,0,0,0,1930,False,0.5,,51.94,51.94
flood,Jamaica,JAM,1933,53,0,0,0,0,0,0,0,,0,0,0,1930,False,,,13.19,13.19
flood,Poland,POL,1934,55,0,0,0,0,2.80959e+08,0,0,,1.2e+07,0,0,1930,False,,,32.89,31.73
flood,China,CHN,1935,142000,0,10030000,0,10030000,7.55718e+08,0,0,,3.3e+07,0,0,1930,False,1.41575,75.3458,80.67,79.45
flood,United States,USA,1936,114,0,0,0,0,4.51421e+09,0,0,,2e+08,0,0,1930,False,,,38.06,36.74
flood,Greece,GRC,1937,14,0,800,0,800,0,0,0,,0,0,0,1930,False,1.75,,17.61,17.61
flood,Jamaica,JAM,1937,111,0,0,0,0,0,0,0,,0,0,0,1930,False,,,15.6,15.6
flood,United States,USA,1937,385,0,0,1000000,1000000,9.54284e+09,0,0,,4.38e+08,0,0,1930,False,0.0385,9542.84,60.71,59.34
flood,Japan,JPN,1938,933,0,0,0,0,0,0,0,,0,0,0,1930,False,,,22.61,22.61
flood,New Zealand,NZL,1938,21,0,0,0,0,0,0,0,,0,0,0,1930,False,,,10.22,10.22
flood,China,CHN,1939,500000,0,0,0,0,0,0,0,,0,0,0,1930,False,,,43.38,43.38
flood,France,FRA,1940,57,0,9000,0,9000,0,0,0,,0,0,0,1940,False,0.633333,,25.21,25.21
flood,Jamaica,JAM,1940,125,0,0,2000,2000,0,0,0,,0,0,0,1940,False,6.25,,25.83,25.83
flood,Spain,ESP,1940,90,0,6000,0,6000,0,0,0,,0,0,0,1940,False,1.5,,26.18,26.18
flood,Japan,JPN,1943,990,0,0,0,0,0,0,0,,0,0,0,1940,False,,,22.81,22.81
flood,United States,USA,1943,0,0,0,0,0,1.63216e+10,0,0,,9e+08,0,0,1940,False,,,23.67,22.27
flood,Japan,JPN,1947,2000,0,0,0,0,0,0,0,,0,0,0,1940,False,,,25.13,25.13
flood,Brazil,BRA,1948,200,0,0,0,0,0,0,0,,0,0,0,1940,False,,,17.53,17.53
flood,China,CHN,1948,330,0,0,0,0,0,0,0,,0,0,0,1940,False,,,19.18,19.18
flood,Turkey,TUR,1948,332,0,0,0,0,0,0,0,,0,0,0,1940,False,,,19.2,19.2
flood,United States,USA,1948,55,0,0,0,0,0,0,0,,0,0,0,1940,False,,,13.31,13.31
flood,China,CHN,1949,57000,0,0,0,0,0,0,0,,0,0,0,1940,False,,,36.2,36.2
flood,Guatemala,GTM,1949,40000,0,0,0,0,1.97734e+08,0,0,,1.5e+07,0,0,1940,False,,,54.26,53.12
flood,Canada,CAN,1950,1,0,107000,0,107000,1.30182e+09,0,0,,1e+08,0,0,1950,False,0.000934579,12166.5,38.41,37.16
flood,China,CHN,1950,500,0,10000000,0,10000000,0,0,0,,0,0,0,1950,False,0.005,,41.42,41.42
flood,Ecuador,ECU,1950,50,0,0,0,0,0,0,0,,0,0,0,1950,False,,,13,13
flood,India,IND,1950,145,0,25000,0,25000,0,0,0,,0,0,0,1950,False,0.58,,29.59,29.59
flood,Iran,IRN,1950,52,0,0,0,0,0,0,0,,0,0,0,1950,False,,,13.13,13.13
flood,Japan,JPN,1950,127,0,0,0,0,0,0,0,,0,0,0,1950,False,,,16.04,16.04
flood,Pakistan,PAK,1950,2900,0,0,0,0,0,0,0,,0,0,0,1950,False,,,26.36,26.36
flood,United States,USA,1950,33,0,0,0,0,0,0,0,,0,0,0,1950,False,,,11.66,11.66
flood,China,CHN,1951,4800,0,0,0,0,0,0,0,,0,0,0,1950,False,,,28.02,28.02
flood,Iran,IRN,1951,225,0,0,0,0,0,0,0,,0,0,0,1950,False,,,17.92,17.92
flood,Italy,ITA,1951,170,0,7400,170000,177400,3.62005e+09,0,0,,3e+08,0,0,1950,False,0.0958286,20406.1,54.8,53.49
flood,Japan,JPN,1951,306,0,318534,0,318534,0,0,0,,0,0,0,1950,False,0.0960651,,35.34,35.34
flood,Morocco,MAR,1951,131,0,0,0,0,0,0,0,,0,0,0,1950,False,,,16.14,16.14
flood,United States,USA,1951,41,0,518000,0,518000,1.24168e+10,0,0,,1.029e+09,0,0,1950,False,0.00791506,23970.6,52.79,51.4
flood,Algeria,DZA,1952,25,0,0,0,0,0,0,0,,0,0,0,1950,False,,,10.77,10.77
flood,Mexico,MEX,1952,140,0,0,0,0,0,0,0,,0,0,0,1950,False,,,16.36,16.36
flood,United Kingdom,GBR,1952,34,0,660,0,660,0,0,0,,0,0,0,1950,False,5.15152,,20.16,20.16
flood,Belgium,BEL,1953,11,0,350,0,350,0,0,0,,0,0,0,1950,False,3.14286,,15.8,15.8
flood,Ecuador,ECU,1953,71,0,0,0,0,0,0,0,,0,0,0,1950,False,,,14.14,14.14
flood,India,IND,1953,80,0,0,0,0,0,0,0,,0,0,0,1950,False,,,14.53,14.53
flood,Indonesia,IDN,1953,114,0,0,0,0,0,0,0,,0,0,0,1950,False,,,15.69,15.69
flood,Iran,IRN,1953,732,0,0,0,0,0,0,0,,0,0,0,1950,False,,,21.81,21.81
flood,Italy,ITA,1953,100,0,0,4000,4000,0,0,0,,0,0,0,1950,False,2.5,,26,26
flood,Japan,JPN,1953,4067,0,1886760,0,1886760,0,0,0,,0,0,0,1950,False,0.215555,,46.19,46.19
flood,Netherlands,NLD,1953,2000,0,300000,0,300000,3.51198e+09,0,0,,3e+08,0,0,1950,False,0.666667,11706.6,63.59,62.27
flood,Spain,ESP,1953,27,0,0,0,0,0,0,0,,0,0,0,1950,False,,,11.02,11.02
flood,China,CHN,1954,32000,0,0,0,0,0,0,0,,0,0,0,1950,False,,,34.3,34.3
flood,Iran,IRN,1954,2000,0,0,0,0,1.1663e+07,0,0,,1e+06,0,0,1950,False,,,41.51,40.54
flood,Iraq,IRQ,1954,0,0,0,0,0,5.83155e+08,0,0,,5e+07,0,0,1950,False,,,20.32,19.11
flood,Morocco,MAR,1954,30,0,0,0,0,0,0,0,,0,0,0,1950,False,,,11.35,11.35
flood,Nepal,NPL,1954,60,0,0,0,0,0,0,0,,0,0,0,1950,False,,,13.59,13.59
flood,Pakistan,PAK,1954,346,0,0,0,0,0,0,0,,0,0,0,1950,False,,,19.34,19.34
flood,Australia,AUS,1955,25,0,15000,0,15000,0,0,0,,0,0,0,1950,False,0.166667,,23.22,23.22
flood,Lebanon,LBN,1955,440,0,0,0,0,0,0,0,,0,0,0,1950,False,,,20.13,20.13
flood,United States,USA,1955,74,0,0,0,0,0,0,0,,0,0,0,1950,False,,,14.27,14.27
flood,Afghanistan,AFG,1956,51,0,0,0,0,0,0,0,,0,0,0,1950,False,,,13.06,13.06
flood,Belgium,BEL,1956,4,0,0,0,0,0,0,0,,0,0,0,1950,False,,,5.32,5.32
flood,China,CHN,1956,2000,0,0,0,0,0,0,0,,0,0,0,1950,False,,,25.13,25.13
flood,India,IND,1956,150,0,0,77000,77000,0,0,0,,0,0,0,1950,False,0.194805,,31.16,31.16
flood,Iran,IRN,1956,1000,0,0,0,0,0,0,0,,0,0,0,1950,False,,,22.84,22.84
flood,Pakistan,PAK,1956,270,0,0,0,0,0,0,0,,0,0,0,1950,False,,,18.52,18.52
flood,Turkey,TUR,1956,138,0,0,0,0,0,0,0,,0,0,0,1950,False,,,16.31,16.31
flood,Brazil,BRA,1957,112,0,0,0,0,0,0,0,,0,0,0,1950,False,,,15.63,15.63
flood,China,CHN,1957,560,0,0,0,0,0,0,0,,0,0,0,1950,False,,,20.93,20.93
flood,India,IND,1957,187,0,10000,0,10000,0,0,0,,0,0,0,1950,False,1.87,,29.24,29.24
flood,Iran,IRN,1957,122,0,0,0,0,0,0,0,,0,0,0,1950,False,,,15.91,15.91
flood,Japan,JPN,1957,992,0,258240,0,258240,0,0,0,,0,0,0,1950,False,0.384139,,38.95,38.95
flood,Pakistan,PAK,1957,75,0,0,0,0,0,0,0,,0,0,0,1950,False,,,14.32,14.32
flood,South Korea,KOR,1957,247,0,0,0,0,0,0,0,,0,0,0,1950,False,,,18.23,18.23
flood,Spain,ESP,1957,86,0,23200,0,23200,0,0,0,,0,0,0,1950,False,0.37069,,27.78,27.78
flood,Turkey,TUR,1957,99,0,0,0,0,0,0,0,,0,0,0,1950,False,,,15.22,15.22
flood,Argentina,ARG,1958,360,0,0,0,0,0,0,0,,0,0,0,1950,False,,,19.47,19.47
flood,France,FRA,1958,35,0,6900,0,6900,0,0,0,,0,0,0,1950,False,0.507246,,23.29,23.29
flood,India,IND,1958,5,0,5000,0,5000,0,0,0,,0,0,0,1950,False,0.1,,16.95,16.95
flood,Brazil,BRA,1959,100,0,0,0,0,0,0,0,,0,0,0,1950,False,,,15.26,15.26
flood,China,CHN,1959,483126,0,0,0,0,0,0,0,,0,0,0,1950,False,,,43.27,43.27
flood,Colombia,COL,1959,184,0,0,0,0,0,0,0,,0,0,0,1950,False,,,17.26,17.26
flood,Haiti,HTI,1959,50,0,0,0,0,0,0,0,,0,0,0,1950,False,,,13,13
flood,India,IND,1959,621,0,13000,0,13000,0,0,0,,0,0,0,1950,False,4.77692,,33.53,33.53
flood,Japan,JPN,1959,41,0,0,0,0,0,0,0,,0,0,0,1950,False,,,12.36,12.36
flood,Mexico,MEX,1959,2000,0,0,0,0,0,0,0,,0,0,0,1950,False,,,25.13,25.13
flood,Pakistan,PAK,1959,100,0,0,0,0,0,0,0,,0,0,0,1950,False,,,15.26,15.26
flood,South Africa,ZAF,1959,51,0,0,0,0,0,0,0,,0,0,0,1950,False,,,13.06,13.06
flood,South Korea,KOR,1959,62,0,0,0,0,0,0,0,,0,0,0,1950,False,,,13.7,13.7
flood,Bangladesh,BGD,1960,10000,0,0,0,0,0,0,0,0,0,0,0,1960,False,,,30.45,30.45
flood,China,CHN,1960,958005,0,0,0,0,0,0,0,0,0,0,0,1960,False,,,45.53,45.53
flood,Hong Kong,HKG,1960,15,0,7000,0,7000,0,0,0,0,0,0,0,1960,False,0.214286,,20.63,20.63
flood,India,IND,1960,237,0,160000,0,160000,0,0,0,0,0,0,0,1960,False,0.148125,,33.61,33.61
flood,Nicaragua,NIC,1960,325,0,0,0,0,0,0,0,0,0,0,0,1960,False,,,19.13,19.13
flood,China,CHN,1961,559056,0,0,0,0,0,0,0,0,0,0,0,1960,False,,,43.75,43.75
flood,Hong Kong,HKG,1961,0,0,135,0,135,0,0,0,0,0,0,0,1960,False,,,6.36,6.36
flood,India,IND,1961,3057,0,0,2000,2000,0,0,0,0,0,0,0,1960,False,152.85,,36.38,36.38
flood,Japan,JPN,1961,357,0,1302249,0,1302249,0,0,0,0,0,0,0,1960,False,0.0274141,,37.67,37.67
flood,Somalia,SOM,1961,200,0,0,0,0,0,0,0,0,0,0,0,1960,False,,,17.53,17.53
flood,South Korea,KOR,1961,249,0,0,0,0,0,0,0,0,0,0,0,1960,False,,,18.25,18.25
flood,Colombia,COL,1962,135,0,0,0,0,0,0,0,0,0,0,0,1960,False,,,16.24,16.24
flood,Haiti,HTI,1962,26,0,0,0,0,0,0,0,0,0,0,0,1960,False,,,10.9,10.9
flood,India,IND,1962,173,0,0,0,0,0,0,0,0,0,0,0,1960,False,,,17.06,17.06
flood,Japan,JPN,1962,71,0,0,0,0,0,0,0,0,0,0,0,1960,False,,,14.14,14.14
flood,South Korea,KOR,1962,290,0,0,0,0,0,0,0,0,0,0,0,1960,False,,,18.76,18.76
flood,Spain,ESP,1962,815,0,20000,0,20000,1.03699e+09,0,0,0.60206,1e+08,0,0,1960,False,4.075,51849.4,55.89,54.65
flood,Tunisia,TUN,1962,40,0,0,0,0,0,0,0,0,0,0,0,1960,False,,,12.28,12.28
flood,Afghanistan,AFG,1963,107,0,0,0,0,0,0,0,,0,0,0,1960,False,,,15.48,15.48
flood,Algeria,DZA,1963,0,0,45400,0,45400,0,0,0,0,0,0,0,1960,False,,,13.88,13.88
flood,Bangladesh,BGD,1963,30,0,0,0,0,0,0,0,0,0,0,0,1960,False,,,11.35,11.35
flood,Haiti,HTI,1963,500,0,0,0,0,0,0,0,0,0,0,0,1960,False,,,20.55,20.55
flood,India,IND,1963,200,0,0,0,0,0,0,0,0,0,0,0,1960,False,,,17.53,17.53
flood,Jordan,JOR,1963,25,0,0,0,0,0,0,0,,0,0,0,1960,False,,,10.77,10.77
flood,Morocco,MAR,1963,169,10,35000,0,35010,0,0,0,0,0,0,0,1960,False,0.482719,,30.53,30.53
flood,Bangladesh,BGD,1964,0,0,1000000,0,1000000,5.0568e+07,0,0,0.0928323,5e+06,0,0,1960,False,,50.568,35.75,34.69
flood,Brazil,BRA,1964,100,0,120000,0,120000,5.057e+06,0,0,0.00238507,500000,0,0,1960,False,0.0833333,42.1417,45.94,45.02
flood,Fiji,FJI,1964,1,0,8000,10000,18000,1.1125e+07,0,0,0.785531,1.1e+06,0,0,1960,False,0.00555556,618.056,31.31,30.34
flood,India,IND,1964,232,0,770610,0,770610,5.057e+06,0,0,0.000885265,500000,0,0,1960,False,0.030106,6.56233,51.11,50.19
flood,Japan,JPN,1964,136,0,0,0,0,0,0,0,0,0,0,0,1960,False,,,16.27,16.27
flood,Kenya,KEN,1964,0,0,15000,0,15000,0,0,0,0,0,0,0,1960,False,,,12.45,12.45
flood,Morocco,MAR,1964,76,0,0,0,0,0,0,0,0,0,0,0,1960,False,,,14.36,14.36
flood,Pakistan,PAK,1964,0,0,74427,0,74427,5.057e+06,0,0,0.00960623,500000,0,0,1960,False,,67.9458,30.06,29.14
flood,Saudi Arabia,SAU,1964,20,0,1000,0,1000,0,0,0,0,0,0,0,1960,False,2,,19.01,19.01
flood,Tanzania,TZA,1964,0,0,10000,3900,13900,0,0,0,0,0,0,0,1960,False,,,12.35,12.35
flood,Tunisia,TUN,1964,49,0,21000,0,21000,3.0341e+07,0,0,0.292436,3e+06,0,0,1960,False,0.233333,1444.81,43.16,42.13
flood,Turkey,TUR,1964,0,0,3000,0,3000,0,0,0,0,0,0,0,1960,False,,,10.37,10.37
flood,United States,USA,1964,109,0,0,0,0,8.29312e+09,0,0,0.119858,8.2e+08,0,0,1960,False,,,38.53,37.17
flood,Vietnam,VNM,1964,400,0,0,0,0,0,0,0,,0,0,0,1960,False,,,19.82,19.82
flood,Yugoslavia,OWID_YGS,1964,17,0,200000,40000,240000,6.33109e+08,0,0,,6.26e+07,0,0,1960,True,0.00708333,2637.95,46,44.79
flood,Bolivia,BOL,1965,40,0,500,0,500,996000,0,0,0.016546,100000,0,0,1960,False,8,1992,34.23,33.4
flood,Brazil,BRA,1965,22,0,230000,40000,270000,1.69247e+08,0,0,0.0756715,1.7e+07,0,0,1960,False,0.00814815,626.841,45.63,44.5
flood,Chile,CHL,1965,600,0,350000,25000,375000,9.9557e+07,0,0,0.161708,1e+07,0,0,1960,False,0.16,265.485,56.31,55.21
flood,Ecuador,ECU,1965,0,0,50000,0,50000,3.9823e+07,0,0,0.167571,4e+06,0,0,1960,False,,796.46,31.63,30.58
flood,Honduras,HND,1965,0,0,6000,0,6000,4.978e+06,0,0,0.076799,500000,0,0,1960,False,,829.667,26.79,25.87
flood,Italy,ITA,1965,13,0,1500,0,1500,0,0,0,0,0,0,0,1960,False,0.866667,,18.2,18.2
flood,Japan,JPN,1965,142,0,3000000,0,3000000,8.96017e+08,0,0,0.0905543,9e+07,0,0,1960,False,0.00473333,298.672,56.47,55.24
flood,Jordan,JOR,1965,8,0,500,0,500,9.956e+06,0,0,0.166733,1e+06,0,0,1960,False,1.6,19912,31.53,30.57
flood,Malaysia,MYS,1965,6,0,300000,0,300000,9.956e+06,0,0,0.0338256,1e+06,0,0,1960,False,0.002,33.1867,38.98,38.02
flood,Mexico,MEX,1965,27,0,0,0,0,7.9646e+07,0,0,0.03663,8e+06,0,0,1960,False,,,29.33,28.24
flood,Morocco,MAR,1965,75,0,47813,0,47813,4.9779e+07,0,0,0.169587,5e+06,0,0,1960,False,0.156861,1041.12,46.11,45.05
flood,Myanmar,MMR,1965,34,0,0,0,0,0,0,0,0,0,0,0,1960,False,,,11.75,11.75
flood,Paraguay,PRY,1965,6,0,25000,0,25000,1.9911e+07,0,0,0.45087,2e+06,0,0,1960,False,0.024,796.44,36.46,35.46
flood,Peru,PER,1965,60,0,0,0,0,0,0,0,0,0,0,0,1960,False,,,13.59,13.59
flood,South Korea,KOR,1965,323,245,321000,23214,344459,3.63385e+08,0,0,1.162,3.65e+07,0,0,1960,False,0.0937702,1054.94,55.46,54.28
flood,Yugoslavia,OWID_YGS,1965,3,15000,80000,0,95000,3.45464e+09,0,0,,3.47e+08,0,0,1960,True,0.00315789,36364.7,41.53,40.22
flood,Algeria,DZA,1966,57,12,20000,15900,35912,9.6644e+07,0,0,0.328963,1e+07,0,0,1960,False,0.158721,2691.13,45.51,44.41
flood,Argentina,ARG,1966,62,0,120000,0,120000,2.89931e+08,0,0,0.104783,3e+07,0,0,1960,False,0.0516667,2416.09,48.46,47.29
flood,Bangladesh,BGD,1966,39,0,500000,0,500000,9.664e+06,0,0,0.0155287,1e+06,0,0,1960,False,0.0078,19.328,45.38,44.42
flood,Bolivia,BOL,1966,14,0,6100,0,6100,5.972e+06,0,0,0.0923502,618000,0,0,1960,False,0.229508,979.016,35.94,35.01
flood,Brazil,BRA,1966,560,1757,177381,29000,208138,5.88694e+08,0,0,0.215371,6.0914e+07,0,0,1960,False,0.269052,2828.38,57.11,55.9
flood,Hong Kong,HKG,1966,65,68,8561,2672,11301,7.7315e+07,0,0,0.321305,8e+06,0,0,1960,False,0.57517,6841.43,44.22,43.13
flood,India,IND,1966,47,0,900000,0,900000,1.353e+07,0,0,0.00307144,1.4e+06,0,0,1960,False,0.00522222,15.0333,47.08,46.1
flood,Indonesia,IDN,1966,176,100,524000,0,524100,3.18924e+08,0,0,,3.3e+07,0,0,1960,False,0.0335814,608.517,53.87,52.7
flood,Iran,IRN,1966,42,70,0,0,70,0,0,0,0,0,0,0,1960,False,60,,17.95,17.95
flood,Italy,ITA,1966,70,0,0,1300000,1300000,1.93287e+10,0,0,2.6102,2e+09,0,0,1960,False,0.00538462,14868.2,56.16,54.75
flood,Jordan,JOR,1966,259,92,3200,2500,5792,1.353e+07,0,0,0.212766,1.4e+06,0,0,1960,False,4.47169,2335.98,46.13,45.15
flood,Laos,LAO,1966,300,0,70000,2000,72000,1.47865e+08,0,0,,1.53e+07,0,0,1960,False,0.416667,2053.68,52.29,51.16
flood,Mongolia,MNG,1966,57,0,250000,20000,270000,2.41609e+08,0,0,,2.5e+07,0,0,1960,False,0.0211111,894.848,49.05,47.89
flood,Panama,PAN,1966,20,0,1600,1000,2600,9.664e+06,0,0,0.107662,1e+06,0,0,1960,False,0.769231,3716.92,36.44,35.48
flood,Paraguay,PRY,1966,0,0,4890,2500,7390,9.664e+06,0,0,0.214643,1e+06,0,0,1960,False,,1307.71,27.72,26.76
flood,Senegal,SEN,1966,0,0,2000,0,2000,483000,0,0,0.00400992,50000,0,0,1960,False,,241.5,23.02,22.23
flood,South Korea,KOR,1966,95,85,131904,65630,197619,1.8362e+07,0,0,0.0480154,1.9e+06,0,0,1960,False,0.0480723,92.9162,47.72,46.72
flood,Sri Lanka,LKA,1966,23,0,252347,100000,352347,4.8322e+07,0,0,0.285474,5e+06,0,0,1960,False,0.00652766,137.143,44.86,43.8
flood,Thailand,THA,1966,6,200,200000,5000,205200,9.664e+06,0,0,0.0189422,1e+06,0,0,1960,False,0.00292398,47.0955,38.46,37.5
flood,Vietnam,VNM,1966,31,0,125541,70361,195902,9.6644e+07,0,0,,1e+07,0,0,1960,False,0.0158242,493.328,45.74,44.65
flood,Algeria,DZA,1967,20,0,30000,0,30000,2.8211e+07,0,0,0.0889978,3e+06,0,0,1960,False,0.0666667,940.367,40.68,39.66
flood,Argentina,ARG,1967,56,0,142000,70000,212000,2.8211e+07,0,0,0.0123677,3e+06,0,0,1960,False,0.0264151,133.071,46.52,45.49
flood,Brazil,BRA,1967,820,1307,172836,15400,189543,1.43875e+08,0,0,0.0492177,1.53e+07,0,0,1960,False,0.43262,759.063,56.83,55.71
flood,Ecuador,ECU,1967,0,100,20000,400,20500,940000,0,0,0.00391605,100000,0,0,1960,False,,45.8537,26.7,25.88
flood,India,IND,1967,300,0,1000000,0,1000000,0,0,0,0,0,0,0,1960,False,0.03,,36.76,36.76
flood,Indonesia,IDN,1967,160,0,164000,40000,204000,0,0,0,0,0,0,0,1960,False,0.0784314,,32.63,32.63
flood,Iraq,IRQ,1967,0,0,200000,60000,260000,4.7018e+07,0,0,0.195961,5e+06,0,0,1960,False,,180.838,33.93,32.87
flood,Japan,JPN,1967,489,34,117,0,151,1.88072e+08,0,0,0.0147858,2e+07,0,0,1960,False,323.841,1.24551e+06,46.16,45.02
flood,Malawi,MWI,1967,0,0,1200,0,1200,4.702e+06,0,0,,500000,0,0,1960,False,,3918.33,24.65,23.73
flood,Malaysia,MYS,1967,50,0,125000,15000,140000,2.40732e+08,0,0,0.802778,2.56e+07,0,0,1960,False,0.0357143,1719.51,47.77,46.62
flood,Mexico,MEX,1967,0,0,8345,0,8345,4.702e+06,0,0,0.00188253,500000,0,0,1960,False,,563.451,27.16,26.24
flood,Mozambique,MOZ,1967,0,0,50000,0,50000,1.69265e+09,0,0,,1.8e+08,0,0,1960,False,,33853,35.4,34.13
flood,Pakistan,PAK,1967,32,0,150000,0,150000,2.633e+07,0,0,0.0375108,2.8e+06,0,0,1960,False,0.0213333,175.533,44.19,43.17
flood,Peru,PER,1967,25,300,40000,10000,50300,1.41054e+08,0,0,0.242157,1.5e+07,0,0,1960,False,0.0497018,2804.25,43.68,42.56
flood,Portugal,PRT,1967,462,100,1000,0,1100,2.8211e+07,0,0,0.0499783,3e+06,0,0,1960,False,42,25646.4,46.63,45.6
flood,Sri Lanka,LKA,1967,24,0,47000,0,47000,2.8211e+07,0,0,0.161337,3e+06,0,0,1960,False,0.0510638,600.234,41.84,40.82
flood,Syria,SYR,1967,0,0,40000,0,40000,4.7018e+07,0,0,0.31641,5e+06,0,0,1960,False,,1175.45,31.5,30.45
flood,Uruguay,URY,1967,8,0,38063,0,38063,3.66741e+08,0,0,2.44099,3.9e+07,0,0,1960,False,0.0210178,9635.1,40.77,39.59
flood,Venezuela,VEN,1967,0,0,23000,0,23000,3.8799e+07,0,0,0.0446054,4.126e+06,0,0,1960,False,,1686.91,30.59,29.55
flood,Bangladesh,BGD,1968,221,100000,14910892,878724,15889616,1.79826e+09,0,0,2.66446,1.994e+08,0,0,1960,False,0.00139085,113.172,60.78,59.51
flood,Bolivia,BOL,1968,24,200,20000,6000,26200,2.7055e+07,0,0,0.349686,3e+06,0,0,1960,False,0.0916031,1032.63,41.04,40.02
flood,Ethiopia,ETH,1968,1,0,10000,6000,16000,8.297e+06,0,0,0.0351152,920000,0,0,1960,False,0.00625,518.562,30.86,29.91
flood,Ghana,GHA,1968,0,0,25000,0,25000,6.73672e+08,0,0,4.48135,7.47e+07,0,0,1960,False,,26946.9,33.58,32.36
flood,India,IND,1968,6452,0,8500000,0,8500000,8.4953e+08,0,0,0.17745,9.42e+07,0,0,1960,False,0.0759059,99.9447,70.36,69.13
flood,Indonesia,IDN,1968,12,0,150000,0,150000,7.0623e+07,0,0,0.110663,7.831e+06,0,0,1960,False,0.008,470.82,42.1,41.02
flood,Iran,IRN,1968,30,0,0,0,0,0,0,0,0,0,0,0,1960,False,,,11.35,11.35
flood,Iraq,IRQ,1968,0,0,150000,0,150000,2.7055e+07,0,0,0.10357,3e+06,0,0,1960,False,,180.367,32.66,31.64
flood,Italy,ITA,1968,72,0,0,3000,3000,0,0,0,0,0,0,0,1960,False,2.4,,24.55,24.55
flood,Kenya,KEN,1968,0,0,0,0,0,451000,0,0,0.00369468,50000,0,0,1960,False,,,13.11,12.33
flood,Laos,LAO,1968,2,0,9000,600,9600,1.1544e+07,0,0,,1.28e+06,0,0,1960,False,0.0208333,1202.5,31.87,30.9
flood,Nepal,NPL,1968,276,0,1000,0,1000,2.706e+06,0,0,0.0388485,300000,0,0,1960,False,27.6,2706,42.45,41.56
flood,Nicaragua,NIC,1968,0,0,1300,260,1560,1.3528e+07,0,0,0.216494,1.5e+06,0,0,1960,False,,8671.79,26.05,25.07
flood,Philippines,PHL,1968,29,0,0,0,0,0,0,0,0,0,0,0,1960,False,,,11.24,11.24
flood,South Africa,ZAF,1968,0,0,0,0,0,2.70551e+08,0,0,0.175185,3e+07,0,0,1960,False,,,19.54,18.38
flood,Tanzania,TZA,1968,40,0,57000,0,57000,9.018e+06,0,0,0.020428,1e+06,0,0,1960,False,0.0701754,158.211,42.58,41.62
flood,Turkey,TUR,1968,147,0,0,0,0,0,0,0,0,0,0,0,1960,False,,,16.52,16.52
flood,Algeria,DZA,1969,76,237,200000,0,200237,8.5513e+07,0,0,0.234893,1e+07,0,0,1960,False,0.037955,427.059,48.55,47.46
flood,Brazil,BRA,1969,316,3221,17700,17384,38305,4.9341e+07,0,0,0.0155226,5.77e+06,0,0,1960,False,0.824958,1288.11,50.54,49.48
flood,Colombia,COL,1969,0,0,70000,0,70000,4.276e+06,0,0,0.00775173,500000,0,0,1960,False,,61.0857,29.82,28.9
flood,Costa Rica,CRI,1969,7,23,4580,0,4603,3.4205e+07,0,0,0.468587,4e+06,0,0,1960,False,0.152075,7431.02,35.26,34.22
flood,Hong Kong,HKG,1969,0,0,2000,0,2000,0,0,0,0,0,0,0,1960,False,,,9.84,9.84
flood,Iran,IRN,1969,20,0,0,0,0,0,0,0,0,0,0,0,1960,False,,,10.07,10.07
flood,Malawi,MWI,1969,0,0,2300,0,2300,1.71e+06,0,0,,200000,0,0,1960,False,,743.478,24.47,23.61
flood,South Korea,KOR,1969,408,409,227264,0,227673,1.91548e+08,0,0,0.289258,2.24e+07,0,0,1960,False,0.179204,841.329,55.05,53.91
flood,Sri Lanka,LKA,1969,62,0,1000000,0,1000000,7.2686e+07,0,0,0.43245,8.5e+06,0,0,1960,False,0.0062,72.686,49.81,48.73
flood,Suriname,SUR,1969,0,0,4600,0,4600,428000,0,0,0.0192567,50000,0,0,1960,False,,93.0435,23.97,23.2
flood,Tunisia,TUN,1969,540,0,271269,0,271269,8.55127e+08,0,0,7.75251,1e+08,0,0,1960,False,0.199064,3152.32,57.71,56.48
flood,United States,USA,1969,115,0,0,0,0,3.42051e+09,0,0,0.0393144,4e+08,0,0,1960,False,,,37.81,36.5
flood,Argentina,ARG,1970,36,0,0,0,0,2.01989e+08,0,0,0.0791535,2.5e+07,0,0,1970,False,,,31.19,30.05
flood,Bangladesh,BGD,1970,0,0,10000000,0,10000000,2.01989e+08,0,0,0.278003,2.5e+07,0,0,1970,False,,20.1989,40.12,38.98
flood,Barbados,BRB,1970,3,10,200,0,210,4.04e+06,0,0,0.300824,500000,0,0,1970,False,1.42857,19238.1,26.83,25.92
flood,Benin,BEN,1970,0,0,0,0,0,1.616e+06,0,0,0.0599471,200000,0,0,1970,False,,,14.39,13.54
flood,Brazil,BRA,1970,172,0,104371,0,104371,3.7166e+08,0,0,0.108676,4.6e+07,0,0,1970,False,0.164797,3560.95,51.86,50.68
flood,Colombia,COL,1970,407,0,5004000,105000,5109000,1.12185e+09,0,0,1.92891,1.3885e+08,0,0,1970,False,0.00796633,219.583,60.85,59.61
flood,Costa Rica,CRI,1970,24,40,15200,0,15240,2.42386e+08,0,0,3.04621,3e+07,0,0,1970,False,0.15748,15904.6,42.55,41.39
flood,Ecuador,ECU,1970,20,0,150600,0,150600,4.202e+06,0,0,0.0181659,520000,0,0,1970,False,0.0132802,27.9017,40.85,39.94
flood,Hong Kong,HKG,1970,0,0,1070,368,1438,0,0,0,0,0,0,0,1970,False,,,9.42,9.42
flood,Hungary,HUN,1970,300,0,0,0,0,6.86763e+08,0,0,1.47035,8.5e+07,0,0,1970,False,,,39.35,38.13
flood,India,IND,1970,1027,1000,10000000,350000,10351000,8.17652e+08,0,0,0.162121,1.012e+08,0,0,1970,False,0.00992175,78.9926,64.5,63.28
flood,Indonesia,IDN,1970,82,0,0,0,0,0,0,0,0,0,0,0,1970,False,,,14.61,14.61
flood,Italy,ITA,1970,37,0,1300000,1650,1301650,2.16775e+09,0,0,0.236062,2.683e+08,0,0,1970,False,0.00284255,1665.38,51.9,50.61
flood,Malaysia,MYS,1970,61,0,243000,0,243000,2.98944e+08,0,0,0.957521,3.7e+07,0,0,1970,False,0.0251029,1230.22,49.35,48.18
flood,Mexico,MEX,1970,35,0,0,0,0,0,0,0,0,0,0,0,1970,False,,,11.85,11.85
flood,Morocco,MAR,1970,11,3,266441,0,266444,2.42387e+08,0,0,0.758277,3e+07,0,0,1970,False,0.00412845,909.711,43.83,42.67
flood,Myanmar,MMR,1970,90,0,0,0,0,0,0,0,0,0,0,0,1970,False,,,14.91,14.91
flood,Nepal,NPL,1970,350,0,20000,0,20000,0,0,0,0,0,0,0,1970,False,1.75,,32.2,32.2
flood,Panama,PAN,1970,48,500,43845,0,44345,1.21193e+08,0,0,1.11028,1.5e+07,0,0,1970,False,0.108242,2732.96,45.46,44.34
flood,Peru,PER,1970,3,50,131000,5000,136050,4.2014e+07,0,0,0.0699656,5.2e+06,0,0,1970,False,0.00220507,308.813,37.56,36.51
flood,Puerto Rico,PRI,1970,18,0,0,10000,10000,5.25171e+08,0,0,1.29104,6.5e+07,0,0,1970,False,0.18,52517.1,41.87,40.67
flood,Romania,ROU,1970,215,0,238755,0,238755,4.03978e+09,0,0,,5e+08,0,0,1970,False,0.0900505,16920.2,56.07,54.75
flood,South Korea,KOR,1970,28,0,7000,0,7000,0,0,0,0,0,0,0,1970,False,0.4,,22.6,22.6
flood,Vietnam,VNM,1970,237,0,204000,0,204000,0,0,0,,0,0,0,1970,False,0.116176,,33.92,33.92
flood,Australia,AUS,1971,27,0,0,0,0,1.5494e+08,0,0,0.0441659,2e+07,0,0,1970,False,,,30,28.87
flood,Belgium,BEL,1971,0,0,600,0,600,0,0,0,0,0,0,0,1970,False,,,8.29,8.29
flood,Brazil,BRA,1971,239,2000,11000,0,13000,4.0284e+07,0,0,0.0106405,5.2e+06,0,0,1970,False,1.83846,3098.77,48.01,46.97
flood,Colombia,COL,1971,51,0,0,0,0,0,0,0,0,0,0,0,1970,False,,,13.06,13.06
flood,Ecuador,ECU,1971,0,0,2400,0,2400,387000,0,0,0.0018154,50000,0,0,1970,False,,161.25,23.03,22.26
flood,Guyana,GUY,1971,0,0,21000,0,21000,1.549e+06,0,0,0.0709094,200000,0,0,1970,False,,73.7619,27.23,26.38
flood,India,IND,1971,1323,0,165000,0,165000,4.10591e+09,0,0,0.786918,5.3e+08,0,0,1970,False,0.801818,24884.3,61.6,60.28
flood,Laos,LAO,1971,14,0,100000,15000,115000,1.549e+06,0,0,,200000,0,0,1970,False,0.0121739,13.4696,38.39,37.54
flood,Mozambique,MOZ,1971,500,0,500000,0,500000,0,0,0,,0,0,0,1970,False,0.1,,37.54,37.54
flood,Paraguay,PRY,1971,0,0,27000,0,27000,387000,0,0,0.00752365,50000,0,0,1970,False,,14.3333,26.16,25.39
flood,Peru,PER,1971,250,0,330000,0,330000,4.648e+06,0,0,0.007238,600000,0,0,1970,False,0.0757576,14.0848,50.17,49.26
flood,Afghanistan,AFG,1972,150,0,250000,0,250000,0,0,0,,0,0,0,1970,False,0.06,,32.68,32.68
flood,Bangladesh,BGD,1972,50,0,0,0,0,0,0,0,0,0,0,0,1970,False,,,13,13
flood,Botswana,BWA,1972,0,0,1000,0,1000,375000,0,0,0.0304024,50000,0,0,1970,False,,375,21.87,21.1
flood,Haiti,HTI,1972,78,0,40000,0,40000,7.194e+06,0,0,0.257796,959000,0,0,1970,False,0.195,179.85,44.06,43.12
flood,Hong Kong,HKG,1972,138,56,8261,13855,22172,0,0,0,0,0,0,0,1970,False,0.622407,,29.27,29.27
flood,Japan,JPN,1972,458,0,0,0,0,0,0,0,0,0,0,0,1970,False,,,20.26,20.26
flood,Mexico,MEX,1972,37,70,100000,0,100070,0,0,0,0,0,0,0,1970,False,0.0369741,,26.93,26.93
flood,Panama,PAN,1972,0,0,300,0,300,375000,0,0,0.00298791,50000,0,0,1970,False,,1250,20.31,19.54
flood,Philippines,PHL,1972,653,0,2400000,370647,2770647,1.65034e+09,0,0,2.42616,2.2e+08,0,0,1970,False,0.0235685,595.65,62.01,60.74
flood,South Korea,KOR,1972,747,839,801500,326000,1128339,5.50867e+08,0,0,0.668159,7.3434e+07,0,0,1970,False,0.0662035,488.211,60.18,58.98
flood,Spain,ESP,1972,0,0,0,0,0,1.50031e+08,0,0,0.0338466,2e+07,0,0,1970,False,,,18.95,17.83
flood,United States,USA,1972,237,0,3000,0,3000,9.00183e+08,0,0,0.00938152,1.2e+08,0,0,1970,False,7.9,300061,49.21,47.98
flood,Algeria,DZA,1973,21,0,85000,61000,146000,7.0651e+07,0,0,0.114839,1e+07,0,0,1970,False,0.0143836,483.911,43.81,42.73
flood,Australia,AUS,1973,6,0,5500,500,6000,2.5081e+08,0,0,0.0555355,3.55e+07,0,0,1970,False,0.1,41801.7,37.17,36.01
flood,Bangladesh,BGD,1973,427,0,0,0,0,0,0,0,0,0,0,0,1970,False,,,20.03,20.03
flood,Brazil,BRA,1973,20,0,0,0,0,1.13041e+08,0,0,0.0191405,1.6e+07,0,0,1970,False,,,28.73,27.62
flood,Central African Republic,CAF,1973,0,0,13000,0,13000,0,0,0,0,0,0,0,1970,False,,,12.27,12.27
flood,Colombia,COL,1973,9,172,5000,0,5172,0,0,0,0,0,0,0,1970,False,0.174014,,18.68,18.68
flood,Ecuador,ECU,1973,0,0,0,30000,30000,0,0,0,0,0,0,0,1970,False,,,13.35,13.35
flood,Guatemala,GTM,1973,5,0,1000,0,1000,1.7663e+07,0,0,0.0973066,2.5e+06,0,0,1970,False,0.5,17663,31.67,30.67
flood,Mexico,MEX,1973,130,27,150000,0,150027,7.06507e+08,0,0,0.180897,1e+08,0,0,1970,False,0.0866511,4709.2,52.06,50.84
flood,Pakistan,PAK,1973,474,0,4800000,0,4800000,4.67354e+09,0,0,10.3628,6.615e+08,0,0,1970,False,0.009875,973.655,62.71,61.38
flood,Panama,PAN,1973,7,0,4000,0,4000,0,0,0,0,0,0,0,1970,False,0.175,,17.61,17.61
flood,Philippines,PHL,1973,3,0,5000,0,5000,3.483e+06,0,0,0.00431984,493000,0,0,1970,False,0.06,696.6,30.77,29.87
flood,Spain,ESP,1973,300,0,20000,0,20000,2.82603e+09,0,0,0.509014,4e+08,0,0,1970,False,1.5,141301,53.6,52.3
flood,Tunisia,TUN,1973,111,0,44240,0,44240,3.5325e+07,0,0,0.183096,5e+06,0,0,1970,False,0.250904,798.486,46.95,45.91
flood,United States,USA,1973,56,0,0,0,0,3.53253e+09,0,0,0.0350785,5e+08,0,0,1970,False,,,35.5,34.18
flood,Yemen Arab Republic,OWID_YAR,1973,60,612,0,2250,2862,0,0,0,,0,0,0,1970,True,2.09644,,23.9,23.9
flood,Algeria,DZA,1974,11,0,20000,0,20000,1.90854e+08,0,0,0.227103,3e+07,0,0,1970,False,0.055,9542.7,40.23,39.09
flood,Australia,AUS,1974,20,0,5500,500,6000,2.88803e+08,0,0,0.0465527,4.1472e+07,0,0,1970,False,0.333333,48133.8,40.94,39.78
flood,Bangladesh,BGD,1974,28700,0,36000000,2000000,38000000,3.68474e+09,0,0,4.62899,5.792e+08,0,0,1970,False,0.0755263,96.967,78.71,77.39
flood,Bolivia,BOL,1974,31,0,18000,0,18000,6.6799e+07,0,0,0.499941,1.05e+07,0,0,1970,False,0.172222,3711.06,42.28,41.2
flood,Brazil,BRA,1974,205,0,325000,0,325000,7.69776e+08,0,0,0.110206,1.21e+08,0,0,1970,False,0.0630769,2368.54,54.64,53.42
flood,Canada,CAN,1974,0,0,0,0,0,9.2246e+07,0,0,0.00900906,1.45e+07,0,0,1970,False,,,18.46,17.37
flood,Chile,CHL,1974,32,0,40000,0,40000,6.3618e+07,0,0,0.060298,1e+07,0,0,1970,False,0.08,1590.45,43.37,42.29
flood,India,IND,1974,260,0,0,0,0,0,0,0,0,0,0,0,1970,False,,,18.4,18.4
flood,Myanmar,MMR,1974,0,0,1400000,0,1400000,0,0,0,0,0,0,0,1970,False,,,18.32,18.32
flood,Niger,NER,1974,0,0,16000,0,16000,6.362e+06,0,0,0.0974529,1e+06,0,0,1970,False,,397.625,28.3,27.37
flood,Philippines,PHL,1974,94,0,1201823,0,1201823,1.1324e+08,0,0,0.114045,1.78e+07,0,0,1970,False,0.00782145,94.2235,51.85,50.74
flood,Rwanda,RWA,1974,0,0,1900000,0,1900000,0,0,0,0,0,0,0,1970,False,,,18.72,18.72
flood,South Africa,ZAF,1974,26,0,0,0,0,0,0,0,0,0,0,0,1970,False,,,10.9,10.9
flood,Syria,SYR,1974,0,0,130000,75000,205000,2.4811e+08,0,0,0.755879,3.9e+07,0,0,1970,False,,1210.29,35.29,34.14
flood,Tanzania,TZA,1974,25,0,50000,18000,68000,1.9085e+07,0,0,0.0602732,3e+06,0,0,1970,False,0.0367647,280.662,42.05,41.05
flood,Turkey,TUR,1974,33,0,0,0,0,0,0,0,0,0,0,0,1970,False,,,11.66,11.66
flood,Brazil,BRA,1975,118,0,748000,80000,828000,1.48577e+09,0,0,0.197286,2.549e+08,0,0,1970,False,0.0142512,1794.41,54.7,53.44
flood,China,CHN,1975,20000,0,11000000,0,11000000,0,0,0,0,0,0,0,1970,False,0.181818,,53.74,53.74
flood,Egypt,EGY,1975,15,0,0,0,0,0,0,0,0,0,0,0,1970,False,,,9.17,9.17
flood,Grenada,GRD,1975,0,0,0,0,0,2.7396e+07,0,0,,4.7e+06,0,0,1970,False,,,17.24,16.22
flood,Hong Kong,HKG,1975,3,0,3106,150,3256,0,0,0,0,0,0,0,1970,False,0.0921376,,15.06,15.06
flood,India,IND,1975,350,0,27000000,7000000,34000000,4.1633e+09,0,0,0.725329,7.14259e+08,0,0,1970,False,0.00102941,122.45,64.13,62.8
flood,Kenya,KEN,1975,0,0,16000,0,16000,0,0,0,0,0,0,0,1970,False,,,12.53,12.53
flood,Morocco,MAR,1975,10,0,12000,0,12000,0,0,0,0,0,0,0,1970,False,0.0833333,,20.09,20.09
flood,Mozambique,MOZ,1975,1,0,75000,0,75000,0,0,0,,0,0,0,1970,False,0.00133333,,16.83,16.83
flood,Philippines,PHL,1975,0,0,99,0,99,0,0,0,0,0,0,0,1970,False,,,5.96,5.96
flood,Romania,ROU,1975,60,0,1000000,0,1000000,2.91442e+08,0,0,,5e+07,0,0,1970,False,0.006,291.442,51.1,49.93
flood,Sudan,SDN,1975,0,0,145000,0,145000,0,0,0,0,0,0,0,1970,False,,,15.39,15.39
flood,Thailand,THA,1975,239,93,3000000,0,3000093,2.62298e+08,0,0,0.302363,4.5e+07,0,0,1970,False,0.00796642,87.43,56.94,55.79
flood,Yemen Arab Republic,OWID_YAR,1975,52,0,50000,0,50000,7.4026e+07,0,0,,1.27e+07,0,0,1970,True,0.104,1480.52,45.38,44.29
flood,Afghanistan,AFG,1976,51,0,80000,0,80000,0,0,0,,0,0,0,1970,False,0.06375,,27.68,27.68
flood,Australia,AUS,1976,0,0,10000,0,10000,0,0,0,0,0,0,0,1970,False,,,11.93,11.93
flood,Bangladesh,BGD,1976,168,0,4000000,0,4000000,0,0,0,0,0,0,0,1970,False,0.0042,,36.64,36.64
flood,Colombia,COL,1976,47,0,0,0,0,0,0,0,0,0,0,0,1970,False,,,12.8,12.8
flood,Ethiopia,ETH,1976,0,0,50000,20000,70000,0,0,0,0,0,0,0,1970,False,,,14.45,14.45
flood,Honduras,HND,1976,20,0,15000,0,15000,0,0,0,0,0,0,0,1970,False,0.133333,,22.52,22.52
flood,Hong Kong,HKG,1976,0,0,200,0,200,0,0,0,0,0,0,0,1970,False,,,6.87,6.87
flood,Indonesia,IDN,1976,163,20,20000,0,20020,0,0,0,0,0,0,0,1970,False,0.814186,,29.69,29.69
flood,Japan,JPN,1976,0,0,0,0,0,2.20487e+08,0,0,0.00654134,4e+07,0,0,1970,False,,,19.34,18.19
flood,Myanmar,MMR,1976,0,0,0,200000,200000,0,0,0,0,0,0,0,1970,False,,,15.8,15.8
flood,Nicaragua,NIC,1976,16,0,8000,0,8000,0,0,0,0,0,0,0,1970,False,0.2,,21,21
flood,Pakistan,PAK,1976,338,0,5566000,0,5566000,2.78365e+09,0,0,3.83503,5.05e+08,0,0,1970,False,0.00607258,500.117,61.26,59.96
flood,Philippines,PHL,1976,18,0,15878,0,15878,8.56e+06,0,0,0.00801298,1.553e+06,0,0,1970,False,0.113364,539.111,38.33,37.37
flood,United States,USA,1976,144,250,0,0,250,2.25999e+08,0,0,0.00218852,4.1e+07,0,0,1970,False,57.6,903996,42.97,41.82
flood,Argentina,ARG,1977,0,0,2500,0,2500,0,0,0,0,0,0,0,1970,False,,,10.13,10.13
flood,Bangladesh,BGD,1977,13,0,213650,0,213650,0,0,0,0,0,0,0,1970,False,0.00608472,,24.62,24.62
flood,Bolivia,BOL,1977,10,0,70000,20000,90000,5.1757e+07,0,0,0.309843,1e+07,0,0,1970,False,0.0111111,575.078,40.58,39.52
flood,Brazil,BRA,1977,62,0,81000,50000,131000,0,0,0,0,0,0,0,1970,False,0.0473282,,28.95,28.95
flood,Burkina Faso,BFA,1977,0,0,0,900,900,0,0,0,0,0,0,0,1970,False,,,8.81,8.81
flood,Cuba,CUB,1977,7,0,18000,0,18000,0,0,0,0,0,0,0,1970,False,0.0388889,,19.56,19.56
flood,Djibouti,DJI,1977,0,0,85000,6000,91000,1.2939e+07,0,0,,2.5e+06,0,0,1970,False,,142.187,31.27,30.29
flood,Ethiopia,ETH,1977,7,0,16000,0,16000,0,0,0,0,0,0,0,1970,False,0.04375,,19.41,19.41
flood,France,FRA,1977,26,0,25000,0,25000,0,0,0,0,0,0,0,1970,False,0.104,,24.01,24.01
flood,Greece,GRC,1977,27,0,1600,0,1600,1.44919e+08,0,0,0.0784906,2.8e+07,0,0,1970,False,1.6875,90574.4,39.49,38.36
flood,Hong Kong,HKG,1977,0,0,37,60,97,0,0,0,0,0,0,0,1970,False,,,5.94,5.94
flood,India,IND,1977,560,0,1045000,0,1045000,0,0,0,0,0,0,0,1970,False,0.0535885,,38.87,38.87
flood,Indonesia,IDN,1977,22,0,290000,0,290000,0,0,0,0,0,0,0,1970,False,0.00758621,,26.65,26.65
flood,Italy,ITA,1977,23,0,1000,0,1000,1.00408e+09,0,0,0.0751385,1.94e+08,0,0,1970,False,2.3,1.00408e+06,40.32,39.08
flood,Japan,JPN,1977,5,0,0,0,0,6.2108e+07,0,0,0.00159449,1.2e+07,0,0,1970,False,,,23.99,22.91
flood,Kenya,KEN,1977,100,0,20000,0,20000,5.1757e+07,0,0,0.2225,1e+07,0,0,1970,False,0.5,2587.85,45.96,44.9
flood,Morocco,MAR,1977,0,0,0,38000,38000,0,0,0,0,0,0,0,1970,False,,,13.65,13.65
flood,Mozambique,MOZ,1977,300,0,400000,40000,440000,2.8725e+08,0,0,,5.55e+07,0,0,1970,False,0.0681818,652.841,55.3,54.13
flood,Myanmar,MMR,1977,3,0,3000,0,3000,0,0,0,0,0,0,0,1970,False,0.1,,14.95,14.95
flood,New Zealand,NZL,1977,0,0,120,0,120,0,0,0,0,0,0,0,1970,False,,,6.21,6.21
flood,Pakistan,PAK,1977,848,0,777000,245000,1022000,0,0,0,0,0,0,0,1970,False,0.0829746,,40.21,40.21
flood,Peru,PER,1977,21,0,640,300,940,5.176e+06,0,0,0.00687526,1e+06,0,0,1970,False,2.23404,5506.38,34.65,33.72
flood,Philippines,PHL,1977,24,0,7299,0,7299,9.901e+06,0,0,0.00858498,1.913e+06,0,0,1970,False,0.328812,1356.49,38.37,37.41
flood,Poland,POL,1977,0,0,1000,0,1000,0,0,0,,0,0,0,1970,False,,,8.95,8.95
flood,Somalia,SOM,1977,0,0,40000,0,40000,0,0,0,0,0,0,0,1970,False,,,13.72,13.72
flood,South Africa,ZAF,1977,4,0,1000,0,1000,0,0,0,0,0,0,0,1970,False,0.4,,14.27,14.27
flood,South Korea,KOR,1977,315,1000,75000,0,76000,1.70797e+08,0,0,0.0844758,3.3e+07,0,0,1970,False,0.414474,2247.33,52.66,51.53
flood,Sweden,SWE,1977,0,0,236,0,236,8.79864e+08,0,0,0.180215,1.7e+08,0,0,1970,False,,3.72824e+06,27.81,26.58
flood,Switzerland,CHE,1977,3,0,0,0,0,0,0,0,0,0,0,0,1970,False,,,4.58,4.58
flood,Taiwan,TWN,1977,45,6000,20000,0,26000,5.176e+06,0,0,,1e+06,0,0,1970,False,0.173077,199.077,41.38,40.46
flood,United Kingdom,GBR,1977,6,0,20000,0,20000,5.176e+06,0,0,0.000380132,1e+06,0,0,1970,False,0.03,258.8,34.82,33.89
flood,United States,USA,1977,140,0,2700,0,2700,1.03514e+09,0,0,0.00960695,2e+08,0,0,1970,False,5.18519,383383,47.49,46.25
flood,Afghanistan,AFG,1978,120,140,264044,7500,271684,2.50053e+08,0,0,,5.2e+07,0,0,1970,False,0.044169,920.382,51.52,50.37
flood,Argentina,ARG,1978,0,0,1600,0,1600,0,0,0,0,0,0,0,1970,False,,,9.55,9.55
flood,Australia,AUS,1978,7,0,0,0,0,9.9589e+07,0,0,0.0174531,2.071e+07,0,0,1970,False,,,25.41,24.31
flood,Bangladesh,BGD,1978,17,0,400000,0,400000,0,0,0,0,0,0,0,1970,False,0.00425,,26.26,26.26
flood,Bolivia,BOL,1978,40,0,163000,15000,178000,0,0,0,0,0,0,0,1970,False,0.0224719,,27.93,27.93
flood,Brazil,BRA,1978,26,0,1000,0,1000,0,0,0,0,0,0,0,1970,False,2.6,,19.84,19.84
flood,Chile,CHL,1978,4,0,6000,0,6000,0,0,0,0,0,0,0,1970,False,0.0666667,,16.59,16.59
flood,Djibouti,DJI,1978,0,0,100000,6000,106000,0,0,0,,0,0,0,1970,False,,,14.98,14.98
flood,Ethiopia,ETH,1978,9,0,1000,0,1000,0,0,0,0,0,0,0,1970,False,0.9,,16.56,16.56
flood,France,FRA,1978,3,0,1000,0,1000,0,0,0,0,0,0,0,1970,False,0.3,,13.53,13.53
flood,Hong Kong,HKG,1978,0,0,300,0,300,0,0,0,0,0,0,0,1970,False,,,7.39,7.39
flood,India,IND,1978,4610,0,32000000,0,32000000,7.98248e+08,0,0,0.120901,1.66e+08,0,0,1970,False,0.0144063,24.9453,70.9,69.68
flood,Indonesia,IDN,1978,70,0,266600,15000,281600,0,0,0,0,0,0,0,1970,False,0.024858,,30.34,30.34
flood,Japan,JPN,1978,8,0,15000,0,15000,0,0,0,0,0,0,0,1970,False,0.0533333,,19.72,19.72
flood,Laos,LAO,1978,31,0,459000,0,459000,0,0,0,,0,0,0,1970,False,0.00675381,,28.34,28.34
flood,Malaysia,MYS,1978,0,0,3000,0,3000,0,0,0,0,0,0,0,1970,False,,,10.37,10.37
flood,Mexico,MEX,1978,6,0,7000,0,7000,1.16852e+08,0,0,0.023673,2.43e+07,0,0,1970,False,0.0857143,16693.1,36.6,35.49
flood,Mozambique,MOZ,1978,40,0,200000,0,200000,3.02949e+08,0,0,,6.3e+07,0,0,1970,False,0.02,1514.74,47.74,46.57
flood,Nepal,NPL,1978,130,48,27000,700,27748,2.467e+06,0,0,0.0319793,513000,0,0,1970,False,0.468502,88.9073,44.18,43.3
flood,New Zealand,NZL,1978,0,0,2726,0,2726,0,0,0,0,0,0,0,1970,False,,,10.24,10.24
flood,Pakistan,PAK,1978,393,0,2236000,10000,2246000,0,0,0,0,0,0,0,1970,False,0.0174978,,38.69,38.69
flood,Panama,PAN,1978,19,0,2000,0,2000,0,0,0,0,0,0,0,1970,False,0.95,,19.75,19.75
flood,Peru,PER,1978,2,0,17000,5000,22000,9.617e+06,0,0,0.0160104,2e+06,0,0,1970,False,0.00909091,437.136,32.76,31.8
flood,Philippines,PHL,1978,53,0,2500,0,2500,0,0,0,0,0,0,0,1970,False,2.12,,23.32,23.32
flood,Senegal,SEN,1978,0,0,0,0,0,9.617e+06,0,0,0.060969,2e+06,0,0,1970,False,,,16.19,15.22
flood,South Africa,ZAF,1978,26,0,0,0,0,0,0,0,0,0,0,0,1970,False,,,10.9,10.9
flood,South Korea,KOR,1978,27,0,2000,0,2000,1.923e+06,0,0,0.00075722,400000,0,0,1970,False,1.35,961.5,35.42,34.56
flood,Spain,ESP,1978,13,25,300,0,325,1.20218e+08,0,0,0.0155778,2.5e+07,0,0,1970,False,4,369902,34.95,33.83
flood,Sri Lanka,LKA,1978,10,0,2000,0,2000,0,0,0,0,0,0,0,1970,False,0.5,,17.77,17.77
flood,Sudan,SDN,1978,34,0,100000,0,100000,1.20218e+08,0,0,0.307552,2.5e+07,0,0,1970,False,0.034,1202.18,45.39,44.28
flood,Tanzania,TZA,1978,0,0,9000,0,9000,0,0,0,0,0,0,0,1970,False,,,11.79,11.79
flood,Thailand,THA,1978,96,400,2028000,0,2028400,1.92349e+09,0,0,1.66621,4e+08,0,0,1970,False,0.00473279,948.278,55.45,54.17
flood,United States,USA,1978,27,0,0,0,0,0,0,0,0,0,0,0,1970,False,,,11.02,11.02
flood,Vietnam,VNM,1978,74,0,4000000,79000,4079000,0,0,0,,0,0,0,1970,False,0.00181417,,33.98,33.98
flood,West Germany,OWID_GFR,1978,3,0,1000,0,1000,1.58688e+09,0,0,,3.3e+08,0,0,1970,True,0.3,1.58688e+06,34.85,33.59
flood,Zambia,ZMB,1978,11,900,30000,0,30900,962000,0,0,0.00711482,200000,0,0,1970,False,0.0355987,31.1327,35.47,34.65
flood,Algeria,DZA,1979,0,0,30000,0,30000,0,0,0,0,0,0,0,1970,False,,,13.35,13.35
flood,Argentina,ARG,1979,0,0,20000,0,20000,0,0,0,0,0,0,0,1970,False,,,12.82,12.82
flood,Belize,BLZ,1979,0,0,17000,0,17000,0,0,0,0,0,0,0,1970,False,,,12.61,12.61
flood,Brazil,BRA,1979,300,0,1500000,0,1500000,0,0,0,0,0,0,0,1970,False,0.02,,37.28,37.28
flood,Canada,CAN,1979,0,0,0,0,0,8.2123e+07,0,0,0.00779036,1.9e+07,0,0,1970,False,,,18.34,17.26
flood,Colombia,COL,1979,62,0,100000,2000,102000,0,0,0,0,0,0,0,1970,False,0.0607843,,28.63,28.63
flood,Dominican Republic,DOM,1979,32,0,1000,0,1000,0,0,0,0,0,0,0,1970,False,3.2,,20.51,20.51
flood,Egypt,EGY,1979,50,0,66000,0,66000,6.0512e+07,0,0,0.077689,1.4e+07,0,0,1970,False,0.0757576,916.848,45.41,44.33
flood,France,FRA,1979,10,2,0,0,2,0,0,0,0,0,0,0,1970,False,500,,9.35,9.35
flood,Greece,GRC,1979,15,0,4000,0,4000,0,0,0,0,0,0,0,1970,False,0.375,,19.91,19.91
flood,Honduras,HND,1979,1,0,40000,0,40000,5.619e+07,0,0,0.467811,1.3e+07,0,0,1970,False,0.0025,1404.75,33.97,32.91
flood,India,IND,1979,253,0,28000000,10000,28010000,4.32227e+08,0,0,0.0653614,1e+08,0,0,1970,False,0.000903249,15.4312,60.53,59.34
flood,Indonesia,IDN,1979,164,350,30500,4000,34850,1.3831e+07,0,0,0.00622566,3.2e+06,0,0,1970,False,0.470588,396.872,46.97,45.99
flood,Jamaica,JAM,1979,44,0,200000,50000,250000,1.16701e+08,0,0,1.11337,2.7e+07,0,0,1970,False,0.0176,466.804,47.38,46.27
flood,Japan,JPN,1979,23,50,28000,0,28050,0,0,0,0,0,0,0,1970,False,0.0819964,,23.77,23.77
flood,Malawi,MWI,1979,0,0,20000,0,20000,0,0,0,,0,0,0,1970,False,,,12.82,12.82
flood,Mexico,MEX,1979,0,0,60000,0,60000,0,0,0,0,0,0,0,1970,False,,,14.25,14.25
flood,Morocco,MAR,1979,16,0,5560,732,6292,0,0,0,0,0,0,0,1970,False,0.254291,,20.69,20.69
flood,Myanmar,MMR,1979,0,0,10000,0,10000,0,0,0,0,0,0,0,1970,False,,,11.93,11.93
flood,Nicaragua,NIC,1979,0,0,30000,0,30000,0,0,0,0,0,0,0,1970,False,,,13.35,13.35
flood,Pakistan,PAK,1979,13,0,3200,0,3200,0,0,0,0,0,0,0,1970,False,0.40625,,19.18,19.18
flood,Paraguay,PRY,1979,0,0,120000,70000,190000,0,0,0,0,0,0,0,1970,False,,,15.74,15.74
flood,Philippines,PHL,1979,0,0,16000,0,16000,3.0182e+07,0,0,0.0223683,6.983e+06,0,0,1970,False,,1886.38,29.87,28.84
flood,Portugal,PRT,1979,23,220,35000,10000,45220,1.38745e+08,0,0,0.120573,3.21e+07,0,0,1970,False,0.0508625,3068.22,43.26,42.14
flood,Spain,ESP,1979,11,25,300,0,325,0,0,0,0,0,0,0,1970,False,3.38462,,15.71,15.71
flood,Tanzania,TZA,1979,0,0,90000,0,90000,0,0,0,0,0,0,0,1970,False,,,14.77,14.77
flood,Tunisia,TUN,1979,0,0,750,0,750,0,0,0,0,0,0,0,1970,False,,,8.57,8.57
flood,Yugoslavia,OWID_YGS,1979,22,0,12000,0,12000,0,0,0,,0,0,0,1970,True,0.183333,,22.53,22.53
flood,Afghanistan,AFG,1980,0,0,30000,0,30000,0,0,0,,0,0,0,1980,False,,,13.35,13.35
flood,Argentina,ARG,1980,41,0,40000,0,40000,0,0,0,0,0,0,0,1980,False,0.1025,,26.08,26.08
flood,Bangladesh,BGD,1980,655,0,10000000,0,10000000,5.70978e+08,0,0,0.826991,1.5e+08,0,0,1980,False,0.00655,57.0978,62.61,61.41
flood,Bolivia,BOL,1980,0,0,15000,0,15000,0,0,0,0,0,0,0,1980,False,,,12.45,12.45
flood,Brazil,BRA,1980,67,0,271000,0,271000,0,0,0,0,0,0,0,1980,False,0.0247232,,30.15,30.15
flood,China,CHN,1980,6303,27100,80000,0,107100,6.09043e+08,0,0,0.0835564,1.6e+08,0,0,1980,False,5.88515,5686.68,64.28,63.07
flood,Colombia,COL,1980,40,50,0,0,50,0,0,0,0,0,0,0,1980,False,80,,17.37,17.37
flood,Costa Rica,CRI,1980,1,0,1350,0,1350,0,0,0,0,0,0,0,1980,False,0.0740741,,11.63,11.63
flood,France,FRA,1980,6,13,300,0,313,0,0,0,0,0,0,0,1980,False,1.91693,,13.88,13.88
flood,India,IND,1980,2411,23,32051000,0,32051023,1.21809e+09,0,0,0.17174,3.2e+08,0,0,1980,False,0.00752238,38.0046,69.19,67.94
flood,Indonesia,IDN,1980,153,0,2946,0,2946,1.2942e+07,0,0,0.0046908,3.4e+06,0,0,1980,False,5.19348,4393.08,43.48,42.5
flood,Iran,IRN,1980,256,0,800100,150000,950100,0,0,0,0,0,0,0,1980,False,0.0269445,,36.17,36.17
flood,Japan,JPN,1980,20,0,0,0,0,0,0,0,0,0,0,0,1980,False,,,10.07,10.07
flood,Mexico,MEX,1980,104,0,100000,0,100000,3.31167e+08,0,0,0.0423199,8.7e+07,0,0,1980,False,0.104,3311.67,50.04,48.87
flood,New Zealand,NZL,1980,0,0,2900,0,2900,0,0,0,0,0,0,0,1980,False,,,10.32,10.32
flood,Nicaragua,NIC,1980,0,0,40000,0,40000,0,0,0,0,0,0,0,1980,False,,,13.72,13.72
flood,Pakistan,PAK,1980,75,0,86200,0,86200,0,0,0,0,0,0,0,1980,False,0.087007,,29.03,29.03
flood,Peru,PER,1980,70,0,36000,0,36000,0,0,0,0,0,0,0,1980,False,0.194444,,27.68,27.68
flood,Philippines,PHL,1980,2,0,25980,0,25980,0,0,0,0,0,0,0,1980,False,0.00769823,,16.79,16.79
flood,Poland,POL,1980,1,0,104000,0,104000,0,0,0,,0,0,0,1980,False,0.000961538,,17.25,17.25
flood,Thailand,THA,1980,57,0,630000,0,630000,2.27249e+08,0,0,0.184524,5.97e+07,0,0,1980,False,0.00904762,360.713,50.08,48.93
flood,Turkey,TUR,1980,75,0,60000,0,60000,5.7098e+07,0,0,0.0217948,1.5e+07,0,0,1980,False,0.125,951.633,46.54,45.47
flood,United States,USA,1980,36,0,111000,6000,117000,1.33228e+09,0,0,0.0122493,3.5e+08,0,0,1980,False,0.0307692,11387,48.2,46.94
flood,Vietnam,VNM,1980,94,0,628000,0,628000,0,0,0,,0,0,0,1980,False,0.0149682,,32.34,32.34
flood,Algeria,DZA,1981,43,50,0,0,50,0,0,0,0,0,0,0,1980,False,86,,17.6,17.6
flood,Australia,AUS,1981,2,0,0,0,0,3.8912e+07,0,0,0.00636685,1.1279e+07,0,0,1980,False,,,21.22,20.18
flood,Brazil,BRA,1981,97,300,52000,0,52300,0,0,0,0,0,0,0,1980,False,0.185468,,29.23,29.23
flood,China,CHN,1981,2315,33140,2954000,200000,3187140,7.93494e+09,0,0,1.17216,2.3e+09,0,0,1980,False,0.0726357,2489.67,67.95,66.59
flood,Colombia,COL,1981,150,0,0,0,0,1.725e+07,0,0,0.0137407,5e+06,0,0,1980,False,,,33.36,32.37
flood,Czechoslovakia,OWID_CZS,1981,4,0,600,0,600,0,0,0,,0,0,0,1980,True,0.666667,,13.61,13.61
flood,Djibouti,DJI,1981,25,0,102000,0,102000,0,0,0,,0,0,0,1980,False,0.0245098,,25.7,25.7
flood,Dominican Republic,DOM,1981,20,0,150000,0,150000,0,0,0,0,0,0,0,1980,False,0.0133333,,25.5,25.5
flood,Ethiopia,ETH,1981,0,0,20000,0,20000,0,0,0,0,0,0,0,1980,False,,,12.82,12.82
flood,France,FRA,1981,0,0,2300,0,2300,0,0,0,0,0,0,0,1980,False,,,10.02,10.02
flood,Guinea,GIN,1981,0,0,5000,0,5000,0,0,0,0,0,0,0,1980,False,,,11.03,11.03
flood,India,IND,1981,553,0,16000000,0,16000000,8.62494e+08,0,0,0.129205,2.5e+08,0,0,1980,False,0.00345625,53.9059,63.08,61.85
flood,Indonesia,IDN,1981,509,0,346000,6000,352000,7.59e+06,0,0,0.00257255,2.2e+06,0,0,1980,False,0.144602,21.5625,53.1,52.15
flood,Iran,IRN,1981,58,0,100,0,100,0,0,0,0,0,0,0,1980,False,58,,19.46,19.46
flood,Mozambique,MOZ,1981,0,0,500000,0,500000,0,0,0,,0,0,0,1980,False,,,16.99,16.99
flood,Nepal,NPL,1981,750,0,10000,0,10000,0,0,0,0,0,0,0,1980,False,7.5,,33.82,33.82
flood,New Zealand,NZL,1981,0,0,2250,0,2250,0,0,0,0,0,0,0,1980,False,,,10,10
flood,Pakistan,PAK,1981,82,0,0,0,0,0,0,0,0,0,0,0,1980,False,,,14.61,14.61
flood,Peru,PER,1981,70,0,0,5000,5000,2.07e+07,0,0,0.0277159,6e+06,0,0,1980,False,1.4,4140,42.08,41.07
flood,Philippines,PHL,1981,322,95,309600,0,309695,9.3149e+07,0,0,0.0666677,2.7e+07,0,0,1980,False,0.103973,300.777,53.94,52.85
flood,Portugal,PRT,1981,30,0,900,0,900,0,0,0,0,0,0,0,1980,False,3.33333,,20.16,20.16
flood,Somalia,SOM,1981,5,0,30000,0,30000,0,0,0,0,0,0,0,1980,False,0.0166667,,19.27,19.27
flood,South Africa,ZAF,1981,104,0,0,185,185,3.45e+06,0,0,0.00107364,1e+06,0,0,1980,False,56.2162,18648.6,37.31,36.41
flood,Sri Lanka,LKA,1981,7,0,20000,0,20000,0,0,0,0,0,0,0,1980,False,0.035,,19.7,19.7
flood,Turkey,TUR,1981,10,0,0,0,0,0,0,0,0,0,0,0,1980,False,,,7.93,7.93
flood,USSR,OWID_USS,1981,0,0,0,2000,2000,0,0,0,,0,0,0,1980,True,,,9.84,9.84
flood,United States,USA,1981,30,0,0,0,0,0,0,0,0,0,0,0,1980,False,,,11.35,11.35
flood,Yemen People's Republic,OWID_YPR,1981,0,0,15000,0,15000,1.1109e+08,0,0,,3.22e+07,0,0,1980,True,,7406,31.1,29.99
flood,Yugoslavia,OWID_YGS,1981,43,0,22000,0,22000,0,0,0,,0,0,0,1980,True,0.195455,,25.46,25.46
flood,Algeria,DZA,1982,37,14,8500,0,8514,0,0,0,0,0,0,0,1980,False,0.434578,,23.74,23.74
flood,Argentina,ARG,1982,0,0,50000,0,50000,0,0,0,0,0,0,0,1980,False,,,14.01,14.01
flood,Bangladesh,BGD,1982,0,0,283000,25000,308000,0,0,0,0,0,0,0,1980,False,,,16.36,16.36
flood,Benin,BEN,1982,0,0,500000,80000,580000,0,0,0,0,0,0,0,1980,False,,,17.18,17.18
flood,Bolivia,BOL,1982,0,0,30000,0,30000,1.30026e+09,0,0,7.15036,4e+08,0,0,1980,False,,43342.2,34.47,33.22
flood,Chile,CHL,1982,0,0,8000,0,8000,0,0,0,0,0,0,0,1980,False,,,11.64,11.64
flood,China,CHN,1982,447,4643,601500,210000,816143,0,0,0,0,0,0,0,1980,False,0.0547698,,37.81,37.81
flood,Colombia,COL,1982,90,0,0,0,0,0,0,0,0,0,0,0,1980,False,,,14.91,14.91
flood,Ecuador,ECU,1982,68,0,156410,0,156410,1.68583e+08,0,0,0.260219,5.18612e+07,0,0,1980,False,0.0434755,1077.83,48.55,47.42
flood,El Salvador,SLV,1982,500,18000,50000,0,68000,9.10185e+08,0,0,8.23726,2.8e+08,0,0,1980,False,0.735294,13385.1,55.73,54.49
flood,Guatemala,GTM,1982,620,256,20000,0,20256,3.25066e+08,0,0,1.14718,1e+08,0,0,1980,False,3.06082,16047.9,53.83,52.66
flood,Hong Kong,HKG,1982,1,0,184,0,184,0,0,0,0,0,0,0,1980,False,0.543478,,9.05,9.05
flood,India,IND,1982,932,0,33500000,0,33500000,2.27546e+09,0,0,0.348752,7e+08,0,0,1980,False,0.00278209,67.9243,66.73,65.44
flood,Indonesia,IDN,1982,3,0,39000,0,39000,0,0,0,0,0,0,0,1980,False,0.00769231,,18.27,18.27
flood,Japan,JPN,1982,345,347,27000,0,27347,1.04021e+08,0,0,0.00270468,3.2e+07,0,0,1980,False,1.26156,3803.74,51.14,50.04
flood,Kenya,KEN,1982,75,0,3000,0,3000,0,0,0,0,0,0,0,1980,False,2.5,,24.68,24.68
flood,Malawi,MWI,1982,0,0,6000,0,6000,0,0,0,0,0,0,0,1980,False,,,11.26,11.26
flood,Mexico,MEX,1982,25,200,5000,0,5200,3.72526e+08,0,0,0.0620793,1.146e+08,0,0,1980,False,0.480769,71639.6,41.72,40.54
flood,Nepal,NPL,1982,92,0,0,0,0,0,0,0,0,0,0,0,1980,False,,,14.98,14.98
flood,Pakistan,PAK,1982,68,0,10000,0,10000,0,0,0,0,0,0,0,1980,False,0.68,,25.92,25.92
flood,Paraguay,PRY,1982,0,0,85000,0,85000,0,0,0,0,0,0,0,1980,False,,,14.7,14.7
flood,Peru,PER,1982,332,0,50000,5000,55000,0,0,0,0,0,0,0,1980,False,0.603636,,33.34,33.34
flood,Philippines,PHL,1982,33,232,296768,0,297000,195000,0,0,0.00014216,60000,0,0,1980,False,0.0111111,0.656566,40.24,39.51
flood,Poland,POL,1982,0,0,15000,1824,16824,1.72285e+08,0,0,,5.3e+07,0,0,1980,False,,10240.4,31.69,30.56
flood,Spain,ESP,1982,57,1600,225000,0,226600,3.18565e+09,0,0,0.500366,9.8e+08,0,0,1980,False,0.0251545,14058.5,51.42,50.11
flood,Sri Lanka,LKA,1982,54,0,130000,0,130000,3.251e+06,0,0,0.0209698,1e+06,0,0,1980,False,0.0415385,25.0077,43.59,42.69
flood,Tanzania,TZA,1982,0,0,40000,0,40000,0,0,0,0,0,0,0,1980,False,,,13.72,13.72
flood,Tunisia,TUN,1982,117,0,30000,0,30000,2.9256e+08,0,0,1.10652,9e+07,0,0,1980,False,0.39,9752,48.74,47.58
flood,USSR,OWID_USS,1982,0,0,0,586,586,0,0,0,,0,0,0,1980,True,,,8.25,8.25
flood,United States,USA,1982,11,0,0,0,0,1.10197e+08,0,0,0.00101382,3.39e+07,0,0,1980,False,,,26.86,25.75
flood,Yemen People's Republic,OWID_YPR,1982,482,0,300000,50000,350000,3.1694e+09,0,0,,9.75e+08,0,0,1980,True,0.137714,9055.42,58.98,57.68
flood,Argentina,ARG,1983,0,0,5830000,250000,6080000,5.66908e+09,0,0,1.73112,1.8e+09,0,0,1980,False,,932.414,42.83,41.49
flood,Bangladesh,BGD,1983,245,0,7060000,100000,7160000,0,0,0,0,0,0,0,1980,False,0.00342179,,38.64,38.64
flood,Bolivia,BOL,1983,250,0,50000,0,50000,1.52435e+08,0,0,0.892551,4.84e+07,0,0,1980,False,0.5,3048.7,51.24,50.12
flood,Brazil,BRA,1983,143,300,3330000,8000,3338300,1.10232e+09,0,0,0.184544,3.5e+08,0,0,1980,False,0.00428362,330.204,56.84,55.59
flood,Canada,CAN,1983,0,0,0,0,0,1.8267e+08,0,0,0.0169657,5.8e+07,0,0,1980,False,,,19.15,18.01
flood,China,CHN,1983,100,0,0,0,0,0,0,0,0,0,0,0,1980,False,,,15.26,15.26
flood,Cuba,CUB,1983,15,39,164536,0,164575,1.88969e+08,0,0,0.27021,6e+07,0,0,1980,False,0.00911439,1148.22,43.9,42.76
flood,Ecuador,ECU,1983,239,0,743590,0,743590,5.85896e+08,0,0,1.0508,1.80239e+08,0,0,1980,False,0.0321414,787.929,55.95,54.74
flood,France,FRA,1983,18,12,3700,0,3712,1.91961e+09,0,0,0.110146,6.095e+08,0,0,1980,False,0.484914,517137,41.89,40.62
flood,Hong Kong,HKG,1983,1,12,0,600,612,0,0,0,0,0,0,0,1980,False,0.163399,,10.6,10.6
flood,India,IND,1983,785,0,250000,0,250000,0,0,0,0,0,0,0,1980,False,0.314,,38.14,38.14
flood,Indonesia,IDN,1983,20,17,417480,0,417497,2.2068e+07,0,0,0.00864504,7.007e+06,0,0,1980,False,0.00479045,52.8579,43.84,42.83
flood,Malaysia,MYS,1983,10,0,15000,0,15000,0,0,0,0,0,0,0,1980,False,0.0666667,,20.38,20.38
flood,Nepal,NPL,1983,186,50,200000,0,200050,3.1495e+07,0,0,0.408634,1e+07,0,0,1980,False,0.0929768,157.436,50.48,49.45
flood,New Zealand,NZL,1983,0,0,140,0,140,0,0,0,0,0,0,0,1980,False,,,6.41,6.41
flood,Pakistan,PAK,1983,39,0,64300,0,64300,0,0,0,0,0,0,0,1980,False,0.0606532,,26.53,26.53
flood,Papua New Guinea,PNG,1983,56,0,13000,0,13000,3.7479e+07,0,0,0.464417,1.19e+07,0,0,1980,False,0.430769,2883,43.19,42.14
flood,Paraguay,PRY,1983,76,0,100000,0,100000,2.58258e+08,0,0,1.44538,8.2e+07,0,0,1980,False,0.076,2582.58,48.77,47.61
flood,Philippines,PHL,1983,11,0,1835,0,1835,9000,0,0,7.94509e-06,3000,0,0,1980,False,0.599455,4.90463,27.11,26.57
flood,Portugal,PRT,1983,19,0,2000,0,2000,2.99201e+08,0,0,0.348756,9.5e+07,0,0,1980,False,0.95,149600,39.39,38.23
flood,Senegal,SEN,1983,0,0,5000,0,5000,4.428e+06,0,0,0.0393909,1.406e+06,0,0,1980,False,,885.6,26.43,25.52
flood,Spain,ESP,1983,45,0,501600,6000,507600,1.2283e+10,0,0,2.28298,3.9e+09,0,0,1980,False,0.00886525,24198.2,53.05,51.67
flood,Sri Lanka,LKA,1983,3,0,1000000,250000,1250000,0,0,0,0,0,0,0,1980,False,0.00024,,22.76,22.76
flood,Sudan,SDN,1983,0,0,102000,30000,132000,0,0,0,0,0,0,0,1980,False,,,15.27,15.27
flood,Thailand,THA,1983,50,0,1000000,0,1000000,0,0,0,0,0,0,0,1980,False,0.005,,30.89,30.89
flood,USSR,OWID_USS,1983,0,0,1000,0,1000,0,0,0,,0,0,0,1980,True,,,8.95,8.95
flood,United States,USA,1983,10,0,0,0,0,1.2598e+09,0,0,0.011007,4e+08,0,0,1980,False,,,29.02,27.77
flood,West Germany,OWID_GFR,1983,12,12,0,0,12,0,0,0,,0,0,0,1980,True,100,,11.8,11.8
flood,Algeria,DZA,1984,54,0,0,1470,1470,0,0,0,0,0,0,0,1980,False,3.67347,,22.69,22.69
flood,Australia,AUS,1984,36,0,0,0,0,9.059e+06,0,0,0.00154839,3e+06,0,0,1980,False,,,28.06,27.11
flood,Bangladesh,BGD,1984,1200,0,30000000,0,30000000,0,0,0,0,0,0,0,1980,False,0.004,,45.74,45.74
flood,Barbados,BRB,1984,0,0,0,100,100,0,0,0,0,0,0,0,1980,False,,,5.98,5.98
flood,Bolivia,BOL,1984,0,0,3000,0,3000,0,0,0,0,0,0,0,1980,False,,,10.37,10.37
flood,Brazil,BRA,1984,263,0,360000,31500,391500,6.03925e+09,0,0,1.06191,2e+09,0,0,1980,False,0.0671775,15425.9,57.78,56.43
flood,Burkina Faso,BFA,1984,0,0,1500,0,1500,0,0,0,0,0,0,0,1980,False,,,9.47,9.47
flood,China,CHN,1984,31,0,28000,0,28000,0,0,0,0,0,0,0,1980,False,0.110714,,24.72,24.72
flood,Colombia,COL,1984,50,0,1940000,0,1940000,1.20785e+09,0,0,1.04567,4e+08,0,0,1980,False,0.00257732,622.604,52.8,51.55
flood,India,IND,1984,740,0,19000000,0,19000000,2.71766e+08,0,0,0.0424213,9e+07,0,0,1980,False,0.00389474,14.3035,63.1,61.94
flood,Indonesia,IDN,1984,26,0,340200,20000,360200,4.529e+06,0,0,0.00176775,1.5e+06,0,0,1980,False,0.00721821,12.5736,42.89,41.97
flood,Laos,LAO,1984,14,0,2000,0,2000,0,0,0,0,0,0,0,1980,False,0.7,,18.8,18.8
flood,Mauritania,MRT,1984,0,0,3000,0,3000,0,0,0,0,0,0,0,1980,False,,,10.37,10.37
flood,Mexico,MEX,1984,0,0,20000,0,20000,0,0,0,0,0,0,0,1980,False,,,12.82,12.82
flood,Nepal,NPL,1984,200,0,0,0,0,0,0,0,0,0,0,0,1980,False,,,17.53,17.53
flood,New Zealand,NZL,1984,0,0,6805,0,6805,6.0393e+07,0,0,0.0923106,2e+07,0,0,1980,False,,8874.8,29.46,28.39
flood,Pakistan,PAK,1984,39,0,0,2000,2000,0,0,0,0,0,0,0,1980,False,1.95,,22.04,22.04
flood,Panama,PAN,1984,1,0,1000,0,1000,0,0,0,0,0,0,0,1980,False,0.1,,11.24,11.24
flood,Romania,ROU,1984,0,0,2000,0,2000,0,0,0,,0,0,0,1980,False,,,9.84,9.84
flood,South Korea,KOR,1984,166,187,350984,0,351171,4.98238e+08,0,0,0.165414,1.65e+08,0,0,1980,False,0.0472704,1418.79,53.61,52.42
flood,Sri Lanka,LKA,1984,51,0,185000,390000,575000,6.039e+06,0,0,0.0330935,2e+06,0,0,1980,False,0.00886957,10.5026,45.95,45.02
flood,Taiwan,TWN,1984,31,15,0,0,15,0,0,0,,0,0,0,1980,False,206.667,,15.05,15.05
flood,Thailand,THA,1984,17,31,786140,0,786171,1.21691e+09,0,0,0.964169,4.03e+08,0,0,1980,False,0.00216238,1547.89,48.19,46.94
flood,Turkey,TUR,1984,0,0,200,0,200,0,0,0,0,0,0,0,1980,False,,,6.87,6.87
flood,United States,USA,1984,28,0,0,5500,5500,1.96276e+08,0,0,0.00160986,6.5e+07,0,0,1980,False,0.509091,35686.5,41.51,40.36
flood,Vietnam,VNM,1984,33,0,38000,0,38000,0,0,0,,0,0,0,1980,False,0.0868421,,25.31,25.31
flood,Algeria,DZA,1985,26,0,0,15000,15000,0,0,0,0,0,0,0,1980,False,0.173333,,23.35,23.35
flood,Argentina,ARG,1985,37,0,1150000,56000,1206000,4.46183e+09,0,0,1.73566,1.53e+09,0,0,1980,False,0.00306799,3699.69,52.52,51.2
flood,Austria,AUT,1985,12,0,0,0,0,0,0,0,0,0,0,0,1980,False,,,8.48,8.48
flood,Bangladesh,BGD,1985,34,0,500000,0,500000,0,0,0,0,0,0,0,1980,False,0.0068,,28.75,28.75
flood,Benin,BEN,1985,61,0,345000,130000,475000,1.3998e+07,0,0,0.459017,4.8e+06,0,0,1980,False,0.0128421,29.4695,47.13,46.15
flood,Bolivia,BOL,1985,0,0,0,475,475,0,0,0,0,0,0,0,1980,False,,,7.98,7.98
flood,Brazil,BRA,1985,101,0,610000,2000,612000,5.83246e+08,0,0,0.0948407,2e+08,0,0,1980,False,0.0165033,953.016,52.86,51.66
flood,Burkina Faso,BFA,1985,0,0,0,572,572,0,0,0,0,0,0,0,1980,False,,,8.22,8.22
flood,Chad,TCD,1985,0,0,0,500,500,0,0,0,0,0,0,0,1980,False,,,8.05,8.05
flood,China,CHN,1985,1216,0,16000,2000,18000,1.0287e+09,0,0,0.113767,3.5275e+08,0,0,1980,False,6.75556,57150,57.06,55.82
flood,Cuba,CUB,1985,0,0,3000,0,3000,0,0,0,0,0,0,0,1980,False,,,10.37,10.37
flood,Dominican Republic,DOM,1985,12,0,895,0,895,0,0,0,0,0,0,0,1980,False,1.34078,,17.28,17.28
flood,Ethiopia,ETH,1985,9,0,8000,20000,28000,0,0,0,0,0,0,0,1980,False,0.0321429,,20.87,20.87
flood,Hong Kong,HKG,1985,0,0,366,0,366,0,0,0,0,0,0,0,1980,False,,,7.65,7.65
flood,India,IND,1985,1656,0,10877000,450000,11327000,2.35631e+09,0,0,0.34751,8.08e+08,0,0,1980,False,0.0146199,208.026,67.26,65.97
flood,Indonesia,IDN,1985,42,0,4300,0,4300,0,0,0,0,0,0,0,1980,False,0.976744,,23.27,23.27
flood,Italy,ITA,1985,329,30,0,0,30,4.3743e+07,0,0,0.00330936,1.5e+07,0,0,1980,False,1096.67,1.4581e+06,41.33,40.28
flood,Lesotho,LSO,1985,0,0,80000,0,80000,0,0,0,0,0,0,0,1980,False,,,14.62,14.62
flood,Mauritania,MRT,1985,0,0,6000,900,6900,0,0,0,0,0,0,0,1980,False,,,11.45,11.45
flood,Mozambique,MOZ,1985,8,0,500000,0,500000,1.458e+06,0,0,,500000,0,0,1980,False,0.0016,2.916,38.54,37.69
flood,Nepal,NPL,1985,46,57,60500,2000,62557,0,0,0,0,0,0,0,1980,False,0.0735329,,27.03,27.03
flood,New Zealand,NZL,1985,4,0,270,0,270,0,0,0,0,0,0,0,1980,False,1.48148,,12.57,12.57
flood,Nigeria,NGA,1985,0,0,6000,0,6000,2.333e+07,0,0,0.0108481,8e+06,0,0,1980,False,,3888.33,28.34,27.33
flood,Philippines,PHL,1985,79,0,5444,0,5444,0,0,0,0,0,0,0,1980,False,1.45114,,25.63,25.63
flood,Puerto Rico,PRI,1985,500,0,0,0,0,0,0,0,0,0,0,0,1980,False,,,20.55,20.55
flood,Saudi Arabia,SAU,1985,32,0,0,5000,5000,1.3123e+09,0,0,0.433118,4.5e+08,0,0,1980,False,0.64,262461,43.72,42.47
flood,Senegal,SEN,1985,0,0,3000,0,3000,0,0,0,0,0,0,0,1980,False,,,10.37,10.37
flood,Sweden,SWE,1985,11,0,0,0,0,1.6914e+07,0,0,0.00508959,5.8e+06,0,0,1980,False,,,24.97,23.97
flood,Thailand,THA,1985,18,0,7640,0,7640,1.0498e+07,0,0,0.00925433,3.6e+06,0,0,1980,False,0.235602,1374.08,37.59,36.62
flood,USSR,OWID_USS,1985,0,0,10000,0,10000,2.9162e+07,0,0,,1e+07,0,0,1980,True,,2916.2,29.23,28.2
flood,United States,USA,1985,12,0,5550,0,5550,3.6452e+07,0,0,0.000288086,1.25e+07,0,0,1980,False,0.216216,6567.93,37.17,36.13
flood,Venezuela,VEN,1985,38,0,15000,0,15000,0,0,0,0,0,0,0,1980,False,0.253333,,24.56,24.56
flood,Vietnam,VNM,1985,93,0,2800000,0,2800000,0,0,0,0,0,0,0,1980,False,0.00332143,,34.24,34.24
flood,Argentina,ARG,1986,3,0,144000,60000,204000,0,0,0,0,0,0,0,1980,False,0.00147059,,20.41,20.41
flood,Australia,AUS,1986,8,0,0,0,0,1.83734e+08,0,0,0.0351382,6.42e+07,0,0,1980,False,,,26.42,25.28
flood,Bangladesh,BGD,1986,30,0,100000,300000,400000,0,0,0,0,0,0,0,1980,False,0.0075,,28.06,28.06
flood,Bolivia,BOL,1986,29,0,260000,50000,310000,1.43095e+08,0,0,1.26282,5e+07,0,0,1980,False,0.00935484,461.597,46.52,45.4
flood,Brazil,BRA,1986,28,0,1835,6500,8335,0,0,0,0,0,0,0,1980,False,0.335933,,22.82,22.82
flood,Canada,CAN,1986,0,0,4500,0,4500,8.5857e+07,0,0,0.00791542,3e+07,0,0,1980,False,,19079.3,29.28,28.19
flood,Chile,CHL,1986,23,0,54118,0,54118,4.9225e+07,0,0,0.0895935,1.72e+07,0,0,1980,False,0.0424997,909.586,42.45,41.39
flood,China,CHN,1986,313,0,9000000,800000,9800000,4.29632e+09,0,0,0.498227,1.50121e+09,0,0,1980,False,0.00319388,438.4,62.18,60.85
flood,Colombia,COL,1986,13,0,250000,0,250000,0,0,0,0,0,0,0,1980,False,0.0052,,24.82,24.82
flood,Cuba,CUB,1986,0,0,7500,0,7500,0,0,0,0,0,0,0,1980,False,,,11.55,11.55
flood,Fiji,FJI,1986,19,0,215000,0,215000,4.4073e+07,0,0,1.19355,1.54e+07,0,0,1980,False,0.00883721,204.991,43.52,42.47
flood,Haiti,HTI,1986,148,660,130000,13200,143860,0,0,0,0,0,0,0,1980,False,0.102878,,31.92,31.92
flood,Honduras,HND,1986,0,0,30000,0,30000,0,0,0,0,0,0,0,1980,False,,,13.35,13.35
flood,India,IND,1986,251,0,245000,150000,395000,1.07636e+09,0,0,0.151053,3.761e+08,0,0,1980,False,0.0635443,2724.97,55.9,54.66
flood,Indonesia,IDN,1986,175,0,77000,50000,127000,0,0,0,0,0,0,0,1980,False,0.137795,,32.31,32.31
flood,Iran,IRN,1986,265,0,40000,0,40000,4.55329e+09,1.145e+06,0,0.7609,1.591e+09,400000,0,1980,False,0.6625,113832,54.57,53.24
flood,Italy,ITA,1986,2,0,0,0,0,5.7238e+07,0,0,0.00311593,2e+07,0,0,1980,False,,,21.61,20.55
flood,Jamaica,JAM,1986,54,0,40000,0,40000,2.17505e+08,0,0,2.75907,7.6e+07,0,0,1980,False,0.135,5437.62,46.29,45.15
flood,Japan,JPN,1986,14,0,162000,0,162000,0,0,0,0,0,0,0,1980,False,0.00864198,,24.48,24.48
flood,Madagascar,MDG,1986,0,0,28223,0,28223,0,0,0,0,0,0,0,1980,False,,,13.27,13.27
flood,Malaysia,MYS,1986,11,0,25000,0,25000,3.2912e+07,0,0,0.0414652,1.15e+07,0,0,1980,False,0.044,1316.48,38.75,37.72
flood,Mexico,MEX,1986,20,0,0,0,0,0,0,0,0,0,0,0,1980,False,,,10.07,10.07
flood,Nepal,NPL,1986,22,0,0,0,0,0,0,0,0,0,0,0,1980,False,,,10.37,10.37
flood,New Zealand,NZL,1986,1,0,1830,0,1830,5.6666e+07,0,0,0.064696,1.98e+07,0,0,1980,False,0.0546448,30965,29.99,28.92
flood,Panama,PAN,1986,2,0,3500,2500,6000,1.002e+06,0,0,0.0051487,350000,0,0,1980,False,0.0333333,167,28.81,27.98
flood,Peru,PER,1986,62,0,200000,0,200000,3.434e+06,0,0,0.00548962,1.2e+06,0,0,1980,False,0.031,17.17,44.65,43.75
flood,Philippines,PHL,1986,3,3,612,0,615,160000,0,0,0.000164768,56000,0,0,1980,False,0.487805,260.163,24.96,24.25
flood,Saint Vincent and the Grenadines,VCT,1986,0,10,142,0,152,2.633e+07,0,0,5.71973,9.2e+06,0,0,1980,False,,173224,23.71,22.69
flood,Sri Lanka,LKA,1986,43,0,64485,0,64485,2.673e+06,0,0,0.0145819,934000,0,0,1980,False,0.0666822,41.4515,41.75,40.86
flood,Tanzania,TZA,1986,0,0,0,6000,6000,0,0,0,0,0,0,0,1980,False,,,11.26,11.26
flood,Thailand,THA,1986,42,21,27780,0,27801,5.724e+06,0,0,0.00464072,2e+06,0,0,1980,False,0.151074,205.892,41.35,40.42
flood,Tunisia,TUN,1986,23,0,0,2500,2500,0,0,0,0,0,0,0,1980,False,0.92,,20.64,20.64
flood,United States,USA,1986,13,0,2000,0,2000,7.1548e+07,2.17505e+08,0,0.000545895,2.5e+07,7.6e+07,0,1980,False,0.65,35774,36.77,35.69
flood,Uruguay,URY,1986,0,0,16000,2500,18500,0,0,0,0,0,0,0,1980,False,,,12.72,12.72
flood,Vietnam,VNM,1986,165,0,0,0,0,0,0,0,0,0,0,0,1980,False,,,16.9,16.9
flood,Yugoslavia,OWID_YGS,1986,1,0,8500,0,8500,0,0,0,,0,0,0,1980,True,0.0117647,,14.01,14.01
flood,Argentina,ARG,1987,0,0,12000,0,12000,0,0,0,0,0,0,0,1980,False,,,12.16,12.16
flood,Bangladesh,BGD,1987,2280,0,29700000,0,29700000,2.91948e+09,0,0,4.3522,1.0575e+09,0,0,1980,False,0.00767677,98.299,69.78,68.48
flood,Bolivia,BOL,1987,25,0,20000,0,20000,0,0,0,0,0,0,0,1980,False,0.125,,23.59,23.59
flood,Brazil,BRA,1987,107,0,10500,0,10500,1.71166e+08,0,0,0.0219037,6.2e+07,0,0,1980,False,1.01905,16301.5,46.55,45.42
flood,Canada,CAN,1987,1,0,0,0,0,5.10737e+08,0,0,0.0427119,1.85e+08,0,0,1980,False,,,22.48,21.28
flood,Chile,CHL,1987,127,0,116364,81000,197364,4.88651e+08,0,0,0.782996,1.77e+08,0,0,1980,False,0.0643481,2475.89,51.97,50.77
flood,China,CHN,1987,219,529,940000,0,940529,0,0,0,0,0,0,0,1980,False,0.0232848,,35.64,35.64
flood,Colombia,COL,1987,21,50,800,0,850,0,0,0,0,0,0,0,1980,False,2.47059,,18.95,18.95
flood,Czechoslovakia,OWID_CZS,1987,0,0,0,0,0,2.761e+06,0,0,,1e+06,0,0,1980,True,,,14.93,14.04
flood,Ecuador,ECU,1987,0,0,10000,0,10000,0,0,0,0,0,0,0,1980,False,,,11.93,11.93
flood,France,FRA,1987,23,0,0,0,0,0,0,0,0,0,0,0,1980,False,,,10.51,10.51
flood,Guatemala,GTM,1987,84,15,6500,0,6515,0,0,0,0,0,0,0,1980,False,1.28933,,26.06,26.06
flood,Haiti,HTI,1987,33,150,8760,0,8910,0,0,0,0,0,0,0,1980,False,0.37037,,23.43,23.43
flood,Hong Kong,HKG,1987,0,0,1000,0,1000,0,0,0,0,0,0,0,1980,False,,,8.95,8.95
flood,India,IND,1987,1314,0,18300000,0,18300000,1.5046e+09,0,0,0.195317,5.45e+08,0,0,1980,False,0.00718033,82.2187,66.67,65.4
flood,Indonesia,IDN,1987,201,84,28000,800,28884,1.8138e+08,0,0,0.0865275,6.57e+07,0,0,1980,False,0.695887,6279.6,49.99,48.85
flood,Iran,IRN,1987,865,0,0,0,0,0,0,0,0,0,0,0,1980,False,,,22.36,22.36
flood,Italy,ITA,1987,0,0,0,0,0,1.93252e+08,0,0,0.00866798,7e+07,0,0,1980,False,,,19.21,18.07
flood,Jamaica,JAM,1987,9,0,26000,0,26000,8.5583e+07,0,0,0.943107,3.1e+07,0,0,1980,False,0.0346154,3291.65,39.16,38.07
flood,Jordan,JOR,1987,9,29,0,0,29,0,0,0,0,0,0,0,1980,False,31.0345,,12.02,12.02
flood,Lebanon,LBN,1987,0,0,1500,0,1500,2.7607e+07,0,0,,1e+07,0,0,1980,False,,18404.7,26.72,25.69
flood,Lesotho,LSO,1987,18,0,100000,0,100000,0,0,0,0,0,0,0,1980,False,0.018,,24.64,24.64
flood,Malaysia,MYS,1987,3,0,2576,0,2576,0,0,0,0,0,0,0,1980,False,0.11646,,14.75,14.75
flood,Maldives,MDV,1987,0,0,300,0,300,1.6564e+07,0,0,4.2486,6e+06,0,0,1980,False,,55213.3,24.12,23.13
flood,Mexico,MEX,1987,16,12,0,200,212,0,0,0,0,0,0,0,1980,False,7.54717,,16.31,16.31
flood,Nepal,NPL,1987,188,0,351000,0,351000,2.63623e+08,0,0,3.22901,9.549e+07,0,0,1980,False,0.0535613,751.063,53.38,52.22
flood,New Zealand,NZL,1987,0,0,700,0,700,0,0,0,0,0,0,0,1980,False,,,8.48,8.48
flood,North Korea,PRK,1987,315,71,20000,0,20071,0,0,0,,0,0,0,1980,False,1.56943,,31.86,31.86
flood,Peru,PER,1987,173,519,27500,500,28519,0,0,0,0,0,0,0,1980,False,0.606613,,30.34,30.34
flood,Poland,POL,1987,0,0,6000,0,6000,1.38037e+09,0,0,,5e+08,0,0,1980,False,,230062,32.45,31.19
flood,Saint Kitts and Nevis,KNA,1987,0,0,0,0,0,1.38e+06,0,0,0.338414,500000,0,0,1980,False,,,14.23,13.39
flood,Saint Vincent and the Grenadines,VCT,1987,0,0,1000,0,1000,1.3804e+07,0,0,2.84769,5e+06,0,0,1980,False,,13804,25.5,24.51
flood,Somalia,SOM,1987,0,0,0,30000,30000,0,0,0,0,0,0,0,1980,False,,,13.35,13.35
flood,South Africa,ZAF,1987,506,0,65000,0,65000,2.11281e+09,6.84663e+08,0,0.792768,7.65305e+08,2.48e+08,0,1980,False,0.778462,32504.7,56.55,55.27
flood,South Korea,KOR,1987,50,0,0,154000,154000,6.0736e+07,0,0,0.0144508,2.2e+07,0,0,1980,False,0.0324675,394.39,46.51,45.44
flood,Spain,ESP,1987,9,0,28000,0,28000,3.54203e+09,0,0,0.4028,1.283e+09,0,0,1980,False,0.0321429,126501,43.01,41.69
flood,Thailand,THA,1987,24,0,0,0,0,1.9877e+07,0,0,0.0142474,7.2e+06,0,0,1980,False,,,27.56,26.55
flood,USSR,OWID_USS,1987,110,0,20000,16000,36000,1.50736e+09,0,0,,5.46e+08,0,0,1980,True,0.305556,41871.2,50.43,49.17
flood,Venezuela,VEN,1987,40,29,0,0,29,0,0,0,0,0,0,0,1980,False,137.931,,16.68,16.68
flood,Afghanistan,AFG,1988,0,0,161000,0,161000,6.89669e+08,0,0,,2.6e+08,0,0,1980,False,,4283.66,36.01,34.79
flood,Argentina,ARG,1988,25,0,4600000,0,4600000,1.29976e+09,0,0,0.386161,4.9e+08,0,0,1980,False,0.000543478,282.557,51.76,50.51
flood,Australia,AUS,1988,16,0,0,0,0,0,0,0,0,0,0,0,1980,False,,,9.37,9.37
flood,Bangladesh,BGD,1988,2440,0,45000000,0,45000000,5.66855e+09,0,0,8.04018,2.137e+09,0,0,1980,False,0.00542222,125.968,71.21,69.87
flood,Benin,BEN,1988,0,0,68000,16000,84000,0,0,0,0,0,0,0,1980,False,,,14.68,14.68
flood,Botswana,BWA,1988,8,7,12000,0,12007,0,0,0,0,0,0,0,1980,False,0.0666278,,19.43,19.43
flood,Brazil,BRA,1988,655,1734,3050000,20000,3071734,2.73215e+09,0,0,0.334544,1.03e+09,0,0,1980,False,0.0213235,889.449,62.66,61.36
flood,Burkina Faso,BFA,1988,16,0,23324,10000,33324,0,0,0,0,0,0,0,1980,False,0.0480134,,22.85,22.85
flood,Cameroon,CMR,1988,2,0,1000,0,1000,0,0,0,0,0,0,0,1980,False,0.2,,12.58,12.58
flood,Canada,CAN,1988,2,0,0,0,0,3.9789e+07,0,0,0.00294476,1.5e+07,0,0,1980,False,,,21.25,20.2
flood,Chad,TCD,1988,43,48,47450,0,47498,0,0,0,0,0,0,0,1980,False,0.0905301,,26.45,26.45
flood,China,CHN,1988,1243,705,25525000,120000,25645705,5.20755e+09,0,0,0.627446,1.96321e+09,0,0,1980,False,0.00484682,203.058,68.17,66.83
flood,Colombia,COL,1988,120,800,130000,0,130800,0,0,0,0,0,0,0,1980,False,0.0917431,,31.11,31.11
flood,Costa Rica,CRI,1988,7,0,10000,2500,12500,2.3873e+07,0,0,0.195032,9e+06,0,0,1980,False,0.056,1909.84,36.19,35.18
flood,Cuba,CUB,1988,23,12,90000,0,90012,0,0,0,0,0,0,0,1980,False,0.0255521,,25.28,25.28
flood,Dominican Republic,DOM,1988,0,0,1191150,0,1191150,0,0,0,0,0,0,0,1980,False,,,18.12,18.12
flood,El Salvador,SLV,1988,33,0,39060,0,39060,0,0,0,0,0,0,0,1980,False,0.0844854,,25.35,25.35
flood,Ethiopia,ETH,1988,45,0,47240,0,47240,0,0,0,0,0,0,0,1980,False,0.0952583,,26.59,26.59
flood,France,FRA,1988,10,0,45000,0,45000,1.32629e+09,0,0,0.0494644,5e+08,0,0,1980,False,0.0222222,29473,42.95,41.69
flood,Gabon,GAB,1988,0,0,10000,0,10000,0,0,0,0,0,0,0,1980,False,,,11.93,11.93
flood,Guatemala,GTM,1988,0,0,6000,0,6000,0,0,0,0,0,0,0,1980,False,,,11.26,11.26
flood,Haiti,HTI,1988,27,1,3700,200,3901,0,0,0,0,0,0,0,1980,False,0.69213,,21.72,21.72
flood,Honduras,HND,1988,19,0,15200,925,16125,0,0,0,0,0,0,0,1980,False,0.117829,,22.45,22.45
flood,Iceland,ISL,1988,0,0,280,0,280,0,0,0,0,0,0,0,1980,False,,,7.3,7.3
flood,India,IND,1988,2100,0,22321000,0,22321000,2.51252e+09,0,0,0.319364,9.472e+08,0,0,1980,False,0.00940818,112.563,68.99,67.7
flood,Indonesia,IDN,1988,179,0,100000,0,100000,1.2202e+07,0,0,0.00545669,4.6e+06,0,0,1980,False,0.179,122.02,48.5,47.53
flood,Iran,IRN,1988,90,0,150000,0,150000,3.97886e+08,0,0,0.121894,1.5e+08,0,0,1980,False,0.06,2652.57,50.28,49.09
flood,Jamaica,JAM,1988,0,0,0,0,0,1.167e+06,0,0,0.0114932,440000,0,0,1980,False,,,14.06,13.23
flood,Japan,JPN,1988,27,0,0,0,0,0,0,0,0,0,0,0,1980,False,,,11.02,11.02
flood,Malaysia,MYS,1988,27,0,60000,0,60000,0,0,0,0,0,0,0,1980,False,0.045,,25.26,25.26
flood,Mali,MLI,1988,17,0,0,10000,10000,0,0,0,0,0,0,0,1980,False,0.17,,21.48,21.48
flood,Nepal,NPL,1988,27,0,0,0,0,0,0,0,0,0,0,0,1980,False,,,11.02,11.02
flood,New Zealand,NZL,1988,1,0,1958,0,1958,0,0,0,0,0,0,0,1980,False,0.0510725,,12.11,12.11
flood,Niger,NER,1988,20,0,80000,0,80000,2.7056e+07,0,0,0.447299,1.02e+07,0,0,1980,False,0.025,338.2,41.91,40.89
flood,Nigeria,NGA,1988,130,0,0,300000,300000,0,0,0,0,0,0,0,1980,False,0.0433333,,32.45,32.45
flood,Pakistan,PAK,1988,196,0,0,1000000,1000000,0,0,0,0,0,0,0,1980,False,0.0196,,35.36,35.36
flood,Paraguay,PRY,1988,0,0,30000,15000,45000,0,0,0,0,0,0,0,1980,False,,,13.87,13.87
flood,Peru,PER,1988,38,0,0,0,0,0,0,0,0,0,0,0,1980,False,,,12.11,12.11
flood,Rwanda,RWA,1988,48,50,21628,0,21678,0,0,0,0,0,0,0,1980,False,0.221423,,25.79,25.79
flood,Senegal,SEN,1988,0,0,0,10000,10000,0,0,0,0,0,0,0,1980,False,,,11.93,11.93
flood,South Africa,ZAF,1988,25,0,0,0,0,0,1.40586e+08,0,0,0,5.3e+07,0,1980,False,,,10.77,10.77
flood,Sudan,SDN,1988,96,0,1500000,1000000,2500000,0,0,0,0,0,0,0,1980,False,0.00384,,34.2,34.2
flood,Tanzania,TZA,1988,0,0,6500,0,6500,0,0,0,0,0,0,0,1980,False,,,11.37,11.37
flood,Thailand,THA,1988,664,1878,1112941,0,1114819,4.48672e+08,0,0,0.274288,1.69146e+08,0,0,1980,False,0.0595612,402.462,59.57,58.38
flood,Turkey,TUR,1988,13,0,1000,500,1500,0,0,0,0,0,0,0,1980,False,0.866667,,18.2,18.2
flood,Venezuela,VEN,1988,66,0,5480,0,5480,0,0,0,0,0,0,0,1980,False,1.20438,,25.05,25.05
flood,West Germany,OWID_GFR,1988,6,0,3500,0,3500,0,0,0,,0,0,0,1980,True,0.171429,,17,17
flood,Angola,AGO,1989,0,0,100000,0,100000,0,0,0,0,0,0,0,1980,False,,,14.91,14.91
flood,Australia,AUS,1989,9,0,0,0,0,0,0,0,0,0,0,0,1980,False,,,7.61,7.61
flood,Bangladesh,BGD,1989,180,0,200000,0,200000,0,0,0,0,0,0,0,1980,False,0.09,,32.99,32.99
flood,Brazil,BRA,1989,137,0,700000,333944,1033944,0,0,0,0,0,0,0,1980,False,0.0132502,,34.22,34.22
flood,Burundi,BDI,1989,12,0,3600,0,3600,0,0,0,0,0,0,0,1980,False,0.333333,,19.08,19.08
flood,Chile,CHL,1989,21,0,0,0,0,0,0,0,0,0,0,0,1980,False,,,10.22,10.22
flood,China,CHN,1989,2000,10000,100000000,0,100010000,7.05737e+09,0,0,0.800561,2.789e+09,0,0,1980,False,0.0019998,70.5666,71.81,70.45
flood,Colombia,COL,1989,16,0,0,0,0,0,0,0,0,0,0,0,1980,False,,,9.37,9.37
flood,Cote d'Ivoire,CIV,1989,0,0,7000,0,7000,0,0,0,0,0,0,0,1980,False,,,11.46,11.46
flood,Djibouti,DJI,1989,10,300,150000,0,150300,2.783e+06,0,0,0.268804,1.1e+06,0,0,1980,False,0.00665336,18.5163,38.3,37.41
flood,Ecuador,ECU,1989,35,0,30000,0,30000,3.7956e+07,0,0,0.107985,1.5e+07,0,0,1980,False,0.116667,1265.2,42.76,41.72
flood,El Salvador,SLV,1989,10,0,0,0,0,0,0,0,0,0,0,0,1980,False,,,7.93,7.93
flood,Fiji,FJI,1989,10,0,0,0,0,0,0,0,0,0,0,0,1980,False,,,7.93,7.93
flood,Ghana,GHA,1989,7,0,2800,0,2800,0,0,0,0,0,0,0,1980,False,0.25,,17.15,17.15
flood,Guatemala,GTM,1989,10,0,0,0,0,0,0,0,0,0,0,0,1980,False,,,7.93,7.93
flood,Haiti,HTI,1989,0,0,24930,0,24930,0,0,0,0,0,0,0,1980,False,,,13.11,13.11
flood,Hong Kong,HKG,1989,3,1,1142,714,1857,0,0,0,0,0,0,0,1980,False,0.161551,,14.33,14.33
flood,India,IND,1989,1609,0,0,2000,2000,0,0,0,0,0,0,0,1980,False,80.45,,34.25,34.25
flood,Indonesia,IDN,1989,18,0,61500,0,61500,0,0,0,0,0,0,0,1980,False,0.0292683,,24.01,24.01
flood,Iran,IRN,1989,0,0,150000,0,150000,5.061e+06,0,0,0.0016598,2e+06,0,0,1980,False,,33.74,30.97,30.05
flood,Japan,JPN,1989,10,0,0,0,0,0,0,0,0,0,0,0,1980,False,,,7.93,7.93
flood,Malawi,MWI,1989,13,0,0,100000,100000,0,0,0,0,0,0,0,1980,False,0.013,,23.63,23.63
flood,Mali,MLI,1989,1,0,14635,0,14635,0,0,0,0,0,0,0,1980,False,0.00683293,,14.71,14.71
flood,Mexico,MEX,1989,40,0,0,0,0,0,0,0,0,0,0,0,1980,False,,,12.28,12.28
flood,Mozambique,MOZ,1989,2,0,0,0,0,0,0,0,,0,0,0,1980,False,,,3.63,3.63
flood,New Zealand,NZL,1989,0,0,154,0,154,0,0,0,0,0,0,0,1980,False,,,6.53,6.53
flood,Pakistan,PAK,1989,20,0,142400,0,142400,0,0,0,0,0,0,0,1980,False,0.0140449,,25.43,25.43
flood,Peru,PER,1989,38,0,0,500,500,0,0,0,0,0,0,0,1980,False,7.6,,20.16,20.16
flood,Philippines,PHL,1989,44,11,307500,0,307511,1.5183e+07,0,0,0.0123676,6e+06,0,0,1980,False,0.0143084,49.3738,45.59,44.6
flood,Somalia,SOM,1989,34,0,50000,0,50000,0,0,0,0,0,0,0,1980,False,0.068,,25.76,25.76
flood,Spain,ESP,1989,12,0,6800,0,6800,9.48911e+08,0,0,0.090479,3.75e+08,0,0,1980,False,0.176471,139546,40.71,39.48
flood,Sri Lanka,LKA,1989,325,1000,300000,200000,501000,8.8565e+07,0,0,0.500911,3.5e+07,0,0,1980,False,0.0648703,176.776,54.55,53.45
flood,Tanzania,TZA,1989,10,0,141056,0,141056,0,0,0,0,0,0,0,1980,False,0.00708938,,23.28,23.28
flood,USSR,OWID_USS,1989,17,0,0,0,0,1.61948e+09,0,0,,6.4e+08,0,0,1980,True,,,30.9,29.63
flood,Yemen Arab Republic,OWID_YAR,1989,38,0,0,150000,150000,0,0,0,,0,0,0,1980,True,0.0253333,,27.54,27.54
flood,Yemen People's Republic,OWID_YPR,1989,25,0,260000,80000,340000,8.3504e+07,0,0,,3.3e+07,0,0,1980,True,0.00735294,245.6,45.62,44.53
flood,Zambia,ZMB,1989,0,0,800000,0,800000,0,0,0,0,0,0,0,1980,False,,,17.6,17.6
flood,Argentina,ARG,1990,21,0,2000,0,2000,0,0,0,0,0,0,0,1990,False,1.05,,20.06,20.06
flood,Australia,AUS,1990,7,0,6243,0,6243,5.27818e+08,0,0,0.0705,2.19848e+08,0,0,1990,False,0.112126,84545.6,38.41,37.21
flood,Bangladesh,BGD,1990,231,1600,2010000,0,2011600,1.4405e+07,0,0,0.0189883,6e+06,0,0,1990,False,0.0114834,7.16097,53.39,52.41
flood,Belize,BLZ,1990,0,0,0,0,0,5.282e+06,0,0,0.402377,2.2e+06,0,0,1990,False,,,15.58,14.66
flood,Brazil,BRA,1990,24,0,2800,0,2800,0,0,0,0,0,0,0,1990,False,0.857143,,20.92,20.92
flood,Canada,CAN,1990,8,0,0,0,0,2.0407e+07,0,0,0.00142599,8.5e+06,0,0,1990,False,,,24.21,23.2
flood,Chile,CHL,1990,0,0,2500,0,2500,0,0,0,0,0,0,0,1990,False,,,10.13,10.13
flood,China,CHN,1990,495,5805,42000000,300000,42305805,1.92787e+09,0,0,0.222093,8.03e+08,0,0,1990,False,0.00117005,45.5699,64.78,63.5
flood,Colombia,COL,1990,10,0,20625,0,20625,0,0,0,0,0,0,0,1990,False,0.0484848,,20.79,20.79
flood,Cuba,CUB,1990,4,0,5000,6000,11000,0,0,0,0,0,0,0,1990,False,0.0363636,,17.37,17.37
flood,Democratic Republic of Congo,COD,1990,23,500,15000,12000,27500,0,0,0,0,0,0,0,1990,False,0.0836364,,23.74,23.74
flood,Ethiopia,ETH,1990,0,0,350000,0,350000,0,0,0,0,0,0,0,1990,False,,,16.53,16.53
flood,Honduras,HND,1990,5,0,42000,6000,48000,2.40083e+08,0,0,2.67776,1e+08,0,0,1990,False,0.0104167,5001.73,39.3,38.15
flood,India,IND,1990,224,0,0,2000,2000,0,0,0,0,0,0,0,1990,False,11.2,,27.75,27.75
flood,Indonesia,IDN,1990,191,0,21000,0,21000,1.1524e+07,0,0,0.0045223,4.8e+06,0,0,1990,False,0.909524,548.762,46.64,45.66
flood,Iran,IRN,1990,0,0,0,0,0,1.85825e+08,0,0,0.0620126,7.74e+07,0,0,1990,False,,,19.17,18.03
flood,Japan,JPN,1990,27,81,0,507,588,4.08142e+09,8.691e+07,0,0.0522595,1.7e+09,3.62e+07,0,1990,False,4.59184,6.94119e+06,41.55,40.23
flood,Kenya,KEN,1990,44,0,0,0,0,0,0,0,0,0,0,0,1990,False,,,12.58,12.58
flood,Lesotho,LSO,1990,22,0,0,0,0,0,0,0,0,0,0,0,1990,False,,,10.37,10.37
flood,Mexico,MEX,1990,45,100,17800,0,17900,1.05637e+08,0,0,0.0168419,4.4e+07,0,0,1990,False,0.251397,5901.51,43.94,42.83
flood,Nepal,NPL,1990,30,0,2500,0,2500,0,0,0,0,0,0,0,1990,False,1.2,,21.48,21.48
flood,Nicaragua,NIC,1990,4,0,106411,0,106411,0,0,0,0,0,0,0,1990,False,0.00375901,,20.31,20.31
flood,Paraguay,PRY,1990,0,0,15000,0,15000,0,0,0,0,0,0,0,1990,False,,,12.45,12.45
flood,Peru,PER,1990,61,0,100,2500,2600,0,0,0,0,0,0,0,1990,False,2.34615,,23.83,23.83
flood,Philippines,PHL,1990,176,0,712736,0,712736,103000,0,0,8.51345e-05,43000,0,0,1990,False,0.0246936,0.144514,46.18,45.49
flood,South Korea,KOR,1990,127,27,189233,0,189260,9.1232e+07,0,0,0.0130108,3.8e+07,0,0,1990,False,0.0671035,482.046,50.22,49.13
flood,Sri Lanka,LKA,1990,33,0,440000,0,440000,0,0,0,0,0,0,0,1990,False,0.0075,,28.48,28.48
flood,Tanzania,TZA,1990,189,0,142000,20868,162868,672000,0,0,0.00452753,280000,0,0,1990,False,0.116045,4.12604,46.39,45.59
flood,Tunisia,TUN,1990,37,0,152000,0,152000,5.82922e+08,0,0,1.9755,2.428e+08,0,0,1990,False,0.0243421,3835.01,47.79,46.59
flood,Turkey,TUR,1990,69,0,4500,0,4500,3.60125e+08,0,0,0.0995649,1.5e+08,0,0,1990,False,1.53333,80027.8,44.77,43.59
flood,USSR,OWID_USS,1990,19,0,23488,0,23488,4.27108e+08,0,0,,1.779e+08,0,0,1990,True,0.0808924,18184.1,42.94,41.75
flood,United States,USA,1990,38,0,3350,0,3350,1.08038e+08,1.08038e+08,0,0.000754635,4.5e+07,4.5e+07,0,1990,False,1.13433,32250.1,41.24,40.14
flood,Vietnam,VNM,1990,82,200,10000,0,10200,1.741e+06,0,0,0.0112026,725000,0,0,1990,False,0.803922,170.686,41.03,40.17
flood,Yugoslavia,OWID_YGS,1990,0,0,20900,0,20900,1.83928e+09,0,0,,7.661e+08,0,0,1990,True,,88003.8,34.35,33.08
flood,Afghanistan,AFG,1991,1193,0,130000,9400,139400,1.38197e+08,0,0,,6e+07,0,0,1990,False,0.855811,991.37,57.63,56.51
flood,Australia,AUS,1991,5,0,557,0,557,1.33612e+08,0,0,0.0170494,5.56522e+07,0,0,1990,False,0.897666,239878,32.95,31.83
flood,Austria,AUT,1991,5,0,0,0,0,1.8887e+08,0,0,0.0473678,8.2e+07,0,0,1990,False,,,25.11,23.97
flood,Bangladesh,BGD,1991,265,0,2790000,200000,2990000,3.45493e+08,0,0,0.484536,1.5e+08,0,0,1990,False,0.00886288,115.549,57.56,56.38
flood,Benin,BEN,1991,3,0,0,0,0,0,0,0,0,0,0,0,1990,False,,,4.58,4.58
flood,Brazil,BRA,1991,20,0,17000,0,17000,4.607e+06,0,0,0.000583883,2e+06,0,0,1990,False,0.117647,271,38.12,37.21
flood,Cambodia,KHM,1991,100,0,650000,250000,900000,3.45493e+08,0,0,7.29936,1.5e+08,0,0,1990,False,0.0111111,383.881,52.8,51.63
flood,Cameroon,CMR,1991,2,0,0,200,200,0,0,0,0,0,0,0,1990,False,1,,10.5,10.5
flood,Chad,TCD,1991,39,14,0,0,14,0,0,0,0,0,0,0,1990,False,278.571,,15.7,15.7
flood,China,CHN,1991,1861,32227,206000000,4203500,210235727,1.85279e+10,0,0,2.09204,8.04412e+09,0,0,1990,False,0.000885197,88.1294,73.51,72.09
flood,Costa Rica,CRI,1991,1,21,165000,20000,185021,0,0,0,0,0,0,0,1990,False,0.000540479,,18,18
flood,Dominican Republic,DOM,1991,10,0,0,0,0,0,0,0,0,0,0,0,1990,False,,,7.93,7.93
flood,Egypt,EGY,1991,1,8,0,200,208,0,0,0,0,0,0,0,1990,False,0.480769,,9.21,9.21
flood,Germany,DEU,1991,5,0,0,0,0,1.28984e+08,0,0,0.0029854,5.6e+07,0,0,1990,False,,,24.72,23.61
flood,Ghana,GHA,1991,5,0,2000000,0,2000000,0,0,0,0,0,0,0,1990,False,0.00025,,24.71,24.71
flood,India,IND,1991,1016,0,8300000,400000,8700000,5.94249e+08,1.10558e+08,0,0.0955183,2.58e+08,4.8e+07,0,1990,False,0.0116782,68.3045,63.92,62.71
flood,Indonesia,IDN,1991,112,0,240000,0,240000,3.4089e+07,0,0,0.0126906,1.48e+07,0,0,1990,False,0.0466667,142.037,49.13,48.09
flood,Iran,IRN,1991,56,14,200000,15000,215014,9.98246e+08,0,0,0.329237,4.334e+08,0,0,1990,False,0.0260448,4642.7,50.12,48.89
flood,Jamaica,JAM,1991,15,0,550000,1340,551340,6.9099e+07,0,0,0.730601,3e+07,0,0,1990,False,0.00272064,125.329,44.45,43.38
flood,Jordan,JOR,1991,8,0,18000,0,18000,0,0,0,0,0,0,0,1990,False,0.0444444,,19.95,19.95
flood,Laos,LAO,1991,0,0,332000,0,332000,0,0,0,0,0,0,0,1990,False,,,16.46,16.46
flood,Malawi,MWI,1991,472,0,0,150000,150000,5.5279e+07,0,0,0.748413,2.4e+07,0,0,1990,False,0.314667,368.527,53.74,52.68
flood,Mexico,MEX,1991,23,0,0,44000,44000,4.607e+06,0,0,0.000638693,2e+06,0,0,1990,False,0.0522727,104.705,39.8,38.88
flood,Myanmar,MMR,1991,23,0,359976,0,359976,1.83895e+08,0,0,3.85732,7.984e+07,0,0,1990,False,0.00638931,510.854,46.23,45.09
flood,Nepal,NPL,1991,51,32,450,0,482,0,0,0,0,0,0,0,1990,False,10.5809,,21.07,21.07
flood,New Zealand,NZL,1991,0,0,128,0,128,0,0,0,0,0,0,0,1990,False,,,6.29,6.29
flood,Pakistan,PAK,1991,24,0,0,0,0,0,0,0,0,0,0,0,1990,False,,,10.64,10.64
flood,Panama,PAN,1991,12,61,20000,0,20061,0,0,0,0,0,0,0,1990,False,0.0598176,,21.31,21.31
flood,Philippines,PHL,1991,70,0,0,823,823,2.994e+06,0,0,0.00251042,1.3e+06,0,0,1990,False,8.50547,3637.91,37.8,36.91
flood,Romania,ROU,1991,108,0,7000,8000,15000,1.15164e+08,0,0,0.173306,5e+07,0,0,1990,False,0.72,7677.6,46.65,45.54
flood,South Korea,KOR,1991,54,36,0,1500,1536,2.41845e+08,0,0,0.0308052,1.05e+08,0,0,1990,False,3.51562,157451,42.18,41.03
flood,Sri Lanka,LKA,1991,27,0,100000,197151,297151,6.9099e+07,0,0,0.33332,3e+07,0,0,1990,False,0.00908629,232.538,45.5,44.43
flood,Thailand,THA,1991,17,0,14474,2100,16574,3.404e+06,0,0,0.00150456,1.478e+06,0,0,1990,False,0.10257,205.382,37.28,36.38
flood,Turkey,TUR,1991,42,0,500,0,500,5.7582e+07,0,0,0.0165525,2.5e+07,0,0,1990,False,8.4,115164,38.47,37.4
flood,USSR,OWID_USS,1991,2,0,42000,0,42000,4.65725e+09,0,0,,2.022e+09,0,0,1990,True,0.0047619,110887,39.83,38.5
flood,United States,USA,1991,8,0,0,0,0,1.14205e+09,2.39082e+09,0,0.00805169,4.95833e+08,1.038e+09,0,1990,False,,,28.26,27.01
flood,Uruguay,URY,1991,0,0,1500,0,1500,0,0,0,0,0,0,0,1990,False,,,9.47,9.47
flood,Vietnam,VNM,1991,195,14,295000,600,295614,1.07564e+08,0,0,0.485782,4.67e+07,0,0,1990,False,0.0659644,363.866,52.38,51.27
flood,Yemen,YEM,1991,0,0,0,30000,30000,0,0,0,0,0,0,0,1990,False,,,13.35,13.35
flood,Afghanistan,AFG,1992,600,0,4000,0,4000,8.942e+06,447000,0,,4e+06,200000,0,1990,False,15,2235.5,48.01,47.05
flood,Albania,ALB,1992,11,0,35000,0,35000,1.5649e+07,0,0,1.07333,7e+06,0,0,1990,False,0.0314286,447.114,38.44,37.45
flood,Algeria,DZA,1992,21,8,0,2250,2258,2.012e+06,0,0,0.00187488,900000,0,0,1990,False,0.930027,891.054,34.83,33.96
flood,Argentina,ARG,1992,45,0,0,88074,88074,1.14014e+09,0,0,0.222923,5.1e+08,0,0,1990,False,0.0510934,12945.3,48.39,47.15
flood,Bangladesh,BGD,1992,17,200,0,75000,75200,0,0,0,0,0,0,0,1990,False,0.0226064,,24.09,24.09
flood,Bolivia,BOL,1992,4,50,0,40000,40050,4.47116e+08,0,0,3.54367,2e+08,0,0,1990,False,0.00998752,11163.9,39.09,37.9
flood,Brazil,BRA,1992,107,270,145723,1500,147493,5.7678e+07,0,0,0.00786125,2.58e+07,0,0,1990,False,0.0725458,391.056,48.88,47.81
flood,China,CHN,1992,540,2035,210000,472400,684435,1.13813e+09,0,0,0.118809,5.091e+08,0,0,1990,False,0.0788972,1662.88,59.19,57.95
flood,Cuba,CUB,1992,0,0,9127,0,9127,5.79e+06,0,0,0.011727,2.59e+06,0,0,1990,False,,634.382,27.48,26.55
flood,Ecuador,ECU,1992,22,0,125000,80000,205000,4.4712e+07,5.589e+06,0,0.110532,2e+07,2.5e+06,0,1990,False,0.0107317,218.107,43.94,42.88
flood,El Salvador,SLV,1992,2,0,8000,0,8000,0,0,0,0,0,0,0,1990,False,0.025,,15.27,15.27
flood,France,FRA,1992,6,0,5000,0,5000,0,0,0,0,0,0,0,1990,False,0.12,,17.46,17.46
flood,Hong Kong,HKG,1992,5,6,1500,122,1628,1.11779e+08,0,0,0.0479513,5e+07,0,0,1990,False,0.307125,68660.3,34.15,33.05
flood,India,IND,1992,746,0,3070500,500,3071000,6.90682e+08,0,0,0.107197,3.0895e+08,0,0,1990,False,0.0242918,224.905,61.7,60.49
flood,Indonesia,IDN,1992,57,249378,9330,6845,265553,0,0,0,0,0,0,0,1990,False,0.0214646,,29.6,29.6
flood,Iran,IRN,1992,63,0,32500,2500,35000,7.75612e+09,0,0,2.89675,3.4694e+09,0,0,1990,False,0.18,221603,50.22,48.86
flood,Italy,ITA,1992,5,0,3530,0,3530,1.55887e+09,0,0,0.0526978,6.973e+08,0,0,1990,False,0.141643,441606,37.81,36.54
flood,Laos,LAO,1992,10,150,0,0,150,4.8798e+07,0,0,1.93544,2.1828e+07,0,0,1990,False,6.66667,325320,32.24,31.19
flood,Myanmar,MMR,1992,5,0,4625,0,4625,1.23214e+08,0,0,2.28546,5.5115e+07,0,0,1990,False,0.108108,26640.9,35.6,34.49
flood,Netherlands,NLD,1992,0,0,0,0,0,6.1702e+07,1.8555e+07,0,0.00759291,2.76e+07,8.3e+06,0,1990,False,,,18.06,16.98
flood,Pakistan,PAK,1992,1446,0,9888553,2951315,12839868,2.23609e+09,0,0,2.0461,1.00023e+09,0,0,1990,False,0.0112618,174.152,66.92,65.64
flood,Papua New Guinea,PNG,1992,0,0,90000,0,90000,0,0,0,0,0,0,0,1990,False,,,14.77,14.77
flood,Paraguay,PRY,1992,0,0,65575,0,65575,0,0,0,0,0,0,0,1990,False,,,14.36,14.36
flood,Peru,PER,1992,0,0,30000,0,30000,0,0,0,0,0,0,0,1990,False,,,13.35,13.35
flood,Philippines,PHL,1992,79,13,1053657,162,1053832,1.6588e+08,0,0,0.122802,7.42e+07,0,0,1990,False,0.00749645,157.406,51.5,50.37
flood,Puerto Rico,PRI,1992,18,0,600,0,600,4.47116e+08,0,0,0.577527,2e+08,0,0,1990,False,3,745193,38.07,36.88
flood,Russia,RUS,1992,0,0,0,0,0,1.07531e+08,0,0,0.0104499,4.81e+07,0,0,1990,False,,,18.62,17.51
flood,Saint Vincent and the Grenadines,VCT,1992,3,0,200,0,200,0,0,0,0,0,0,0,1990,False,1.5,,11.45,11.45
flood,Serbia and Montenegro,OWID_SRM,1992,1,0,0,6000,6000,0,0,0,,0,0,0,1990,True,0.0166667,,13.56,13.56
flood,South Korea,KOR,1992,5,0,155,123,278,0,0,0,0,0,0,0,1990,False,1.79856,,13.22,13.22
flood,Sri Lanka,LKA,1992,15,0,394810,261140,655950,5.65043e+08,0,0,2.60486,2.5275e+08,0,0,1990,False,0.00228676,861.412,46.8,45.59
flood,Tajikistan,TJK,1992,1346,0,63500,0,63500,6.70674e+08,0,0,15.7187,3e+08,0,0,1990,False,2.11969,10561.8,58.6,57.39
flood,United States,USA,1992,7,0,0,0,0,8.15748e+08,0,0,0.00543173,3.54167e+08,0,0,1990,False,,,27.53,26.3
flood,Uruguay,URY,1992,0,0,4700,0,4700,0,0,0,0,0,0,0,1990,False,,,10.95,10.95
flood,Vietnam,VNM,1992,56,10,102109,7579,109698,1.06637e+08,0,0,0.48343,4.77e+07,0,0,1990,False,0.0510492,972.096,47,45.9
flood,Algeria,DZA,1993,22,16,0,0,16,0,0,0,0,0,0,0,1990,False,137.5,,14.03,14.03
flood,Argentina,ARG,1993,0,0,0,0,0,2.37126e+09,0,0,0.461262,1.092e+09,0,0,1990,False,,,21.73,20.44
flood,Australia,AUS,1993,1,30,15000,5500,20530,9.989e+06,0,0,0.00147168,4.6e+06,0,0,1990,False,0.00487092,486.556,31.37,30.41
flood,Bangladesh,BGD,1993,194,20,15676593,75000,15751613,0,0,0,0,0,0,0,1990,False,0.00123162,,38.89,38.89
flood,Belarus,BLR,1993,0,0,40000,0,40000,2.17148e+08,0,0,0.614437,1e+08,0,0,1990,False,,5428.7,33.04,31.9
flood,Belgium,BEL,1993,0,0,2907,0,2907,3.40754e+07,0,0,0.00698299,1.56923e+07,0,0,1990,False,,11721.8,27.79,26.75
flood,Canada,CAN,1993,0,0,200,0,200,0,0,0,0,0,0,0,1990,False,,,6.87,6.87
flood,Chile,CHL,1993,109,58,1993,1225,3276,7.383e+07,7.383e+07,0,0.0680886,3.4e+07,3.4e+07,0,1990,False,3.32723,22536.6,44.26,43.18
flood,China,CHN,1993,1231,400,7000,0,7400,1.322e+10,0,0,1.36332,6.088e+09,0,0,1990,False,16.6351,1.78649e+06,58.52,57.13
flood,Colombia,COL,1993,63,33,80000,250,80283,0,0,0,0,0,0,0,1990,False,0.0784724,,28.37,28.37
flood,Costa Rica,CRI,1993,9,1,35000,3450,38451,0,0,0,0,0,0,0,1990,False,0.0234064,,21.28,21.28
flood,Cuba,CUB,1993,46,0,540000,32000,572000,3.04008e+08,0,0,0.625915,1.4e+08,0,0,1990,False,0.00804196,531.483,49.56,48.39
flood,Djibouti,DJI,1993,0,0,20000,0,20000,0,0,0,0,0,0,0,1990,False,,,12.82,12.82
flood,Dominican Republic,DOM,1993,30,0,20000,0,20000,0,0,0,0,0,0,0,1990,False,0.15,,24.18,24.18
flood,Ethiopia,ETH,1993,2,0,30000,4800,34800,0,0,0,0,0,0,0,1990,False,0.00574713,,17.17,17.17
flood,France,FRA,1993,4,0,0,0,0,1.30289e+09,7.60019e+08,0,0.0456488,6e+08,3.5e+08,0,1990,False,,,26.45,25.19
flood,Germany,DEU,1993,4,0,92307,0,92307,1.20267e+09,3.608e+08,0,0.0266406,5.53846e+08,1.66154e+08,0,1990,False,0.00433337,13029,41.17,39.92
flood,Guinea,GIN,1993,0,0,6066,0,6066,0,0,0,0,0,0,0,1990,False,,,11.28,11.28
flood,Haiti,HTI,1993,13,0,5000,0,5000,0,0,0,0,0,0,0,1990,False,0.26,,19.75,19.75
flood,Honduras,HND,1993,413,0,82447,0,82447,2.482e+08,0,0,2.72742,1.143e+08,0,0,1990,False,0.500928,3010.42,54.04,52.88
flood,India,IND,1993,1264,0,128003000,60000,128063000,1.62861e+10,0,0,2.68533,7.5e+09,0,0,1990,False,0.000987014,127.173,71.46,70.05
flood,Indonesia,IDN,1993,131,0,267553,0,267553,4.1912e+07,0,0,0.0122153,1.9301e+07,0,0,1990,False,0.0489623,156.649,49.99,48.94
flood,Iran,IRN,1993,781,3,484725,14000,498728,2.66289e+09,0,0,1.9238,1.2263e+09,0,0,1990,False,0.156598,5339.37,60.86,59.56
flood,Ireland,IRL,1993,3,0,3500,0,3500,8.2516e+07,0,0,0.0724949,3.8e+07,0,0,1990,False,0.0857143,23576,33.5,32.41
flood,Jamaica,JAM,1993,9,0,4290,82,4372,2.3886e+07,0,0,0.202203,1.1e+07,0,0,1990,False,0.205855,5463.4,35.57,34.55
flood,Japan,JPN,1993,0,0,4800,0,4800,0,0,0,0,0,0,0,1990,False,,,10.98,10.98
flood,Kazakhstan,KAZ,1993,10,0,30000,0,30000,7.9329e+07,0,0,0.156058,3.6532e+07,0,0,1990,False,0.0333333,2644.3,39.59,38.5
flood,Luxembourg,LUX,1993,0,0,0,0,0,2.1715e+07,0,0,0.0627923,1e+07,0,0,1990,False,,,17.01,16
flood,Malaysia,MYS,1993,30,0,20000,5000,25000,0,0,0,0,0,0,0,1990,False,0.12,,24.47,24.47
flood,Mexico,MEX,1993,65,0,228500,32790,261290,2.0716e+08,0,0,0.0179945,9.54e+07,0,0,1990,False,0.0248766,792.836,49.28,48.13
flood,Nepal,NPL,1993,1048,268,553000,0,553268,4.34297e+08,0,0,5.46442,2e+08,0,0,1990,False,0.18942,784.967,60.14,58.95
flood,Netherlands,NLD,1993,1,0,13000,0,13000,1.15089e+08,0,0,0.0149688,5.3e+07,0,0,1990,False,0.00769231,8853,33.24,32.13
flood,Pakistan,PAK,1993,15,0,261295,0,261295,0,0,0,0,0,0,0,1990,False,0.00574064,,25.32,25.32
flood,Papua New Guinea,PNG,1993,0,0,14000,40000,54000,5.429e+06,0,0,0.0502558,2.5e+06,0,0,1990,False,,100.537,29.72,28.79
flood,Peru,PER,1993,80,0,219000,0,219000,0,0,0,0,0,0,0,1990,False,0.0365297,,30.45,30.45
flood,Philippines,PHL,1993,53,4,348080,0,348084,8.5991e+07,0,0,0.0638334,3.96e+07,0,0,1990,False,0.0152262,247.041,48.1,47.01
flood,Russia,RUS,1993,138,453,14300,0,14753,7.383e+07,0,0,0.00781459,3.4e+07,0,0,1990,False,0.935403,5004.41,46.98,45.9
flood,Senegal,SEN,1993,0,0,5000,0,5000,0,0,0,0,0,0,0,1990,False,,,11.03,11.03
flood,South Africa,ZAF,1993,12,0,0,15000,15000,0,0,0,0,0,0,0,1990,False,0.08,,20.93,20.93
flood,Sri Lanka,LKA,1993,8,0,290000,40000,330000,673000,0,0,0.00299845,310000,0,0,1990,False,0.00242424,2.03939,37.23,36.42
flood,Sudan,SDN,1993,21,0,0,2000,2000,434000,0,0,0.002252,200000,0,0,1990,False,1.05,217,33.13,32.35
flood,Tanzania,TZA,1993,54,30,201513,280,201823,7.622e+06,0,0,0.0567697,3.51e+06,0,0,1990,False,0.0267561,37.7658,45.02,44.07
flood,Thailand,THA,1993,41,254,858763,30328,889345,4.3016e+09,0,0,1.53694,1.98095e+09,0,0,1990,False,0.00461013,4836.82,52.42,51.1
flood,Trinidad and Tobago,TTO,1993,5,0,0,10,10,152000,0,0,0.00149909,70000,0,0,1990,False,50,15200,21.04,20.33
flood,Turkmenistan,TKM,1993,0,0,300,120,420,2.16866e+08,0,0,3.14133,9.987e+07,0,0,1990,False,,516348,27.15,26
flood,Ukraine,UKR,1993,9,0,325000,0,325000,5.18985e+08,0,0,0.36406,2.39e+08,0,0,1990,False,0.00276923,1596.88,44.25,43.05
flood,United Kingdom,GBR,1993,4,0,6000,0,6000,4.06068e+08,1.62861e+08,0,0.0176184,1.87e+08,7.5e+07,0,1990,False,0.0666667,67678,36.54,35.35
flood,United States,USA,1993,98,0,43900,0,43900,2.66875e+10,2.01948e+09,0,0.179192,1.229e+10,9.3e+08,0,1990,False,0.223235,607917,53.2,51.76
flood,Vietnam,VNM,1993,64,0,15000,0,15000,2.1715e+07,0,0,0.075867,1e+07,0,0,1990,False,0.426667,1447.67,43.26,42.25
flood,Yemen,YEM,1993,31,0,9000,12500,21500,3.257e+06,0,0,0.00690074,1.5e+06,0,0,1990,False,0.144186,151.488,39.47,38.57
flood,Algeria,DZA,1994,40,0,1200,30000,31200,0,0,0,0,0,0,0,1990,False,0.128205,,25.68,25.68
flood,Bangladesh,BGD,1994,116,0,325100,70000,395100,0,0,0,0,0,0,0,1990,False,0.0293597,,32.43,32.43
flood,Belgium,BEL,1994,1,0,328,0,328,2.83962e+06,0,0,0.000534005,1.30769e+06,0,0,1990,False,0.304878,8657.37,24.75,23.87
flood,Benin,BEN,1994,0,0,14000,20000,34000,0,0,0,0,0,0,0,1990,False,,,13.51,13.51
flood,Bhutan,BTN,1994,22,0,600,0,600,0,0,0,0,0,0,0,1990,False,3.66667,,18.65,18.65
flood,Burkina Faso,BFA,1994,22,0,66500,0,66500,0,0,0,0,0,0,0,1990,False,0.0330827,,24.75,24.75
flood,Cambodia,KHM,1994,506,0,29000,0,29000,0,0,0,0,0,0,0,1990,False,1.74483,,33.9,33.9
flood,Cameroon,CMR,1994,6,0,0,0,0,0,0,0,0,0,0,0,1990,False,,,6.43,6.43
flood,China,CHN,1994,1564,22385,105900000,5617000,111539385,1.5955e+10,0,0,1.32981,7.5391e+09,0,0,1990,False,0.0014022,143.044,71.96,70.56
flood,Colombia,COL,1994,37,50,9519,8400,17969,0,0,0,0,0,0,0,1990,False,0.20591,,24.71,24.71
flood,Congo,COG,1994,0,0,16500,0,16500,0,0,0,0,0,0,0,1990,False,,,12.57,12.57
flood,Costa Rica,CRI,1994,2,0,2000,556,2556,6.349e+06,0,0,0.0285989,3e+06,0,0,1990,False,0.0782473,2483.96,29.56,28.62
flood,Cuba,CUB,1994,12,0,38600,0,38600,0,0,0,0,0,0,0,1990,False,0.0310881,,22.15,22.15
flood,Democratic Republic of Congo,COD,1994,39,0,0,50,50,0,0,0,0,0,0,0,1990,False,78,,17.29,17.29
flood,Djibouti,DJI,1994,145,0,100000,20000,120000,4.484e+06,0,0,0.430963,2.119e+06,0,0,1990,False,0.120833,37.3667,47.04,46.12
flood,Egypt,EGY,1994,600,0,110660,50000,160660,2.96282e+08,0,0,0.26976,1.4e+08,0,0,1990,False,0.373459,1844.16,56.31,55.15
flood,Ethiopia,ETH,1994,4,14,43000,0,43014,7.407e+06,0,0,0.0492902,3.5e+06,0,0,1990,False,0.0092993,172.2,35.06,34.11
flood,France,FRA,1994,13,0,410,0,410,2.11631e+08,0,0,0.00721593,1e+08,0,0,1990,False,3.17073,516173,35.82,34.67
flood,Germany,DEU,1994,3,0,7693,0,7693,9.32986e+08,3.00667e+07,0,0.0198464,4.39654e+08,1.38462e+07,0,1990,False,0.0389965,121277,36.96,35.73
flood,Greece,GRC,1994,14,0,1000,0,1000,9.26306e+08,0,0,0.380675,4.377e+08,0,0,1990,False,1.4,926306,38.68,37.45
flood,Guatemala,GTM,1994,10,0,600,0,600,0,0,0,0,0,0,0,1990,False,1.66667,,16.21,16.21
flood,Honduras,HND,1994,151,0,0,15500,15500,0,0,0,0,0,0,0,1990,False,0.974194,,29.1,29.1
flood,Hong Kong,HKG,1994,1,17,4000,0,4017,7.8303e+07,0,0,0.0272436,3.7e+07,0,0,1990,False,0.0248942,19492.9,31.33,30.25
flood,India,IND,1994,2015,100,12000000,62500,12062600,3.70353e+08,0,0,0.0534719,1.75e+08,0,0,1990,False,0.0167045,30.7026,66.13,64.95
flood,Indonesia,IDN,1994,59,0,327771,1000,328771,4.9193e+07,0,0,0.0131408,2.3245e+07,0,0,1990,False,0.0179456,149.627,47.81,46.75
flood,Iran,IRN,1994,39,0,95000,0,95000,3.00515e+08,0,0,0.197657,1.42e+08,0,0,1990,False,0.0410526,3163.32,46.69,45.52
flood,Italy,ITA,1994,68,0,7000,10300,17300,1.96816e+10,0,0,0.844112,9.3e+09,0,0,1990,False,0.393064,1.13767e+06,50.49,49.08
flood,Laos,LAO,1994,0,0,190000,0,190000,0,0,0,0,0,0,0,1990,False,,,15.74,15.74
flood,Moldova,MDA,1994,47,0,25000,0,25000,6.34891e+08,0,0,17.6231,3e+08,0,0,1990,False,0.188,25395.6,46.31,45.1
flood,Mongolia,MNG,1994,5,0,0,0,0,0,0,0,0,0,0,0,1990,False,,,5.92,5.92
flood,New Zealand,NZL,1994,0,0,157,0,157,0,0,0,0,0,0,0,1990,False,,,6.56,6.56
flood,Niger,NER,1994,60,0,0,61992,61992,0,0,0,0,0,0,0,1990,False,0.0967867,,27.88,27.88
flood,Nigeria,NGA,1994,30,0,180000,400000,580000,1.40734e+08,0,0,0.0827118,6.65e+07,0,0,1990,False,0.00517241,242.645,47.42,46.3
flood,Pakistan,PAK,1994,316,16,840000,0,840016,1.947e+08,0,0,0.17593,9.2e+07,0,0,1990,False,0.0376183,231.781,55.92,54.78
flood,Peru,PER,1994,85,130,89000,12000,101130,1.05815e+08,0,0,0.111403,5e+07,0,0,1990,False,0.0840502,1046.33,48.25,47.14
flood,Philippines,PHL,1994,62,0,794529,17054,811583,8.765e+06,0,0,0.00566162,4.142e+06,0,0,1990,False,0.00763939,10.7999,47.41,46.45
flood,Romania,ROU,1994,2,0,0,0,0,6.349e+06,0,0,0.00997579,3e+06,0,0,1990,False,,,19.4,18.46
flood,Russia,RUS,1994,46,0,797204,429,797633,5.94681e+08,0,0,0.0711253,2.81e+08,0,0,1990,False,0.00576706,745.557,50.66,49.45
flood,Senegal,SEN,1994,0,0,0,17500,17500,0,0,0,0,0,0,0,1990,False,,,12.65,12.65
flood,Somalia,SOM,1994,100,0,0,0,0,0,0,0,0,0,0,0,1990,False,,,15.26,15.26
flood,South Africa,ZAF,1994,0,0,11000,0,11000,0,0,0,0,0,0,0,1990,False,,,12.05,12.05
flood,Spain,ESP,1994,10,0,0,0,0,0,0,0,0,0,0,0,1990,False,,,7.93,7.93
flood,Sri Lanka,LKA,1994,0,0,0,728150,728150,0,0,0,0,0,0,0,1990,False,,,17.48,17.48
flood,Sudan,SDN,1994,8,0,5965,0,5965,0,0,0,0,0,0,0,1990,False,0.134116,,18.52,18.52
flood,Tajikistan,TJK,1994,0,0,5000,1051,6051,0,0,0,0,0,0,0,1990,False,,,11.28,11.28
flood,Tanzania,TZA,1994,31,0,0,7000,7000,0,0,0,0,0,0,0,1990,False,0.442857,,22.92,22.92
flood,Thailand,THA,1994,102,3,109113,62141,171257,5.67169e+08,0,0,0.182706,2.68e+08,0,0,1990,False,0.0595596,3311.8,51.22,50.01
flood,Togo,TGO,1994,0,0,10000,1500,11500,0,0,0,0,0,0,0,1990,False,,,12.11,12.11
flood,United Kingdom,GBR,1994,7,0,700,0,700,4.99447e+08,9.9255e+07,0,0.0206929,2.36e+08,4.69e+07,0,1990,False,1,713496,35.52,34.32
flood,United States,USA,1994,37,70,14000,0,14070,1.48141e+09,1.48141e+09,0,0.00960584,7e+08,7e+08,0,1990,False,0.262971,105289,45.65,44.39
flood,Venezuela,VEN,1994,26,0,0,0,0,0,4.233e+06,0,0,0,2e+06,0,1990,False,,,10.9,10.9
flood,Vietnam,VNM,1994,310,0,382000,0,382000,4.35958e+08,0,0,1.26486,2.06e+08,0,0,1990,False,0.0811518,1141.25,55.64,54.45
flood,Afghanistan,AFG,1995,27,0,0,7500,7500,0,0,0,,0,0,0,1990,False,0.36,,22.57,22.57
flood,Albania,ALB,1995,4,0,3500,0,3500,0,0,0,0,0,0,0,1990,False,0.114286,,15.89,15.89
flood,Argentina,ARG,1995,0,0,2500,0,2500,0,0,0,0,0,0,0,1990,False,,,10.13,10.13
flood,Azerbaijan,AZE,1995,5,0,1502800,156000,1658800,3.3348e+07,0,0,0.670161,1.62e+07,0,0,1990,False,0.000301423,20.1037,41.91,40.87
flood,Bangladesh,BGD,1995,741,0,14358331,360000,14718331,7.72575e+08,0,0,0.9892,3.753e+08,0,0,1990,False,0.00503454,52.4907,63.82,62.6
flood,Belize,BLZ,1995,0,0,2600,0,2600,1.029e+06,0,0,0.0610806,500000,0,0,1990,False,,395.769,24.12,23.29
flood,Benin,BEN,1995,20,0,115000,8000,123000,6.382e+06,0,0,0.142882,3.1e+06,0,0,1990,False,0.0162602,51.8862,41.01,40.08
flood,Botswana,BWA,1995,20,0,3500,2000,5500,0,0,0,0,0,0,0,1990,False,0.363636,,21.22,21.22
flood,Brazil,BRA,1995,110,0,0,33800,33800,6.176e+06,0,0,0.000389948,3e+06,0,0,1990,False,0.325444,182.722,44.81,43.88
flood,Canada,CAN,1995,0,0,5600,0,5600,1.50892e+08,9.0576e+07,0,0.0120965,7.33e+07,4.4e+07,0,1990,False,,26945,30.13,29.01
flood,Central African Republic,CAF,1995,0,0,1957,1957,3914,0,0,0,0,0,0,0,1990,False,,,10.71,10.71
flood,Chad,TCD,1995,2,0,40343,40343,80686,0,0,0,0,0,0,0,1990,False,0.00247874,,18.26,18.26
flood,Chile,CHL,1995,28,0,0,0,0,0,0,0,0,0,0,0,1990,False,,,11.13,11.13
flood,China,CHN,1995,1618,70411,125500000,1000000,126570411,1.38335e+10,1.63038e+08,0,0.910334,6.72e+09,7.92e+07,0,1990,False,0.00127834,109.295,72.09,70.7
flood,Colombia,COL,1995,69,0,0,86000,86000,0,0,0,0,0,0,0,1990,False,0.0802326,,28.76,28.76
flood,Cuba,CUB,1995,0,0,33180,0,33180,0,0,0,0,0,0,0,1990,False,,,13.48,13.48
flood,Egypt,EGY,1995,7,0,0,3000,3000,0,0,0,0,0,0,0,1990,False,0.233333,,17.24,17.24
flood,El Salvador,SLV,1995,8,0,1500,0,1500,0,0,0,0,0,0,0,1990,False,0.533333,,16.73,16.73
flood,Ethiopia,ETH,1995,27,0,93875,0,93875,1.029e+06,0,0,0.00636521,500000,0,0,1990,False,0.0287617,10.9614,39.78,38.95
flood,Georgia,GEO,1995,1,0,300,0,300,4.529e+06,0,0,0.0816711,2.2e+06,0,0,1990,False,0.333333,15096.7,25.11,24.19
flood,Ghana,GHA,1995,145,0,500000,200000,700000,2.5732e+07,0,0,0.193367,1.25e+07,0,0,1990,False,0.0207143,36.76,51.08,50.06
flood,Guatemala,GTM,1995,31,55,7100,280,7435,0,0,0,0,0,0,0,1990,False,0.416947,,23,23
flood,Honduras,HND,1995,14,0,25000,0,25000,8.234e+06,0,0,0.0856101,4e+06,0,0,1990,False,0.056,329.36,38.09,37.14
flood,India,IND,1995,1514,0,32704000,3000,32707000,5.35742e+08,0,0,0.0722357,2.60252e+08,0,0,1990,False,0.00462898,16.38,66.85,65.65
flood,Indonesia,IDN,1995,134,314,182700,10000,193014,6.94417e+07,0,0,0.0166888,3.37333e+07,0,0,1990,False,0.069425,359.775,50.15,49.07
flood,Iran,IRN,1995,27,11,6000,250,6261,1.97415e+08,0,0,0.0994615,9.59e+07,0,0,1990,False,0.431241,31530.9,41.56,40.42
flood,Japan,JPN,1995,0,0,12000,0,12000,1.5295e+08,0,0,0.00131746,7.43e+07,0,0,1990,False,,12745.8,31.13,30.01
flood,Laos,LAO,1995,0,0,591400,0,591400,0,0,0,0,0,0,0,1990,False,,,17.21,17.21
flood,Libya,LBY,1995,0,0,0,0,0,8.6871e+07,0,0,0.165222,4.22e+07,0,0,1990,False,,,18.4,17.31
flood,Malawi,MWI,1995,1,0,0,1300,1300,0,0,0,0,0,0,0,1990,False,0.0769231,,11.58,11.58
flood,Mauritania,MRT,1995,0,0,408,192,600,0,0,0,0,0,0,0,1990,False,,,8.29,8.29
flood,Morocco,MAR,1995,791,0,38000,0,38000,1.8527e+07,0,0,0.023059,9e+06,0,0,1990,False,2.08158,487.553,52.57,51.57
flood,Myanmar,MMR,1995,51,0,19544,12401,31945,0,0,0,0,0,0,0,1990,False,0.159649,,26.49,26.49
flood,Nepal,NPL,1995,140,0,10000,3000,13000,2.47e+06,0,0,0.0272659,1.2e+06,0,0,1990,False,1.07692,190,43.44,42.56
flood,North Korea,PRK,1995,68,0,5700000,500000,6200000,3.08783e+10,0,0,,1.5e+10,0,0,1990,False,0.00109677,4980.37,58.56,57.12
flood,North Macedonia,MKD,1995,0,0,1500,0,1500,5.04345e+08,0,0,5.20497,2.45e+08,0,0,1990,False,,336230,29.64,28.44
flood,Norway,NOR,1995,1,0,4000,0,4000,6.17565e+08,2.60613e+08,0,0.198566,3e+08,1.266e+08,0,1990,False,0.025,154391,33.41,32.2
flood,Pakistan,PAK,1995,1063,0,1855000,0,1855000,0,0,0,0,0,0,0,1990,False,0.0573046,,41.73,41.73
flood,Panama,PAN,1995,1,0,500,0,500,1.441e+07,0,0,0.0731161,7e+06,0,0,1990,False,0.2,28820,26.93,25.95
flood,Paraguay,PRY,1995,0,0,275000,0,275000,0,0,0,0,0,0,0,1990,False,,,16.22,16.22
flood,Philippines,PHL,1995,476,7,119178,10000,129185,1.44292e+09,0,0,0.828103,7.00942e+08,0,0,1990,False,0.368464,11169.4,56.86,55.6
flood,Romania,ROU,1995,1,0,10687,0,10687,1.38954e+07,0,0,0.0180336,6.75e+06,0,0,1990,False,0.00935716,1300.22,30.86,29.88
flood,Somalia,SOM,1995,20,0,8500,0,8500,0,0,0,0,0,0,0,1990,False,0.235294,,21.78,21.78
flood,South Africa,ZAF,1995,161,0,3500,0,3500,1.60113e+07,0,0,0.00452892,7.77778e+06,0,0,1990,False,4.6,4574.67,44.09,43.09
flood,Sri Lanka,LKA,1995,3,0,0,120000,120000,823000,0,0,0.00306991,400000,0,0,1990,False,0.0025,6.85833,33.44,32.62
flood,Switzerland,CHE,1995,0,0,800,0,800,0,0,0,0,0,0,0,1990,False,,,8.66,8.66
flood,Tanzania,TZA,1995,3,0,1850,20000,21850,0,0,0,0,0,0,0,1990,False,0.01373,,17.52,17.52
flood,Thailand,THA,1995,231,0,4224000,56984,4280984,2.89226e+08,0,0,0.0829991,1.405e+08,0,0,1990,False,0.00539596,67.5606,57.39,56.23
flood,Togo,TGO,1995,3,0,110000,75000,185000,0,0,0,0,0,0,0,1990,False,0.00162162,,20.29,20.29
flood,Turkey,TUR,1995,63,118,300200,6500,306818,1.51304e+08,0,0,0.0313166,7.35e+07,0,0,1990,False,0.0205333,493.139,49.07,47.94
flood,Ukraine,UKR,1995,0,0,1700000,0,1700000,0,0,0,0,0,0,0,1990,False,,,18.58,18.58
flood,United States,USA,1995,11,0,115300,0,115300,6.42268e+09,0,0,0.040839,3.12e+09,0,0,1990,False,0.00954033,55704.1,46.04,44.69
flood,Vietnam,VNM,1995,253,0,400000,0,400000,1.77035e+08,0,0,0.414734,8.6e+07,0,0,1990,False,0.06325,442.587,54.13,52.99
flood,Afghanistan,AFG,1996,70,0,9855,0,9855,0,0,0,,0,0,0,1990,False,0.710299,,26,26
flood,Algeria,DZA,1996,4,101,0,0,101,0,0,0,0,0,0,0,1990,False,3.9604,,11.31,11.31
flood,Australia,AUS,1996,5,26,12700,500,13226,6.72576e+08,0,0,0.0836645,3.363e+08,0,0,1990,False,0.0378043,50852.6,38.67,37.46
flood,Austria,AUT,1996,0,0,0,0,0,1e+07,0,0,0.00211907,5e+06,0,0,1990,False,,,16.22,15.26
flood,Bangladesh,BGD,1996,55,0,5828319,0,5828319,1.9999e+07,0,0,0.0215339,1e+07,0,0,1990,False,0.000943668,3.43135,50.4,49.4
flood,Benin,BEN,1996,11,0,147901,826,148727,0,0,0,0,0,0,0,1990,False,0.0073961,,23.64,23.64
flood,Brazil,BRA,1996,15,0,0,7000,7000,0,0,0,0,0,0,0,1990,False,0.214286,,20.63,20.63
flood,Cambodia,KHM,1996,59,0,1300000,0,1300000,3e+06,0,0,0.0427753,1.5e+06,0,0,1990,False,0.00453846,2.30769,46.78,45.89
flood,Canada,CAN,1996,10,0,0,12000,12000,1.45915e+09,5.09782e+08,0,0.115698,7.296e+08,2.549e+08,0,1990,False,0.0833333,121596,41.33,40.07
flood,Central African Republic,CAF,1996,7,0,16000,1500,17500,0,0,0,0,0,0,0,1990,False,0.04,,19.53,19.53
flood,China,CHN,1996,4091,234000,150000000,4440000,154674000,3.78277e+10,0,0,2.17778,1.89145e+10,0,0,1990,False,0.00264492,244.564,76.43,74.97
flood,Colombia,COL,1996,12,0,180000,200,180200,0,0,0,0,0,0,0,1990,False,0.00665927,,24.15,24.15
flood,Costa Rica,CRI,1996,6,0,20000,0,20000,4.99982e+08,0,0,2.1407,2.5e+08,0,0,1990,False,0.03,24999.1,39.42,38.22
flood,Cote d'Ivoire,CIV,1996,28,0,0,0,0,0,0,0,0,0,0,0,1990,False,,,11.13,11.13
flood,Cuba,CUB,1996,3,0,10866,0,10866,0,0,0,0,0,0,0,1990,False,0.0276091,,16.62,16.62
flood,Czechia,CZE,1996,1,0,60,0,60,7.1997e+07,0,0,0.0530941,3.6e+07,0,0,1990,False,1.66667,1.19995e+06,25.83,24.75
flood,Dominican Republic,DOM,1996,3,0,0,1000,1000,0,0,0,0,0,0,0,1990,False,0.3,,13.53,13.53
flood,Egypt,EGY,1996,12,0,260,0,260,0,0,0,0,0,0,0,1990,False,4.61538,,15.68,15.68
flood,Ethiopia,ETH,1996,40,0,90000,25000,115000,0,0,0,0,0,0,0,1990,False,0.0347826,,27.37,27.37
flood,France,FRA,1996,4,0,1380,0,1380,1.2e+07,0,0,0.00037526,6e+06,0,0,1990,False,0.289855,8695.65,31.09,30.12
flood,French Guiana,GUF,1996,0,0,0,70000,70000,0,0,0,,0,0,0,1990,False,,,14.45,14.45
flood,Gambia,GMB,1996,0,0,4000,0,4000,0,0,0,0,0,0,0,1990,False,,,10.74,10.74
flood,Guyana,GUY,1996,0,0,28000,10000,38000,0,0,0,0,0,0,0,1990,False,,,13.65,13.65
flood,Haiti,HTI,1996,18,0,40,0,40,0,0,0,0,0,0,0,1990,False,45,,14.54,14.54
flood,Honduras,HND,1996,7,0,75000,0,75000,6.1998e+07,0,0,0.64599,3.1e+07,0,0,1990,False,0.00933333,826.64,39.47,38.4
flood,Hungary,HUN,1996,0,0,0,200,200,0,0,0,0,0,0,0,1990,False,,,6.87,6.87
flood,India,IND,1996,1291,10,7170000,100000,7270010,3.87947e+08,0,0,0.0493717,1.9398e+08,0,0,1990,False,0.0177579,53.3627,64.05,62.87
flood,Indonesia,IDN,1996,93,186,891471,0,891657,1.15913e+09,0,0,0.254694,5.79097e+08,0,0,1990,False,0.01043,1299.97,53.77,52.52
flood,Iran,IRN,1996,49,0,2000,2000,4000,7.3857e+07,0,0,0.0306718,3.693e+07,0,0,1990,False,1.225,18464.2,41.91,40.83
flood,Italy,ITA,1996,19,0,500,0,500,6.3998e+07,2.5999e+07,0,0.00243387,3.2e+07,1.3e+07,0,1990,False,3.8,127996,36.05,34.97
flood,Kenya,KEN,1996,0,0,0,1000,1000,0,0,0,0,0,0,0,1990,False,,,8.95,8.95
flood,Laos,LAO,1996,30,0,420000,0,420000,0,0,0,0,0,0,0,1990,False,0.00714286,,28.12,28.12
flood,Malaysia,MYS,1996,0,0,418,0,418,0,0,0,0,0,0,0,1990,False,,,7.82,7.82
flood,Mexico,MEX,1996,0,0,9000,0,9000,0,0,0,0,0,0,0,1990,False,,,11.79,11.79
flood,Mongolia,MNG,1996,41,0,0,0,0,0,0,0,0,0,0,0,1990,False,,,12.36,12.36
flood,Morocco,MAR,1996,25,0,60000,0,60000,1.09996e+08,0,0,0.127428,5.5e+07,0,0,1990,False,0.0416667,1833.27,43.66,42.55
flood,Nepal,NPL,1996,788,132,138600,13650,152382,0,0,0,0,0,0,0,1990,False,0.517121,,37.51,37.51
flood,North Korea,PRK,1996,116,0,3270000,0,3270000,4.39984e+09,0,0,,2.2e+09,0,0,1990,False,0.0035474,1345.52,57.52,56.19
flood,Pakistan,PAK,1996,111,0,1300000,0,1300000,0,0,0,0,0,0,0,1990,False,0.00853846,,33.83,33.83
flood,Philippines,PHL,1996,0,0,0,96000,96000,0,0,0,0,0,0,0,1990,False,,,14.85,14.85
flood,Portugal,PRT,1996,11,0,3050,0,3050,2.5999e+07,0,0,0.010601,1.3e+07,0,0,1990,False,0.360656,8524.26,35.79,34.77
flood,Romania,ROU,1996,1,0,8313,0,8313,1.08076e+07,0,0,0.0142134,5.25e+06,0,0,1990,False,0.0120294,1300.08,30.28,29.31
flood,Russia,RUS,1996,4,0,234000,0,234000,5.96779e+08,0,0,0.0761759,2.984e+08,0,0,1990,False,0.0017094,2550.34,41.67,40.46
flood,Sierra Leone,SLE,1996,12,0,200000,0,200000,0,0,0,0,0,0,0,1990,False,0.006,,24.28,24.28
flood,Somalia,SOM,1996,3,0,100,0,100,0,0,0,0,0,0,0,1990,False,3,,10.56,10.56
flood,South Africa,ZAF,1996,80,30,8000,500,8530,1.82947e+07,0,0,0.0055639,9.08222e+06,0,0,1990,False,0.937866,2144.74,43.08,42.08
flood,South Korea,KOR,1996,85,0,31865,28500,60365,2.39992e+08,0,0,0.0190115,1.2e+08,0,0,1990,False,0.14081,3975.68,48.4,47.25
flood,Spain,ESP,1996,13,0,0,0,0,1.15316e+09,0,0,0.0897779,5.766e+08,0,0,1990,False,,,29.73,28.48
flood,Sri Lanka,LKA,1996,0,0,0,10000,10000,0,0,0,0,0,0,0,1990,False,,,11.93,11.93
flood,Sudan,SDN,1996,152,18500,46200,55700,120400,0,0,0,0,0,0,0,1990,False,0.126246,,31.78,31.78
flood,Tajikistan,TJK,1996,0,0,180000,0,180000,0,0,0,0,0,0,0,1990,False,,,15.67,15.67
flood,Thailand,THA,1996,91,0,5000000,0,5000000,1e+06,0,0,0.000273171,500000,0,0,1990,False,0.00182,0.2,48.83,48
flood,Trinidad and Tobago,TTO,1996,0,0,200,0,200,0,0,0,0,0,0,0,1990,False,,,6.87,6.87
flood,Ukraine,UKR,1996,0,0,10000,0,10000,0,0,0,0,0,0,0,1990,False,,,11.93,11.93
flood,United States,USA,1996,61,0,236327,0,236327,4.31485e+09,9.49966e+08,0,0.0267245,2.1575e+09,4.75e+08,0,1990,False,0.0258117,18258,52,50.67
flood,Venezuela,VEN,1996,0,0,35000,16500,51500,0,0,0,0,0,0,0,1990,False,,,14.05,14.05
flood,Vietnam,VNM,1996,222,0,375000,0,375000,3.02789e+08,0,0,0.614013,1.514e+08,0,0,1990,False,0.0592,807.437,54.15,52.99
flood,Yemen,YEM,1996,345,0,129000,114210,243210,2.41991e+09,0,0,18.6264,1.21e+09,0,0,1990,False,0.141853,9949.9,57.14,55.85
flood,Afghanistan,AFG,1997,70,0,20000,750,20750,0,0,0,,0,0,0,1990,False,0.337349,,26.96,26.96
flood,Albania,ALB,1997,0,0,8000,0,8000,0,0,0,0,0,0,0,1990,False,,,11.64,11.64
flood,Algeria,DZA,1997,4,0,0,3000,3000,0,0,0,0,0,0,0,1990,False,0.133333,,15.69,15.69
flood,Argentina,ARG,1997,0,0,12500,0,12500,0,0,0,0,0,0,0,1990,False,,,12.21,12.21
flood,Armenia,ARM,1997,4,0,7000,0,7000,1.5634e+07,0,0,0.487956,8e+06,0,0,1990,False,0.0571429,2233.43,33.46,32.47
flood,Australia,AUS,1997,0,0,400,0,400,0,0,0,0,0,0,0,1990,False,,,7.76,7.76
flood,Austria,AUT,1997,3,0,0,0,0,3.41993e+08,0,0,0.0826545,1.75e+08,0,0,1990,False,,,24.36,23.19
flood,Azerbaijan,AZE,1997,11,0,75000,0,75000,4.8856e+07,0,0,0.630937,2.5e+07,0,0,1990,False,0.0146667,651.413,40.57,39.51
flood,Bangladesh,BGD,1997,79,30,800000,100000,900030,4.47522e+08,0,0,0.474667,2.29e+08,0,0,1990,False,0.00877749,497.23,52.29,51.1
flood,Benin,BEN,1997,0,0,51000,0,51000,0,0,0,0,0,0,0,1990,False,,,14.04,14.04
flood,Bolivia,BOL,1997,56,0,190000,0,190000,1.36798e+08,0,0,0.883199,7e+07,0,0,1990,False,0.0294737,719.989,47.96,46.84
flood,Brazil,BRA,1997,90,200,0,62000,62200,0,0,0,0,0,0,0,1990,False,0.144695,,29.21,29.21
flood,Bulgaria,BGR,1997,0,0,55,0,55,0,0,0,0,0,0,0,1990,False,,,5.21,5.21
flood,Canada,CAN,1997,4,0,29000,0,29000,2.34509e+08,3.908e+06,0,0.018321,1.2e+08,2e+06,0,1990,False,0.0137931,8086.52,38.03,36.87
flood,Chile,CHL,1997,22,0,65800,11000,76800,3.56454e+08,0,0,0.212733,1.824e+08,0,0,1990,False,0.0286458,4641.33,44.75,43.58
flood,China,CHN,1997,1090,26229,7300000,363000,7689229,4.76758e+09,0,0,0.252089,2.4396e+09,0,0,1990,False,0.0141757,620.033,66.09,64.76
flood,Colombia,COL,1997,2,0,15000,0,15000,5.863e+06,0,0,0.00281269,3e+06,0,0,1990,False,0.0133333,390.867,31.77,30.84
flood,Cuba,CUB,1997,0,0,35000,0,35000,0,0,0,0,0,0,0,1990,False,,,13.55,13.55
flood,Czechia,CZE,1997,29,2409,87725,11973,102107,3.61535e+09,6.05816e+08,0,2.95812,1.85e+09,3.1e+08,0,1990,False,0.0284016,35407.5,48.33,47.02
flood,Democratic Republic of Congo,COD,1997,0,0,26000,9506,35506,0,0,0,0,0,0,0,1990,False,,,13.57,13.57
flood,Ecuador,ECU,1997,137,46,29599,2009,31654,2.6771e+08,0,0,0.486431,1.36989e+08,0,0,1990,False,0.432805,8457.38,49.24,48.08
flood,Egypt,EGY,1997,4,0,0,0,0,1.954e+06,0,0,0.00127492,1e+06,0,0,1990,False,,,19.9,19.04
flood,Ethiopia,ETH,1997,326,22,65000,0,65022,0,0,0,0,0,0,0,1990,False,0.501369,,33.49,33.49
flood,Georgia,GEO,1997,7,0,300,200,500,5.765e+07,0,0,0.840331,2.95e+07,0,0,1990,False,1.4,115300,32.91,31.84
flood,Germany,DEU,1997,1,0,6500,0,6500,7.03528e+08,6.8399e+07,0,0.0162251,3.6e+08,3.5e+07,0,1990,False,0.0153846,108235,34.17,32.95
flood,Greece,GRC,1997,9,0,0,0,0,3.12679e+08,0,0,0.115302,1.6e+08,0,0,1990,False,,,27.3,26.13
flood,Hong Kong,HKG,1997,80,0,0,0,0,1.9542e+07,0,0,0.00563847,1e+07,0,0,1990,False,,,31.43,30.42
flood,Hungary,HUN,1997,0,0,0,0,0,1.9542e+07,0,0,0.0210977,1e+07,0,0,1990,False,,,16.9,15.9
flood,India,IND,1997,2357,20,30259000,0,30259020,4.39314e+08,1.2116e+07,0,0.0540557,2.248e+08,6.2e+06,0,1990,False,0.00778941,14.5184,68.01,66.82
flood,Iran,IRN,1997,13,0,1400,0,1400,4.8856e+07,0,0,0.0219454,2.5e+07,0,0,1990,False,0.928571,34897.1,35.93,34.87
flood,Israel,ISR,1997,15,0,0,0,0,7.817e+07,4.886e+06,0,0.0335038,4e+07,2.5e+06,0,1990,False,,,27.46,26.37
flood,Jordan,JOR,1997,2,0,0,0,0,1.954e+06,0,0,0.013801,1e+06,0,0,1990,False,,,18.21,17.35
flood,Kenya,KEN,1997,86,0,900000,0,900000,2.306e+07,0,0,0.0899681,1.18e+07,0,0,1990,False,0.00955556,25.6222,49.58,48.57
flood,Kuwait,KWT,1997,2,0,200,0,200,0,0,0,0,0,0,0,1990,False,1,,10.5,10.5
flood,Malawi,MWI,1997,0,0,400000,0,400000,0,0,0,0,0,0,0,1990,False,,,16.7,16.7
flood,Moldova,MDA,1997,9,0,2148,96,2244,9.7712e+07,0,0,2.59056,5e+07,0,0,1990,False,0.40107,43543.7,36.12,35.02
flood,Morocco,MAR,1997,60,0,0,0,0,0,0,0,0,0,0,0,1990,False,,,13.59,13.59
flood,Mozambique,MOZ,1997,35,0,400000,0,400000,0,0,0,0,0,0,0,1990,False,0.00875,,28.55,28.55
flood,Myanmar,MMR,1997,68,0,103650,33768,137418,0,0,0,0,0,0,0,1990,False,0.0494841,,29.32,29.32
flood,New Zealand,NZL,1997,0,0,200,0,200,0,0,0,0,0,0,0,1990,False,,,6.87,6.87
flood,North Korea,PRK,1997,0,0,0,29000,29000,0,0,0,,0,0,0,1990,False,,,13.3,13.3
flood,Pakistan,PAK,1997,171,56,836328,15000,851384,0,0,0,0,0,0,0,1990,False,0.0200849,,34.7,34.7
flood,Paraguay,PRY,1997,0,0,75000,0,75000,3.297e+06,0,0,0.0169289,1.687e+06,0,0,1990,False,,43.96,29.64,28.75
flood,Philippines,PHL,1997,18,0,105000,0,105000,149000,0,0,8.07597e-05,76000,0,0,1990,False,0.0171429,1.41905,36.7,35.98
flood,Poland,POL,1997,55,0,162500,62000,224500,6.83986e+09,8.7941e+08,0,2.18895,3.5e+09,4.5e+08,0,1990,False,0.0244989,30467.1,52.06,50.71
flood,Romania,ROU,1997,20,0,0,122320,122320,2.14967e+08,0,0,0.309204,1.1e+08,0,0,1990,False,0.0163506,1757.41,44.55,43.4
flood,Russia,RUS,1997,2,0,500,0,500,3.40234e+08,0,0,0.0429952,1.741e+08,0,0,1990,False,0.4,680468,31.46,30.28
flood,Seychelles,SYC,1997,5,2,1125,110,1237,3.322e+06,0,0,0.283822,1.7e+06,0,0,1990,False,0.404204,2685.53,30.26,29.36
flood,Slovakia,SVK,1997,1,0,10000,0,10000,1.17255e+08,0,0,0.272396,6e+07,0,0,1990,False,0.01,11725.5,32.92,31.81
flood,Somalia,SOM,1997,2311,0,1002000,230000,1232000,0,0,0,0,0,0,0,1990,False,0.187581,,43.77,43.77
flood,South Africa,ZAF,1997,0,7,300,0,307,0,0,0,0,0,0,0,1990,False,,,7.42,7.42
flood,South Korea,KOR,1997,15,0,0,115,115,3.225e+06,0,0,0.00028004,1.65e+06,0,0,1990,False,13.0435,28043.5,30.41,29.51
flood,Spain,ESP,1997,5,0,400,0,400,0,0,0,0,0,0,0,1990,False,1.25,,13.68,13.68
flood,Sri Lanka,LKA,1997,10,0,5000,0,5000,821000,0,0,0.00278295,420000,0,0,1990,False,0.2,164.2,32.66,31.85
flood,Sudan,SDN,1997,8,0,100000,0,100000,0,0,0,0,0,0,0,1990,False,0.008,,22.17,22.17
flood,Switzerland,CHE,1997,0,0,0,0,0,1.33866e+08,6.6835e+07,0,0.0229198,6.85e+07,3.42e+07,0,1990,False,,,18.84,17.72
flood,Taiwan,TWN,1997,10,0,0,0,0,1.13932e+08,0,0,,5.83e+07,0,0,1990,False,,,26.6,25.49
flood,Tanzania,TZA,1997,83,0,8028,2104,10132,0,0,0,0,0,0,0,1990,False,0.819187,,26.59,26.59
flood,Thailand,THA,1997,14,0,0,0,0,0,0,0,0,0,0,0,1990,False,,,8.95,8.95
flood,Uganda,UGA,1997,100,0,150000,3500,153500,1.954e+06,0,0,0.0159507,1e+06,0,0,1990,False,0.0651466,12.7296,45.3,44.44
flood,Ukraine,UKR,1997,0,0,0,0,0,3.3222e+07,0,0,0.0338973,1.7e+07,0,0,1990,False,,,17.43,16.4
flood,United Kingdom,GBR,1997,1,0,1200,0,1200,4.85435e+08,0,0,0.0158285,2.484e+08,0,0,1990,False,0.0833333,404529,31.61,30.41
flood,United States,USA,1997,83,24,197738,400,198162,1.54789e+10,8.80387e+08,0,0.0921883,7.9075e+09,4.505e+08,0,1990,False,0.0418849,78112.3,54.06,52.66
flood,Venezuela,VEN,1997,3,0,0,18000,18000,0,0,0,0,0,0,0,1990,False,0.0166667,,17.27,17.27
flood,Afghanistan,AFG,1998,30,300,0,0,300,0,0,0,,0,0,0,1990,False,10,,18.74,18.74
flood,Argentina,ARG,1998,19,0,360000,0,360000,2.11681e+09,0,0,0.367957,1.1e+09,0,0,1990,False,0.00527778,5880.03,48.09,46.8
flood,Armenia,ARM,1998,0,0,0,144,144,231000,0,0,0.00633671,120000,0,0,1990,False,,1604.17,18.88,18.14
flood,Australia,AUS,1998,20,0,15175,0,15175,7.38959e+08,1.65112e+08,0,0.0959133,3.84e+08,8.58e+07,0,1990,False,0.131796,48695.8,43.09,41.87
flood,Bangladesh,BGD,1998,1050,50,15000000,0,15000050,8.2748e+09,0,0,8.60266,4.3e+09,0,0,1990,False,0.00699998,551.652,67.38,66.02
flood,Belgium,BEL,1998,1,0,140,0,140,1.9244e+07,1.924e+06,0,0.00386805,1e+07,1e+06,0,1990,False,0.714286,137457,25.58,24.58
flood,Benin,BEN,1998,0,0,400000,20000,420000,0,0,0,0,0,0,0,1990,False,,,16.77,16.77
flood,Brazil,BRA,1998,13,0,37000,10500,47500,1.924e+06,0,0,0.000115779,1e+06,0,0,1990,False,0.0273684,40.5053,37.23,36.37
flood,Bulgaria,BGR,1998,1,0,145,0,145,0,0,0,0,0,0,0,1990,False,0.689655,,8.74,8.74
flood,Canada,CAN,1998,3,0,3100,0,3100,0,0,0,0,0,0,0,1990,False,0.0967742,,14.99,14.99
flood,Central African Republic,CAF,1998,0,0,0,9200,9200,0,0,0,0,0,0,0,1990,False,,,11.82,11.82
flood,Chad,TCD,1998,0,0,0,1000,1000,0,0,0,0,0,0,0,1990,False,,,8.95,8.95
flood,China,CHN,1998,4250,123000,225241300,17350000,242714300,6.10864e+10,5.79621e+08,0,3.0607,3.17435e+10,3.012e+08,0,1990,False,0.00175103,251.68,77.62,76.14
flood,Congo,COG,1998,0,0,20000,0,20000,114000,0,0,0.00302645,59000,0,0,1990,False,,5.7,24.54,23.85
flood,Czechia,CZE,1998,6,0,5380,0,5380,1.00067e+08,3.4639e+07,0,0.0773957,5.2e+07,1.8e+07,0,1990,False,0.111524,18599.8,36.1,35
flood,Ecuador,ECU,1998,108,45,17308,0,17353,2.6189e+08,0,0,0.47892,1.34011e+08,0,0,1990,False,0.622371,15091.9,47.66,46.5
flood,Greece,GRC,1998,3,0,900,0,900,0,0,0,0,0,0,0,1990,False,0.333333,,13.39,13.39
flood,India,IND,1998,2131,0,29652200,0,29652200,1.01722e+09,0,0,0.125453,5.286e+08,0,0,1990,False,0.00718665,34.3052,68.5,67.26
flood,Indonesia,IDN,1998,4,0,100000,0,100000,0,0,0,0,0,0,0,1990,False,0.004,,20.23,20.23
flood,Iran,IRN,1998,157,24,40576,16000,56600,2.8577e+08,0,0,0.134661,1.485e+08,0,0,1990,False,0.277385,5048.94,50.51,49.34
flood,Israel,ISR,1998,0,0,1000,0,1000,0,0,0,0,0,0,0,1990,False,,,8.95,8.95
flood,Japan,JPN,1998,16,33,24000,0,24033,0,0,0,0,0,0,0,1990,False,0.0665751,,22.43,22.43
flood,Kenya,KEN,1998,40,0,0,200,200,0,0,0,0,0,0,0,1990,False,20,,19.14,19.14
flood,Kyrgyzstan,KGZ,1998,1,0,0,7728,7728,4.618e+06,0,0,0.145811,2.4e+06,0,0,1990,False,0.01294,597.567,29.33,28.41
flood,Liberia,LBR,1998,10,0,5000,0,5000,0,0,0,0,0,0,0,1990,False,0.2,,18.96,18.96
flood,Madagascar,MDG,1998,0,0,20000,0,20000,0,0,0,0,0,0,0,1990,False,,,12.82,12.82
flood,Malawi,MWI,1998,4,0,15000,0,15000,171000,0,0,0.00349347,89000,0,0,1990,False,0.0266667,11.4,29.9,29.18
flood,Malaysia,MYS,1998,0,0,2500,0,2500,0,0,0,0,0,0,0,1990,False,,,10.13,10.13
flood,Mali,MLI,1998,3,0,1784,4650,6434,0,0,0,0,0,0,0,1990,False,0.0466273,,15.94,15.94
flood,Mexico,MEX,1998,432,0,30000,0,30000,1.15982e+09,0,0,0.108115,6.027e+08,0,0,1990,False,1.44,38660.7,54.43,53.18
flood,Nepal,NPL,1998,310,0,20000,50000,70000,5.1958e+07,0,0,0.555984,2.7e+07,0,0,1990,False,0.442857,742.257,51.31,50.24
flood,Netherlands,NLD,1998,0,0,2000,0,2000,1.01992e+09,3.849e+06,0,0.120836,5.3e+08,2e+06,0,1990,False,,509959,30.72,29.48
flood,New Zealand,NZL,1998,0,0,200,0,200,1.44328e+08,0,0,0.133387,7.5e+07,0,0,1990,False,,721640,25.78,24.66
flood,Niger,NER,1998,0,0,0,20000,20000,0,0,0,0,0,0,0,1990,False,,,12.82,12.82
flood,Nigeria,NGA,1998,15,0,0,107000,107000,0,0,0,0,0,0,0,1990,False,0.0140187,,24.16,24.16
flood,North Korea,PRK,1998,50,172,10000,0,10172,0,0,0,,0,0,0,1990,False,0.491545,,24.95,24.95
flood,Pakistan,PAK,1998,1000,0,200000,0,200000,0,0,0,0,0,0,0,1990,False,0.5,,38.65,38.65
flood,Paraguay,PRY,1998,55,0,0,0,0,9.622e+06,0,0,0.0539929,5e+06,0,0,1990,False,,,29.49,28.53
flood,Poland,POL,1998,9,0,1200,0,1200,0,0,0,0,0,0,0,1990,False,0.75,,16.79,16.79
flood,Romania,ROU,1998,31,0,12000,0,12000,2.88656e+08,0,0,0.359746,1.5e+08,0,0,1990,False,0.258333,24054.7,43.23,42.07
flood,Russia,RUS,1998,14,0,154100,36000,190100,3.1752e+07,0,0,0.00608956,1.65e+07,0,0,1990,False,0.00736454,167.028,42.08,41.05
flood,Senegal,SEN,1998,0,0,300000,0,300000,0,0,0,0,0,0,0,1990,False,,,16.33,16.33
flood,Slovakia,SVK,1998,54,61,10850,756,11667,8.6597e+07,5.773e+06,0,0.196406,4.5e+07,3e+06,0,1990,False,0.462844,7422.39,43.77,42.68
flood,South Korea,KOR,1998,403,0,0,121000,121000,2.84807e+09,0,0,0.372517,1.48e+09,0,0,1990,False,0.333058,23537.8,56.91,55.61
flood,Sri Lanka,LKA,1998,1,0,152655,8571,161226,0,0,0,0,0,0,0,1990,False,0.000620247,,17.82,17.82
flood,Sudan,SDN,1998,103,0,900000,100000,1000000,7.6975e+07,0,0,0.355549,4e+07,0,0,1990,False,0.0103,76.975,51.52,50.44
flood,Taiwan,TWN,1998,3,0,300,0,300,3.6563e+07,0,0,,1.9e+07,0,0,1990,False,1,121877,29.5,28.46
flood,Tajikistan,TJK,1998,51,39,40935,916,41890,1.27009e+08,0,0,4.99924,6.6e+07,0,0,1990,False,0.121747,3031.96,45.63,44.51
flood,Tanzania,TZA,1998,61,0,4600,0,4600,0,0,0,0,0,0,0,1990,False,1.32609,,24.57,24.57
flood,Togo,TGO,1998,0,0,30405,0,30405,0,0,0,0,0,0,0,1990,False,,,13.37,13.37
flood,Turkey,TUR,1998,92,47,1201000,40000,1241047,1.92437e+09,0,0,0.362272,1e+09,0,0,1990,False,0.0074131,1550.6,54.67,53.4
flood,Uganda,UGA,1998,0,0,13000,2200,15200,0,0,0,0,0,0,0,1990,False,,,12.47,12.47
flood,Ukraine,UKR,1998,18,230,0,24340,24570,2.423e+06,0,0,0.00300603,1.259e+06,0,0,1990,False,0.0732601,98.6162,37.62,36.74
flood,United Kingdom,GBR,1998,4,0,18000,0,18000,9.62187e+08,4.80131e+08,0,0.0301056,5e+08,2.495e+08,0,1990,False,0.0222222,53454.8,38.83,37.59
flood,United States,USA,1998,31,0,32000,5000,37000,2.04368e+09,1.37304e+09,0,0.0117182,1.062e+09,7.135e+08,0,1990,False,0.0837838,55234.7,46.66,45.38
flood,Uruguay,URY,1998,1,0,9300,0,9300,9.622e+06,0,0,0.019696,5e+06,0,0,1990,False,0.0107527,1034.62,30.31,29.35
flood,Vietnam,VNM,1998,45,5,31030,1470,32505,2.6364e+07,0,0,0.0503499,1.37e+07,0,0,1990,False,0.13844,811.075,43.31,42.29
flood,Yemen,YEM,1998,70,0,3240,0,3240,0,0,0,0,0,0,0,1990,False,2.16049,,24.56,24.56
flood,Zambia,ZMB,1998,0,0,1300000,0,1300000,3.9835e+07,0,0,0.585119,2.07e+07,0,0,1990,False,,30.6423,35.84,34.8
flood,Zimbabwe,ZWE,1998,36,0,0,0,0,0,0,0,0,0,0,0,1990,False,,,11.94,11.94
flood,Afghanistan,AFG,1999,0,0,500,0,500,0,0,0,,0,0,0,1990,False,,,8.05,8.05
flood,Algeria,DZA,1999,12,2,0,700,702,0,0,0,0,0,0,0,1990,False,1.7094,,16.97,16.97
flood,Austria,AUT,1999,3,0,0,0,0,6.0261e+07,0,0,0.0147859,3.2e+07,0,0,1990,False,,,22.62,21.55
flood,Bangladesh,BGD,1999,196,170,471250,24000,495420,0,0,0,0,0,0,0,1990,False,0.0395624,,34.45,34.45
flood,Belarus,BLR,1999,2,0,2000,0,2000,8.248e+06,0,0,0.0360836,4.38e+06,0,0,1990,False,0.1,4124,29.51,28.55
flood,Benin,BEN,1999,3,0,47000,10469,57469,405000,0,0,0.00584653,215000,0,0,1990,False,0.00522021,7.04728,31.77,31
flood,Bolivia,BOL,1999,0,0,1000,600,1600,0,0,0,0,0,0,0,1990,False,,,9.55,9.55
flood,Brazil,BRA,1999,7,0,0,0,0,0,0,0,0,0,0,0,1990,False,,,6.87,6.87
flood,Burkina Faso,BFA,1999,6,0,800,760,1560,0,0,0,0,0,0,0,1990,False,0.384615,,15.95,15.95
flood,Cambodia,KHM,1999,7,0,634574,25805,660379,942000,0,0,0.0142157,500000,0,0,1990,False,0.00106,1.42645,38.07,37.25
flood,Cameroon,CMR,1999,24,0,0,1000,1000,0,0,0,0,0,0,0,1990,False,2.4,,19.59,19.59
flood,Central African Republic,CAF,1999,0,0,20000,25919,45919,0,0,0,0,0,0,0,1990,False,,,13.9,13.9
flood,Chad,TCD,1999,0,0,128506,45000,173506,0,0,0,0,0,0,0,1990,False,,,15.62,15.62
flood,China,CHN,1999,1185,24000,104928000,2245000,107197000,1.74276e+10,0,0,0.83838,9.2544e+09,0,0,1990,False,0.00110544,162.575,71.08,69.67
flood,Colombia,COL,1999,41,40,100000,51350,151390,6000,0,0,3.48084e-06,3000,0,0,1990,False,0.0270824,0.0396327,36.56,36.04
flood,Congo,COG,1999,2,0,40000,2000,42000,0,0,0,0,0,0,0,1990,False,0.0047619,,17.42,17.42
flood,Costa Rica,CRI,1999,9,0,5372,4621,9993,1.883e+06,0,0,0.00701515,1e+06,0,0,1990,False,0.090063,188.432,34.08,33.22
flood,Democratic Republic of Congo,COD,1999,2,0,65000,13000,78000,0,0,0,0,0,0,0,1990,False,0.0025641,,18.22,18.22
flood,El Salvador,SLV,1999,7,0,5450,0,5450,2.825e+06,0,0,0.0132929,1.5e+06,0,0,1990,False,0.12844,518.349,32.97,32.08
flood,Ethiopia,ETH,1999,48,0,22255,125000,147255,5.085e+06,0,0,0.0342076,2.7e+06,0,0,1990,False,0.0325965,34.5319,43.82,42.9
flood,France,FRA,1999,36,5,3900,200,4105,9.41585e+08,7.19371e+08,0,0.0336267,5e+08,3.82e+08,0,1990,False,0.876979,229375,43.51,42.28
flood,Gambia,GMB,1999,53,0,27000,5000,32000,0,0,0,0,0,0,0,1990,False,0.165625,,26.62,26.62
flood,Germany,DEU,1999,7,0,100000,0,100000,8.09763e+08,1.41238e+08,0,0.019423,4.3e+08,7.5e+07,0,1990,False,0.007,8097.63,42.43,41.2
flood,Ghana,GHA,1999,52,29,291573,33000,324602,3.9547e+07,0,0,0.272087,2.1e+07,0,0,1990,False,0.0160196,121.832,47.17,46.12
flood,Guatemala,GTM,1999,12,0,2283,3740,6023,1.883e+06,0,0,0.00545899,1e+06,0,0,1990,False,0.199236,312.635,34.29,33.43
flood,Haiti,HTI,1999,13,0,0,50,50,0,0,0,0,0,0,0,1990,False,26,,13.82,13.82
flood,Honduras,HND,1999,34,1,500000,3000,503001,2.825e+06,0,0,0.0234592,1.5e+06,0,0,1990,False,0.00675943,5.61629,43.71,42.82
flood,Hungary,HUN,1999,10,0,131441,2054,133495,5.52522e+08,2.0715e+07,0,0.596824,2.934e+08,1.1e+07,0,1990,False,0.00749092,4138.9,43.47,42.27
flood,India,IND,1999,554,0,27620000,0,27620000,4.52e+06,0,0,0.00052308,2.4e+06,0,0,1990,False,0.00200579,0.16365,58.5,57.59
flood,Indonesia,IDN,1999,12,0,16000,0,16000,0,0,0,0,0,0,0,1990,False,0.075,,21.01,21.01
flood,Iran,IRN,1999,81,124,25250,0,25374,8.0976e+07,0,5.65e+06,0.0377695,4.3e+07,0,3e+06,1990,False,0.319224,3191.3,46.03,44.94
flood,Japan,JPN,1999,60,28,24000,111,24139,2.01499e+08,0,0,0.00228194,1.07e+08,0,0,1990,False,0.24856,8347.45,45.91,44.76
flood,Malawi,MWI,1999,0,0,2000,0,2000,0,0,0,0,0,0,0,1990,False,,,9.84,9.84
flood,Malaysia,MYS,1999,1,0,2000,0,2000,0,0,0,0,0,0,0,1990,False,0.05,,12.13,12.13
flood,Mali,MLI,1999,2,0,2000,200,2200,0,0,0,0,0,0,0,1990,False,0.0909091,,13.6,13.6
flood,Mauritania,MRT,1999,0,0,3800,20000,23800,0,0,0,0,0,0,0,1990,False,,,13.05,13.05
flood,Mexico,MEX,1999,654,160,532200,86000,618360,8.49874e+08,1.03574e+08,0,0.0714931,4.513e+08,5.5e+07,0,1990,False,0.105764,1374.4,59.4,58.17
flood,Moldova,MDA,1999,0,0,960,753,1713,7.533e+06,0,0,0.341652,4e+06,0,0,1990,False,,4397.55,25.58,24.64
flood,Mozambique,MOZ,1999,23,0,70000,0,70000,2.3351e+07,0,0,0.197288,1.24e+07,0,0,1990,False,0.0328571,333.586,42.03,41.02
flood,Myanmar,MMR,1999,22,0,0,50000,50000,0,0,0,0,0,0,0,1990,False,0.044,,24.38,24.38
flood,Nepal,NPL,1999,170,68,18000,0,18068,3.766e+06,0,0,0.0397327,2e+06,0,0,1990,False,0.94089,208.435,44.93,44.03
flood,New Zealand,NZL,1999,0,0,350,0,350,0,0,0,0,0,0,0,1990,False,,,7.59,7.59
flood,Nicaragua,NIC,1999,11,0,100000,7105,107105,942000,0,0,0.0102965,500000,0,0,1990,False,0.0102703,8.79511,37.06,36.24
flood,Niger,NER,1999,14,0,11606,12789,24395,0,0,0,0,0,0,0,1990,False,0.0573888,,22.03,22.03
flood,Nigeria,NGA,1999,89,0,80000,37000,117000,0,0,0,0,0,0,0,1990,False,0.0760684,,29.99,29.99
flood,North Korea,PRK,1999,42,94,39136,2905,42135,3.766e+06,0,0,,2e+06,0,0,1990,False,0.0996796,89.3794,41.46,40.56
flood,Pakistan,PAK,1999,34,43,0,1000,1043,0,0,0,0,0,0,0,1990,False,3.25983,,20.75,20.75
flood,Panama,PAN,1999,1,0,500,395,895,0,0,0,0,0,0,0,1990,False,0.111732,,11.09,11.09
flood,Papua New Guinea,PNG,1999,2,0,0,38000,38000,8.1406e+07,0,0,1.24324,4.3228e+07,0,0,1990,False,0.00526316,2142.26,35.62,34.53
flood,Peru,PER,1999,74,1200,240000,250000,491200,0,0,0,0,0,0,0,1990,False,0.0150651,,31.24,31.24
flood,Philippines,PHL,1999,164,111,2100250,4655,2105016,4.5196e+07,0,0,0.0280242,2.4e+07,0,0,1990,False,0.00779091,21.4706,53.48,52.42
flood,Romania,ROU,1999,34,25,8418,590,9033,1.1299e+08,0,0,0.166884,6e+07,0,0,1990,False,0.376398,12508.6,42.21,41.11
flood,Russia,RUS,1999,0,0,0,1200,1200,0,0,0,0,0,0,0,1990,False,,,9.18,9.18
flood,Serbia and Montenegro,OWID_SRM,1999,11,0,60639,10369,71008,0,0,0,,0,0,0,1990,True,0.0154912,,22.68,22.68
flood,Slovakia,SVK,1999,2,0,35207,941,36148,2.13363e+08,0,0,0.54436,1.133e+08,0,0,1990,False,0.00553281,5902.48,36.53,35.38
flood,South Africa,ZAF,1999,27,0,2300,0,2300,3.691e+07,0,0,0.0129358,1.96e+07,0,0,1990,False,1.17391,16047.8,38.58,37.54
flood,South Korea,KOR,1999,64,0,24408,5800,30208,6.25212e+08,1.883e+06,0,0.0643789,3.32e+08,1e+06,0,1990,False,0.211864,20696.9,47.55,46.34
flood,Sri Lanka,LKA,1999,8,0,136830,441429,578259,0,0,0,0,0,0,0,1990,False,0.00138346,,24.44,24.44
flood,Sudan,SDN,1999,38,0,235841,45000,280841,0,0,0,0,0,0,0,1990,False,0.0135308,,28.36,28.36
flood,Switzerland,CHE,1999,3,0,0,0,0,6.21446e+08,4.70792e+08,0,0.109304,3.3e+08,2.5e+08,0,1990,False,,,24.96,23.75
flood,Tajikistan,TJK,1999,27,23,6366,3003,9392,1.1589e+07,0,0,0.566347,6.154e+06,0,0,1990,False,0.287479,1233.92,39.23,38.26
flood,Thailand,THA,1999,22,0,283562,200,283762,2.4984e+07,0,0,0.0104737,1.3267e+07,0,0,1990,False,0.00775298,88.0456,43.77,42.75
flood,Togo,TGO,1999,0,0,65000,0,65000,0,0,0,0,0,0,0,1990,False,,,14.35,14.35
flood,United Kingdom,GBR,1999,0,0,800,0,800,6.1361e+07,0,0,0.00192411,3.2584e+07,0,0,1990,False,,76701.2,26.71,25.64
flood,United States,USA,1999,0,0,100,0,100,565000,0,0,3.11489e-06,300000,0,0,1990,False,,5650,19.31,18.52
flood,Venezuela,VEN,1999,30005,3068,417547,122888,543503,5.95082e+09,7.53268e+08,0,3.22538,3.16e+09,4e+08,0,1990,False,5.52067,10949,73.84,72.49
flood,Vietnam,VNM,1999,789,576,5639150,143555,5783281,5.82841e+08,0,0,1.07901,3.095e+08,0,0,1990,False,0.0136428,100.78,62.54,61.33
flood,Yemen,YEM,1999,0,0,12250,7500,19750,0,0,0,0,0,0,0,1990,False,,,12.81,12.81
flood,Algeria,DZA,2000,28,0,100,0,100,0,0,0,0,0,0,0,2000,False,28,,17.11,17.11
flood,Angola,AGO,2000,46,11,70000,9000,79011,1.8217e+07,0,0,0.109534,1e+07,0,0,2000,False,0.0582197,230.563,44.16,43.16
flood,Argentina,ARG,2000,13,40,30000,7800,37840,5.46496e+08,0,0,0.105558,3e+08,0,0,2000,False,0.0343552,14442.3,42.63,41.42
flood,Australia,AUS,2000,0,0,600,0,600,4.82738e+08,0,0,0.0635641,2.65e+08,0,0,2000,False,,804563,28.41,27.22
flood,Bangladesh,BGD,2000,43,60,2667138,12000,2679198,9.10827e+08,0,0,0.93686,5e+08,0,0,2000,False,0.00160496,339.963,52.44,51.21
flood,Bhutan,BTN,2000,200,0,0,1000,1000,0,0,0,0,0,0,0,2000,False,20,,26.48,26.48
flood,Bolivia,BOL,2000,30,10,7000,0,7010,0,0,0,0,0,0,0,2000,False,0.42796,,22.82,22.82
flood,Botswana,BWA,2000,3,0,106776,32000,138776,9.108e+06,0,0,0.0863807,5e+06,0,0,2000,False,0.00216176,65.6309,36.05,35.09
flood,Brazil,BRA,2000,48,0,17000,70000,87000,0,0,0,0,0,0,0,2000,False,0.0551724,,27.59,27.59
flood,Burundi,BDI,2000,0,0,0,500,500,0,0,0,0,0,0,0,2000,False,,,8.05,8.05
flood,Cambodia,KHM,2000,347,53,3448000,0,3448053,2.91465e+08,0,0,4.33115,1.6e+08,0,0,2000,False,0.0100637,84.5303,58.46,57.29
flood,Cameroon,CMR,2000,3,0,500,0,500,0,0,0,0,0,0,0,2000,False,0.6,,12.63,12.63
flood,Chile,CHL,2000,16,0,171266,10401,181667,5.465e+07,0,0,0.0382947,3e+07,0,0,2000,False,0.00880732,300.825,42.98,41.92
flood,China,CHN,2000,396,407,709000,49000,758407,5.65379e+08,0,0,0.0253618,3.10366e+08,0,0,2000,False,0.0522147,745.482,57.6,56.4
flood,Colombia,COL,2000,113,0,40000,39000,79000,0,0,0,0,0,0,0,2000,False,0.143038,,30.26,30.26
flood,Croatia,HRV,2000,0,0,600,0,600,0,0,0,0,0,0,0,2000,False,,,8.29,8.29
flood,Cuba,CUB,2000,2,0,675,0,675,0,0,0,0,0,0,0,2000,False,0.296296,,12.07,12.07
flood,Czechia,CZE,2000,3,0,0,0,0,1.45732e+08,1.00191e+08,0,0.128668,8e+07,5.5e+07,0,2000,False,,,23.5,22.38
flood,Ecuador,ECU,2000,34,32,0,0,32,0,0,0,0,0,0,0,2000,False,106.25,,16.28,16.28
flood,El Salvador,SLV,2000,2,0,400,0,400,0,0,0,0,0,0,0,2000,False,0.5,,11.39,11.39
flood,Eswatini,SWZ,2000,0,0,272000,0,272000,91000,0,0,0.0029461,50000,0,0,2000,False,,0.334559,27.7,27.01
flood,Ethiopia,ETH,2000,69,0,30000,0,30000,0,0,0,0,0,0,0,2000,False,0.23,,27.39,27.39
flood,France,FRA,2000,3,2,2300,0,2302,0,0,0,0,0,0,0,2000,False,0.130321,,14.61,14.61
flood,Greece,GRC,2000,1,0,6600,0,6600,0,0,0,0,0,0,0,2000,False,0.0151515,,13.68,13.68
flood,Guatemala,GTM,2000,36,36,2700,250,2986,0,0,0,0,0,0,0,2000,False,1.20563,,22.3,22.3
flood,Haiti,HTI,2000,12,0,0,1200,1200,0,0,0,0,0,0,0,2000,False,1,,17.66,17.66
flood,Hungary,HUN,2000,1,0,2000,0,2000,1.00191e+08,0,0,0.116338,5.5e+07,0,0,2000,False,0.05,50095.5,30.68,29.58
flood,India,IND,2000,2086,16,50134035,252000,50386051,1.65315e+09,0,0,0.193747,9.075e+08,0,0,2000,False,0.00414003,32.8097,69.6,68.33
flood,Indonesia,IDN,2000,264,21,475852,0,475873,2.05847e+08,0,0,0.0684761,1.13e+08,0,0,2000,False,0.055477,432.567,54.64,53.5
flood,Iran,IRN,2000,8,0,400,0,400,1.093e+07,0,0,0.00547487,6e+06,0,0,2000,False,2,27325,31.34,30.37
flood,Italy,ITA,2000,44,22,50300,0,50322,1.46643e+10,5.46496e+08,0,0.700206,8.05e+09,3e+08,0,2000,False,0.0874369,291410,50.17,48.77
flood,Japan,JPN,2000,18,110,360000,0,360110,1.35531e+10,1.80344e+09,0,0.147549,7.44e+09,9.9e+08,0,2000,False,0.00499847,37636,49.79,48.39
flood,Kazakhstan,KAZ,2000,0,0,2500,0,2500,2.732e+06,0,0,0.00820031,1.5e+06,0,0,2000,False,,1092.8,25.05,24.16
flood,Laos,LAO,2000,15,0,450000,0,450000,1.822e+06,0,0,0.0577635,1e+06,0,0,2000,False,0.00333333,4.04889,40.53,39.67
flood,Malawi,MWI,2000,0,0,20000,0,20000,1.822e+06,0,0,0.0394119,1e+06,0,0,2000,False,,91.1,27.33,26.47
flood,Malaysia,MYS,2000,12,0,8000,0,8000,1.822e+06,0,0,0.00106621,1e+06,0,0,2000,False,0.15,227.75,34.63,33.77
flood,Mali,MLI,2000,15,0,0,0,0,0,0,0,0,0,0,0,2000,False,,,9.17,9.17
flood,Mexico,MEX,2000,139,0,2000,0,2000,0,0,0,0,0,0,0,2000,False,6.95,,26.18,26.18
flood,Morocco,MAR,2000,6,0,950,0,950,0,0,0,0,0,0,0,2000,False,0.631579,,15.31,15.31
flood,Mozambique,MOZ,2000,800,0,4500000,0,4500000,7.63638e+08,2.732e+06,0,7.06832,4.192e+08,1.5e+06,0,2000,False,0.0177778,169.697,62.53,61.31
flood,Namibia,NAM,2000,0,0,5000,0,5000,0,0,0,0,0,0,0,2000,False,,,11.03,11.03
flood,Nepal,NPL,2000,144,70,50000,0,50070,1.1476e+07,0,0,0.114665,6.3e+06,0,0,2000,False,0.287597,229.199,46.83,45.86
flood,New Zealand,NZL,2000,0,0,0,0,0,1.822e+06,0,0,0.0019003,1e+06,0,0,2000,False,,,14.51,13.65
flood,Nicaragua,NIC,2000,0,0,5500,0,5500,0,0,0,0,0,0,0,2000,False,,,11.15,11.15
flood,Niger,NER,2000,2,3,4156,0,4159,0,0,0,0,0,0,0,2000,False,0.0480885,,14.42,14.42
flood,Nigeria,NGA,2000,4,0,500,5000,5500,1.2214e+07,0,0,0.0096933,6.705e+06,0,0,2000,False,0.0727273,2220.73,32.9,31.92
flood,Norway,NOR,2000,0,0,600,0,600,0,0,0,0,0,0,0,2000,False,,,8.29,8.29
flood,Panama,PAN,2000,1,0,0,1000,1000,2.368e+06,0,0,0.0108637,1.3e+06,0,0,2000,False,0.1,2368,26.01,25.13
flood,Peru,PER,2000,22,0,0,50,50,0,0,0,0,0,0,0,2000,False,44,,15.46,15.46
flood,Philippines,PHL,2000,55,0,160393,5250,165643,7.432e+06,0,0,0.00487631,4.08e+06,0,0,2000,False,0.0332039,44.8676,44.79,43.85
flood,Romania,ROU,2000,9,0,63000,431,63431,1.83076e+08,0,0,0.269772,1.005e+08,0,0,2000,False,0.0141886,2886.22,41.08,39.94
flood,Russia,RUS,2000,3,0,76501,0,76501,7.9963e+07,0,0,0.0169015,4.3895e+07,0,0,2000,False,0.00392152,1045.25,37.46,36.37
flood,Serbia and Montenegro,OWID_SRM,2000,0,0,6000,0,6000,0,0,0,,0,0,0,2000,True,,,11.26,11.26
flood,Somalia,SOM,2000,0,0,153500,220000,373500,0,0,0,0,0,0,0,2000,False,,,16.61,16.61
flood,South Africa,ZAF,2000,86,0,3000,200,3200,2.91465e+08,9.1083e+07,0,0.105435,1.6e+08,5e+07,0,2000,False,2.6875,91082.8,44.83,43.67
flood,South Korea,KOR,2000,20,3,500,2586,3089,9.1083e+07,0,0,0.00836838,5e+07,0,0,2000,False,0.647459,29486.2,38.92,37.82
flood,Spain,ESP,2000,26,0,8500,0,8500,1.36624e+08,0,0,0.0125396,7.5e+07,0,0,2000,False,0.305882,16073.4,41.47,40.35
flood,Sri Lanka,LKA,2000,5,0,400000,0,400000,5.465e+06,0,0,0.0180768,3e+06,0,0,2000,False,0.00125,13.6625,38.24,37.32
flood,Tanzania,TZA,2000,36,17,0,1800,1817,0,0,0,0,0,0,0,2000,False,1.98129,,21.66,21.66
flood,Thailand,THA,2000,107,570,3323231,0,3323801,1.98662e+08,0,0,0.0862838,1.09056e+08,0,0,2000,False,0.00321921,59.7695,54.16,53.02
flood,Turkey,TUR,2000,2,0,1000,0,1000,7.2866e+07,0,0,0.0145588,4e+07,0,0,2000,False,0.2,72866,30.8,29.72
flood,United Kingdom,GBR,2000,3,0,44000,0,44000,1.07808e+10,1.36624e+08,0,0.354042,5.91815e+09,7.5e+07,0,2000,False,0.00681818,245019,41.68,40.3
flood,United States,USA,2000,8,0,1646,2000,3646,5.20993e+08,0,0,0.00278998,2.86e+08,0,0,2000,False,0.219419,142894,38.09,36.89
flood,Uruguay,URY,2000,0,0,5000,0,5000,0,0,0,0,0,0,0,2000,False,,,11.03,11.03
flood,Venezuela,VEN,2000,15,4,27000,0,27004,0,0,0,0,0,0,0,2000,False,0.0555473,,22.38,22.38
flood,Vietnam,VNM,2000,496,7,5025000,0,5025007,4.82739e+08,0,0,0.850108,2.65e+08,0,0,2000,False,0.00987063,96.0673,60.63,59.44
flood,Zambia,ZMB,2000,0,0,12000,0,12000,0,0,0,0,0,0,0,2000,False,,,12.16,12.16
flood,Zimbabwe,ZWE,2000,70,0,200000,66000,266000,1.32799e+08,0,0,1.08916,7.29e+07,0,0,2000,False,0.0263158,499.244,49.09,47.98
flood,Algeria,DZA,2001,921,423,45000,0,45423,5.31476e+08,0,0,0.504937,3e+08,0,0,2000,False,2.02761,11700.6,56.68,55.48
flood,Angola,AGO,2001,48,0,39928,0,39928,0,0,0,0,0,0,0,2000,False,0.120216,,26.59,26.59
flood,Argentina,ARG,2001,1,0,251300,0,251300,1.32869e+09,0,0,0.279125,7.5e+08,0,0,2000,False,0.000397931,5287.27,39.54,38.28
flood,Australia,AUS,2001,4,31,3970,0,4001,3.98607e+08,0,0,0.0591544,2.25e+08,0,0,2000,False,0.099975,99626.8,36,34.81
flood,Bangladesh,BGD,2001,9,0,700000,0,700000,0,0,0,0,0,0,0,2000,False,0.00128571,,25.04,25.04
flood,Bolivia,BOL,2001,41,0,357250,0,357250,2.14362e+08,0,0,1.48621,1.21e+08,0,0,2000,False,0.0114766,600.034,48.22,47.08
flood,Bosnia and Herzegovina,BIH,2001,0,0,9000,0,9000,0,0,0,0,0,0,0,2000,False,,,11.79,11.79
flood,Brazil,BRA,2001,85,196,1750,9100,11046,7.9721e+07,0,0,0.00803595,4.5e+07,0,0,2000,False,0.769509,7217.18,45.1,44.01
flood,Cambodia,KHM,2001,56,0,1669182,0,1669182,2.6574e+07,0,0,0.361824,1.5e+07,0,0,2000,False,0.00335494,15.9204,49.13,48.11
flood,Cameroon,CMR,2001,30,0,0,1500,1500,0,0,0,0,0,0,0,2000,False,2,,20.82,20.82
flood,Chad,TCD,2001,100,0,175763,0,175763,1.772e+06,0,0,0.0584507,1e+06,0,0,2000,False,0.0568948,10.0818,45.38,44.52
flood,Chile,CHL,2001,0,0,12245,314,12559,1.5767e+07,0,0,0.0124346,8.9e+06,0,0,2000,False,,1255.43,28.9,27.91
flood,China,CHN,2001,402,3209,2094000,252630,2349839,1.2596e+09,0,0,0.0524709,7.11e+08,0,0,2000,False,0.0171076,536.036,59.92,58.67
flood,Colombia,COL,2001,0,0,6000,0,6000,0,0,0,0,0,0,0,2000,False,,,11.26,11.26
flood,Costa Rica,CRI,2001,0,0,1437,0,1437,0,0,0,0,0,0,0,2000,False,,,9.41,9.41
flood,Croatia,HRV,2001,0,0,1200,0,1200,0,0,0,0,0,0,0,2000,False,,,9.18,9.18
flood,Democratic Republic of Congo,COD,2001,50,26,13000,0,13026,0,0,0,0,0,0,0,2000,False,0.383848,,25.27,25.27
flood,East Timor,TLS,2001,1,0,2508,0,2508,0,0,0,0,0,0,0,2000,False,0.0398724,,12.43,12.43
flood,Ecuador,ECU,2001,58,30,9500,0,9530,0,0,0,0,0,0,0,2000,False,0.608604,,25.34,25.34
flood,El Salvador,SLV,2001,0,0,1000,0,1000,0,0,0,0,0,0,0,2000,False,,,8.95,8.95
flood,Ethiopia,ETH,2001,5,0,39500,0,39500,0,0,0,0,0,0,0,2000,False,0.0126582,,19.63,19.63
flood,France,FRA,2001,3,1,16881,0,16882,2.34469e+08,0,0,0.00965793,1.3235e+08,0,0,2000,False,0.0177704,13888.7,36.59,35.44
flood,Gambia,GMB,2001,1,0,250,0,250,0,0,0,0,0,0,0,2000,False,0.4,,9.45,9.45
flood,Ghana,GHA,2001,12,25,139000,5000,144025,0,0,0,0,0,0,0,2000,False,0.00833189,,23.86,23.86
flood,Greece,GRC,2001,11,0,1050,0,1050,0,0,0,0,0,0,0,2000,False,1.04762,,17.22,17.22
flood,Guinea,GIN,2001,9,0,220000,0,220000,0,0,0,0,0,0,0,2000,False,0.00409091,,23.54,23.54
flood,Haiti,HTI,2001,26,11,5070,0,5081,0,0,0,0,0,0,0,2000,False,0.51171,,21.95,21.95
flood,Hungary,HUN,2001,0,0,10000,0,10000,8.858e+06,0,0,0.00929367,5e+06,0,0,2000,False,,885.8,28.03,27.07
flood,India,IND,2001,581,40,20610000,0,20610040,6.41179e+08,0,0,0.0745558,3.61924e+08,0,0,2000,False,0.00281901,31.11,63.27,62.06
flood,Indonesia,IDN,2001,399,4,80000,5290,85294,1.7716e+07,0,0,0.00623259,1e+07,0,0,2000,False,0.467794,207.705,51.31,50.31
flood,Iran,IRN,2001,476,284,1205250,0,1205534,1.83891e+08,0,0,0.0818104,1.038e+08,0,0,2000,False,0.0394846,152.539,57.68,56.54
flood,Japan,JPN,2001,1,0,138,0,138,0,0,0,0,0,0,0,2000,False,0.724638,,8.68,8.68
flood,Kazakhstan,KAZ,2001,0,0,3668,0,3668,0,0,0,0,0,0,0,2000,False,,,10.63,10.63
flood,Laos,LAO,2001,0,0,453000,0,453000,0,0,0,0,0,0,0,2000,False,,,16.86,16.86
flood,Malawi,MWI,2001,59,0,508750,0,508750,1.187e+07,0,0,0.268214,6.7e+06,0,0,2000,False,0.0115971,23.3317,46.95,45.97
flood,Malaysia,MYS,2001,8,0,29046,0,29046,0,0,0,0,0,0,0,2000,False,0.0275425,,20.57,20.57
flood,Mali,MLI,2001,2,0,3500,0,3500,0,0,0,0,0,0,0,2000,False,0.0571429,,14.2,14.2
flood,Mauritania,MRT,2001,0,0,0,3000,3000,0,0,0,0,0,0,0,2000,False,,,10.37,10.37
flood,Mexico,MEX,2001,21,0,0,0,0,0,0,0,0,0,0,0,2000,False,,,10.22,10.22
flood,Morocco,MAR,2001,15,0,300,0,300,3.897e+06,0,0,0.00501922,2.2e+06,0,0,2000,False,5,12990,31.83,30.93
flood,Mozambique,MOZ,2001,79,0,749326,0,749326,6.3777e+07,0,0,0.637151,3.6e+07,0,0,2000,False,0.0105428,85.1125,50.09,49.02
flood,Myanmar,MMR,2001,51,0,0,3750,3750,0,0,0,0,0,0,0,2000,False,1.36,,23.72,23.72
flood,Niger,NER,2001,4,0,20000,0,20000,0,0,0,0,0,0,0,2000,False,0.02,,18.14,18.14
flood,Nigeria,NGA,2001,200,50,84065,5802,89917,5.315e+06,0,0,0.00407842,3e+06,0,0,2000,False,0.222427,59.1101,47.89,46.97
flood,North Korea,PRK,2001,124,84,157500,30000,187584,1.6653e+07,0,0,,9.4e+06,0,0,2000,False,0.0661037,88.7762,48.42,47.43
flood,Norway,NOR,2001,0,0,1500,0,1500,0,0,0,0,0,0,0,2000,False,,,9.47,9.47
flood,Pakistan,PAK,2001,210,179,400000,0,400179,4.3581e+08,0,0,0.253228,2.46e+08,0,0,2000,False,0.0524765,1089.04,54.42,53.23
flood,Panama,PAN,2001,0,0,0,775,775,0,0,0,0,0,0,0,2000,False,,,8.62,8.62
flood,Peru,PER,2001,15,10,66300,0,66310,0,0,0,0,0,0,0,2000,False,0.022621,,23.54,23.54
flood,Philippines,PHL,2001,43,0,91300,0,91300,1.4173e+07,0,0,0.0101367,8e+06,0,0,2000,False,0.0470975,155.235,43.88,42.89
flood,Poland,POL,2001,27,0,15000,0,15000,1.24011e+09,5.3148e+07,0,0.364919,7e+08,3e+07,0,2000,False,0.18,82674.1,44.54,43.29
flood,Portugal,PRT,2001,6,0,983,0,983,0,0,0,0,0,0,0,2000,False,0.610376,,15.36,15.36
flood,Puerto Rico,PRI,2001,2,0,9300,180,9480,2.58652e+08,0,0,0.210957,1.46e+08,0,0,2000,False,0.021097,27284,34.99,33.83
flood,Romania,ROU,2001,7,3,14800,0,14803,2.39164e+08,0,0,0.334199,1.35e+08,0,0,2000,False,0.0472877,16156.5,38.73,37.58
flood,Russia,RUS,2001,37,0,375305,0,375305,5.15531e+08,0,0,0.0949113,2.91e+08,0,0,2000,False,0.00985865,1373.63,48.84,47.64
flood,Rwanda,RWA,2001,12,0,3000,0,3000,0,0,0,0,0,0,0,2000,False,0.4,,18.85,18.85
flood,Samoa,WSM,2001,0,0,0,0,0,2.657e+06,0,0,0.563275,1.5e+06,0,0,2000,False,,,14.89,14.01
flood,Serbia and Montenegro,OWID_SRM,2001,0,0,6150,0,6150,0,0,0,,0,0,0,2000,True,,,11.3,11.3
flood,Slovakia,SVK,2001,1,0,0,0,0,1.063e+07,9.744e+06,0,0.0280668,6e+06,5.5e+06,0,2000,False,,,18.58,17.61
flood,Somalia,SOM,2001,0,0,6500,0,6500,0,0,0,0,0,0,0,2000,False,,,11.37,11.37
flood,South Africa,ZAF,2001,5,12,42656,0,42668,0,0,0,0,0,0,0,2000,False,0.0117184,,19.73,19.73
flood,South Korea,KOR,2001,70,0,310000,0,310000,1.34641e+08,0,0,0.0133905,7.6e+07,0,0,2000,False,0.0225806,434.326,49.31,48.19
flood,Spain,ESP,2001,7,0,300,0,300,0,0,0,0,0,0,0,2000,False,2.33333,,14.26,14.26
flood,Sri Lanka,LKA,2001,0,0,0,160,160,0,0,0,0,0,0,0,2000,False,,,6.58,6.58
flood,Sudan,SDN,2001,3,0,97000,0,97000,3.543e+06,0,0,0.0127256,2e+06,0,0,2000,False,0.00309278,36.5258,34.63,33.73
flood,Tajikistan,TJK,2001,0,0,2190,0,2190,0,0,0,0,0,0,0,2000,False,,,9.96,9.96
flood,Tanzania,TZA,2001,5,0,0,200,200,0,0,0,0,0,0,0,2000,False,2.5,,12.79,12.79
flood,Thailand,THA,2001,189,139,461000,4100,465239,5.049e+07,0,0,0.0236915,2.85e+07,0,0,2000,False,0.0406243,108.525,52.1,51.04
flood,Turkey,TUR,2001,12,0,2520,0,2520,4.429e+07,0,0,0.0123643,2.5e+07,0,0,2000,False,0.47619,17575.4,36.34,35.29
flood,Uganda,UGA,2001,1,0,500,300,800,0,0,0,0,0,0,0,2000,False,0.125,,10.95,10.95
flood,Ukraine,UKR,2001,9,0,300000,0,300000,2.6574e+07,0,0,0.0381586,1.5e+07,0,0,2000,False,0.003,88.58,41.15,40.13
flood,United Kingdom,GBR,2001,0,0,1150,0,1150,0,0,0,0,0,0,0,2000,False,,,9.13,9.13
flood,United States,USA,2001,12,0,19300,4500,23800,5.8463e+07,0,0,0.000311852,3.3e+07,0,0,2000,False,0.0504202,2456.43,39.53,38.46
flood,Uruguay,URY,2001,0,0,5000,0,5000,0,0,0,0,0,0,0,2000,False,,,11.03,11.03
flood,Vietnam,VNM,2001,339,6,1608445,0,1608451,1.57139e+08,0,0,0.271377,8.87e+07,0,0,2000,False,0.0210762,97.6959,56.77,55.64
flood,Yemen,YEM,2001,33,0,0,0,0,0,0,0,0,0,0,0,2000,False,,,11.66,11.66
flood,Zambia,ZMB,2001,5,0,617900,0,617900,0,0,0,0,0,0,0,2000,False,0.000809192,,23.19,23.19
flood,Zimbabwe,ZWE,2001,13,0,30000,0,30000,6.378e+06,0,0,0.0530915,3.6e+06,0,0,2000,False,0.0433333,212.6,37.85,36.91
flood,Afghanistan,AFG,2002,81,0,5545,0,5545,0,0,0,0,0,0,0,2000,False,1.46078,,25.73,25.73
flood,Albania,ALB,2002,1,0,66884,0,66884,3.0519e+07,0,0,0.387597,1.75e+07,0,0,2000,False,0.00149513,456.297,34.03,33
flood,Algeria,DZA,2002,42,20,2285,0,2305,2.616e+06,0,0,0.00243839,1.5e+06,0,0,2000,False,1.82213,1134.92,37.34,36.45
flood,Argentina,ARG,2002,4,0,6000,0,6000,0,0,0,0,0,0,0,2000,False,0.0666667,,16.59,16.59
flood,Austria,AUT,2002,9,0,60000,0,60000,4.18543e+09,6.97571e+08,0,1.12762,2.4e+09,4e+08,0,2000,False,0.015,69757.1,44.16,42.84
flood,Bangladesh,BGD,2002,10,0,1500000,0,1500000,0,0,0,0,0,0,0,2000,False,0.000666667,,26.34,26.34
flood,Belgium,BEL,2002,0,0,2400,0,2400,0,0,0,0,0,0,0,2000,False,,,10.08,10.08
flood,Bolivia,BOL,2002,76,146,5000,0,5146,1.74393e+08,0,1.7439e+07,1.26494,1e+08,0,1e+07,2000,False,1.47688,33889,44.53,43.4
flood,Brazil,BRA,2002,17,0,2000,1500,3500,0,0,0,0,0,0,0,2000,False,0.485714,,20.12,20.12
flood,Bulgaria,BGR,2002,1,0,0,0,0,1.744e+06,0,0,0.00609612,1e+06,0,0,2000,False,,,16.76,15.9
flood,Burundi,BDI,2002,0,0,8000,0,8000,0,0,0,0,0,0,0,2000,False,,,11.64,11.64
flood,Cambodia,KHM,2002,29,0,1470000,0,1470000,174000,0,0,0.00222162,100000,0,0,2000,False,0.00197279,0.118367,41.78,41.06
flood,Chile,CHL,2002,19,0,230642,0,230642,3.48785e+08,6.9757e+07,0,0.284641,2e+08,4e+07,0,2000,False,0.00823788,1512.24,45.69,44.52
flood,China,CHN,2002,1246,35596,113217800,2300,113255696,8.24668e+09,0,0,0.317407,4.7288e+09,0,0,2000,False,0.00110017,72.8147,70.56,69.2
flood,Colombia,COL,2002,65,13,124525,0,124538,0,0,0,0,0,0,0,2000,False,0.0521929,,29.04,29.04
flood,Congo,COG,2002,0,0,4561,43789,48350,0,0,0,0,0,0,0,2000,False,,,13.97,13.97
flood,Costa Rica,CRI,2002,10,40,95000,0,95040,1.744e+06,0,0,0.00603179,1e+06,0,0,2000,False,0.0105219,18.3502,37.24,36.38
flood,Cuba,CUB,2002,0,0,35000,0,35000,0,0,0,0,0,0,0,2000,False,,,13.55,13.55
flood,Czechia,CZE,2002,18,0,200000,0,200000,4.18543e+09,2.09271e+09,0,2.90529,2.4e+09,1.2e+09,0,2000,False,0.009,20927.1,47.84,46.52
flood,Democratic Republic of Congo,COD,2002,40,40,2500,0,2540,0,0,0,0,0,0,0,2000,False,1.5748,,22.43,22.43
flood,Dominican Republic,DOM,2002,3,0,1750,0,1750,872000,0,0,0.00184247,500000,0,0,2000,False,0.171429,498.286,28.02,27.2
flood,Ecuador,ECU,2002,31,6,51600,3027,54633,2.7903e+07,0,0,0.0591405,1.6e+07,0,0,2000,False,0.0567423,510.735,42.84,41.82
flood,Egypt,EGY,2002,18,70,800,0,870,0,0,0,0,0,0,0,2000,False,2.06897,,18.5,18.5
flood,El Salvador,SLV,2002,1,0,100,0,100,0,0,0,0,0,0,0,2000,False,1,,8.27,8.27
flood,Ethiopia,ETH,2002,22,0,4000,0,4000,0,0,0,0,0,0,0,2000,False,0.55,,21.11,21.11
flood,France,FRA,2002,25,0,12800,0,12800,2.07527e+09,6.94083e+08,0,0.0797358,1.19e+09,3.98e+08,0,2000,False,0.195312,162131,44.61,43.33
flood,Germany,DEU,2002,27,108,330000,0,330108,2.02296e+10,3.13907e+09,0,0.551763,1.16e+10,1.8e+09,0,2000,False,0.00817914,61281.6,51.36,49.94
flood,Ghana,GHA,2002,4,0,2200,0,2200,0,0,0,0,0,0,0,2000,False,0.181818,,15.29,15.29
flood,Greece,GRC,2002,0,0,390,0,390,0,0,0,0,0,0,0,2000,False,,,7.73,7.73
flood,Guatemala,GTM,2002,0,0,98740,0,98740,0,0,0,0,0,0,0,2000,False,,,14.89,14.89
flood,Haiti,HTI,2002,31,4,38335,0,38339,1.744e+06,0,0,0.0161138,1e+06,0,0,2000,False,0.0808576,45.4889,39.59,38.73
flood,Honduras,HND,2002,10,0,2545,144,2689,1.74393e+08,0,0,1.27255,1e+08,0,0,2000,False,0.371885,64854.2,37.26,36.12
flood,Hungary,HUN,2002,0,0,1430,0,1430,5.2318e+07,0,0,0.0443548,3e+07,0,0,2000,False,,36586,27.3,26.24
flood,India,IND,2002,735,50,42008200,0,42008250,8.8543e+07,0,0,0.00985981,5.0772e+07,0,0,2000,False,0.00174966,2.10775,62.97,61.88
flood,Indonesia,IDN,2002,233,750,590820,400,591970,6.13165e+08,3.48785e+08,0,0.179699,3.516e+08,2e+08,0,2000,False,0.0393601,1035.8,55.61,54.4
flood,Iran,IRN,2002,61,0,200000,4500,204500,1.09972e+08,0,0,0.0490255,6.306e+07,0,0,2000,False,0.0298289,537.76,48.12,47.01
flood,Ireland,IRL,2002,0,0,300,0,300,0,0,0,0,0,0,0,2000,False,,,7.39,7.39
flood,Italy,ITA,2002,2,20,10000,0,10020,1.03938e+09,5.2318e+07,0,0.0464991,5.96e+08,3e+07,0,2000,False,0.0199601,103731,36.46,35.22
flood,Jamaica,JAM,2002,9,0,25000,0,25000,3.4879e+07,0,0,0.205782,2e+07,0,0,2000,False,0.036,1395.16,38.21,37.17
flood,Kenya,KEN,2002,85,8,175000,0,175008,0,0,0,0,0,0,0,2000,False,0.0485692,,30.36,30.36
flood,Laos,LAO,2002,2,0,150000,0,150000,0,0,0,0,0,0,0,2000,False,0.00133333,,19.06,19.06
flood,Malawi,MWI,2002,9,0,396340,0,396340,0,0,0,0,0,0,0,2000,False,0.00227078,,24.3,24.3
flood,Malaysia,MYS,2002,3,0,4154,0,4154,0,0,0,0,0,0,0,2000,False,0.0722195,,15.37,15.37
flood,Mali,MLI,2002,2,0,22519,0,22519,0,0,0,0,0,0,0,2000,False,0.00888139,,16.61,16.61
flood,Mauritania,MRT,2002,25,0,27500,0,27500,0,0,0,0,0,0,0,2000,False,0.0909091,,24.01,24.01
flood,Mexico,MEX,2002,37,0,7000,0,7000,0,0,0,0,0,0,0,2000,False,0.528571,,23.49,23.49
flood,Moldova,MDA,2002,1,0,500,0,500,1.451e+06,0,0,0.0500656,832000,0,0,2000,False,0.2,2902,24.62,23.77
flood,Morocco,MAR,2002,80,17,15000,0,15017,3.48785e+08,0,0,0.424834,2e+08,0,0,2000,False,0.53273,23226,46.78,45.61
flood,Mozambique,MOZ,2002,0,0,0,500,500,0,0,0,0,0,0,0,2000,False,,,8.05,8.05
flood,Myanmar,MMR,2002,21,0,50000,0,50000,0,0,0,0,0,0,0,2000,False,0.042,,24.23,24.23
flood,New Zealand,NZL,2002,0,0,300,0,300,872000,0,0,0.000750438,500000,0,0,2000,False,,2906.67,21.16,20.34
flood,Nicaragua,NIC,2002,0,0,10542,3004,13546,87000,0,0,0.000957171,50000,0,0,2000,False,,6.42256,23.77,23.09
flood,Nigeria,NGA,2002,0,0,0,200,200,0,0,0,0,0,0,0,2000,False,,,6.87,6.87
flood,North Korea,PRK,2002,0,436,38370,19637,58443,0,0,0,,0,0,0,2000,False,,,14.21,14.21
flood,North Macedonia,MKD,2002,0,0,1500,150,1650,0,0,0,0,0,0,0,2000,False,,,9.59,9.59
flood,Pakistan,PAK,2002,37,10,3000,1000,4010,52000,0,0,3.06362e-05,30000,0,0,2000,False,0.922693,12.9676,33.7,33.05
flood,Panama,PAN,2002,5,0,25000,1500,26500,872000,0,0,0.00390599,500000,0,0,2000,False,0.0188679,32.9057,32.88,32.06
flood,Paraguay,PRY,2002,0,0,2765,0,2765,0,0,0,0,0,0,0,2000,False,,,10.26,10.26
flood,Peru,PER,2002,23,14,10854,0,10868,0,0,0,0,0,0,0,2000,False,0.21163,,22.54,22.54
flood,Philippines,PHL,2002,90,67,155500,0,155567,3.213e+06,0,0,0.00218486,1.842e+06,0,0,2000,False,0.0578529,20.6535,45.47,44.58
flood,Portugal,PRT,2002,0,0,168,0,168,0,0,0,0,0,0,0,2000,False,,,6.64,6.64
flood,Romania,ROU,2002,13,1,15300,3900,19201,506000,0,0,0.000629538,290000,0,0,2000,False,0.0677048,26.3528,34.72,33.93
flood,Russia,RUS,2002,200,1200,381913,1500,384613,9.53876e+08,0,0,0.158326,5.4697e+08,0,0,2000,False,0.0520003,2480.09,55,53.76
flood,Rwanda,RWA,2002,69,0,20000,0,20000,0,0,0,0,0,0,0,2000,False,0.345,,26.87,26.87
flood,Saudi Arabia,SAU,2002,19,0,0,0,0,0,0,0,0,0,0,0,2000,False,,,9.9,9.9
flood,Senegal,SEN,2002,28,0,179000,0,179000,7.1464e+07,0,0,0.584879,4.0979e+07,0,0,2000,False,0.0156425,399.24,45,43.92
flood,Serbia and Montenegro,OWID_SRM,2002,2,0,3900,0,3900,0,0,0,,0,0,0,2000,True,0.0512821,,14.34,14.34
flood,Slovakia,SVK,2002,0,0,0,0,0,5.232e+06,0,0,0.0121123,3e+06,0,0,2000,False,,,15.57,14.65
flood,South Africa,ZAF,2002,16,0,2500,0,2500,0,0,0,0,0,0,0,2000,False,0.64,,19.5,19.5
flood,South Korea,KOR,2002,21,7,4000,0,4007,6.01655e+08,0,0,0.0530757,3.45e+08,0,0,2000,False,0.524083,150151,41.31,40.1
flood,Spain,ESP,2002,16,30,400,0,430,1.3938e+08,0,0,0.0112736,7.9923e+07,0,0,2000,False,3.72093,324140,36.1,34.98
flood,Sri Lanka,LKA,2002,2,0,500000,0,500000,0,0,0,0,0,0,0,2000,False,0.0004,,20.62,20.62
flood,Sudan,SDN,2002,0,0,100000,0,100000,0,0,0,0,0,0,0,2000,False,,,14.91,14.91
flood,Tajikistan,TJK,2002,32,13,1248,2990,4251,4.946e+06,0,0,0.232248,2.836e+06,0,0,2000,False,0.752764,1163.49,37.89,36.97
flood,Tanzania,TZA,2002,9,0,1200,0,1200,0,0,0,0,0,0,0,2000,False,0.75,,16.79,16.79
flood,Thailand,THA,2002,154,62,3290858,0,3290920,6.248e+07,0,0,0.0266767,3.5827e+07,0,0,2000,False,0.00467954,18.9856,54.17,53.1
flood,Turkey,TUR,2002,34,0,3000,0,3000,0,0,0,0,0,0,0,2000,False,1.13333,,22.12,22.12
flood,Uganda,UGA,2002,17,0,760,100,860,0,0,0,0,0,0,0,2000,False,1.97674,,18.31,18.31
flood,United Kingdom,GBR,2002,1,0,1070,0,1070,0,0,0,0,0,0,0,2000,False,0.0934579,,11.32,11.32
flood,United States,USA,2002,26,0,147750,0,147750,1.89914e+09,3.49657e+08,0,0.00996422,1.089e+09,2.005e+08,0,2000,False,0.0175973,12853.7,47.82,46.54
flood,Uruguay,URY,2002,0,0,0,2500,2500,0,0,0,0,0,0,0,2000,False,,,10.13,10.13
flood,Vanuatu,VUT,2002,0,1,3000,0,3001,0,0,0,0,0,0,0,2000,False,,,10.37,10.37
flood,Venezuela,VEN,2002,4,0,55376,0,55376,5.232e+06,0,0,0.0032295,3e+06,0,0,2000,False,0.00722335,94.4814,35.04,34.11
flood,Vietnam,VNM,2002,147,116,1431700,0,1431816,1.46665e+08,0,0,0.239846,8.41e+07,0,0,2000,False,0.0102667,102.433,53.8,52.68
flood,Yemen,YEM,2002,53,0,260,440,700,0,0,0,0,0,0,0,2000,False,7.57143,,21.67,21.67
flood,Afghanistan,AFG,2003,136,3,500,3250,3753,0,0,0,0,0,0,0,2000,False,3.62377,,26.92,26.92
flood,Algeria,DZA,2003,41,50,0,0,50,0,0,0,0,0,0,0,2000,False,82,,17.45,17.45
flood,American Samoa,ASM,2003,6,3,0,0,3,8.5261e+07,0,0,9.54199,5e+07,0,0,2000,False,200,2.84203e+07,26.61,25.52
flood,Angola,AGO,2003,15,0,0,825,825,0,0,0,0,0,0,0,2000,False,1.81818,,17.86,17.86
flood,Argentina,ARG,2003,27,0,143000,20000,163000,1.75332e+09,0,0,0.80589,1.02821e+09,0,0,2000,False,0.0165644,10756.6,47.98,46.71
flood,Australia,AUS,2003,1,0,470,0,470,1.31301e+08,0,0,0.0164348,7.7e+07,0,0,2000,False,0.212766,279364,29.08,27.96
flood,Azerbaijan,AZE,2003,0,0,30000,1500,31500,9.3787e+07,0,0,0.755867,5.5e+07,0,0,2000,False,,2977.37,31.89,30.79
flood,Bangladesh,BGD,2003,252,0,550000,0,550000,0,0,0,0,0,0,0,2000,False,0.0458182,,35.41,35.41
flood,Bolivia,BOL,2003,26,26,23437,3125,26588,532812,0,0,0.00386643,312500,0,0,2000,False,0.0977885,20.0396,37.36,36.57
flood,Brazil,BRA,2003,155,280,18000,79385,97665,1.97742e+08,0,0,0.0207732,1.15963e+08,0,0,2000,False,0.158706,2024.7,50.8,49.66
flood,Burkina Faso,BFA,2003,0,0,0,12120,12120,0,0,0,0,0,0,0,2000,False,,,12.17,12.17
flood,Canada,CAN,2003,4,0,2470,0,2470,5.9682e+07,0,0,0.00390825,3.5e+07,0,0,2000,False,0.161943,24162.8,33.46,32.39
flood,Central African Republic,CAF,2003,0,0,0,240,240,0,0,0,0,0,0,0,2000,False,,,7.1,7.1
flood,China,CHN,2003,662,151260,154368000,1405726,155924986,2.61404e+10,0,0,0.910363,1.53296e+10,0,0,2000,False,0.000424563,167.647,70.05,68.62
flood,Colombia,COL,2003,80,57,39695,0,39752,0,0,0,0,0,0,0,2000,False,0.201248,,28.24,28.24
flood,Congo,COG,2003,0,0,439,4211,4650,0,0,0,0,0,0,0,2000,False,,,10.93,10.93
flood,Costa Rica,CRI,2003,1,0,2500,0,2500,0,0,0,0,0,0,0,2000,False,0.04,,12.42,12.42
flood,Cuba,CUB,2003,0,0,600,0,600,0,0,0,0,0,0,0,2000,False,,,8.29,8.29
flood,Democratic Republic of Congo,COD,2003,1,0,0,1481,1481,0,0,0,0,0,0,0,2000,False,0.0675219,,11.75,11.75
flood,Dominican Republic,DOM,2003,10,3,65460,0,65463,7.6257e+07,0,0,0.208941,4.472e+07,0,0,2000,False,0.0152758,1164.89,40.56,39.47
flood,East Timor,TLS,2003,3,0,825,0,825,0,0,0,0,0,0,0,2000,False,0.363636,,13.28,13.28
flood,Ecuador,ECU,2003,0,0,7905,0,7905,0,0,0,0,0,0,0,2000,False,,,11.62,11.62
flood,Ethiopia,ETH,2003,119,0,110000,0,110000,0,0,0,0,0,0,0,2000,False,0.108182,,30.86,30.86
flood,France,FRA,2003,10,0,27000,0,27000,2.55783e+09,1.72227e+09,0,0.0817396,1.5e+09,1.01e+09,0,2000,False,0.037037,94734.3,42.95,41.65
flood,Greece,GRC,2003,3,0,450,0,450,1.02313e+09,0,0,0.304676,6e+08,0,0,2000,False,0.666667,2.27362e+06,33.38,32.14
flood,Haiti,HTI,2003,62,70,150000,12320,162390,0,0,0,0,0,0,0,2000,False,0.0381797,,29.23,29.23
flood,Honduras,HND,2003,10,5,3100,0,3105,3.4104e+07,0,0,0.243002,2e+07,0,0,2000,False,0.322061,10983.6,35.8,34.76
flood,India,IND,2003,452,45,7560000,4500,7564545,2.88182e+08,0,0,0.0278097,1.69e+08,0,0,2000,False,0.00597524,38.0964,60.34,59.17
flood,Indonesia,IDN,2003,386,30,373583,0,373613,0,0,0,0,0,0,0,2000,False,0.103315,,36.31,36.31
flood,Iran,IRN,2003,0,0,0,1370,1370,1.429e+06,0,0,0.000551638,838000,0,0,2000,False,,1043.07,23.62,22.77
flood,Italy,ITA,2003,3,0,1350,0,1350,1.3727e+09,1.70522e+08,0,0.0508551,8.05e+08,1e+08,0,2000,False,0.222222,1.01681e+06,35.1,33.84
flood,Japan,JPN,2003,23,14,800,0,814,1.1937e+07,0,0,0.000153059,7e+06,0,0,2000,False,2.82555,14664.6,35.59,34.62
flood,Kenya,KEN,2003,40,0,60300,0,60300,0,0,0,0,0,0,0,2000,False,0.066335,,26.53,26.53
flood,Lebanon,LBN,2003,0,0,17000,0,17000,0,0,0,0,0,0,0,2000,False,,,12.61,12.61
flood,Madagascar,MDG,2003,16,0,19788,3582,23370,2.55783e+08,0,0,2.35386,1.5e+08,0,0,2000,False,0.0684638,10944.9,41.88,40.72
flood,Malawi,MWI,2003,12,0,18500,1000,19500,0,0,0,0,0,0,0,2000,False,0.0615385,,21.27,21.27
flood,Malaysia,MYS,2003,8,0,18300,0,18300,0,0,0,0,0,0,0,2000,False,0.0437158,,19.97,19.97
flood,Mali,MLI,2003,0,0,0,10000,10000,0,0,0,0,0,0,0,2000,False,,,11.93,11.93
flood,Mauritania,MRT,2003,9,0,0,21000,21000,0,0,0,0,0,0,0,2000,False,0.0428571,,20.5,20.5
flood,Mexico,MEX,2003,6,50,50800,3000,53850,0,0,0,0,0,0,0,2000,False,0.0111421,,20.54,20.54
flood,Mongolia,MNG,2003,15,0,1500,150,1650,460000,0,0,0.0169247,270000,0,0,2000,False,0.909091,278.788,31.89,31.11
flood,Morocco,MAR,2003,35,0,10000,0,10000,0,0,0,0,0,0,0,2000,False,0.35,,23.77,23.77
flood,Mozambique,MOZ,2003,38,3,515000,0,515003,0,0,0,0,0,0,0,2000,False,0.0073786,,29.14,29.14
flood,Namibia,NAM,2003,2,0,12000,0,12000,0,0,0,0,0,0,0,2000,False,0.0166667,,15.79,15.79
flood,Nepal,NPL,2003,239,284,43395,15575,59254,0,0,0,0,0,0,0,2000,False,0.403348,,32.35,32.35
flood,Niger,NER,2003,7,0,30000,0,30000,0,0,0,0,0,0,0,2000,False,0.0233333,,20.22,20.22
flood,Nigeria,NGA,2003,16,0,210000,0,210000,4.382e+06,0,0,0.00245372,2.57e+06,0,0,2000,False,0.00761905,20.8667,40.63,39.72
flood,North Macedonia,MKD,2003,2,0,4750,0,4750,0,0,0,0,0,0,0,2000,False,0.0421053,,14.59,14.59
flood,Pakistan,PAK,2003,266,476,1265767,0,1266243,0,0,0,0,0,0,0,2000,False,0.021007,,36.67,36.67
flood,Panama,PAN,2003,0,0,1000,0,1000,0,0,0,0,0,0,0,2000,False,,,8.95,8.95
flood,Peru,PER,2003,18,12,60333,877,61222,0,0,0,0,0,0,0,2000,False,0.0294012,,24.01,24.01
flood,Philippines,PHL,2003,0,0,3500,0,3500,0,0,0,0,0,0,0,2000,False,,,10.57,10.57
flood,Portugal,PRT,2003,1,0,120,0,120,0,0,0,0,0,0,0,2000,False,0.833333,,8.5,8.5
flood,Puerto Rico,PRI,2003,2,0,2405,0,2405,0,0,0,0,0,0,0,2000,False,0.0831601,,13.71,13.71
flood,Romania,ROU,2003,5,0,250,600,850,0,0,0,0,0,0,0,2000,False,0.588235,,14.66,14.66
flood,Russia,RUS,2003,0,0,600,0,600,0,0,0,0,0,0,0,2000,False,,,8.29,8.29
flood,Rwanda,RWA,2003,0,16,0,7000,7016,0,0,0,0,0,0,0,2000,False,,,11.47,11.47
flood,Saudi Arabia,SAU,2003,12,50,13000,0,13050,0,0,0,0,0,0,0,2000,False,0.091954,,20.75,20.75
flood,Senegal,SEN,2003,8,0,1277,6492,7769,0,0,0,0,0,0,0,2000,False,0.102973,,18.86,18.86
flood,Somalia,SOM,2003,1,0,300,0,300,0,0,0,0,0,0,0,2000,False,0.333333,,9.68,9.68
flood,South Africa,ZAF,2003,1,0,500,0,500,0,0,0,0,0,0,0,2000,False,0.2,,10.34,10.34
flood,Sri Lanka,LKA,2003,235,0,695000,0,695000,4.9451e+07,0,0,0.153587,2.9e+07,0,0,2000,False,0.0338129,71.1525,53.32,52.26
flood,Sudan,SDN,2003,20,56,325000,0,325056,3.1376e+08,0,0,0.861613,1.84e+08,0,0,2000,False,0.00615279,965.249,46.19,45.02
flood,Tajikistan,TJK,2003,6,0,975,780,1755,3.4104e+07,0,0,1.28591,2e+07,0,0,2000,False,0.34188,19432.5,33.57,32.53
flood,Tanzania,TZA,2003,0,0,2000,0,2000,0,0,0,0,0,0,0,2000,False,,,9.84,9.84
flood,Thailand,THA,2003,9,0,107700,0,107700,4.5017e+07,4.263e+07,0,0.0173364,2.64e+07,2.5e+07,0,2000,False,0.00835655,417.985,40.36,39.3
flood,Tunisia,TUN,2003,8,0,27000,0,27000,0,0,0,0,0,0,0,2000,False,0.0296296,,20.48,20.48
flood,Uganda,UGA,2003,25,0,700,1500,2200,0,0,0,0,0,0,0,2000,False,1.13636,,20.74,20.74
flood,Ukraine,UKR,2003,0,0,600,0,600,0,0,0,0,0,0,0,2000,False,,,8.29,8.29
flood,United States,USA,2003,24,0,3200,0,3200,2.09742e+08,0,0,0.00107363,1.23e+08,0,0,2000,False,0.75,65544.4,40.38,39.24
flood,Uruguay,URY,2003,0,0,200,0,200,0,0,0,0,0,0,0,2000,False,,,6.87,6.87
flood,Venezuela,VEN,2003,1,0,450,200,650,0,0,0,0,0,0,0,2000,False,0.153846,,10.68,10.68
flood,Vietnam,VNM,2003,128,63,402880,13880,416823,1.79048e+08,6.4798e+07,0,0.26547,1.05e+08,3.8e+07,0,2000,False,0.0307085,429.554,51.95,50.82
flood,Yemen,YEM,2003,15,0,0,0,0,0,0,0,0,0,0,0,2000,False,,,9.17,9.17
flood,Zambia,ZMB,2003,4,0,0,11000,11000,0,0,0,0,0,0,0,2000,False,0.0363636,,17.37,17.37
flood,Zimbabwe,ZWE,2003,2,0,18000,0,18000,3.41043e+08,0,0,3.4901,2e+08,0,0,2000,False,0.0111111,18946.8,36.1,34.92
flood,Afghanistan,AFG,2004,16,0,2800,1700,4500,0,0,0,0,0,0,0,2000,False,0.355556,,20.26,20.26
flood,Albania,ALB,2004,0,0,2500,0,2500,287000,0,0,0.00233574,173000,0,0,2000,False,,114.8,22.78,22.03
flood,Algeria,DZA,2004,22,20,27545,0,27565,0,0,0,0,0,0,0,2000,False,0.0798114,,23.6,23.6
flood,Angola,AGO,2004,28,0,332000,1700,333700,0,0,0,0,0,0,0,2000,False,0.00839077,,27.6,27.6
flood,Argentina,ARG,2004,5,7,6300,0,6307,0,0,0,0,0,0,0,2000,False,0.079277,,17.25,17.25
flood,Armenia,ARM,2004,1,0,0,0,0,0,0,0,0,0,0,0,2000,False,,,2.29,2.29
flood,Australia,AUS,2004,3,0,3620,0,3620,8.7189e+07,0,0,0.00852767,5.25e+07,0,0,2000,False,0.0828729,24085.4,33.6,32.51
flood,Bangladesh,BGD,2004,761,200,36871500,0,36871700,3.65366e+09,0,0,3.37897,2.2e+09,0,0,2000,False,0.00206391,99.0912,66.66,65.35
flood,Bolivia,BOL,2004,48,3,24063,6875,30941,1.17219e+06,0,0,0.00783614,687500,0,0,2000,False,0.155134,37.8846,40.32,39.49
flood,Bosnia and Herzegovina,BIH,2004,0,0,278000,0,278000,0,0,0,0,0,0,0,2000,False,,,16.23,16.23
flood,Botswana,BWA,2004,0,0,4960,0,4960,0,0,0,0,0,0,0,2000,False,,,11.02,11.02
flood,Brazil,BRA,2004,135,345,3000,110225,113570,3.19553e+08,0,0,0.0280009,1.87407e+08,0,0,2000,False,0.118869,2813.71,51.03,49.86
flood,Burundi,BDI,2004,0,0,0,10000,10000,0,0,0,0,0,0,0,2000,False,,,11.93,11.93
flood,Canada,CAN,2004,0,0,1000,0,1000,3.32151e+08,1.82683e+08,0,0.0194801,2e+08,1.1e+08,0,2000,False,,332151,28.7,27.52
flood,Central African Republic,CAF,2004,3,4,0,12698,12702,0,0,0,0,0,0,0,2000,False,0.0236183,,16.82,16.82
flood,Chile,CHL,2004,3,0,9000,0,9000,0,0,0,0,0,0,0,2000,False,0.0333333,,16.37,16.37
flood,China,CHN,2004,450,14526,42702740,3073,42720339,3.29743e+09,4.982e+06,0,0.100066,1.9855e+09,3e+06,0,2000,False,0.00105336,77.1864,65.02,63.71
flood,Colombia,COL,2004,115,120,531362,0,531482,0,0,0,0,0,0,0,2000,False,0.0216376,,32.79,32.79
flood,Costa Rica,CRI,2004,2,0,3056,0,3056,0,0,0,0,0,0,0,2000,False,0.065445,,14.02,14.02
flood,Djibouti,DJI,2004,51,0,98500,1500,100000,0,0,0,0,0,0,0,2000,False,0.051,,27.97,27.97
flood,Dominican Republic,DOM,2004,688,0,7910,2092,10002,0,0,0,0,0,0,0,2000,False,6.87862,,33.53,33.53
flood,East Timor,TLS,2004,0,0,225,0,225,0,0,0,0,0,0,0,2000,False,,,7.02,7.02
flood,Eritrea,ERI,2004,0,13,7000,0,7013,0,0,0,0,0,0,0,2000,False,,,11.47,11.47
flood,Fiji,FJI,2004,0,0,600,0,600,0,0,0,0,0,0,0,2000,False,,,8.29,8.29
flood,Georgia,GEO,2004,1,0,0,90,90,3.581e+06,0,0,0.0420653,2.156e+06,0,0,2000,False,1.11111,39788.9,23.32,22.42
flood,Guinea-Bissau,GNB,2004,3,0,0,1000,1000,0,0,0,0,0,0,0,2000,False,0.3,,13.53,13.53
flood,Haiti,HTI,2004,2665,153,31130,0,31283,0,0,0,0,0,0,0,2000,False,8.519,,39.48,39.48
flood,Hungary,HUN,2004,0,0,384,9,393,0,0,0,0,0,0,0,2000,False,,,7.74,7.74
flood,India,IND,2004,1348,0,33101000,105000,33206000,4.61026e+09,0,0,0.391453,2.776e+09,0,0,2000,False,0.00405951,138.838,68.65,67.32
flood,Indonesia,IDN,2004,33,0,77815,0,77815,9.9645e+07,0,0,0.0233611,6e+07,0,0,2000,False,0.0424083,1280.54,44.78,43.68
flood,Iran,IRN,2004,34,43,0,4000,4043,0,0,0,0,0,0,0,2000,False,0.84096,,22.51,22.51
flood,Japan,JPN,2004,22,7,22290,5800,28097,3.23847e+09,4.63351e+08,0,0.0394618,1.95e+09,2.79e+08,0,2000,False,0.0783002,115260,45.67,44.36
flood,Kenya,KEN,2004,54,0,12000,0,12000,0,0,0,0,0,0,0,2000,False,0.45,,25.41,25.41
flood,Malaysia,MYS,2004,16,0,16538,15000,31538,1.6608e+07,0,0,0.00801607,1e+07,0,0,2000,False,0.0507324,526.603,39.52,38.52
flood,Mexico,MEX,2004,38,40,4050,0,4090,5.979e+06,0,0,0.000439314,3.6e+06,0,0,2000,False,0.929095,1461.86,38.59,37.66
flood,Namibia,NAM,2004,0,0,25000,0,25000,0,0,0,0,0,0,0,2000,False,,,13.11,13.11
flood,Nepal,NPL,2004,185,15,800000,0,800015,0,0,0,0,0,0,0,2000,False,0.0231246,,34.88,34.88
flood,New Zealand,NZL,2004,4,0,5350,0,5350,4.06885e+08,1.16253e+08,0,0.235792,2.45e+08,7e+07,0,2000,False,0.0747664,76053.3,36.39,35.21
flood,Nigeria,NGA,2004,94,600,29300,0,29900,0,0,0,0,0,0,0,2000,False,0.314381,,28.4,28.4
flood,North Korea,PRK,2004,24,0,450,199255,199705,3.3215e+07,0,0,,2e+07,0,0,2000,False,0.0120177,166.32,43.88,42.84
flood,North Macedonia,MKD,2004,0,0,100000,0,100000,5.979e+06,0,0,0.0633492,3.6e+06,0,0,2000,False,,59.79,30.61,29.68
flood,Pakistan,PAK,2004,5,0,0,0,0,0,0,0,0,0,0,0,2000,False,,,5.92,5.92
flood,Panama,PAN,2004,16,0,22748,0,22748,0,0,0,0,0,0,0,2000,False,0.0703359,,22.36,22.36
flood,Papua New Guinea,PNG,2004,0,0,10000,0,10000,0,0,0,0,0,0,0,2000,False,,,11.93,11.93
flood,Peru,PER,2004,4,0,8667,3073,11740,0,0,0,0,0,0,0,2000,False,0.0340716,,17.45,17.45
flood,Philippines,PHL,2004,49,0,20194,1500,21694,0,0,0,0,0,0,0,2000,False,0.225869,,25.86,25.86
flood,Poland,POL,2004,1,0,600,0,600,0,0,0,0,0,0,0,2000,False,0.166667,,10.58,10.58
flood,Romania,ROU,2004,10,0,28128,0,28128,0,0,0,0,0,0,0,2000,False,0.0355518,,21.19,21.19
flood,Russia,RUS,2004,18,0,6520,0,6520,9.4263e+07,2.6572e+07,0,0.00960362,5.6759e+07,1.6e+07,0,2000,False,0.276074,14457.5,39.59,38.49
flood,Saudi Arabia,SAU,2004,5,30,400,0,430,0,0,0,0,0,0,0,2000,False,1.16279,,13.78,13.78
flood,Sierra Leone,SLE,2004,10,0,0,0,0,0,0,0,0,0,0,0,2000,False,,,7.93,7.93
flood,Slovakia,SVK,2004,1,0,230,0,230,0,0,0,0,0,0,0,2000,False,0.434783,,9.34,9.34
flood,Somalia,SOM,2004,0,0,0,1500,1500,0,0,0,0,0,0,0,2000,False,,,9.47,9.47
flood,South Africa,ZAF,2004,0,0,0,15000,15000,0,0,0,0,0,0,0,2000,False,,,12.45,12.45
flood,South Korea,KOR,2004,10,0,4691,0,4691,1.0953e+07,0,0,0.000801092,6.595e+06,0,0,2000,False,0.213174,2334.9,35.19,34.22
flood,Spain,ESP,2004,0,0,600,0,600,2.3724e+07,0,0,0.00133526,1.4285e+07,0,0,2000,False,,39540,25.38,24.36
flood,Sri Lanka,LKA,2004,6,0,200000,0,200000,0,0,0,0,0,0,0,2000,False,0.003,,22.24,22.24
flood,Tajikistan,TJK,2004,0,0,400000,0,400000,1.9929e+07,0,0,0.577985,1.2e+07,0,0,2000,False,,49.8225,33.62,32.62
flood,Thailand,THA,2004,13,0,507000,0,507000,2.90632e+08,0,0,0.101217,1.75e+08,0,0,2000,False,0.0025641,573.239,45.35,44.19
flood,Turkey,TUR,2004,17,0,100,50000,50100,0,0,0,0,0,0,0,2000,False,0.0339321,,23.57,23.57
flood,Uganda,UGA,2004,0,0,10000,20000,30000,0,0,0,0,0,0,0,2000,False,,,13.35,13.35
flood,United Kingdom,GBR,2004,0,8,1000,0,1008,1.59432e+08,0,0,0.00395098,9.6e+07,0,0,2000,False,,158167,27.97,26.84
flood,United States,USA,2004,1,0,5340,0,5340,8.39511e+08,6.14479e+08,0,0.00413761,5.055e+08,3.7e+08,0,2000,False,0.0187266,157212,34.09,32.86
flood,Venezuela,VEN,2004,35,0,0,4000,4000,0,0,0,0,0,0,0,2000,False,0.875,,22.59,22.59
flood,Vietnam,VNM,2004,96,18,35000,0,35018,1.3286e+07,0,0,0.0176103,8e+06,0,0,2000,False,0.274145,379.405,45.18,44.2
flood,Zambia,ZMB,2004,2,13,196385,0,196398,0,0,0,0,0,0,0,2000,False,0.00101834,,19.41,19.41
flood,Afghanistan,AFG,2005,283,43,11500,6775,18318,0,0,0,0,0,0,0,2000,False,1.54493,,31.39,31.39
flood,Albania,ALB,2005,3,0,500,0,500,0,0,0,0,0,0,0,2000,False,0.6,,12.63,12.63
flood,Algeria,DZA,2005,12,0,70,1750,1820,1.1655e+07,0,0,0.00677835,7.256e+06,0,0,2000,False,0.659341,6403.85,34.58,33.61
flood,Angola,AGO,2005,0,0,0,10000,10000,0,0,0,0,0,0,0,2000,False,,,11.93,11.93
flood,Australia,AUS,2005,3,0,3000,0,3000,9.3163e+07,9.3163e+07,0,0.00832363,5.8e+07,5.8e+07,0,2000,False,0.1,31054.3,33.42,32.33
flood,Austria,AUT,2005,4,0,900,0,900,1.12438e+09,2.08814e+08,0,0.222964,7e+08,1.3e+08,0,2000,False,0.444444,1.24931e+06,35.11,33.86
flood,Bangladesh,BGD,2005,55,0,1150000,0,1150000,0,0,0,0,0,0,0,2000,False,0.00478261,,31.38,31.38
flood,Belgium,BEL,2005,0,0,210,0,210,0,0,0,0,0,0,0,2000,False,,,6.93,6.93
flood,Bosnia and Herzegovina,BIH,2005,0,0,3100,0,3100,0,0,0,0,0,0,0,2000,False,,,10.41,10.41
flood,Brazil,BRA,2005,47,0,31000,10000,41000,0,0,0,0,0,0,0,2000,False,0.114634,,26.55,26.55
flood,Bulgaria,BGR,2005,39,0,13240,0,13240,7.34061e+08,0,0,1.52995,4.57e+08,0,0,2000,False,0.294562,55442.7,45.03,43.81
flood,Burundi,BDI,2005,0,0,0,5000,5000,0,0,0,0,0,0,0,2000,False,,,11.03,11.03
flood,Cambodia,KHM,2005,16,0,0,0,0,0,0,0,0,0,0,0,2000,False,,,9.37,9.37
flood,Cameroon,CMR,2005,2,0,0,0,0,0,0,0,0,0,0,0,2000,False,,,3.63,3.63
flood,Canada,CAN,2005,4,0,5600,0,5600,5.73434e+08,2.98764e+08,0,0.0304317,3.57e+08,1.86e+08,0,2000,False,0.0714286,102399,36.8,35.59
flood,Central African Republic,CAF,2005,1,7,0,23798,23805,0,0,0,0,0,0,0,2000,False,0.0042008,,15.34,15.34
flood,Chile,CHL,2005,5,0,800,548,1348,0,0,0,0,0,0,0,2000,False,0.37092,,15.26,15.26
flood,China,CHN,2005,578,324,34483742,268000,34752066,7.48655e+09,0,0,0.201111,4.66086e+09,0,0,2000,False,0.00166321,215.427,66.4,65.04
flood,Colombia,COL,2005,180,261,601605,0,601866,1.6063e+07,0,0,0.00686811,1e+07,0,0,2000,False,0.029907,26.6887,51.12,50.13
flood,Congo,COG,2005,1,0,0,2000,2000,0,0,0,0,0,0,0,2000,False,0.05,,12.13,12.13
flood,Costa Rica,CRI,2005,5,0,2998,0,2998,4.0156e+07,0,0,0.124746,2.5e+07,0,0,2000,False,0.166778,13394.3,33.91,32.87
flood,Croatia,HRV,2005,0,0,250,0,250,0,0,0,0,0,0,0,2000,False,,,7.15,7.15
flood,Czechia,CZE,2005,1,0,0,0,0,0,0,0,0,0,0,0,2000,False,,,2.29,2.29
flood,Dominican Republic,DOM,2005,3,0,1450,0,1450,0,0,0,0,0,0,0,2000,False,0.206897,,14.01,14.01
flood,El Salvador,SLV,2005,48,0,2332,0,2332,0,0,0,0,0,0,0,2000,False,2.05832,,22.91,22.91
flood,Ethiopia,ETH,2005,211,0,242418,0,242418,9.959e+06,0,0,0.0499954,6.2e+06,0,0,2000,False,0.0870397,41.0819,49.98,49.02
flood,Finland,FIN,2005,0,0,400,0,400,0,0,0,0,0,0,0,2000,False,,,7.76,7.76
flood,France,FRA,2005,3,0,4000,0,4000,0,0,0,0,0,0,0,2000,False,0.075,,15.32,15.32
flood,Georgia,GEO,2005,0,0,2500,0,2500,0,0,0,0,0,0,0,2000,False,,,10.13,10.13
flood,Germany,DEU,2005,2,0,450,0,450,3.53377e+08,8.0313e+07,0,0.00760353,2.2e+08,5e+07,0,2000,False,0.444444,785282,31.36,30.18
flood,Guyana,GUY,2005,34,0,274774,0,274774,7.47071e+08,0,0,56.3839,4.651e+08,0,0,2000,False,0.0123738,2718.86,48.54,47.32
flood,Haiti,HTI,2005,17,5,14078,0,14083,0,0,0,0,0,0,0,2000,False,0.120713,,21.93,21.93
flood,Honduras,HND,2005,8,0,0,800,800,0,0,0,0,0,0,0,2000,False,1,,15.92,15.92
flood,Hungary,HUN,2005,0,0,0,0,0,7.71e+07,0,0,0.042441,4.8e+07,0,0,2000,False,,,18.28,17.2
flood,India,IND,2005,2129,71,28025000,256500,28281571,9.94274e+09,1.60626e+09,0,0.754525,6.19e+09,1e+09,0,2000,False,0.00752787,351.563,70.73,69.35
flood,Indonesia,IDN,2005,94,236,14695,0,14931,0,0,0,0,0,0,0,2000,False,0.629563,,27.5,27.5
flood,Iran,IRN,2005,109,0,3000,1750,4750,0,0,0,0,0,0,0,2000,False,2.29474,,26.5,26.5
flood,Japan,JPN,2005,0,0,900,0,900,0,0,0,0,0,0,0,2000,False,,,8.81,8.81
flood,Kazakhstan,KAZ,2005,0,0,25000,0,25000,1.2307e+07,0,0,0.013413,7.662e+06,0,0,2000,False,,492.28,29.55,28.57
flood,Kenya,KEN,2005,26,0,36200,0,36200,803000,0,0,0.00266839,500000,0,0,2000,False,0.0718232,22.1823,38.17,37.36
flood,Kyrgyzstan,KGZ,2005,3,0,0,2050,2050,4.273e+06,0,0,0.108119,2.66e+06,0,0,2000,False,0.146341,2084.39,29.83,28.91
flood,Madagascar,MDG,2005,29,17,58700,900,59617,0,0,0,0,0,0,0,2000,False,0.0486438,,25.48,25.48
flood,Malawi,MWI,2005,0,0,0,9270,9270,0,0,0,0,0,0,0,2000,False,,,11.83,11.83
flood,Malaysia,MYS,2005,10,0,23541,0,23541,0,0,0,0,0,0,0,2000,False,0.0424791,,20.96,20.96
flood,Mali,MLI,2005,0,0,0,1860,1860,0,0,0,0,0,0,0,2000,False,,,9.75,9.75
flood,Mauritania,MRT,2005,0,0,7500,0,7500,0,0,0,0,0,0,0,2000,False,,,11.55,11.55
flood,Mexico,MEX,2005,41,0,14000,0,14000,0,0,0,0,0,0,0,2000,False,0.292857,,24.72,24.72
flood,Moldova,MDA,2005,0,0,6500,0,6500,1.2452e+07,0,0,0.259408,7.752e+06,0,0,2000,False,,1915.69,27.81,26.84
flood,Mozambique,MOZ,2005,3,2,22991,1875,24868,0,0,0,0,0,0,0,2000,False,0.0120637,,17.69,17.69
flood,Nepal,NPL,2005,51,0,31600,0,31600,0,0,0,0,0,0,0,2000,False,0.161392,,26.48,26.48
flood,New Zealand,NZL,2005,0,0,0,400,400,1.15651e+08,6.9069e+07,0,0.0627614,7.2e+07,4.3e+07,0,2000,False,,289128,26.45,25.34
flood,Nigeria,NGA,2005,60,4,1000,3000,4004,236000,0,0,8.36794e-05,147000,0,0,2000,False,1.4985,58.9411,36.79,36.05
flood,North Korea,PRK,2005,193,205,0,16093,16298,0,0,0,,0,0,0,2000,False,1.18419,,29.97,29.97
flood,North Macedonia,MKD,2005,0,0,2000,0,2000,0,0,0,0,0,0,0,2000,False,,,9.84,9.84
flood,Pakistan,PAK,2005,636,470,7523073,3500,7527043,4.8188e+07,0,0,0.0206599,3e+07,0,0,2000,False,0.00844953,6.40198,59.66,58.6
flood,Panama,PAN,2005,3,0,7000,0,7000,1.1244e+07,0,0,0.042108,7e+06,0,0,2000,False,0.0428571,1606.29,32.39,31.42
flood,Papua New Guinea,PNG,2005,1,0,2493,0,2493,0,0,0,0,0,0,0,2000,False,0.0401123,,12.42,12.42
flood,Philippines,PHL,2005,5,0,193046,0,193046,827000,0,0,0.000479427,515000,0,0,2000,False,0.00259006,4.28395,35.4,34.58
flood,Poland,POL,2005,2,0,3600,0,3600,0,0,0,0,0,0,0,2000,False,0.0555556,,14.24,14.24
flood,Romania,ROU,2005,77,2,90369,800,91171,2.10902e+09,0,0,1.33361,1.313e+09,0,0,2000,False,0.0844567,23132.6,50.8,49.52
flood,Russia,RUS,2005,22,0,9045,0,9045,3.8017e+07,0,0,0.00309784,2.3668e+07,0,0,2000,False,0.243228,4203.1,39.73,38.69
flood,Saudi Arabia,SAU,2005,63,17,50,0,67,0,0,0,0,0,0,0,2000,False,94.0299,,19.21,19.21
flood,Senegal,SEN,2005,0,0,50000,0,50000,0,0,135000,0,0,0,84000,2000,False,,,14.01,14.01
flood,Serbia and Montenegro,OWID_SRM,2005,2,0,1945,1845,3790,0,0,0,,0,0,0,2000,True,0.0527704,,14.3,14.3
flood,Sierra Leone,SLE,2005,20,0,15000,0,15000,0,0,0,0,0,0,0,2000,False,0.133333,,22.52,22.52
flood,Slovakia,SVK,2005,1,0,0,0,0,0,0,0,0,0,0,0,2000,False,,,2.29,2.29
flood,Slovenia,SVN,2005,0,0,0,0,0,8.031e+06,0,0,0.013909,5e+06,0,0,2000,False,,,16,15.05
flood,Somalia,SOM,2005,12,20,5000,2500,7520,32000,0,0,0.000427054,20000,0,0,2000,False,0.159574,4.25532,30.48,29.86
flood,South Korea,KOR,2005,18,0,13010,1500,14510,0,0,0,0,0,0,0,2000,False,0.124052,,22.14,22.14
flood,Sri Lanka,LKA,2005,6,0,145000,0,145000,0,0,0,0,0,0,0,2000,False,0.00413793,,21.82,21.82
flood,Sudan,SDN,2005,5,0,156000,4780,160780,0,0,0,0,0,0,0,2000,False,0.00310984,,21.45,21.45
flood,Switzerland,CHE,2005,6,0,2500,0,2500,3.37314e+09,2.44954e+09,1.27698e+09,0.494687,2.1e+09,1.525e+09,7.95e+08,2000,False,0.24,1.34926e+06,38.65,37.34
flood,Taiwan,TWN,2005,16,0,2700,0,2700,9.9588e+07,0,0,,6.2e+07,0,0,2000,False,0.592593,36884.4,38.14,37.04
flood,Tajikistan,TJK,2005,8,0,4767,345,5112,8.0313e+07,0,0,2.1623,5e+07,0,0,2000,False,0.156495,15710.7,36.64,35.56
flood,Tanzania,TZA,2005,1,0,10548,0,10548,0,0,0,0,0,0,0,2000,False,0.00948047,,14.29,14.29
flood,Thailand,THA,2005,63,40,654564,0,654604,3.13504e+08,0,0,0.103094,1.95176e+08,0,0,2000,False,0.00962414,478.921,50.78,49.61
flood,Turkey,TUR,2005,7,0,3000,0,3000,0,0,0,0,0,0,0,2000,False,0.233333,,17.24,17.24
flood,Ukraine,UKR,2005,0,0,8340,0,8340,0,0,0,0,0,0,0,2000,False,,,11.69,11.69
flood,United Kingdom,GBR,2005,2,0,800,0,800,0,0,0,0,0,0,0,2000,False,0.25,,12.29,12.29
flood,United States,USA,2005,50,8,14839,0,14847,8.00278e+08,9.63756e+08,0,0.00382098,4.98225e+08,6e+08,0,2000,False,0.336768,53901.7,46.07,44.85
flood,Uzbekistan,UZB,2005,0,0,1500,0,1500,0,0,0,0,0,0,0,2000,False,,,9.47,9.47
flood,Venezuela,VEN,2005,97,147,44000,1650,45797,8.1919e+07,0,0,0.0350483,5.1e+07,0,0,2000,False,0.211804,1788.74,47.4,46.31
flood,Vietnam,VNM,2005,192,3,74185,18205,92393,8.6738e+07,0,0,0.0936959,5.4e+07,0,0,2000,False,0.207808,938.794,50.6,49.51
flood,Yemen,YEM,2005,22,6,215,500,721,0,0,0,0,0,0,0,2000,False,3.05132,,18.89,18.89
flood,Zambia,ZMB,2005,0,0,4000,0,4000,0,0,0,0,0,0,0,2000,False,,,10.74,10.74
flood,Afghanistan,AFG,2006,282,185,24775,8015,32975,0,0,0,0,0,0,0,2000,False,0.855193,,32.13,32.13
flood,Algeria,DZA,2006,1,0,60000,0,60000,1.867e+06,0,0,0.000974942,1.2e+06,0,0,2000,False,0.00166667,31.1167,31.07,30.21
flood,Angola,AGO,2006,0,0,0,225,225,0,0,0,0,0,0,0,2000,False,,,7.02,7.02
flood,Argentina,ARG,2006,0,0,4500,0,4500,0,0,0,0,0,0,0,2000,False,,,10.89,10.89
flood,Australia,AUS,2006,0,0,1100,0,1100,0,0,0,0,0,0,0,2000,False,,,9.07,9.07
flood,Austria,AUT,2006,0,0,516,0,516,0,0,0,0,0,0,0,2000,False,,,8.09,8.09
flood,Bangladesh,BGD,2006,0,0,211775,0,211775,0,0,0,0,0,0,0,2000,False,,,15.88,15.88
flood,Bolivia,BOL,2006,25,50,126550,0,126600,5.4462e+07,0,0,0.305628,3.5e+07,0,0,2000,False,0.0197472,430.19,43.92,42.85
flood,Brazil,BRA,2006,20,0,116000,0,116000,0,0,0,0,0,0,0,2000,False,0.0172414,,25.16,25.16
flood,Burkina Faso,BFA,2006,0,0,15610,10000,25610,0,0,0,0,0,0,0,2000,False,,,13.14,13.14
flood,Burundi,BDI,2006,22,0,7000,5752,12752,0,0,0,0,0,0,0,2000,False,0.172522,,22.61,22.61
flood,Cambodia,KHM,2006,5,0,38000,0,38000,0,0,0,0,0,0,0,2000,False,0.0131579,,19.58,19.58
flood,Canada,CAN,2006,1,0,3900,0,3900,0,0,0,0,0,0,0,2000,False,0.025641,,13,13
flood,Chad,TCD,2006,52,0,0,0,0,0,0,0,0,0,0,0,2000,False,,,13.13,13.13
flood,Chile,CHL,2006,18,0,95862,0,95862,0,0,0,0,0,0,0,2000,False,0.018777,,24.59,24.59
flood,China,CHN,2006,430,565,14610500,379000,14990065,2.62585e+09,0,0,0.0604514,1.6875e+09,0,0,2000,False,0.00286857,175.173,63.28,61.99
flood,Colombia,COL,2006,150,227,221238,0,221465,0,0,0,0,0,0,0,2000,False,0.0677308,,32.52,32.52
flood,Congo,COG,2006,6,0,0,5000,5000,0,0,0,0,0,0,0,2000,False,0.12,,17.46,17.46
flood,Cuba,CUB,2006,2,0,1500,0,1500,0,0,0,0,0,0,0,2000,False,0.133333,,13.1,13.1
flood,Czechia,CZE,2006,6,0,4315,0,4315,0,0,0,0,0,0,0,2000,False,0.13905,,17.27,17.27
flood,Democratic Republic of Congo,COD,2006,1,0,9370,3600,12970,0,0,0,0,0,0,0,2000,False,0.0077101,,14.55,14.55
flood,Ecuador,ECU,2006,16,0,57670,0,57670,4.357e+06,0,0,0.00612815,2.8e+06,0,0,2000,False,0.0277441,75.5505,38.95,38.04
flood,Ethiopia,ETH,2006,951,96,434050,0,434146,4.979e+06,0,0,0.0209412,3.2e+06,0,0,2000,False,0.219051,11.4685,55.01,54.08
flood,Fiji,FJI,2006,4,0,224,0,224,778000,0,0,0.0162533,500000,0,0,2000,False,1.78571,3473.21,25.99,25.18
flood,Georgia,GEO,2006,0,0,600,0,600,0,0,0,0,0,0,0,2000,False,,,8.29,8.29
flood,Germany,DEU,2006,3,0,1000,0,1000,0,0,0,0,0,0,0,2000,False,0.3,,13.53,13.53
flood,Greece,GRC,2006,1,0,3090,0,3090,8.806e+06,0,0,0.00210314,5.659e+06,0,0,2000,False,0.0323625,2849.84,28.79,27.84
flood,Guinea,GIN,2006,0,0,1200,0,1200,0,0,0,0,0,0,0,2000,False,,,9.18,9.18
flood,Guyana,GUY,2006,0,0,35000,0,35000,2.62974e+08,0,0,7.10138,1.69e+08,0,0,2000,False,,7513.54,33.06,31.91
flood,Haiti,HTI,2006,11,10,24690,0,24700,0,0,0,0,0,0,0,2000,False,0.0445344,,21.31,21.31
flood,Honduras,HND,2006,4,0,1500,0,1500,1.2448e+07,0,0,0.073277,8e+06,0,0,2000,False,0.266667,8298.67,31.24,30.26
flood,Hungary,HUN,2006,0,0,32000,0,32000,0,0,0,0,0,0,0,2000,False,,,13.43,13.43
flood,India,IND,2006,1194,178,3234000,4000000,7234178,5.27505e+09,6.33317e+08,0,0.360539,3.39e+09,4.07e+08,0,2000,False,0.016505,729.184,66.41,65.07
flood,Indonesia,IDN,2006,637,120,527266,670,528056,1.66966e+08,0,0,0.0294319,1.073e+08,0,0,2000,False,0.120631,316.19,57.47,56.34
flood,Iran,IRN,2006,14,0,2800,0,2800,2.4897e+07,0,0,0.00602405,1.6e+07,0,0,2000,False,0.5,8891.79,36.37,35.36
flood,Iraq,IRQ,2006,20,20,59890,0,59910,2.023e+06,0,0,0.00199549,1.3e+06,0,0,2000,False,0.0333834,33.7673,38.93,38.06
flood,Jamaica,JAM,2006,1,0,5000,0,5000,0,0,0,0,0,0,0,2000,False,0.02,,13.32,13.32
flood,Japan,JPN,2006,42,32,10500,0,10532,0,0,0,0,0,0,0,2000,False,0.398785,,24.43,24.43
flood,Kenya,KEN,2006,212,0,783300,0,783300,0,0,0,0,0,0,0,2000,False,0.027065,,35.3,35.3
flood,Malawi,MWI,2006,9,0,0,51230,51230,0,0,0,0,0,0,0,2000,False,0.0175678,,21.65,21.65
flood,Malaysia,MYS,2006,9,0,113577,0,113577,3.4233e+07,0,0,0.0135225,2.2e+07,0,0,2000,False,0.00792414,301.408,40.15,39.11
flood,Mali,MLI,2006,1,0,0,1000,1000,0,0,0,0,0,0,0,2000,False,0.1,,11.24,11.24
flood,Mauritania,MRT,2006,7,19,0,10600,10619,0,0,0,0,0,0,0,2000,False,0.0659196,,18.88,18.88
flood,Morocco,MAR,2006,17,0,2100,0,2100,0,0,0,0,0,0,0,2000,False,0.809524,,19.46,19.46
flood,Mozambique,MOZ,2006,13,10,15834,7125,22969,0,0,0,0,0,0,0,2000,False,0.056598,,21.73,21.73
flood,Myanmar,MMR,2006,25,0,10000,0,10000,0,0,0,0,0,0,0,2000,False,0.25,,22.7,22.7
flood,Namibia,NAM,2006,5,0,2300,0,2300,1.3211e+07,0,0,0.106101,8.49e+06,0,0,2000,False,0.217391,5743.91,32.45,31.47
flood,New Zealand,NZL,2006,0,0,1200,0,1200,4.668e+06,0,0,0.00268965,3e+06,0,0,2000,False,,3890,24.64,23.72
flood,Niger,NER,2006,4,0,0,46472,46472,0,0,0,0,0,0,0,2000,False,0.00860733,,19.24,19.24
flood,Nigeria,NGA,2006,40,0,3000,10000,13000,0,0,0,0,0,0,0,2000,False,0.307692,,24.54,24.54
flood,North Korea,PRK,2006,278,14,7310,84500,91824,0,0,0,,0,0,0,2000,False,0.302753,,33.41,33.41
flood,North Macedonia,MKD,2006,0,0,1500,0,1500,0,0,0,0,0,0,0,2000,False,,,9.47,9.47
flood,Norway,NOR,2006,1,0,200,0,200,0,0,0,0,0,0,0,2000,False,0.5,,9.16,9.16
flood,Pakistan,PAK,2006,400,525,2000,5600,8125,0,0,0,0,0,0,0,2000,False,4.92308,,31.47,31.47
flood,Panama,PAN,2006,11,0,5140,1290,6430,0,0,0,0,0,0,0,2000,False,0.171073,,19.57,19.57
flood,Papua New Guinea,PNG,2006,1,0,400,12000,12400,0,0,0,0,0,0,0,2000,False,0.00806452,,14.5,14.5
flood,Peru,PER,2006,0,0,15000,325,15325,0,0,0,0,0,0,0,2000,False,,,12.48,12.48
flood,Philippines,PHL,2006,36,0,732509,0,732509,2.2029e+07,0,0,0.0110902,1.4157e+07,0,0,2000,False,0.00491462,30.0734,46.44,45.43
flood,Poland,POL,2006,0,0,500,0,500,0,0,0,0,0,0,0,2000,False,,,8.05,8.05
flood,Portugal,PRT,2006,3,0,367,0,367,0,0,0,0,0,0,0,2000,False,0.817439,,12.23,12.23
flood,Romania,ROU,2006,34,2,30329,5000,35331,0,0,0,0,0,0,0,2000,False,0.0962328,,25.31,25.31
flood,Russia,RUS,2006,0,0,7720,0,7720,2.0604e+08,0,0,0.0133758,1.32411e+08,0,0,2000,False,,26689.1,30.86,29.72
flood,Serbia and Montenegro,OWID_SRM,2006,0,0,36200,0,36200,0,0,0,,0,0,0,2000,True,,,13.59,13.59
flood,Slovakia,SVK,2006,1,0,100,0,100,0,0,0,0,0,0,0,2000,False,1,,8.27,8.27
flood,Somalia,SOM,2006,97,0,486500,0,486500,0,0,0,0,0,0,0,2000,False,0.0199383,,32.11,32.11
flood,South Africa,ZAF,2006,12,0,7160,0,7160,3.36109e+08,0,1.98472e+08,0.0710857,2.16e+08,0,1.27548e+08,2000,False,0.167598,46942.6,39.74,38.56
flood,South Korea,KOR,2006,46,0,4630,0,4630,0,0,0,0,0,0,0,2000,False,0.993521,,23.66,23.66
flood,Spain,ESP,2006,2,0,289,0,289,0,0,0,0,0,0,0,2000,False,0.692042,,10.97,10.97
flood,Sri Lanka,LKA,2006,25,2,333000,0,333002,4.668e+06,0,0,0.0106129,3e+06,0,0,2000,False,0.00750746,14.0179,42.69,41.78
flood,Sudan,SDN,2006,27,0,161000,6000,167000,0,0,0,0,0,0,0,2000,False,0.0161677,,26.59,26.59
flood,Suriname,SUR,2006,3,0,25000,0,25000,0,0,0,0,0,0,0,2000,False,0.012,,17.7,17.7
flood,Switzerland,CHE,2006,0,0,3000,0,3000,0,0,0,0,0,0,0,2000,False,,,10.37,10.37
flood,Syria,SYR,2006,6,0,0,0,0,0,0,0,0,0,0,0,2000,False,,,6.43,6.43
flood,Taiwan,TWN,2006,3,0,300,0,300,1.80705e+08,0,0,,1.1613e+08,0,0,2000,False,1,602350,31.11,29.98
flood,Tanzania,TZA,2006,0,28,0,21500,21528,0,0,0,0,0,0,0,2000,False,,,12.92,12.92
flood,Thailand,THA,2006,293,0,2722014,0,2722014,9.10295e+07,0,0,0.026048,5.77635e+07,0,0,2000,False,0.0107641,33.442,56.42,55.33
flood,Togo,TGO,2006,0,0,2000,0,2000,0,0,0,0,0,0,0,2000,False,,,9.84,9.84
flood,Turkey,TUR,2006,59,15,63000,0,63015,4.93271e+08,0,0,0.0566407,3.17e+08,0,0,2000,False,0.0936285,7827.83,47.99,46.8
flood,Uganda,UGA,2006,3,0,5680,0,5680,0,0,0,0,0,0,0,2000,False,0.0528169,,15.78,15.78
flood,Ukraine,UKR,2006,2,0,5000,0,5000,3.712e+07,0,0,0.021321,2.3855e+07,0,0,2000,False,0.04,7424,32.21,31.16
flood,United States,USA,2006,43,10,77461,0,77471,2.67346e+09,7.21234e+08,0,0.0123817,1.71061e+09,4.635e+08,0,2000,False,0.0555046,34509.1,48.94,47.64
flood,Venezuela,VEN,2006,0,0,95,40,135,0,0,0,0,0,0,0,2000,False,,,6.36,6.36
flood,Vietnam,VNM,2006,178,120,50000,2000,52120,1.4004e+07,0,0,0.01356,9e+06,0,0,2000,False,0.34152,268.688,47.78,46.79
flood,Yemen,YEM,2006,30,20,0,2300,2320,0,0,0,0,0,0,0,2000,False,1.2931,,21.39,21.39
flood,Afghanistan,AFG,2007,296,20,26755,3480,30255,0,0,0,0,0,0,0,2000,False,0.978351,,32.18,32.18
flood,Algeria,DZA,2007,82,5,1300,0,1305,6.5147e+07,0,0,0.0302219,4.3061e+07,0,0,2000,False,6.28352,49921.1,42.01,40.94
flood,Angola,AGO,2007,105,0,40000,6000,46000,0,0,0,0,0,0,0,2000,False,0.228261,,29.32,29.32
flood,Argentina,ARG,2007,10,0,130000,5000,135000,6.0516e+07,0,0,0.0139116,4e+07,0,0,2000,False,0.00740741,448.267,41.26,40.19
flood,Australia,AUS,2007,9,0,5000,0,5000,1.96677e+09,1.02877e+09,0,0.151762,1.3e+09,6.8e+08,0,2000,False,0.18,393355,40.18,38.9
flood,Austria,AUT,2007,0,0,480,0,480,0,0,0,0,0,0,0,2000,False,,,8,8
flood,Bangladesh,BGD,2007,1230,60,13851380,0,13851440,1.72471e+08,0,0,0.143195,1.14e+08,0,0,2000,False,0.00887994,12.4515,63.91,62.77
flood,Benin,BEN,2007,10,0,10000,884,10884,0,0,0,0,0,0,0,2000,False,0.091878,,19.96,19.96
flood,Bolivia,BOL,2007,58,6,460745,0,460751,3.25274e+08,0,0,1.63871,2.15e+08,0,0,2000,False,0.0125881,705.964,50.1,48.92
flood,Brazil,BRA,2007,69,80,206272,0,206352,1.89113e+08,0,0,0.00894701,1.25e+08,0,0,2000,False,0.033438,916.458,49.08,47.94
flood,Bulgaria,BGR,2007,12,10,1060,0,1070,0,0,0,0,0,0,0,2000,False,1.1215,,17.51,17.51
flood,Burkina Faso,BFA,2007,52,73,92970,28000,121043,0,0,9.077e+06,0,0,0,6e+06,2000,False,0.0429599,,28.28,28.28
flood,Burundi,BDI,2007,5,6,2695,25053,27754,0,0,0,0,0,0,0,2000,False,0.0180154,,19.17,19.17
flood,Cambodia,KHM,2007,2,0,19000,0,19000,1.513e+06,0,0,0.0098737,1e+06,0,0,2000,False,0.0105263,79.6316,30.71,29.86
flood,Cameroon,CMR,2007,8,17,0,10279,10296,0,0,0,0,0,0,0,2000,False,0.0777001,,19.23,19.23
flood,Canada,CAN,2007,0,0,500,0,500,0,0,0,0,0,0,0,2000,False,,,8.05,8.05
flood,Central African Republic,CAF,2007,1,0,6000,1812,7812,0,0,0,0,0,0,0,2000,False,0.0128008,,13.9,13.9
flood,Chad,TCD,2007,15,0,173000,0,173000,0,0,0,0,0,0,0,2000,False,0.00867052,,24.78,24.78
flood,China,CHN,2007,1010,4192,111041600,47500,111093292,7.56021e+09,0,0,0.138654,4.99716e+09,0,0,2000,False,0.000909146,68.0528,69.76,68.4
flood,Colombia,COL,2007,218,260,2669227,2000,2671487,0,0,0,0,0,0,0,2000,False,0.00816025,,36.98,36.98
flood,Congo,COG,2007,0,0,20000,5000,25000,0,0,0,0,0,0,0,2000,False,,,13.11,13.11
flood,Costa Rica,CRI,2007,19,0,24500,0,24500,1.21032e+08,0,0,0.297567,8e+07,0,0,2000,False,0.077551,4940.08,41.73,40.61
flood,Cote d'Ivoire,CIV,2007,0,0,2000,0,2000,0,0,0,0,0,0,0,2000,False,,,9.84,9.84
flood,Cuba,CUB,2007,0,0,18000,0,18000,0,0,0,0,0,0,0,2000,False,,,12.69,12.69
flood,Czechia,CZE,2007,0,0,300,0,300,0,0,0,0,0,0,0,2000,False,,,7.39,7.39
flood,Democratic Republic of Congo,COD,2007,32,100,1500,0,1600,0,0,0,0,0,0,0,2000,False,2,,21.11,21.11
flood,Dominican Republic,DOM,2007,12,0,19830,0,19830,0,0,0,0,0,0,0,2000,False,0.0605144,,21.29,21.29
flood,East Timor,TLS,2007,1,0,947,0,947,0,0,0,0,0,0,0,2000,False,0.105597,,11.17,11.17
flood,El Salvador,SLV,2007,2,0,500,0,500,0,0,0,0,0,0,0,2000,False,0.4,,11.68,11.68
flood,Ethiopia,ETH,2007,17,0,245386,0,245386,0,0,0,0,0,0,0,2000,False,0.00692786,,25.63,25.63
flood,Fiji,FJI,2007,6,0,900,0,900,5.5977e+07,0,0,1.09522,3.7e+07,0,0,2000,False,0.666667,62196.7,33.2,32.14
flood,Gambia,GMB,2007,0,0,300,0,300,0,0,0,0,0,0,0,2000,False,,,7.39,7.39
flood,Germany,DEU,2007,1,0,0,0,0,0,0,0,0,0,0,0,2000,False,,,2.29,2.29
flood,Ghana,GHA,2007,56,0,332600,0,332600,0,0,0,0,0,0,0,2000,False,0.016837,,29.83,29.83
flood,Greece,GRC,2007,2,0,600,0,600,0,0,0,0,0,0,0,2000,False,0.333333,,11.92,11.92
flood,Guatemala,GTM,2007,11,0,2096,0,2096,0,0,0,0,0,0,0,2000,False,0.524809,,18.12,18.12
flood,Guinea,GIN,2007,0,0,20685,0,20685,0,0,0,0,0,0,0,2000,False,,,12.87,12.87
flood,Haiti,HTI,2007,61,92,89020,15849,104961,0,0,0,0,0,0,0,2000,False,0.0581168,,28.61,28.61
flood,Honduras,HND,2007,6,0,15500,0,15500,0,0,0,0,0,0,0,2000,False,0.0387097,,18.93,18.93
flood,India,IND,2007,2051,8,38143000,0,38143008,5.6908e+08,0,0,0.0309147,3.76151e+08,0,0,2000,False,0.00537713,14.9196,68.11,66.91
flood,Indonesia,IDN,2007,506,134,736249,9875,746258,1.46903e+09,6.80806e+08,0,0.224656,9.71e+08,4.5e+08,0,2000,False,0.067805,1968.53,59.35,58.09
flood,Iran,IRN,2007,12,0,0,0,0,3.3284e+07,0,0,0.00629045,2.2e+07,0,0,2000,False,,,25.92,24.88
flood,Japan,JPN,2007,2,0,10000,0,10000,0,0,0,0,0,0,0,2000,False,0.02,,15.56,15.56
flood,Kenya,KEN,2007,19,1,42650,0,42651,0,0,0,0,0,0,0,2000,False,0.0445476,,23.71,23.71
flood,Kyrgyzstan,KGZ,2007,0,0,845,0,845,303000,0,0,0.0052596,200000,0,0,2000,False,,358.58,21.43,20.68
flood,Liberia,LBR,2007,1,0,17000,0,17000,0,0,0,0,0,0,0,2000,False,0.00588235,,14.9,14.9
flood,Madagascar,MDG,2007,7,0,33000,0,33000,0,0,0,0,0,0,0,2000,False,0.0212121,,20.35,20.35
flood,Malawi,MWI,2007,2,0,95241,2659,97900,0,0,0,0,0,0,0,2000,False,0.0020429,,18.51,18.51
flood,Malaysia,MYS,2007,46,0,137533,29000,166533,1.46449e+09,0,0,0.50013,9.68e+08,0,0,2000,False,0.0276222,8793.99,49.54,48.28
flood,Maldives,MDV,2007,0,0,1649,0,1649,0,0,0,0,0,0,0,2000,False,,,9.59,9.59
flood,Mali,MLI,2007,18,34,42662,46162,88858,0,0,0,0,0,0,0,2000,False,0.020257,,24.49,24.49
flood,Mauritania,MRT,2007,3,0,54120,0,54120,0,0,0,0,0,0,0,2000,False,0.00554324,,18.7,18.7
flood,Mexico,MEX,2007,22,0,1655000,0,1655000,4.53871e+09,1.05903e+09,0,0.272145,3e+09,7e+08,0,2000,False,0.00132931,2742.42,51.29,49.96
flood,Montenegro,MNE,2007,0,0,1086,0,1086,0,0,0,0,0,0,0,2000,False,,,9.05,9.05
flood,Mozambique,MOZ,2007,51,0,384343,3500,387843,2.39795e+08,0,0,1.46604,1.585e+08,0,0,2000,False,0.0131497,618.278,49.15,48
flood,Myanmar,MMR,2007,5,110,162317,4237,166664,0,0,0,0,0,0,0,2000,False,0.00300005,,21.49,21.49
flood,Namibia,NAM,2007,7,0,15000,0,15000,0,0,0,0,0,0,0,2000,False,0.0466667,,19.33,19.33
flood,Nepal,NPL,2007,214,48,640658,0,640706,3.631e+06,0,0,0.0232432,2.4e+06,0,0,2000,False,0.0334007,5.66719,50.27,49.37
flood,Nicaragua,NIC,2007,10,0,24000,0,24000,0,0,0,0,0,0,0,2000,False,0.0416667,,20.99,20.99
flood,Niger,NER,2007,7,10,57264,0,57274,0,0,0,0,0,0,0,2000,False,0.012222,,21.06,21.06
flood,Nigeria,NGA,2007,91,0,55000,0,55000,0,0,0,0,0,0,0,2000,False,0.165455,,29.08,29.08
flood,North Korea,PRK,2007,610,518,1000000,170000,1170518,4.53871e+08,0,0,,3e+08,0,0,2000,False,0.0521137,387.752,59.37,58.18
flood,Pakistan,PAK,2007,526,206,2500,0,2706,4.94898e+08,0,0,0.177646,3.27118e+08,0,0,2000,False,19.4383,182889,51.11,49.91
flood,Panama,PAN,2007,2,0,129,0,129,0,0,0,0,0,0,0,2000,False,1.55039,,9.93,9.93
flood,Peru,PER,2007,17,11,47703,0,47714,0,0,0,0,0,0,0,2000,False,0.035629,,23.5,23.5
flood,Philippines,PHL,2007,40,0,86747,0,86747,9.986e+06,0,0,0.0042313,6.6e+06,0,0,2000,False,0.0461111,115.116,43.22,42.26
flood,Romania,ROU,2007,14,0,6976,0,6976,0,0,0,0,0,0,0,2000,False,0.200688,,20.41,20.41
flood,Russia,RUS,2007,0,0,14000,0,14000,3.896e+07,0,0,0.00198138,2.5752e+07,0,0,2000,False,,2782.86,29.96,28.91
flood,Rwanda,RWA,2007,30,0,4500,0,4500,14000,0,0,0.000223993,9000,0,0,2000,False,0.666667,3.11111,31.86,31.28
flood,Senegal,SEN,2007,8,0,5300,0,5300,0,0,0,0,0,0,0,2000,False,0.150943,,18.37,18.37
flood,Serbia,SRB,2007,0,0,12370,0,12370,0,0,0,0,0,0,0,2000,False,,,12.2,12.2
flood,Sierra Leone,SLE,2007,0,0,4500,0,4500,0,0,0,0,0,0,0,2000,False,,,10.89,10.89
flood,Somalia,SOM,2007,25,12,8000,2000,10012,0,0,0,0,0,0,0,2000,False,0.2497,,22.7,22.7
flood,South Africa,ZAF,2007,0,0,38000,0,38000,0,0,0,0,0,0,0,2000,False,,,13.65,13.65
flood,South Korea,KOR,2007,3,0,1000,0,1000,0,0,0,0,0,0,0,2000,False,0.3,,13.53,13.53
flood,Spain,ESP,2007,5,0,16600,0,16600,6.05161e+08,7.5645e+07,0,0.0270866,4e+08,5e+07,0,2000,False,0.0301205,36455.5,38.86,37.65
flood,Sri Lanka,LKA,2007,33,0,391294,0,391294,76000,0,0,0.000154558,50000,0,0,2000,False,0.00843356,0.194227,39.65,38.97
flood,Sudan,SDN,2007,150,335,365000,200000,565335,4.53871e+08,0,0,0.504709,3e+08,0,0,2000,False,0.0265329,802.835,53.8,52.61
flood,Switzerland,CHE,2007,1,1,100,0,101,5.29516e+08,4.23613e+08,0,0.0701411,3.5e+08,2.8e+08,0,2000,False,0.990099,5.24273e+06,28.5,27.3
flood,Tajikistan,TJK,2007,22,0,17184,125,17309,0,0,0,0,0,0,0,2000,False,0.127102,,23,23
flood,Thailand,THA,2007,53,0,183000,0,183000,2.269e+06,0,0,0.000570467,1.5e+06,0,0,2000,False,0.0289617,12.3989,43.61,42.73
flood,Togo,TGO,2007,41,77,127880,13374,141331,0,0,0,0,0,0,0,2000,False,0.0290099,,27.71,27.71
flood,Tunisia,TUN,2007,16,0,6500,0,6500,0,0,0,0,0,0,0,2000,False,0.246154,,20.74,20.74
flood,Turkey,TUR,2007,16,0,3150,36,3186,0,0,0,0,0,0,0,2000,False,0.502197,,19.81,19.81
flood,Uganda,UGA,2007,33,0,438070,282975,721045,107000,0,0,0.00059651,71000,0,0,2000,False,0.00457669,0.148396,40.78,40.09
flood,United Kingdom,GBR,2007,14,0,340200,30000,370200,1.2781e+10,9.52977e+09,0,0.272104,8.448e+09,6.299e+09,0,2000,False,0.00378174,34524.6,48.98,47.59
flood,United States,USA,2007,80,40,8770,0,8810,1.10139e+09,6.80806e+08,0,0.00502963,7.28e+08,4.5e+08,0,2000,False,0.908059,125016,47.25,46
flood,Uruguay,URY,2007,2,0,110000,10000,120000,6.8081e+07,0,0,0.189093,4.5e+07,0,0,2000,False,0.00166667,567.342,36.93,35.85
flood,Vietnam,VNM,2007,230,172,962000,0,962172,1.19519e+09,0,0,1.02048,7.9e+08,0,0,2000,False,0.0239042,1242.18,56.87,55.62
flood,Yemen,YEM,2007,93,18,2600,0,2618,0,0,0,0,0,0,0,2000,False,3.55233,,25.21,25.21
flood,Zambia,ZMB,2007,4,0,1519913,0,1519913,0,0,0,0,0,0,0,2000,False,0.000263173,,23.75,23.75
flood,Zimbabwe,ZWE,2007,23,0,16733,0,16733,0,0,0,0,0,0,0,2000,False,0.137453,,23.1,23.1
flood,Afghanistan,AFG,2008,0,0,1000,180,1180,0,0,0,0,0,0,0,2000,False,,,9.16,9.16
flood,Algeria,DZA,2008,93,50,59000,0,59050,5.07025e+08,0,0,0.192922,3.48e+08,0,0,2000,False,0.157494,8586.37,49.42,48.22
flood,Angola,AGO,2008,7,0,81400,0,81400,0,0,0,0,0,0,0,2000,False,0.00859951,,21.52,21.52
flood,Argentina,ARG,2008,0,0,85000,0,85000,0,0,0,0,0,0,0,2000,False,,,14.7,14.7
flood,Australia,AUS,2008,7,0,8400,0,8400,3.00864e+09,2.25102e+09,0,0.195097,2.065e+09,1.545e+09,0,2000,False,0.0833333,358171,40.54,39.24
flood,Bangladesh,BGD,2008,28,2,600000,35638,635640,0,0,0,0,0,0,0,2000,False,0.00440501,,28.43,28.43
flood,Belize,BLZ,2008,1,0,38000,0,38000,1.4128e+07,0,0,0.557795,9.697e+06,0,0,2000,False,0.00263158,371.789,32.52,31.53
flood,Benin,BEN,2008,15,0,158235,0,158235,0,0,0,0,0,0,0,2000,False,0.00947957,,24.67,24.67
flood,Bolivia,BOL,2008,57,18,363750,0,363768,5.67338e+08,0,0,2.24897,3.75e+08,0,0,2000,False,0.0156693,1559.62,50.29,49.09
flood,Brazil,BRA,2008,200,27,1750929,1435,1752391,1.61724e+09,6.84775e+08,7.83849e+08,0.0654537,1.11e+09,4.7e+08,5.38e+08,2000,False,0.011413,922.873,57.49,56.23
flood,Burkina Faso,BFA,2008,6,18,560,4292,4870,0,0,0,0,0,0,0,2000,False,0.123203,,17.43,17.43
flood,Burundi,BDI,2008,9,5,3270,0,3275,0,0,0,0,0,0,0,2000,False,0.274809,,18.09,18.09
flood,Cameroon,CMR,2008,9,0,24000,1000,25000,0,0,0,0,0,0,0,2000,False,0.036,,20.72,20.72
flood,Canada,CAN,2008,0,0,2400,0,2400,0,0,0,0,0,0,0,2000,False,,,10.08,10.08
flood,Central African Republic,CAF,2008,0,0,0,795,795,0,0,0,0,0,0,0,2000,False,,,8.65,8.65
flood,Chad,TCD,2008,0,0,8000,6450,14450,0,0,0,0,0,0,0,2000,False,,,12.4,12.4
flood,Chile,CHL,2008,9,0,121755,23000,144755,3.351e+07,0,0,0.0127853,2.3e+07,0,0,2000,False,0.0062174,231.495,40.44,39.41
flood,China,CHN,2008,352,166,7189000,0,7189166,3.48507e+09,1.74836e+08,0,0.0512497,2.392e+09,1.2e+08,0,2000,False,0.00489626,484.767,61.96,60.64
flood,Colombia,COL,2008,79,81,1080000,0,1080081,0,0,0,0,0,0,0,2000,False,0.00731427,,32.48,32.48
flood,Costa Rica,CRI,2008,7,0,154498,0,154498,3.2053e+07,0,0,0.0714245,2.2e+07,0,0,2000,False,0.0045308,207.465,39.74,38.71
flood,Cote d'Ivoire,CIV,2008,6,0,450,0,450,0,0,0,0,0,0,0,2000,False,1.33333,,14.35,14.35
flood,Cuba,CUB,2008,0,0,20000,0,20000,0,0,0,0,0,0,0,2000,False,,,12.82,12.82
flood,Democratic Republic of Congo,COD,2008,15,2,0,500,502,0,0,0,0,0,0,0,2000,False,2.98805,,17.22,17.22
flood,Ecuador,ECU,2008,41,0,275000,14122,289122,1.45697e+09,0,0,1.63561,1e+09,0,0,2000,False,0.0141809,5039.28,49.88,48.62
flood,El Salvador,SLV,2008,30,0,3000,0,3000,0,0,0,0,0,0,0,2000,False,1,,21.72,21.72
flood,Eswatini,SWZ,2008,0,0,2500,0,2500,0,0,0,0,0,0,0,2000,False,,,10.13,10.13
flood,Ethiopia,ETH,2008,45,35,115595,810,116440,0,0,0,0,0,0,0,2000,False,0.0386465,,27.76,27.76
flood,Gambia,GMB,2008,0,0,0,400,400,0,0,0,0,0,0,0,2000,False,,,7.76,7.76
flood,Ghana,GHA,2008,0,0,58000,0,58000,0,0,0,0,0,0,0,2000,False,,,14.2,14.2
flood,Guatemala,GTM,2008,30,0,197300,0,197300,0,0,0,0,0,0,0,2000,False,0.0152053,,27.14,27.14
flood,Guinea,GIN,2008,0,0,4200,0,4200,0,0,0,0,0,0,0,2000,False,,,10.8,10.8
flood,Guinea-Bissau,GNB,2008,0,0,0,750,750,0,0,0,0,0,0,0,2000,False,,,8.57,8.57
flood,Guyana,GUY,2008,0,0,100000,0,100000,0,0,0,0,0,0,0,2000,False,,,14.91,14.91
flood,Honduras,HND,2008,67,7,313350,0,313357,0,0,0,0,0,0,0,2000,False,0.0213814,,30.34,30.34
flood,India,IND,2008,1590,0,11589018,2400000,13989018,2.1126e+08,0,0,0.0120945,1.45e+08,0,0,2000,False,0.0113661,15.1018,64.97,63.83
flood,Indonesia,IDN,2008,96,0,463275,2920,466195,2.525e+06,0,0,0.000339652,1.733e+06,0,0,2000,False,0.0205922,5.41619,46.86,45.98
flood,Iran,IRN,2008,22,80,1400,0,1480,0,0,0,0,0,0,0,2000,False,1.48649,,19.82,19.82
flood,Iraq,IRQ,2008,4,0,0,600,600,0,0,0,0,0,0,0,2000,False,0.666667,,13.61,13.61
flood,Italy,ITA,2008,9,0,300,0,300,4.05037e+08,0,0,0.0114994,2.78e+08,0,0,2000,False,3,1.35012e+06,34.95,33.77
flood,Japan,JPN,2008,5,3,50000,0,50003,0,0,0,0,0,0,0,2000,False,0.0099994,,19.93,19.93
flood,Kazakhstan,KAZ,2008,1,0,13000,0,13000,1.89406e+08,0,0,0.0974209,1.3e+08,0,0,2000,False,0.00769231,14569.7,33.74,32.6
flood,Kenya,KEN,2008,55,0,62438,0,62438,0,0,0,0,0,0,0,2000,False,0.0880874,,27.61,27.61
flood,Kiribati,KIR,2008,0,0,0,85,85,0,0,0,0,0,0,0,2000,False,,,5.77,5.77
flood,Laos,LAO,2008,6,0,204190,0,204190,0,0,0,0,0,0,0,2000,False,0.00293844,,22.27,22.27
flood,Liberia,LBR,2008,0,0,0,340,340,0,0,0,0,0,0,0,2000,False,,,7.55,7.55
flood,Malawi,MWI,2008,0,0,107427,0,107427,0,0,0,0,0,0,0,2000,False,,,15,15
flood,Malaysia,MYS,2008,0,0,3043,0,3043,0,0,0,0,0,0,0,2000,False,,,10.39,10.39
flood,Mali,MLI,2008,0,0,0,2500,2500,0,0,0,0,0,0,0,2000,False,,,10.13,10.13
flood,Marshall Islands,MHL,2008,0,0,600,0,600,0,0,0,0,0,0,0,2000,False,,,8.29,8.29
flood,Mexico,MEX,2008,12,0,20000,0,20000,0,0,0,0,0,0,0,2000,False,0.06,,21.3,21.3
flood,Moldova,MDA,2008,3,0,4000,0,4000,0,0,0,0,0,0,0,2000,False,0.075,,15.32,15.32
flood,Morocco,MAR,2008,30,0,20000,0,20000,0,0,0,0,0,0,0,2000,False,0.15,,24.18,24.18
flood,Mozambique,MOZ,2008,7,0,14800,0,14800,1.89112e+07,0,0,0.0967467,1.25e+07,0,0,2000,False,0.0472973,1277.79,36.17,35.17
flood,Namibia,NAM,2008,42,0,65000,0,65000,0,0,0,0,0,0,0,2000,False,0.0646154,,26.78,26.78
flood,Nepal,NPL,2008,115,3,250000,0,250003,42000,0,0,0.00023116,29000,0,0,2000,False,0.0459994,0.167998,42.53,41.89
flood,Nicaragua,NIC,2008,17,0,14188,0,14188,0,0,0,0,0,0,0,2000,False,0.11982,,21.93,21.93
flood,Niger,NER,2008,7,0,32000,0,32000,0,0,0,0,0,0,0,2000,False,0.021875,,20.31,20.31
flood,Pakistan,PAK,2008,83,12,290752,0,290764,1.50068e+08,0,0,0.0509387,1.03e+08,0,0,2000,False,0.0285455,516.116,49.89,48.76
flood,Panama,PAN,2008,28,5,23832,0,23837,1.457e+07,0,0,0.0388782,1e+07,0,0,2000,False,0.117464,611.235,40.79,39.8
flood,Papua New Guinea,PNG,2008,0,0,75300,0,75300,0,0,0,0,0,0,0,2000,False,,,14.54,14.54
flood,Peru,PER,2008,40,12,450000,0,450012,0,0,0,0,0,0,0,2000,False,0.00888865,,29.13,29.13
flood,Philippines,PHL,2008,116,41,1552848,50000,1602889,5.7662e+07,0,0,0.0217905,3.9577e+07,0,0,2000,False,0.00723693,35.9738,52.23,51.16
flood,Portugal,PRT,2008,2,0,72,38,110,0,0,0,0,0,0,0,2000,False,1.81818,,9.73,9.73
flood,Romania,ROU,2008,5,0,11000,0,11000,0,0,0,0,0,0,0,2000,False,0.0454545,,17.97,17.97
flood,Rwanda,RWA,2008,0,51,11295,0,11346,0,0,0,0,0,0,0,2000,False,,,12.09,12.09
flood,Senegal,SEN,2008,1,0,23600,0,23600,0,0,0,0,0,0,0,2000,False,0.00423729,,15.33,15.33
flood,Somalia,SOM,2008,0,0,52000,0,52000,0,0,0,0,0,0,0,2000,False,,,14.06,14.06
flood,South Africa,ZAF,2008,11,0,4000,0,4000,1.842e+06,0,0,0.000399834,1.264e+06,0,0,2000,False,0.275,460.5,33.48,32.61
flood,South Korea,KOR,2008,10,13,0,0,13,0,0,0,0,0,0,0,2000,False,76.9231,,11.34,11.34
flood,South Sudan,SSD,2008,17,0,92791,0,92791,0,0,0,0,0,0,0,2000,False,0.0183207,,24.37,24.37
flood,Sri Lanka,LKA,2008,48,0,791611,0,791611,0,0,0,0,0,0,0,2000,False,0.00606358,,30.45,30.45
flood,Suriname,SUR,2008,2,0,6548,0,6548,0,0,0,0,0,0,0,2000,False,0.0305437,,15.01,15.01
flood,Tanzania,TZA,2008,73,15,7500,1942,9457,0,0,0,0,0,0,0,2000,False,0.771915,,26.08,26.08
flood,Thailand,THA,2008,39,0,1544016,0,1544016,4.01343e+07,0,0,0.00945385,2.75469e+07,0,0,2000,False,0.00252588,25.9935,48.27,47.22
flood,Togo,TGO,2008,6,79,44735,0,44814,0,0,0,0,0,0,0,2000,False,0.0133887,,20.3,20.3
flood,Uganda,UGA,2008,49,40,30000,0,30040,0,0,0,0,0,0,0,2000,False,0.163116,,26.28,26.28
flood,Ukraine,UKR,2008,38,0,224725,0,224725,1.45697e+09,0,0,0.531603,1e+09,0,0,2000,False,0.0169096,6483.34,49.31,48.05
flood,United Kingdom,GBR,2008,8,0,5000,0,5000,7.2848e+07,0,0,0.00169765,5e+07,0,0,2000,False,0.16,14569.6,36.52,35.43
flood,United States,USA,2008,44,148,11007236,0,11007384,1.45726e+10,5.82787e+08,0,0.067719,1.0002e+10,4e+08,0,2000,False,0.000399732,1323.89,57.14,55.74
flood,Venezuela,VEN,2008,8,0,1500,0,1500,0,0,0,0,0,0,0,2000,False,0.533333,,16.73,16.73
flood,Vietnam,VNM,2008,153,4,624166,0,624170,7.03716e+08,0,0,0.487237,4.83e+08,0,0,2000,False,0.0245126,1127.44,54.44,53.22
flood,Yemen,YEM,2008,90,64,25000,0,25064,5.82787e+08,0,0,1.48639,4e+08,0,0,2000,False,0.359081,23252,48.35,47.14
flood,Zambia,ZMB,2008,14,0,48608,0,48608,0,0,0,0,0,0,0,2000,False,0.0288018,,22.93,22.93
flood,Zimbabwe,ZWE,2008,4,0,267,0,267,0,0,0,0,0,0,0,2000,False,1.49813,,12.56,12.56
flood,Afghanistan,AFG,2009,69,16,62500,0,62516,2.9243e+07,0,0,0.16108,2e+07,0,0,2000,False,0.110372,467.768,45.65,44.62
flood,Albania,ALB,2009,0,0,3960,0,3960,0,0,0,0,0,0,0,2000,False,,,10.73,10.73
flood,Algeria,DZA,2009,48,48,0,2500,2548,0,0,0,0,0,0,0,2000,False,1.88383,,23.02,23.02
flood,Angola,AGO,2009,62,0,220000,5065,225065,0,0,0,0,0,0,0,2000,False,0.0275476,,29.66,29.66
flood,Argentina,ARG,2009,9,0,34128,0,34128,0,0,0,0,0,0,0,2000,False,0.0263713,,21.13,21.13
flood,Australia,AUS,2009,7,0,9200,0,9200,2.19325e+08,1.7546e+07,0,0.0160985,1.5e+08,1.2e+07,0,2000,False,0.076087,23839.7,38.03,36.88
flood,Austria,AUT,2009,1,0,0,0,0,2.92433e+08,0,0,0.0500889,2e+08,0,0,2000,False,,,21.91,20.75
flood,Azerbaijan,AZE,2009,0,0,5000,0,5000,0,0,0,0,0,0,0,2000,False,,,11.03,11.03
flood,Bangladesh,BGD,2009,16,0,500000,0,500000,0,0,0,0,0,0,0,2000,False,0.0032,,26.36,26.36
flood,Benin,BEN,2009,10,0,119657,0,119657,0,0,0,0,0,0,0,2000,False,0.00835722,,23.07,23.07
flood,Bolivia,BOL,2009,0,0,63000,0,63000,0,0,0,0,0,0,0,2000,False,,,14.31,14.31
flood,Bosnia and Herzegovina,BIH,2009,0,0,3730,0,3730,0,0,0,0,0,0,0,2000,False,,,10.65,10.65
flood,Botswana,BWA,2009,0,0,4656,0,4656,0,0,0,0,0,0,0,2000,False,,,10.94,10.94
flood,Brazil,BRA,2009,90,0,1859948,2700,1862648,8.773e+08,0,0,0.0359929,6e+08,0,0,2000,False,0.00483183,470.996,54.34,53.11
flood,Burkina Faso,BFA,2009,9,1000,150500,0,151500,2.19325e+08,0,0,1.58718,1.5e+08,0,0,2000,False,0.00594059,1447.69,42.39,41.24
flood,Burundi,BDI,2009,0,0,8000,0,8000,0,0,0,0,0,0,0,2000,False,,,11.64,11.64
flood,Canada,CAN,2009,0,0,200,0,200,0,0,0,0,0,0,0,2000,False,,,6.87,6.87
flood,Cape Verde,CPV,2009,3,0,150,0,150,0,0,0,0,0,0,0,2000,False,2,,11.08,11.08
flood,Central African Republic,CAF,2009,1,0,0,11000,11000,0,0,0,0,0,0,0,2000,False,0.00909091,,14.34,14.34
flood,Chad,TCD,2009,6,0,7120,5795,12915,0,0,0,0,0,0,0,2000,False,0.0464576,,18.69,18.69
flood,China,CHN,2009,209,38,45226000,0,45226038,2.00756e+09,0,0,0.0264569,1.373e+09,0,0,2000,False,0.000462123,44.3894,62.06,60.78
flood,Colombia,COL,2009,31,10,151250,0,151260,0,0,0,0,0,0,0,2000,False,0.0204945,,26.9,26.9
flood,Comoros,COM,2009,2,0,2500,0,2500,0,0,0,0,0,0,0,2000,False,0.08,,13.76,13.76
flood,Czechia,CZE,2009,13,0,14450,0,14450,2.19325e+08,0,0,0.0724736,1.5e+08,0,0,2000,False,0.0899654,15178.2,40.46,39.31
flood,Democratic Republic of Congo,COD,2009,0,0,5000,0,5000,0,0,0,0,0,0,0,2000,False,,,11.03,11.03
flood,Dominican Republic,DOM,2009,7,0,14565,0,14565,7.6622e+07,0,0,0.108666,5.2403e+07,0,0,2000,False,0.0480604,5260.69,37.56,36.48
flood,Ecuador,ECU,2009,3,2,11805,0,11807,0,0,0,0,0,0,0,2000,False,0.0254087,,16.72,16.72
flood,Fiji,FJI,2009,12,0,10556,0,10556,6.3234e+07,0,0,1.50654,4.3247e+07,0,0,2000,False,0.113679,5990.34,38.56,37.48
flood,Gambia,GMB,2009,5,0,14258,0,14258,0,0,0,0,0,0,0,2000,False,0.035068,,18.31,18.31
flood,Germany,DEU,2009,0,0,0,0,0,2.9243e+07,0,0,0.000574953,2e+07,0,0,2000,False,,,17.3,16.28
flood,Ghana,GHA,2009,40,0,159545,0,159545,0,0,0,0,0,0,0,2000,False,0.0250713,,27.79,27.79
flood,Guatemala,GTM,2009,0,0,10800,0,10800,0,0,0,0,0,0,0,2000,False,,,12.03,12.03
flood,Guinea,GIN,2009,2,0,40000,0,40000,0,0,0,0,0,0,0,2000,False,0.005,,17.35,17.35
flood,Haiti,HTI,2009,21,0,2796,9910,12706,0,0,0,0,0,0,0,2000,False,0.165276,,22.46,22.46
flood,India,IND,2009,1500,8,5986000,0,5986008,3.55892e+09,7.4571e+07,0,0.181386,2.434e+09,5.1e+07,0,2000,False,0.0250584,594.539,66.52,65.21
flood,Indonesia,IDN,2009,142,4,36800,0,36804,0,0,0,0,0,0,0,2000,False,0.385828,,30.02,30.02
flood,Iraq,IRQ,2009,2,0,3000,0,3000,0,0,0,0,0,0,0,2000,False,0.0666667,,14,14
flood,Ireland,IRL,2009,0,0,6800,0,6800,0,0,0,0,0,0,0,2000,False,,,11.43,11.43
flood,Italy,ITA,2009,35,140,0,5000,5140,2.9243e+07,0,0,0.000905189,2e+07,0,0,2000,False,0.680934,5689.3,40.22,39.19
flood,Kenya,KEN,2009,32,0,81390,0,81390,0,0,0,0,0,0,0,2000,False,0.0393169,,26.2,26.2
flood,Laos,LAO,2009,10,0,0,0,0,0,0,0,0,0,0,0,2000,False,,,7.93,7.93
flood,Liberia,LBR,2009,2,0,584,0,584,0,0,0,0,0,0,0,2000,False,0.342466,,11.88,11.88
flood,Malawi,MWI,2009,0,0,13018,0,13018,0,0,0,0,0,0,0,2000,False,,,12.27,12.27
flood,Malaysia,MYS,2009,0,0,15832,0,15832,0,0,0,0,0,0,0,2000,False,,,12.52,12.52
flood,Mali,MLI,2009,25,16,20390,0,20406,0,0,0,0,0,0,0,2000,False,0.122513,,23.62,23.62
flood,Mauritania,MRT,2009,1,0,10000,0,10000,0,0,0,0,0,0,0,2000,False,0.01,,14.22,14.22
flood,Mexico,MEX,2009,28,14,140170,0,140184,0,0,0,0,0,0,0,2000,False,0.0199737,,26.48,26.48
flood,Mongolia,MNG,2009,26,0,15000,0,15000,137000,0,0,0.00205068,94000,0,0,2000,False,0.173333,9.13333,35.25,34.55
flood,Montenegro,MNE,2009,0,0,452,0,452,0,0,0,0,0,0,0,2000,False,,,7.92,7.92
flood,Morocco,MAR,2009,29,20,9500,0,9520,0,0,0,0,0,0,0,2000,False,0.304622,,23.11,23.11
flood,Mozambique,MOZ,2009,21,0,9817,0,9817,0,0,0,0,0,0,0,2000,False,0.213915,,22.12,22.12
flood,Namibia,NAM,2009,92,0,350000,0,350000,0,0,0,0,0,0,0,2000,False,0.0262857,,31.51,31.51
flood,Nepal,NPL,2009,117,62,257724,0,257786,8.773e+07,7.311e+06,0,0.466745,6e+07,5e+06,0,2000,False,0.0453865,340.321,50.32,49.22
flood,Nicaragua,NIC,2009,0,0,6885,0,6885,0,0,0,0,0,0,0,2000,False,,,11.44,11.44
flood,Niger,NER,2009,3,0,79129,0,79129,0,0,0,0,0,0,0,2000,False,0.00379128,,19.19,19.19
flood,Nigeria,NGA,2009,31,0,150000,0,150000,0,0,0,0,0,0,0,2000,False,0.0206667,,26.89,26.89
flood,Pakistan,PAK,2009,102,80,75000,0,75080,0,0,0,0,0,0,0,2000,False,0.135855,,29.86,29.86
flood,Panama,PAN,2009,0,0,4248,0,4248,0,0,0,0,0,0,0,2000,False,,,10.82,10.82
flood,Paraguay,PRY,2009,0,0,12035,0,12035,1.199e+06,0,0,0.00366806,820000,0,0,2000,False,,99.6261,26.26,25.42
flood,Peru,PER,2009,40,108,60433,0,60541,0,0,0,0,0,0,0,2000,False,0.0660709,,26.53,26.53
flood,Philippines,PHL,2009,55,15,1083261,0,1083276,4.2862e+07,0,0,0.0166581,2.9314e+07,0,0,2000,False,0.00507719,39.567,48.99,47.94
flood,Poland,POL,2009,1,0,150,0,150,1.46217e+08,0,0,0.0226813,1e+08,0,0,2000,False,0.666667,974780,27.71,26.59
flood,Romania,ROU,2009,11,4,0,0,4,0,0,0,0,0,0,0,2000,False,275,,10.3,10.3
flood,Saudi Arabia,SAU,2009,161,0,0,10000,10000,1.31595e+09,0,0,0.209742,9e+08,0,0,2000,False,1.61,131595,49.88,48.63
flood,Senegal,SEN,2009,6,0,264000,0,264000,0,0,0,0,0,0,0,2000,False,0.00227273,,22.6,22.6
flood,Serbia,SRB,2009,0,0,3210,0,3210,0,0,0,0,0,0,0,2000,False,,,10.45,10.45
flood,Sierra Leone,SLE,2009,103,15,1455,0,1470,0,0,0,0,0,0,0,2000,False,7.0068,,24.8,24.8
flood,Solomon Islands,SLB,2009,21,0,7000,0,7000,0,0,0,0,0,0,0,2000,False,0.3,,21.68,21.68
flood,Somalia,SOM,2009,0,0,1750,0,1750,0,0,0,0,0,0,0,2000,False,,,9.67,9.67
flood,South Africa,ZAF,2009,14,0,20300,0,20300,0,0,0,0,0,0,0,2000,False,0.0689655,,21.8,21.8
flood,Sri Lanka,LKA,2009,3,0,320000,60000,380000,0,0,0,0,0,0,0,2000,False,0.000789474,,21.22,21.22
flood,Sudan,SDN,2009,20,0,111455,0,111455,0,0,0,0,0,0,0,2000,False,0.0179445,,25.11,25.11
flood,Tajikistan,TJK,2009,21,0,15000,0,15000,1.462e+06,0,0,0.0200825,1e+06,0,0,2000,False,0.14,97.4667,36.96,36.11
flood,Tanzania,TZA,2009,27,0,20588,0,20588,0,0,0,0,0,0,0,2000,False,0.131144,,23.88,23.88
flood,Thailand,THA,2009,15,0,228141,0,228141,432682,0,0,0.00010546,297091,0,0,2000,False,0.00657488,1.89656,38.21,37.43
flood,Tunisia,TUN,2009,17,8,5000,0,5008,0,0,0,0,0,0,0,2000,False,0.339457,,20.59,20.59
flood,Turkey,TUR,2009,47,31,35100,0,35131,8.04192e+08,3.65542e+08,0,0.0841114,5.5e+08,2.5e+08,0,2000,False,0.133785,22891.2,46.99,45.77
flood,United Kingdom,GBR,2009,3,0,3900,0,3900,7.07689e+08,4.86902e+08,0,0.019923,4.84e+08,3.33e+08,0,2000,False,0.0769231,181459,35.8,34.58
flood,United States,USA,2009,11,60,34264,900,35224,9.73803e+08,2.92433e+08,0,0.00460006,6.66e+08,2e+08,0,2000,False,0.0312287,27646,42.61,41.37
flood,Uruguay,URY,2009,1,0,4000,0,4000,0,0,0,0,0,0,0,2000,False,0.025,,13.03,13.03
flood,Vanuatu,VUT,2009,0,0,950,0,950,0,0,0,0,0,0,0,2000,False,,,8.88,8.88
flood,Vietnam,VNM,2009,41,0,748334,0,748334,0,0,0,0,0,0,0,2000,False,0.00547884,,29.87,29.87
flood,Zambia,ZMB,2009,31,0,614814,0,614814,0,0,0,0,0,0,0,2000,False,0.00504218,,28.72,28.72
flood,Afghanistan,AFG,2010,135,0,45000,0,45000,0,0,0,0,0,0,0,2010,False,0.3,,30.11,30.11
flood,Albania,ALB,2010,0,0,16640,0,16640,0,0,0,0,0,0,0,2010,False,,,12.59,12.59
flood,Angola,AGO,2010,25,31,110875,78875,189781,0,0,0,0,0,0,0,2010,False,0.0131731,,26.51,26.51
flood,Australia,AUS,2010,5,0,40166,0,40166,1.90707e+09,6.68458e+08,0,0.115019,1.32567e+09,4.64667e+08,0,2010,False,0.0124483,47479.7,41.16,39.88
flood,Azerbaijan,AZE,2010,3,0,70000,0,70000,0,0,0,0,0,0,0,2010,False,0.00428571,,19.03,19.03
flood,Bangladesh,BGD,2010,15,0,575000,0,575000,0,0,0,0,0,0,0,2010,False,0.0026087,,26.34,26.34
flood,Belgium,BEL,2010,3,0,690,0,690,3.42591e+08,0,0,0.0494534,2.38146e+08,0,0,2010,False,0.434783,496509,32.83,31.66
flood,Benin,BEN,2010,46,1000,680000,150000,831000,0,0,0,0,0,0,0,2010,False,0.0055355,,30.38,30.38
flood,Bolivia,BOL,2010,26,0,227860,0,227860,0,0,0,0,0,0,0,2010,False,0.0114105,,26.87,26.87
flood,Bosnia and Herzegovina,BIH,2010,3,0,34910,0,34910,1.25156e+08,0,0,0.506511,8.7e+07,0,0,2010,False,0.00859353,3585.1,36.9,35.78
flood,Brazil,BRA,2010,351,403,231535,8619,240557,1.15374e+09,0,0,0.0363087,8.02e+08,0,0,2010,False,0.145911,4796.1,56.43,55.19
flood,Bulgaria,BGR,2010,0,0,90,0,90,0,0,0,0,0,0,0,2010,False,,,5.84,5.84
flood,Burkina Faso,BFA,2010,16,0,133362,0,133362,253000,0,0,0.00174092,176000,0,0,2010,False,0.0119974,1.89709,37.17,36.43
flood,Burundi,BDI,2010,0,0,1990,0,1990,0,0,0,0,0,0,0,2010,False,,,9.84,9.84
flood,Cambodia,KHM,2010,8,0,0,0,0,1.007e+08,0,0,0.506928,7e+07,0,0,2010,False,,,25.81,24.71
flood,Cameroon,CMR,2010,13,95,0,3000,3095,0,0,0,0,0,0,0,2010,False,0.420032,,19.13,19.13
flood,Central African Republic,CAF,2010,3,0,1585,0,1585,0,0,0,0,0,0,0,2010,False,0.189274,,14.12,14.12
flood,Chad,TCD,2010,24,0,144579,0,144579,0,0,0,0,0,0,0,2010,False,0.0165999,,26.03,26.03
flood,China,CHN,2010,1911,136,140194000,0,140194136,2.61403e+10,8.7753e+07,0,0.293433,1.8171e+10,6.1e+07,0,2010,False,0.00136311,186.458,73.41,71.98
flood,Colombia,COL,2010,335,372,2247759,0,2248131,1.156e+09,1.61839e+07,0,0.28048,8.03571e+08,1.125e+07,0,2010,False,0.0149013,514.204,59.18,57.93
flood,Costa Rica,CRI,2010,27,0,3106,0,3106,0,0,0,0,0,0,0,2010,False,0.869285,,21.43,21.43
flood,Cote d'Ivoire,CIV,2010,18,0,6425,0,6425,0,0,0,0,0,0,0,2010,False,0.280156,,21.09,21.09
flood,Croatia,HRV,2010,0,0,1110,0,1110,1.15086e+08,0,0,0.13565,8e+07,0,0,2010,False,,103681,27.76,26.66
flood,Czechia,CZE,2010,11,0,1400,0,1400,4.99991e+08,0,0,0.164589,3.4756e+08,0,0,2010,False,0.785714,357136,37.76,36.56
flood,Democratic Republic of Congo,COD,2010,0,0,68700,1800,70500,0,0,0,0,0,0,0,2010,False,,,14.45,14.45
flood,Dominican Republic,DOM,2010,7,0,35200,0,35200,0,0,0,0,0,0,0,2010,False,0.0198864,,20.43,20.43
flood,Ecuador,ECU,2010,14,0,6440,500,6940,0,0,0,0,0,0,0,2010,False,0.201729,,20.41,20.41
flood,Egypt,EGY,2010,27,0,3500,0,3500,0,0,0,0,0,0,0,2010,False,0.771429,,21.58,21.58
flood,Ethiopia,ETH,2010,19,0,80700,0,80700,0,0,0,0,0,0,0,2010,False,0.023544,,24.53,24.53
flood,France,FRA,2010,26,0,1000,0,1000,2.15786e+09,1.53927e+09,0,0.0566844,1.5e+09,1.07e+09,0,2010,False,2.6,2.15786e+06,41.48,40.19
flood,Gambia,GMB,2010,9,0,38961,0,38961,0,0,0,0,0,0,0,2010,False,0.0231,,21.3,21.3
flood,Germany,DEU,2010,3,0,1400,0,1400,0,0,0,0,0,0,0,2010,False,0.214286,,13.96,13.96
flood,Ghana,GHA,2010,63,0,17174,0,17174,0,0,0,0,0,0,0,2010,False,0.366834,,26.38,26.38
flood,Greece,GRC,2010,1,0,150,0,150,0,0,0,0,0,0,0,2010,False,0.666667,,8.79,8.79
flood,Guatemala,GTM,2010,0,0,3270,0,3270,0,0,0,0,0,0,0,2010,False,,,10.48,10.48
flood,Guinea,GIN,2010,8,6,48020,0,48026,0,0,0,0,0,0,0,2010,False,0.0166576,,21.22,21.22
flood,Guinea-Bissau,GNB,2010,2,0,56792,0,56792,0,0,0,0,0,0,0,2010,False,0.00352162,,17.81,17.81
flood,Haiti,HTI,2010,44,2,22085,0,22087,0,0,0,0,0,0,0,2010,False,0.199212,,25.54,25.54
flood,Honduras,HND,2010,122,10,5000,0,5010,0,0,0,0,0,0,0,2010,False,2.43513,,26.94,26.94
flood,Hungary,HUN,2010,1,0,5000,0,5000,6.32972e+08,0,0,0.333589,4.4e+08,0,0,2010,False,0.02,126594,33.72,32.51
flood,India,IND,2010,690,225,3372183,400000,3772408,3.0915e+09,0,0,0.128251,2.149e+09,0,0,2010,False,0.0182907,819.502,63.22,61.91
flood,Indonesia,IDN,2010,411,3424,52936,230,56590,1.12209e+08,0,0,0.0103298,7.8e+07,0,0,2010,False,0.726277,1982.84,52.73,51.63
flood,Israel,ISR,2010,2,0,0,0,0,0,0,0,0,0,0,0,2010,False,,,3.63,3.63
flood,Italy,ITA,2010,0,0,300,0,300,0,0,0,0,0,0,0,2010,False,,,7.39,7.39
flood,Japan,JPN,2010,10,0,0,0,0,0,0,0,0,0,0,0,2010,False,,,7.93,7.93
flood,Kazakhstan,KAZ,2010,44,700,23500,5000,29200,4.974e+07,0,0,0.0233547,3.4576e+07,0,0,2010,False,0.150685,1703.42,43.74,42.68
flood,Kenya,KEN,2010,218,0,265974,0,265974,0,0,0,0,0,0,0,2010,False,0.0819629,,33.99,33.99
flood,Liberia,LBR,2010,1,0,15486,0,15486,0,0,0,0,0,0,0,2010,False,0.00645745,,14.78,14.78
flood,Lithuania,LTU,2010,4,0,0,0,0,0,0,0,0,0,0,0,2010,False,,,5.32,5.32
flood,Malawi,MWI,2010,0,0,21290,0,21290,0,0,0,0,0,0,0,2010,False,,,12.9,12.9
flood,Mali,MLI,2010,0,0,32000,0,32000,0,0,0,0,0,0,0,2010,False,,,13.43,13.43
flood,Mauritania,MRT,2010,0,0,8750,0,8750,0,0,0,0,0,0,0,2010,False,,,11.75,11.75
flood,Mexico,MEX,2010,66,0,1020000,0,1020000,2.3017e+07,0,0,0.00144741,1.6e+07,0,0,2010,False,0.00647059,22.5657,48.88,47.87
flood,Moldova,MDA,2010,1,0,12000,0,12000,0,0,0,0,0,0,0,2010,False,0.00833333,,14.45,14.45
flood,Montenegro,MNE,2010,0,0,6998,0,6998,0,0,0,0,0,0,0,2010,False,,,11.46,11.46
flood,Morocco,MAR,2010,42,9,77000,0,77009,4.1719e+07,0,0,0.0287512,2.9e+07,0,0,2010,False,0.0545391,541.742,44.67,43.62
flood,Mozambique,MOZ,2010,5,0,17000,0,17000,0,0,0,0,0,0,0,2010,False,0.0294118,,18.54,18.54
flood,Namibia,NAM,2010,8,0,110000,0,110000,0,0,0,0,0,0,0,2010,False,0.00727273,,22.29,22.29
flood,Nepal,NPL,2010,150,0,8000,0,8000,0,0,0,0,0,0,0,2010,False,1.875,,28.22,28.22
flood,Nicaragua,NIC,2010,66,0,75860,0,75860,0,0,0,0,0,0,0,2010,False,0.0870024,,28.45,28.45
flood,Niger,NER,2010,5,0,226611,6615,233226,0,0,0,0,0,0,0,2010,False,0.00214384,,21.93,21.93
flood,Nigeria,NGA,2010,40,200,1500000,0,1500200,4.3157e+07,0,0,0.0081746,3e+07,0,0,2010,False,0.00266631,28.7675,48.39,47.34
flood,North Korea,PRK,2010,0,0,55785,0,55785,0,0,0,,0,0,0,2010,False,,,14.15,14.15
flood,Pakistan,PAK,2010,2113,2946,20360550,0,20363496,1.36665e+10,1.43857e+08,0,4.82945,9.5e+09,1e+08,0,2010,False,0.0103764,671.125,70.6,69.2
flood,Palestine,PSE,2010,0,0,0,500,500,0,0,0,0,0,0,0,2010,False,,,8.05,8.05
flood,Panama,PAN,2010,15,299,32642,0,32941,0,0,0,0,0,0,0,2010,False,0.045536,,22.64,22.64
flood,Peru,PER,2010,138,314,255453,0,255767,0,0,0,0,0,0,0,2010,False,0.0539554,,32.44,32.44
flood,Philippines,PHL,2010,78,12,1352645,0,1352657,2.11063e+07,0,0,0.00704115,1.46716e+07,0,0,2010,False,0.00576643,15.6036,49.7,48.69
flood,Poland,POL,2010,19,0,100700,0,100700,4.43081e+09,0,0,0.644201,3.08e+09,0,0,2010,False,0.0188679,44000.1,47.18,45.85
flood,Portugal,PRT,2010,43,18,600,0,618,1.94208e+09,1.007e+08,2.07263e+09,0.566171,1.35e+09,7e+07,1.44075e+09,2010,False,6.95793,3.14252e+06,42.36,41.08
flood,Romania,ROU,2010,26,0,12237,0,12237,1.59887e+09,0,0,0.653534,1.11143e+09,0,0,2010,False,0.21247,130659,44.42,43.15
flood,Russia,RUS,2010,23,0,48464,0,48464,9.4946e+07,0,0,0.0043281,6.6e+07,0,0,2010,False,0.0474579,1959.1,42.97,41.87
flood,Saint Lucia,LCA,2010,0,0,2000,0,2000,0,0,0,0,0,0,0,2010,False,,,9.84,9.84
flood,Saudi Arabia,SAU,2010,24,0,85,0,85,0,0,0,0,0,0,0,2010,False,28.2353,,16.41,16.41
flood,Senegal,SEN,2010,2,63,102453,0,102516,0,0,0,0,0,0,0,2010,False,0.00195091,,18.57,18.57
flood,Serbia,SRB,2010,2,0,5300,0,5300,0,0,0,0,0,0,0,2010,False,0.0377358,,14.74,14.74
flood,Sierra Leone,SLE,2010,0,0,234,0,234,0,0,0,0,0,0,0,2010,False,,,7.07,7.07
flood,Slovakia,SVK,2010,4,0,850,0,850,3.5964e+07,0,0,0.0274387,2.5e+07,0,0,2010,False,0.470588,42310.6,31.57,30.53
flood,Slovenia,SVN,2010,3,0,2000,0,2000,2.8756e+07,0,0,0.041824,1.9989e+07,0,0,2010,False,0.15,14378,31.71,30.69
flood,Solomon Islands,SLB,2010,2,1,16016,0,16017,0,0,0,0,0,0,0,2010,False,0.0124867,,16.17,16.17
flood,Somalia,SOM,2010,11,0,16000,200,16200,0,0,0,0,0,0,0,2010,False,0.0679012,,20.77,20.77
flood,South Sudan,SSD,2010,0,0,290000,0,290000,0,0,0,0,0,0,0,2010,False,,,16.29,16.29
flood,Spain,ESP,2010,2,0,14000,0,14000,0,0,0,0,0,0,0,2010,False,0.0142857,,15.99,15.99
flood,Sri Lanka,LKA,2010,35,10,770255,0,770265,1.5105e+08,0,0,0.179071,1.05e+08,0,0,2010,False,0.00454389,196.101,48.36,47.23
flood,Sudan,SDN,2010,36,12,16350,10000,26362,0,0,0,0,0,0,0,2010,False,0.13656,,25.12,25.12
flood,Tajikistan,TJK,2010,75,300,8322,0,8622,2.93469e+08,0,0,3.6156,2.04e+08,0,0,2010,False,0.869868,34037.2,45.68,44.51
flood,Tanzania,TZA,2010,11,0,29412,0,29412,0,0,0,0,0,0,0,2010,False,0.0373997,,21.54,21.54
flood,Thailand,THA,2010,258,0,8970653,0,8970653,4.77606e+08,0,0,0.0973308,3.32e+08,0,0,2010,False,0.00287604,53.2409,59.22,58.02
flood,Togo,TGO,2010,22,0,111550,0,111550,0,0,0,0,0,0,0,2010,False,0.0197221,,25.42,25.42
flood,Ukraine,UKR,2010,6,59,40000,0,40059,2.733e+06,0,0,0.00134552,1.9e+06,0,0,2010,False,0.0149779,68.2244,35.08,34.19
flood,United Kingdom,GBR,2010,0,0,400,0,400,0,0,0,0,0,0,0,2010,False,,,7.76,7.76
flood,United States,USA,2010,20,0,1000,0,1000,0,0,0,0,0,0,0,2010,False,2,,19.01,19.01
flood,Venezuela,VEN,2010,41,0,94800,0,94800,2.44558e+08,0,0,0.0432358,1.7e+08,0,0,2010,False,0.0432489,2579.73,46.64,45.48
flood,Vietnam,VNM,2010,186,83,1489750,0,1489833,9.49746e+08,0,0,0.448502,6.602e+08,0,0,2010,False,0.0124846,637.485,56.51,55.27
flood,Yemen,YEM,2010,22,2,0,1000,1002,0,0,0,0,0,0,0,2010,False,2.19561,,19.31,19.31
flood,Zambia,ZMB,2010,0,0,1200,0,1200,0,0,0,0,0,0,0,2010,False,,,9.18,9.18
flood,Zimbabwe,ZWE,2010,0,0,820,0,820,0,0,0,0,0,0,0,2010,False,,,8.69,8.69
flood,Afghanistan,AFG,2011,62,110,3000,9700,12810,0,0,0,0,0,0,0,2010,False,0.483997,,25.94,25.94
flood,Algeria,DZA,2011,10,43,750,0,793,1.08635e+09,0,0,0.356796,7.79e+08,0,0,2010,False,1.26103,1.36993e+06,37.52,36.27
flood,Angola,AGO,2011,130,0,88680,100,88780,0,0,0,0,0,0,0,2010,False,0.146429,,30.87,30.87
flood,Australia,AUS,2011,30,0,146051,0,146051,8.75132e+09,2.99703e+09,0,0.433613,6.08333e+09,2.08333e+09,0,2010,False,0.0205408,59919.6,49.79,48.43
flood,Bangladesh,BGD,2011,10,0,1570559,0,1570559,0,0,0,0,0,0,0,2010,False,0.000636716,,26.4,26.4
flood,Benin,BEN,2011,0,0,5840,0,5840,0,0,0,0,0,0,0,2010,False,,,11.23,11.23
flood,Bolivia,BOL,2011,52,0,88825,0,88825,2.7891e+07,0,0,0.0834614,2e+07,0,0,2010,False,0.0585421,313.999,45.14,44.11
flood,Brazil,BRA,2011,973,0,1185600,27381,1212981,1.39594e+09,6.9727e+07,0,0.0382622,1.001e+09,5e+07,0,2010,False,0.0802156,1150.84,62.09,60.83
flood,Burundi,BDI,2011,0,0,685,0,685,0,0,0,0,0,0,0,2010,False,,,8.46,8.46
flood,Cambodia,KHM,2011,247,23,1640000,0,1640023,7.26561e+08,0,0,3.24962,5.21e+08,0,0,2010,False,0.0150608,443.019,57.3,56.08
flood,Canada,CAN,2011,5,0,2000,0,2000,1.11564e+09,2.18944e+08,0,0.0446096,8e+08,1.57e+08,0,2010,False,0.25,557820,36.74,35.49
flood,Central African Republic,CAF,2011,0,0,2935,0,2935,0,0,0,0,0,0,0,2010,False,,,10.34,10.34
flood,China,CHN,2011,628,0,93360000,0,93360000,1.49274e+10,2.71937e+08,0,0.139526,1.07041e+10,1.95e+08,0,2010,False,0.000672665,159.891,68.65,67.25
flood,Colombia,COL,2011,356,353,2035599,0,2035952,3.51793e+09,6.11331e+07,0,0.751249,2.51643e+09,4.375e+07,0,2010,False,0.0174857,1727.91,60.37,59.05
flood,Costa Rica,CRI,2011,4,0,46695,0,46695,0,0,0,0,0,0,0,2010,False,0.00856623,,19.24,19.24
flood,Democratic Republic of Congo,COD,2011,0,0,6000,2000,8000,0,0,0,0,0,0,0,2010,False,,,11.64,11.64
flood,Dominican Republic,DOM,2011,4,0,11200,0,11200,0,0,0,0,0,0,0,2010,False,0.0357143,,17.39,17.39
flood,Ecuador,ECU,2011,0,0,3600,0,3600,0,0,0,0,0,0,0,2010,False,,,10.6,10.6
flood,El Salvador,SLV,2011,35,0,300000,0,300000,1.39455e+09,0,0,4.93005,1e+09,0,0,2010,False,0.0116667,4648.5,49.37,48.11
flood,Ethiopia,ETH,2011,0,0,40200,0,40200,0,0,0,0,0,0,0,2010,False,,,13.73,13.73
flood,France,FRA,2011,6,0,2300,0,2300,0,0,0,0,0,0,0,2010,False,0.26087,,16.46,16.46
flood,Georgia,GEO,2011,7,0,1750,0,1750,0,0,0,0,0,0,0,2010,False,0.4,,16.54,16.54
flood,Ghana,GHA,2011,20,12,94032,0,94044,0,0,0,0,0,0,0,2010,False,0.0212666,,24.89,24.89
flood,Guatemala,GTM,2011,59,18,534810,0,534828,8.6341e+07,0,0,0.132078,6.1913e+07,0,0,2010,False,0.0110316,161.437,49.01,47.92
flood,Guinea,GIN,2011,0,0,16143,4000,20143,0,0,0,0,0,0,0,2010,False,,,12.83,12.83
flood,Haiti,HTI,2011,36,8,4430,0,4438,0,0,0,0,0,0,0,2010,False,0.811176,,22.81,22.81
flood,Honduras,HND,2011,33,0,69798,0,69798,0,0,0,0,0,0,0,2010,False,0.0472793,,26.1,26.1
flood,India,IND,2011,608,0,12004069,0,12004069,2.31077e+09,0,0,0.0908916,1.657e+09,0,0,2010,False,0.00506495,192.499,64.01,62.72
flood,Indonesia,IDN,2011,62,0,15864,4000,19864,0,0,0,0,0,0,0,2010,False,0.312122,,26.51,26.51
flood,Iraq,IRQ,2011,6,1,0,2000,2001,0,0,0,0,0,0,0,2010,False,0.29985,,16.28,16.28
flood,Ireland,IRL,2011,2,0,600,0,600,4.53229e+08,2.30101e+08,0,0.134868,3.25e+08,1.65e+08,0,2010,False,0.333333,755382,31.98,30.79
flood,Italy,ITA,2011,16,0,0,0,0,7.6003e+08,1.9524e+07,0,0.023624,5.45e+08,1.4e+07,0,2010,False,,,29.95,28.73
flood,Japan,JPN,2011,6,0,2000,0,2000,0,0,0,0,0,0,0,2010,False,0.3,,16.28,16.28
flood,Kazakhstan,KAZ,2011,2,0,12238,3762,16000,9.3435e+07,0,0,0.0347823,6.7e+07,0,0,2010,False,0.0125,5839.69,34.64,33.54
flood,Kenya,KEN,2011,33,0,95692,5000,100692,0,0,0,0,0,0,0,2010,False,0.0327732,,26.57,26.57
flood,Laos,LAO,2011,48,0,467000,0,467000,0,0,0,0,0,0,0,2010,False,0.0102784,,29.77,29.77
flood,Lesotho,LSO,2011,26,0,5000,0,5000,0,0,0,0,0,0,0,2010,False,0.52,,21.92,21.92
flood,Malawi,MWI,2011,4,1,74993,0,74994,0,0,0,0,0,0,0,2010,False,0.00533376,,19.86,19.86
flood,Malaysia,MYS,2011,2,0,20000,0,20000,0,0,0,0,0,0,0,2010,False,0.01,,16.46,16.46
flood,Mali,MLI,2011,1,0,15415,0,15415,0,0,0,0,0,0,0,2010,False,0.00648719,,14.78,14.78
flood,Mexico,MEX,2011,77,0,440000,40000,480000,0,0,0,0,0,0,0,2010,False,0.0160417,,31.34,31.34
flood,Mozambique,MOZ,2011,11,0,63946,0,63946,0,0,0,0,0,0,0,2010,False,0.017202,,22.54,22.54
flood,Myanmar,MMR,2011,151,0,35734,0,35734,2.371e+06,0,0,0.0028344,1.7e+06,0,0,2010,False,0.422567,66.3514,44.96,44.08
flood,Namibia,NAM,2011,108,0,500000,0,500000,1.6735e+07,0,0,0.0958209,1.2e+07,0,0,2010,False,0.0216,33.47,49.24,48.25
flood,Nepal,NPL,2011,104,32,1826,0,1858,0,0,0,0,0,0,0,2010,False,5.59742,,25.13,25.13
flood,Nicaragua,NIC,2011,17,18,143000,0,143018,0,0,0,0,0,0,0,2010,False,0.0118866,,24.93,24.93
flood,Niger,NER,2011,16,0,13000,28175,41175,0,0,0,0,0,0,0,2010,False,0.0388585,,23.13,23.13
flood,Nigeria,NGA,2011,174,150,30265,500,30915,6.275e+06,0,0,0.00108573,4.5e+06,0,0,2010,False,0.562834,202.976,46.22,45.28
flood,North Korea,PRK,2011,64,0,51093,0,51093,0,0,0,,0,0,0,2010,False,0.125262,,27.84,27.84
flood,Pakistan,PAK,2011,509,755,5400000,0,5400755,3.48638e+09,0,0,1.08419,2.5e+09,0,0,2010,False,0.00942461,645.535,62.8,61.49
flood,Panama,PAN,2011,0,0,4000,0,4000,0,0,0,0,0,0,0,2010,False,,,10.74,10.74
flood,Peru,PER,2011,18,18,150185,0,150203,0,0,0,0,0,0,0,2010,False,0.0119838,,25.17,25.17
flood,Philippines,PHL,2011,206,200,3712906,0,3713106,3.34465e+08,0,0,0.101916,2.38704e+08,0,0,2010,False,0.00554792,90.0768,56.98,55.8
flood,Russia,RUS,2011,0,0,14169,0,14169,2.9306e+07,0,0,0.00102716,2.1015e+07,0,0,2010,False,,2068.32,29.68,28.66
flood,Rwanda,RWA,2011,14,20,3588,0,3608,0,0,0,0,0,0,0,2010,False,0.388027,,19.56,19.56
flood,Saint Vincent and the Grenadines,VCT,2011,0,0,275,0,275,4.3371e+07,0,0,4.35698,3.11e+07,0,0,2010,False,,157713,24.98,23.93
flood,Saudi Arabia,SAU,2011,11,0,0,0,0,4.18365e+08,1.11564e+08,0,0.0440748,3e+08,8e+07,0,2010,False,,,28.2,27.01
flood,Senegal,SEN,2011,0,6,5214,0,5220,0,0,0,0,0,0,0,2010,False,,,11.08,11.08
flood,Serbia,SRB,2011,0,0,5000,0,5000,0,0,0,0,0,0,0,2010,False,,,11.03,11.03
flood,Sierra Leone,SLE,2011,21,0,0,0,0,0,0,0,0,0,0,0,2010,False,,,10.22,10.22
flood,Somalia,SOM,2011,0,0,2800,0,2800,0,0,0,0,0,0,0,2010,False,,,10.28,10.28
flood,South Africa,ZAF,2011,40,321,200000,0,200321,2.9425e+08,0,0,0.0460498,2.11e+08,0,0,2010,False,0.019968,1468.89,47.71,46.55
flood,South Korea,KOR,2011,62,0,29000,0,29000,7.2517e+07,0,0,0.00397826,5.2e+07,0,0,2010,False,0.213793,2500.59,45.22,44.14
flood,Spain,ESP,2011,1,0,2400,0,2400,0,0,0,0,0,0,0,2010,False,0.0416667,,12.37,12.37
flood,Sri Lanka,LKA,2011,65,51,233600,1060273,1293924,6.97275e+08,0,0,0.737972,5e+08,0,0,2010,False,0.00502348,538.884,52.57,51.35
flood,Tajikistan,TJK,2011,0,0,2130,0,2130,0,0,0,0,0,0,0,2010,False,,,9.92,9.92
flood,Tanzania,TZA,2011,37,200,59000,6776,65976,0,0,0,0,0,0,0,2010,False,0.056081,,26.39,26.39
flood,Thailand,THA,2011,855,0,9967743,0,9967743,5.47657e+10,1.35809e+10,0,10.5904,3.92712e+10,9.73856e+09,0,2010,False,0.00857767,5494.29,68.08,66.6
flood,Uganda,UGA,2011,27,0,63075,0,63075,0,0,0,0,0,0,0,2010,False,0.0428062,,25.33,25.33
flood,United States,USA,2011,17,0,25100,11000,36100,9.20403e+09,8.17206e+08,0,0.0423084,6.6e+09,5.86e+08,0,2010,False,0.0470914,254959,46.24,44.87
flood,Venezuela,VEN,2011,17,0,1668,2000,3668,2.2313e+07,0,0,0.00505558,1.6e+07,0,0,2010,False,0.463468,6083.15,37.22,36.2
flood,Vietnam,VNM,2011,122,14,1361570,0,1361584,3.05409e+08,0,0,0.126888,2.19002e+08,0,0,2010,False,0.00896015,224.304,53.86,52.7
flood,Zambia,ZMB,2011,0,0,1375,0,1375,0,0,0,0,0,0,0,2010,False,,,9.36,9.36
flood,Afghanistan,AFG,2012,149,311,48394,2445,51150,0,0,0,0,0,0,0,2010,False,0.2913,,30.6,30.6
flood,Algeria,DZA,2012,69,101,0,0,101,0,0,0,0,0,0,0,2010,False,68.3168,,20.03,20.03
flood,Angola,AGO,2012,0,0,1904,0,1904,0,0,0,0,0,0,0,2010,False,,,9.78,9.78
flood,Argentina,ARG,2012,6,0,10000,0,10000,0,0,0,0,0,0,0,2010,False,0.06,,18.36,18.36
flood,Australia,AUS,2012,4,0,16000,0,16000,8.03371e+08,3.78459e+08,0,0.0378688,5.88e+08,2.77e+08,0,2010,False,0.025,50210.7,38.5,37.27
flood,Bangladesh,BGD,2012,139,0,5398475,0,5398475,0,0,0,0,0,0,0,2010,False,0.0025748,,36.41,36.41
flood,Benin,BEN,2012,4,0,55000,0,55000,0,0,0,0,0,0,0,2010,False,0.00727273,,19.45,19.45
flood,Bolivia,BOL,2012,13,0,69085,0,69085,0,0,0,0,0,0,0,2010,False,0.0188174,,23.15,23.15
flood,Brazil,BRA,2012,20,0,290500,15500,306000,2.35028e+08,0,0,0.00697704,1.72e+08,0,0,2010,False,0.00653595,768.064,45.82,44.67
flood,Bulgaria,BGR,2012,5,0,37950,0,37950,6.012e+06,0,0,0.00810316,4.4e+06,0,0,2010,False,0.0131752,158.419,35.29,34.36
flood,Burkina Faso,BFA,2012,18,0,0,21000,21000,0,0,0,0,0,0,0,2010,False,0.0857143,,22.62,22.62
flood,Cambodia,KHM,2012,14,0,71500,0,71500,0,0,0,0,0,0,0,2010,False,0.0195804,,23.43,23.43
flood,Cameroon,CMR,2012,25,0,20000,31980,51980,2.733e+06,0,0,0.00663239,2e+06,0,0,2010,False,0.0480954,52.5779,39.75,38.86
flood,Canada,CAN,2012,0,0,1500,0,1500,4.6453e+07,0,0,0.00185959,3.4e+07,0,0,2010,False,,30968.7,27.24,26.19
flood,Chad,TCD,2012,20,0,613631,0,613631,1.3663e+07,0,0,0.0558902,1e+07,0,0,2010,False,0.00325929,22.2658,43.86,42.88
flood,Chile,CHL,2012,0,0,4300,0,4300,4.235e+06,0,0,0.00116094,3.1e+06,0,0,2010,False,,984.884,26.19,25.28
flood,China,CHN,2012,622,0,32992000,0,32992000,2.04536e+10,6.54447e+08,0,0.172595,1.49703e+10,4.79e+08,0,2010,False,0.00188531,619.957,67.59,66.17
flood,Colombia,COL,2012,77,18,73500,8000,81518,1.3936e+08,0,0,0.0275162,1.02e+08,0,0,2010,False,0.0944577,1709.56,47.92,46.8
flood,Comoros,COM,2012,4,150,64987,0,65137,6.831e+06,0,0,0.492202,5e+06,0,0,2010,False,0.0061409,104.871,35.51,34.57
flood,Congo,COG,2012,19,89,2025,7500,9614,0,0,0,0,0,0,0,2010,False,0.197628,,21.78,21.78
flood,Costa Rica,CRI,2012,6,0,9523,0,9523,0,0,0,0,0,0,0,2010,False,0.0630054,,18.3,18.3
flood,Croatia,HRV,2012,0,0,1500,0,1500,0,0,0,0,0,0,0,2010,False,,,9.47,9.47
flood,Cuba,CUB,2012,2,0,2859,141,3000,0,0,0,0,0,0,0,2010,False,0.0666667,,14,14
flood,Democratic Republic of Congo,COD,2012,1,0,3525,1010,4535,0,0,0,0,0,0,0,2010,False,0.0220507,,13.19,13.19
flood,Dominican Republic,DOM,2012,0,0,3070,11500,14570,0,0,0,0,0,0,0,2010,False,,,12.41,12.41
flood,Ecuador,ECU,2012,29,70,71790,0,71860,0,0,0,0,0,0,0,2010,False,0.0403562,,25.72,25.72
flood,Fiji,FJI,2012,15,0,19545,0,19545,1.21599e+08,0,0,2.24067,8.9e+07,0,0,2010,False,0.076746,6221.49,40.7,39.59
flood,Gabon,GAB,2012,1,0,77845,0,77845,0,0,0,0,0,0,0,2010,False,0.0012846,,16.87,16.87
flood,Georgia,GEO,2012,5,18,100000,0,100018,4.099e+06,0,0,0.0177574,3e+06,0,0,2010,False,0.0049991,40.9826,36.16,35.25
flood,Greece,GRC,2012,2,0,200,0,200,0,0,0,0,0,0,0,2010,False,1,,10.5,10.5
flood,Haiti,HTI,2012,42,0,26465,0,26465,0,0,0,0,0,0,0,2010,False,0.1587,,25.62,25.62
flood,India,IND,2012,279,0,4210860,37500,4248360,3.33371e+08,0,0,0.0133506,2.44e+08,0,0,2010,False,0.00656724,78.4705,58.15,56.97
flood,Indonesia,IDN,2012,41,25,32295,1000,33320,0,0,0,0,0,0,0,2010,False,0.123049,,25.84,25.84
flood,Iran,IRN,2012,7,0,1000,0,1000,0,0,0,0,0,0,0,2010,False,0.7,,15.82,15.82
flood,Iraq,IRQ,2012,4,0,0,0,0,0,0,0,0,0,0,0,2010,False,,,5.32,5.32
flood,Italy,ITA,2012,6,0,20000,0,20000,2.0494e+07,0,0,0.000714991,1.5e+07,0,0,2010,False,0.03,1024.7,36.2,35.2
flood,Japan,JPN,2012,30,0,48135,0,48135,1.91279e+09,0,0,0.0221036,1.4e+09,0,0,2010,False,0.0623247,39738,46.83,45.55
flood,Kazakhstan,KAZ,2012,0,0,9400,0,9400,0,0,0,0,0,0,0,2010,False,,,11.85,11.85
flood,Kenya,KEN,2012,73,0,280670,0,280670,1.36628e+08,1.366e+06,0,0.177315,1e+08,1e+06,0,2010,False,0.0260092,486.792,49.33,48.21
flood,Kyrgyzstan,KGZ,2012,0,0,11000,0,11000,0,0,0,0,0,0,0,2010,False,,,12.05,12.05
flood,Malawi,MWI,2012,0,0,49344,0,49344,0,0,0,0,0,0,0,2010,False,,,13.99,13.99
flood,Myanmar,MMR,2012,2,0,85000,0,85000,0,0,0,0,0,0,0,2010,False,0.00235294,,18.33,18.33
flood,Namibia,NAM,2012,0,0,650,0,650,0,0,0,0,0,0,0,2010,False,,,8.39,8.39
flood,Nepal,NPL,2012,72,5,0,0,5,1.366e+06,0,0,0.00460764,1e+06,0,0,2010,False,1440,273200,30.73,29.88
flood,Nicaragua,NIC,2012,9,0,29500,0,29500,0,0,0,0,0,0,0,2010,False,0.0305085,,20.94,20.94
flood,Niger,NER,2012,91,0,530952,0,530952,2.51552e+08,0,0,1.95308,1.84115e+08,0,0,2010,False,0.017139,473.775,51.49,50.33
flood,Nigeria,NGA,2012,363,867,7000000,0,7000867,6.83139e+08,0,0,0.107765,5e+08,0,0,2010,False,0.00518507,97.5792,60.38,59.17
flood,North Korea,PRK,2012,88,144,92945,0,93089,1.5576e+07,0,0,,1.14e+07,0,0,2010,False,0.0945332,167.324,46.33,45.34
flood,Pakistan,PAK,2012,518,2902,5047662,0,5050564,3.41569e+09,0,0,0.999572,2.5e+09,0,0,2010,False,0.0102563,676.299,62.75,61.44
flood,Palestine,PSE,2012,0,0,1500,0,1500,0,0,0,0,0,0,0,2010,False,,,9.47,9.47
flood,Panama,PAN,2012,6,32,9416,0,9448,2.733e+06,0,0,0.00480822,2e+06,0,0,2010,False,0.0635055,289.268,33.2,32.32
flood,Papua New Guinea,PNG,2012,5,0,200000,0,200000,3.6889e+07,0,0,0.126789,2.7e+07,0,0,2010,False,0.0025,184.445,39.27,38.23
flood,Paraguay,PRY,2012,0,0,78945,0,78945,5.465e+06,0,0,0.0120221,4e+06,0,0,2010,False,,69.2254,30.22,29.29
flood,Peru,PER,2012,68,118,672653,50000,722771,0,0,0,0,0,0,0,2010,False,0.00940824,,31.47,31.47
flood,Philippines,PHL,2012,157,16,4578850,35762,4614628,1.02922e+08,4.099e+06,0,0.0287606,7.533e+07,3e+06,0,2010,False,0.00340222,22.3034,55.18,54.08
flood,Russia,RUS,2012,179,3910,37397,5500,46807,8.42993e+08,4.0988e+07,0,0.0279401,6.17e+08,3e+07,0,2010,False,0.382421,18010,51.78,50.55
flood,Rwanda,RWA,2012,5,0,11160,0,11160,0,0,0,0,0,0,0,2010,False,0.0448029,,17.99,17.99
flood,Saudi Arabia,SAU,2012,19,0,0,0,0,0,0,0,0,0,0,0,2010,False,,,9.9,9.9
flood,Senegal,SEN,2012,19,0,57000,0,57000,1.3663e+07,0,0,0.0566224,1e+07,0,0,2010,False,0.0333333,239.702,40.62,39.64
flood,Slovenia,SVN,2012,0,0,12000,0,12000,3.62063e+08,0,0,0.574002,2.65e+08,0,0,2010,False,,30171.9,32,30.82
flood,Solomon Islands,SLB,2012,0,0,4836,0,4836,0,0,0,0,0,0,0,2010,False,,,10.99,10.99
flood,Somalia,SOM,2012,31,0,12200,20000,32200,0,0,0,0,0,0,0,2010,False,0.0962733,,24.9,24.9
flood,South Africa,ZAF,2012,13,0,125000,0,125000,2.73255e+08,0,0,0.0460405,2e+08,0,0,2010,False,0.0104,2186.04,43.48,42.31
flood,South Sudan,SSD,2012,47,0,157000,0,157000,0,0,0,0,0,0,0,2010,False,0.0299363,,28.29,28.29
flood,Spain,ESP,2012,11,35,720,0,755,5.39679e+08,3.55232e+08,0,0.029677,3.95e+08,2.6e+08,0,2010,False,1.45695,714807,37.04,35.84
flood,Sri Lanka,LKA,2012,53,21,447000,0,447021,1.64e+06,0,0,0.0017034,1.2e+06,0,0,2010,False,0.0118563,3.66873,44.44,43.58
flood,Sudan,SDN,2012,35,135,135000,0,135135,0,0,0,0,0,0,0,2010,False,0.0259,,27.14,27.14
flood,Taiwan,TWN,2012,6,0,35000,0,35000,2.309e+07,0,0,,1.69e+07,0,0,2010,False,0.0171429,659.714,37.05,36.04
flood,Tajikistan,TJK,2012,0,0,5556,0,5556,1.038e+06,0,0,0.00995672,760000,0,0,2010,False,,186.825,25.11,24.28
flood,Tanzania,TZA,2012,10,0,0,0,0,0,0,0,0,0,0,0,2010,False,,,7.93,7.93
flood,Thailand,THA,2012,22,0,483912,0,483912,1.45835e+09,3.64588e+08,0,0.263044,1.04575e+09,2.61438e+08,0,2010,False,0.00454628,3013.67,48.56,47.29
flood,Turkey,TUR,2012,13,0,0,0,0,0,0,0,0,0,0,0,2010,False,,,8.72,8.72
flood,Uganda,UGA,2012,0,0,15000,0,15000,0,0,0,0,0,0,0,2010,False,,,12.45,12.45
flood,United Kingdom,GBR,2012,8,0,3995,0,3995,4.52374e+09,2.22157e+09,0,0.121741,3.311e+09,1.626e+09,0,2010,False,0.20025,1.13235e+06,40.38,39.05
flood,United States,USA,2012,2,0,300,0,300,2.37732e+08,0,0,0.00107051,1.74e+08,0,0,2010,False,0.666667,792440,30.44,29.28
flood,Venezuela,VEN,2012,0,0,11000,0,11000,1.27064e+08,0,0,0.0250103,9.3e+07,0,0,2010,False,,11551.3,30.83,29.72
flood,Vietnam,VNM,2012,34,40,0,17500,17540,4.0988e+07,2.733e+06,0,0.0153382,3e+07,2e+06,0,2010,False,0.193843,2336.83,42.05,41.01
flood,Afghanistan,AFG,2013,113,2,17095,0,17097,0,0,0,0,0,0,0,2010,False,0.660935,,28.28,28.28
flood,Albania,ALB,2013,0,0,2800,0,2800,0,0,0,0,0,0,0,2010,False,,,10.28,10.28
flood,Angola,AGO,2013,9,0,1000,0,1000,0,0,0,0,0,0,0,2010,False,0.9,,16.56,16.56
flood,Argentina,ARG,2013,52,0,350000,0,350000,1.75052e+09,2.19488e+08,0,0.235497,1.3e+09,1.63e+08,0,2010,False,0.0148571,5001.48,51.08,49.81
flood,Austria,AUT,2013,4,0,200,0,200,1.34655e+09,3.1644e+08,0,0.234422,1e+09,2.35e+08,0,2010,False,2,6.73276e+06,33.35,32.09
flood,Bahamas,BHS,2013,0,0,1000,0,1000,6.0595e+07,2.0198e+07,0,0.429582,4.5e+07,1.5e+07,0,2010,False,,60595,26.98,25.91
flood,Benin,BEN,2013,0,0,32735,0,32735,0,0,0,0,0,0,0,2010,False,,,13.46,13.46
flood,Bolivia,BOL,2013,70,0,351540,0,351540,3.366e+06,0,0,0.00815412,2.5e+06,0,0,2010,False,0.0199124,9.57501,45.76,44.86
flood,Botswana,BWA,2013,12,0,4210,0,4210,0,0,0,0,0,0,0,2010,False,0.285036,,19.29,19.29
flood,Brazil,BRA,2013,105,122,204066,34105,238293,5.81462e+08,0,2.033e+06,0.0174625,4.31816e+08,0,1.51e+06,2010,False,0.0440634,2440.11,51.76,50.56
flood,Burkina Faso,BFA,2013,2,13,11383,0,11396,0,0,0,0,0,0,0,2010,False,0.01755,,15.73,15.73
flood,Cambodia,KHM,2013,200,0,1500000,0,1500000,6.73276e+08,0,0,2.52434,5e+08,0,0,2010,False,0.0133333,448.851,56.41,55.19
flood,Cameroon,CMR,2013,0,0,805,0,805,0,0,0,0,0,0,0,2010,False,,,8.67,8.67
flood,Canada,CAN,2013,4,0,100000,0,100000,7.67535e+09,2.22181e+09,0,0.308678,5.7e+09,1.65e+09,0,2010,False,0.004,76753.5,43.14,41.78
flood,Central African Republic,CAF,2013,0,0,32993,0,32993,0,0,0,0,0,0,0,2010,False,,,13.47,13.47
flood,China,CHN,2013,637,30,7594000,90000,7684030,2.23509e+10,5.467e+08,0,0.170362,1.65986e+10,4.06e+08,0,2010,False,0.00828992,2908.74,65.87,64.44
flood,Colombia,COL,2013,7,0,51781,0,51781,2.693e+06,0,0,0.000523432,2e+06,0,0,2010,False,0.0135185,52.0075,35.83,34.95
flood,Cuba,CUB,2013,2,0,227,0,227,0,0,0,0,0,0,0,2010,False,0.881057,,10.66,10.66
flood,Czechia,CZE,2013,15,0,1300000,0,1300000,1.11569e+09,5.19589e+08,0,0.388947,8.28552e+08,3.85866e+08,0,2010,False,0.00115385,858.222,48.37,47.12
flood,Dominican Republic,DOM,2013,0,0,0,0,0,137000,0,0,0.000163055,102000,0,0,2010,False,,,11.91,11.2
flood,Ecuador,ECU,2013,0,0,25567,0,25567,0,0,0,0,0,0,0,2010,False,,,13.14,13.14
flood,Ethiopia,ETH,2013,0,0,51500,0,51500,2.962e+06,0,0,0.00461717,2.2e+06,0,0,2010,False,,57.5146,29.05,28.16
flood,France,FRA,2013,3,0,3200,0,3200,8.81992e+08,0,0,0.0232593,6.55e+08,0,0,2010,False,0.09375,275622,35.77,34.54
flood,Gambia,GMB,2013,2,0,3300,0,3300,0,0,0,0,0,0,0,2010,False,0.0606061,,14.12,14.12
flood,Georgia,GEO,2013,0,0,25000,0,25000,0,0,0,0,0,0,0,2010,False,,,13.11,13.11
flood,Germany,DEU,2013,4,0,6350,0,6350,1.73705e+10,2.42379e+09,0,0.338847,1.29e+10,1.8e+09,0,2010,False,0.0629921,2.73552e+06,40.39,38.98
flood,Ghana,GHA,2013,5,0,25000,0,25000,0,0,0,0,0,0,0,2010,False,0.02,,19.04,19.04
flood,Guinea,GIN,2013,0,0,11106,0,11106,0,0,0,0,0,0,0,2010,False,,,12.06,12.06
flood,Haiti,HTI,2013,6,0,0,33265,33265,0,0,0,0,0,0,0,2010,False,0.018037,,19.92,19.92
flood,Hungary,HUN,2013,0,0,48565,0,48565,0,0,0,0,0,0,0,2010,False,,,13.97,13.97
flood,India,IND,2013,6453,4473,3415000,0,3419473,1.834e+09,6.73276e+08,0,0.0733551,1.362e+09,5e+08,0,2010,False,0.188713,536.341,69.95,68.68
flood,Indonesia,IDN,2013,89,0,591276,0,591276,4.04774e+09,4.03966e+08,0,0.329416,3.006e+09,3e+08,0,2010,False,0.0150522,6845.76,54.35,53.03
flood,Iraq,IRQ,2013,11,0,0,0,0,0,0,0,0,0,0,0,2010,False,,,8.22,8.22
flood,Italy,ITA,2013,18,0,2700,0,2700,1.05031e+09,0,0,0.0362247,7.8e+08,0,0,2010,False,0.666667,389004,40.88,39.63
flood,Japan,JPN,2013,5,0,3633,0,3633,2.693e+06,0,0,3.79341e-05,2e+06,0,0,2010,False,0.137627,741.261,31.44,30.56
flood,Kenya,KEN,2013,128,20,115780,0,115800,4.8476e+07,0,0,0.0583739,3.6e+07,0,0,2010,False,0.110535,418.618,48.98,47.92
flood,Laos,LAO,2013,23,77,574176,0,574253,1.62933e+08,0,0,1.00974,1.21e+08,0,0,2010,False,0.0040052,283.73,46.71,45.58
flood,Libya,LBY,2013,16,0,2000,0,2000,0,0,0,0,0,0,0,2010,False,0.8,,19.21,19.21
flood,Malawi,MWI,2013,7,0,82984,0,82984,0,0,0,0,0,0,0,2010,False,0.00843536,,21.54,21.54
flood,Malaysia,MYS,2013,4,0,75000,0,75000,2.693e+06,0,0,0.000618666,2e+06,0,0,2010,False,0.00533333,35.9067,34.76,33.88
flood,Mali,MLI,2013,37,0,46000,0,46000,0,0,0,0,0,0,0,2010,False,0.0804348,,25.93,25.93
flood,Mauritania,MRT,2013,8,0,4225,2305,6530,2.693e+06,0,0,0.02766,2e+06,0,0,2010,False,0.122511,412.404,33.54,32.66
flood,Mauritius,MUS,2013,11,82,0,0,82,2.693e+06,0,0,0.0160842,2e+06,0,0,2010,False,13.4146,32841.5,28.84,27.96
flood,Mexico,MEX,2013,13,0,0,0,0,0,0,0,0,0,0,0,2010,False,,,8.72,8.72
flood,Mozambique,MOZ,2013,119,0,240000,0,240000,4.0397e+07,0,0,0.174438,3e+07,0,0,2010,False,0.0495833,168.321,49.5,48.45
flood,Myanmar,MMR,2013,7,0,73300,0,73300,0,0,0,0,0,0,0,2010,False,0.0095498,,21.38,21.38
flood,Namibia,NAM,2013,0,0,14500,0,14500,0,0,0,0,0,0,0,2010,False,,,12.41,12.41
flood,Nepal,NPL,2013,195,35,12474,4314,16823,0,0,0,0,0,0,0,2010,False,1.15913,,30.05,30.05
flood,Nicaragua,NIC,2013,27,0,14149,0,14149,0,0,0,0,0,0,0,2010,False,0.190826,,23.39,23.39
flood,Niger,NER,2013,32,0,181029,0,181029,8.7154e+07,0,0,0.633004,6.4724e+07,0,0,2010,False,0.0176767,481.437,45.64,44.55
flood,Nigeria,NGA,2013,19,0,81506,0,81506,0,0,0,0,0,0,0,2010,False,0.0233112,,24.55,24.55
flood,North Korea,PRK,2013,51,2,800000,48688,848690,0,0,0,,0,0,0,2010,False,0.00600926,,30.74,30.74
flood,North Macedonia,MKD,2013,1,0,4864,0,4864,0,0,0,0,0,0,0,2010,False,0.0205592,,13.28,13.28
flood,Norway,NOR,2013,0,0,500,0,500,0,0,0,0,0,0,0,2010,False,,,8.05,8.05
flood,Pakistan,PAK,2013,268,912,1496870,0,1497782,2.01983e+09,0,0,0.579918,1.5e+09,0,0,2010,False,0.0178931,1348.55,58.48,57.2
flood,Palestine,PSE,2013,5,0,12500,0,12500,0,0,0,0,0,0,0,2010,False,0.04,,18.14,18.14
flood,Papua New Guinea,PNG,2013,0,0,35000,0,35000,0,0,0,0,0,0,0,2010,False,,,13.55,13.55
flood,Paraguay,PRY,2013,0,0,61400,0,61400,0,0,0,0,0,0,0,2010,False,,,14.28,14.28
flood,Peru,PER,2013,68,387,180734,0,181121,0,0,0,0,0,0,0,2010,False,0.037544,,29.67,29.67
flood,Philippines,PHL,2013,105,59,4500279,0,4500338,3.00926e+09,1.34655e+08,0,0.787167,2.23479e+09,1e+08,0,2010,False,0.00233316,668.674,57.22,55.92
flood,Romania,ROU,2013,9,0,6901,0,6901,1.4812e+07,0,0,0.00579562,1.1e+07,0,0,2010,False,0.130416,2146.36,35.68,34.69
flood,Russia,RUS,2013,4,0,35635,0,35635,1.34655e+09,0,0,0.0436211,1e+09,0,0,2010,False,0.0112249,37787.3,40.05,38.8
flood,Saint Lucia,LCA,2013,6,0,19984,0,19984,0,0,0,0,0,0,0,2010,False,0.030024,,19.26,19.26
flood,Saint Vincent and the Grenadines,VCT,2013,12,37,16885,500,17422,1.45428e+08,0,0,14.1217,1.08e+08,0,0,2010,False,0.0688784,8347.38,40.04,38.92
flood,Saudi Arabia,SAU,2013,39,0,1021,0,1021,0,0,0,0,0,0,0,2010,False,3.81978,,21.17,21.17
flood,Senegal,SEN,2013,8,94,163212,0,163306,0,0,0,0,0,0,0,2010,False,0.00489878,,22.81,22.81
flood,Serbia,SRB,2013,0,0,3000,0,3000,0,0,0,0,0,0,0,2010,False,,,10.37,10.37
flood,Slovakia,SVK,2013,1,0,0,0,0,0,0,0,0,0,0,0,2010,False,,,2.29,2.29
flood,Solomon Islands,SLB,2013,0,0,10227,0,10227,2.693e+06,0,0,0.155532,2e+06,0,0,2010,False,,263.323,26.86,25.97
flood,Somalia,SOM,2013,7,0,105000,0,105000,0,0,0,0,0,0,0,2010,False,0.00666667,,21.85,21.85
flood,South Sudan,SSD,2013,99,0,581000,0,581000,0,0,0,0,0,0,0,2010,False,0.0170396,,32.41,32.41
flood,Spain,ESP,2013,0,0,600,0,600,0,0,0,0,0,0,0,2010,False,,,8.29,8.29
flood,Sri Lanka,LKA,2013,110,15,73946,0,73961,2.693e+06,0,0,0.00259821,2e+06,0,0,2010,False,0.148727,36.4111,44.99,44.11
flood,Sudan,SDN,2013,76,133,500000,0,500133,9.426e+06,0,0,0.01627,7e+06,0,0,2010,False,0.015196,18.847,47.52,46.56
flood,Thailand,THA,2013,84,0,3500000,15254,3515254,7.79654e+08,0,0,0.137748,5.79e+08,0,0,2010,False,0.00238959,221.792,54.81,53.59
flood,Uganda,UGA,2013,13,0,25445,0,25445,4.174e+06,0,0,0.0107208,3.1e+06,0,0,2010,False,0.0510906,164.04,37.21,36.29
flood,Ukraine,UKR,2013,2,0,265,1995,2260,2.8278e+07,0,0,0.0110237,2.1e+07,0,0,2010,False,0.0884956,12512.4,30.9,29.88
flood,United Kingdom,GBR,2013,0,0,79,0,79,2.6733e+08,0,0,0.00709817,1.98529e+08,0,0,2010,False,,3.38393e+06,25.21,24.05
flood,United States,USA,2013,31,0,29325,5400,34725,3.0661e+09,2.6931e+08,0,0.0134888,2.277e+09,2e+08,0,2010,False,0.0892729,88296.6,46.98,45.68
flood,Vietnam,VNM,2013,141,66,2158865,2070,2161001,1.05705e+08,0,0,0.0367322,7.85e+07,0,0,2010,False,0.00652475,48.9148,53.87,52.77
flood,Yemen,YEM,2013,40,10,49082,0,49092,0,0,0,0,0,0,0,2010,False,0.0814797,,26.26,26.26
flood,Zambia,ZMB,2013,0,0,1800,0,1800,0,0,0,0,0,0,0,2010,False,,,9.71,9.71
flood,Zimbabwe,ZWE,2013,125,0,9700,0,9700,0,0,0,0,0,0,0,2010,False,1.28866,,27.88,27.88
flood,Afghanistan,AFG,2014,512,135,140020,1900,142055,3.975e+06,0,0,0.0146362,3e+06,0,0,2010,False,0.360424,27.9821,51.29,50.38
flood,Argentina,ARG,2014,3,0,7203,0,7203,8.2154e+07,0,0,0.0117799,6.2e+07,0,0,2010,False,0.0416493,11405.5,34.43,33.34
flood,Bangladesh,BGD,2014,59,447,3200000,0,3200447,2.12009e+08,0,0,0.0925462,1.6e+08,0,0,2010,False,0.00184349,66.2436,52.23,51.08
flood,Bolivia,BOL,2014,52,0,245243,0,245243,0,0,0,0,0,0,0,2010,False,0.0212035,,29.19,29.19
flood,Bosnia and Herzegovina,BIH,2014,26,0,1000600,0,1000600,5.78493e+08,0,0,2.35242,4.3658e+08,0,0,2010,False,0.00259844,578.146,49.1,47.89
flood,Brazil,BRA,2014,55,74,550600,76595,627269,4.18093e+08,0,0,0.0127719,3.13684e+08,0,0,2010,False,0.00876817,666.529,50.58,49.39
flood,Bulgaria,BGR,2014,20,0,7247,1260,8507,5.12797e+08,0,0,0.67795,3.87e+08,0,0,2010,False,0.235101,60279.4,41.97,40.77
flood,Burundi,BDI,2014,96,182,0,12500,12682,2.65e+06,0,0,0.0739146,2e+06,0,0,2010,False,0.756978,208.958,42.25,41.36
flood,Cambodia,KHM,2014,45,0,472500,57950,530450,2.65e+06,0,0,0.00907381,2e+06,0,0,2010,False,0.00848336,4.99576,44.61,43.73
flood,Cameroon,CMR,2014,0,0,250000,0,250000,0,0,0,0,0,0,0,2010,False,,,16.09,16.09
flood,Canada,CAN,2014,0,4,6900,0,6904,1.70932e+08,1.1528e+08,0,0.00714384,1.29e+08,8.7e+07,0,2010,False,,24758.4,30.53,29.4
flood,Chile,CHL,2014,0,0,10917,1638,12555,0,0,0,0,0,0,0,2010,False,,,12.22,12.22
flood,China,CHN,2014,473,0,23157500,424000,23581500,1.28093e+10,0,0,0.0905613,9.667e+09,0,0,2010,False,0.00200581,543.194,65.78,64.39
flood,Colombia,COL,2014,77,0,72214,0,72214,1.06e+07,0,0,0.00209841,8e+06,0,0,2010,False,0.106628,146.786,45.17,44.21
flood,Cote d'Ivoire,CIV,2014,46,0,0,0,0,0,0,0,0,0,0,0,2010,False,,,12.73,12.73
flood,Croatia,HRV,2014,3,0,9116,0,9116,0,0,0,0,0,0,0,2010,False,0.0329092,,16.39,16.39
flood,Democratic Republic of Congo,COD,2014,154,1000,0,3750,4750,1.9876e+07,0,0,0.0391104,1.5e+07,0,0,2010,False,3.24211,4184.42,44.55,43.55
flood,Dominican Republic,DOM,2014,1,0,300,0,300,0,0,0,0,0,0,0,2010,False,0.333333,,9.68,9.68
flood,Eswatini,SWZ,2014,11,0,400,0,400,0,0,0,0,0,0,0,2010,False,2.75,,15.98,15.98
flood,France,FRA,2014,14,0,4000,0,4000,4.01492e+08,3.20664e+08,0,0.0105898,3.03e+08,2.42e+08,0,2010,False,0.35,100373,39.63,38.45
flood,Georgia,GEO,2014,0,0,12000,0,12000,0,0,0,0,0,0,0,2010,False,,,12.16,12.16
flood,Greece,GRC,2014,0,0,2320,0,2320,0,0,0,0,0,0,0,2010,False,,,10.03,10.03
flood,Guatemala,GTM,2014,6,0,87500,0,87500,0,0,0,0,0,0,0,2010,False,0.00685714,,21.17,21.17
flood,Haiti,HTI,2014,12,0,30000,0,30000,0,0,0,0,0,0,0,2010,False,0.04,,21.83,21.83
flood,Honduras,HND,2014,4,0,23000,0,23000,1.855e+06,0,0,0.00708626,1.4e+06,0,0,2010,False,0.0173913,80.6522,32.85,31.99
flood,Hungary,HUN,2014,0,0,6500,0,6500,0,0,0,0,0,0,0,2010,False,,,11.37,11.37
flood,India,IND,2014,622,0,4572500,650000,5222500,2.18171e+10,1.98759e+08,0,0.807454,1.6465e+10,1.5e+08,0,2010,False,0.01191,4177.51,65.27,63.84
flood,Indonesia,IDN,2014,77,0,417977,5250,423227,1.22965e+09,2.6501e+07,0,0.104174,9.28e+08,2e+07,0,2010,False,0.0181935,2905.42,52.25,51
flood,Iran,IRN,2014,37,0,440000,0,440000,6.4928e+07,0,0,0.0105995,4.9e+07,0,0,2010,False,0.00840909,147.564,46.96,45.88
flood,Italy,ITA,2014,10,1,8690,1000,9691,1.10907e+09,0,0,0.0385137,8.37e+08,0,0,2010,False,0.103189,114444,40.78,39.53
flood,Kazakhstan,KAZ,2014,5,9,2700,0,2709,0,0,0,0,0,0,0,2010,False,0.18457,,16.16,16.16
flood,Kiribati,KIR,2014,0,0,220,0,220,0,0,0,0,0,0,0,2010,False,,,6.99,6.99
flood,Laos,LAO,2014,0,0,750,0,750,0,0,0,0,0,0,0,2010,False,,,8.57,8.57
flood,Malaysia,MYS,2014,17,0,230000,0,230000,3.76316e+08,0,0,0.0840072,2.84e+08,0,0,2010,False,0.0073913,1636.16,45.42,44.24
flood,Marshall Islands,MHL,2014,0,0,360,0,360,0,0,0,0,0,0,0,2010,False,,,7.63,7.63
flood,Morocco,MAR,2014,11,0,0,0,0,0,0,0,0,0,0,0,2010,False,,,8.22,8.22
flood,Mozambique,MOZ,2014,22,76,76210,0,76286,0,0,0,0,0,0,0,2010,False,0.0288388,,24.92,24.92
flood,Myanmar,MMR,2014,0,0,40000,0,40000,0,0,0,0,0,0,0,2010,False,,,13.72,13.72
flood,Nepal,NPL,2014,318,149,187145,0,187294,0,0,0,0,0,0,0,2010,False,0.169787,,34.78,34.78
flood,Nicaragua,NIC,2014,0,0,60345,0,60345,0,0,0,0,0,0,0,2010,False,,,14.25,14.25
flood,Niger,NER,2014,36,0,165578,0,165578,2.65e+06,0,0,0.0184112,2e+06,0,0,2010,False,0.021742,16.0045,42.39,41.5
flood,Nigeria,NGA,2014,15,0,10000,0,10000,0,0,0,0,0,0,0,2010,False,0.15,,21.09,21.09
flood,Pakistan,PAK,2014,255,673,2530000,0,2530673,2.65011e+09,0,0,0.736946,2e+09,0,0,2010,False,0.0100764,1047.2,59.27,57.97
flood,Panama,PAN,2014,9,0,116,0,116,0,0,0,0,0,0,0,2010,False,7.75862,,13.78,13.78
flood,Papua New Guinea,PNG,2014,0,0,27000,0,27000,0,0,0,0,0,0,0,2010,False,,,13.21,13.21
flood,Paraguay,PRY,2014,0,0,233360,0,233360,0,0,0,0,0,0,0,2010,False,,,16,16
flood,Peru,PER,2014,35,0,69038,2700,71738,0,0,0,0,0,0,0,2010,False,0.0487886,,26.32,26.32
flood,Philippines,PHL,2014,5,0,145130,0,145130,1.048e+06,0,0,0.000265897,791000,0,0,2010,False,0.00344519,7.22111,35.27,34.44
flood,Puerto Rico,PRI,2014,1,0,0,0,0,0,0,0,0,0,0,0,2010,False,,,2.29,2.29
flood,Romania,ROU,2014,2,0,2525,0,2525,0,0,0,0,0,0,0,2010,False,0.0792079,,13.78,13.78
flood,Russia,RUS,2014,6,2000,22545,0,24545,1.06e+07,0,0,0.000388493,8e+06,0,0,2010,False,0.0244449,431.86,35.81,34.84
flood,Serbia,SRB,2014,56,0,59600,0,59600,2.71406e+09,0,0,4.1704,2.04826e+09,0,0,2010,False,0.0939597,45538,49.47,48.17
flood,Seychelles,SYC,2014,0,0,4435,0,4435,0,0,0,0,0,0,0,2010,False,,,10.87,10.87
flood,Slovenia,SVN,2014,2,0,4400,0,4400,0,0,0,0,0,0,0,2010,False,0.0454545,,14.5,14.5
flood,Solomon Islands,SLB,2014,47,0,52000,0,52000,3.1801e+07,0,0,1.79698,2.4e+07,0,0,2010,False,0.0903846,611.558,44.25,43.22
flood,Somalia,SOM,2014,0,0,90000,0,90000,0,0,0,0,0,0,0,2010,False,,,14.77,14.77
flood,South Africa,ZAF,2014,32,0,7185,0,7185,1.1263e+08,0,0,0.0222981,8.5e+07,0,0,2010,False,0.445372,15675.7,41.72,40.61
flood,South Korea,KOR,2014,17,0,0,0,0,2.65e+06,0,0,0.000128514,2e+06,0,0,2010,False,,,24.44,23.56
flood,Sri Lanka,LKA,2014,89,26,1051222,0,1051248,2.65e+06,0,0,0.00242333,2e+06,0,0,2010,False,0.00846613,2.52081,47.72,46.83
flood,Sudan,SDN,2014,39,204,266000,0,266204,0,0,0,0,0,0,0,2010,False,0.0146504,,28.37,28.37
flood,Tajikistan,TJK,2014,20,38,12760,425,13223,2.65e+06,0,0,0.0219476,2e+06,0,0,2010,False,0.151252,200.408,37.24,36.36
flood,Tanzania,TZA,2014,31,0,40000,0,40000,2.65e+06,0,0,0.00400106,2e+06,0,0,2010,False,0.0775,66.25,40.07,39.18
flood,Thailand,THA,2014,29,8,131280,0,131288,1.3251e+07,0,0,0.00245496,1e+07,0,0,2010,False,0.0220888,100.931,43.01,42.03
flood,United Kingdom,GBR,2014,4,0,1521,0,1521,2.57933e+09,7.0228e+08,0,0.0624066,1.92547e+09,5.3e+08,0,2010,False,0.262985,1.69582e+06,36.62,35.33
flood,United States,USA,2014,2,0,102040,0,102040,2.23935e+09,7.81784e+08,0,0.00959784,1.69e+09,5.9e+08,0,2010,False,0.00196002,21945.8,40.24,38.95
flood,Zambia,ZMB,2014,0,0,0,20000,20000,0,0,0,0,0,0,0,2010,False,,,12.82,12.82
flood,Zimbabwe,ZWE,2014,8,2,1750,0,1752,2.6501e+07,0,0,0.102535,2e+07,0,0,2010,False,0.456621,15126.1,34.14,33.12
flood,Afghanistan,AFG,2015,7,10,0,3000,3010,0,0,0,0,0,0,0,2010,False,0.232558,,17.25,17.25
flood,Albania,ALB,2015,1,0,42300,0,42300,0,0,0,0,0,0,0,2010,False,0.00236407,,16.08,16.08
flood,Algeria,DZA,2015,12,0,35000,0,35000,0,0,0,0,0,0,0,2010,False,0.0342857,,22.03,22.03
flood,Angola,AGO,2015,75,0,3000,2000,5000,0,0,0,0,0,0,0,2010,False,1.5,,25.35,25.35
flood,Argentina,ARG,2015,8,0,104721,0,104721,0,0,0,0,0,0,0,2010,False,0.00763935,,22.23,22.23
flood,Australia,AUS,2015,6,0,0,0,0,5.29395e+08,0,0,0.029481,4e+08,0,0,2010,False,,,26.65,25.45
flood,Bangladesh,BGD,2015,31,20651,1391250,0,1411901,5.2939e+07,0,0,0.0204974,4e+07,0,0,2010,False,0.00219562,37.4948,47.7,46.63
flood,Belize,BLZ,2015,0,0,20000,0,20000,0,0,0,0,0,0,0,2010,False,,,12.82,12.82
flood,Bolivia,BOL,2015,40,0,169222,0,169222,0,0,0,0,0,0,0,2010,False,0.0236376,,27.87,27.87
flood,Brazil,BRA,2015,11,0,298510,0,298510,2.647e+06,0,0,0.000110975,2e+06,0,0,2010,False,0.00368497,8.86737,39.43,38.54
flood,Bulgaria,BGR,2015,5,0,0,0,0,7.676e+06,0,0,0.0114244,5.8e+06,0,0,2010,False,,,21.88,20.93
flood,Burkina Faso,BFA,2015,8,54,28871,0,28925,4.1028e+07,0,0,0.261998,3.1e+07,0,0,2010,False,0.0276577,1418.43,38.21,37.16
flood,Burundi,BDI,2015,34,0,2741,0,2741,1.1285e+07,0,0,0.30339,8.52688e+06,0,0,2010,False,1.24042,4117.11,38.35,37.38
flood,Cambodia,KHM,2015,0,0,22000,0,22000,0,0,0,0,0,0,0,2010,False,,,12.95,12.95
flood,Cameroon,CMR,2015,4,0,30000,0,30000,0,0,0,0,0,0,0,2010,False,0.0133333,,18.67,18.67
flood,Chile,CHL,2015,178,16,164240,29741,193997,1.98523e+09,6.61744e+08,0,0.618683,1.5e+09,5e+08,0,2010,False,0.091754,10233.3,54.47,53.19
flood,China,CHN,2015,310,21,1332440,41910,1374371,9.25382e+09,0,0,0.0619813,6.992e+09,0,0,2010,False,0.0225558,6733.13,60.38,59.01
flood,Colombia,COL,2015,0,0,8105,0,8105,0,0,0,0,0,0,0,2010,False,,,11.65,11.65
flood,Costa Rica,CRI,2015,0,0,9666,0,9666,0,0,0,0,0,0,0,2010,False,,,11.88,11.88
flood,Cote d'Ivoire,CIV,2015,16,0,0,0,0,0,0,0,0,0,0,0,2010,False,,,9.37,9.37
flood,Croatia,HRV,2015,0,0,1200,0,1200,0,0,0,0,0,0,0,2010,False,,,9.18,9.18
flood,Cuba,CUB,2015,3,0,10089,0,10089,0,0,0,0,0,0,0,2010,False,0.0297354,,16.52,16.52
flood,Democratic Republic of Congo,COD,2015,49,0,190560,0,190560,0,0,0,0,0,0,0,2010,False,0.0257137,,28.68,28.68
flood,Dominican Republic,DOM,2015,2,0,20850,350,21200,0,0,0,0,0,0,0,2010,False,0.00943396,,16.53,16.53
flood,Ecuador,ECU,2015,12,0,1185,0,1185,0,0,0,0,0,0,0,2010,False,1.01266,,17.65,17.65
flood,El Salvador,SLV,2015,1,0,0,0,0,0,0,0,0,0,0,0,2010,False,,,2.29,2.29
flood,Ethiopia,ETH,2015,0,0,210600,0,210600,0,0,0,0,0,0,0,2010,False,,,15.87,15.87
flood,France,FRA,2015,20,0,0,0,0,1.2229e+09,8.62914e+08,0,0.0378303,9.24e+08,6.52e+08,0,2010,False,,,31.13,29.88
flood,Georgia,GEO,2015,40,0,10320,0,10320,3.044e+07,0,0,0.151079,2.3e+07,0,0,2010,False,0.387597,2949.61,41.59,40.56
flood,Ghana,GHA,2015,25,0,0,5000,5000,1.5882e+07,0,0,0.0242734,1.2e+07,0,0,2010,False,0.5,3176.4,38.49,37.5
flood,Greece,GRC,2015,3,0,500,0,500,0,0,0,0,0,0,0,2010,False,0.6,,12.63,12.63
flood,Guatemala,GTM,2015,8,0,65136,0,65136,0,0,0,0,0,0,0,2010,False,0.012282,,21.62,21.62
flood,Guinea,GIN,2015,9,29,29599,0,29628,0,0,0,0,0,0,0,2010,False,0.0303767,,20.94,20.94
flood,Guyana,GUY,2015,0,0,199000,0,199000,0,0,0,0,0,0,0,2010,False,,,15.8,15.8
flood,Haiti,HTI,2015,6,0,45000,0,45000,0,0,0,0,0,0,0,2010,False,0.0133333,,20.31,20.31
flood,India,IND,2015,839,1025,16358337,54097,16413459,3.81164e+09,9.99233e+08,0,0.136909,2.88e+09,7.55e+08,0,2010,False,0.00511166,232.227,65.98,64.66
flood,Indonesia,IDN,2015,9,0,67294,15,67309,3.11019e+08,0,0,0.0272985,2.35e+08,0,0,2010,False,0.0133712,4620.76,41.69,40.52
flood,Iran,IRN,2015,52,30,24400,2000,26430,8.41737e+08,0,0,0.155428,6.36e+08,0,0,2010,False,0.196746,31847.8,47,45.77
flood,Iraq,IRQ,2015,58,0,65000,0,65000,0,0,0,0,0,0,0,2010,False,0.0892308,,27.83,27.83
flood,Italy,ITA,2015,4,0,550,0,550,3.62635e+08,0,0,0.0148475,2.74e+08,0,0,2010,False,0.727273,659336,33.33,32.16
flood,Japan,JPN,2015,21,46,45000,0,45046,1.85288e+09,8.60267e+08,0,0.0308748,1.4e+09,6.5e+08,0,2010,False,0.046619,41133.1,45.58,44.3
flood,Kazakhstan,KAZ,2015,2,0,12670,0,12670,7.014e+06,0,0,0.00287437,5.3e+06,0,0,2010,False,0.0157853,553.591,31.73,30.79
flood,Kenya,KEN,2015,119,61,206189,0,206250,0,0,0,0,0,0,0,2010,False,0.057697,,31.67,31.67
flood,Laos,LAO,2015,4,0,47895,45,47940,1.3235e+07,0,0,0.0693175,1e+07,0,0,2010,False,0.00834376,276.074,35.78,34.8
flood,Madagascar,MDG,2015,26,0,0,24000,24000,0,0,0,0,0,0,0,2010,False,0.108333,,23.96,23.96
flood,Malawi,MWI,2015,278,645,638000,0,638645,5.1616e+08,0,0,4.23018,3.9e+08,0,0,2010,False,0.0435297,808.211,56.12,54.92
flood,Malaysia,MYS,2015,1,0,3000,0,3000,0,0,0,0,0,0,0,2010,False,0.0333333,,12.66,12.66
flood,Mali,MLI,2015,5,0,2000,0,2000,0,0,0,0,0,0,0,2010,False,0.25,,15.77,15.77
flood,Mexico,MEX,2015,0,0,3000,0,3000,0,0,0,0,0,0,0,2010,False,,,10.37,10.37
flood,Mozambique,MOZ,2015,160,0,177645,0,177645,0,0,0,0,0,0,0,2010,False,0.0900673,,32.45,32.45
flood,Myanmar,MMR,2015,172,0,1635703,0,1635703,1.57495e+08,0,0,0.19964,1.19e+08,0,0,2010,False,0.0105154,96.2858,54.56,53.43
flood,New Zealand,NZL,2015,1,0,500,0,500,3.58665e+08,0,0,0.152121,2.71e+08,0,0,2010,False,0.2,717330,30.17,28.99
flood,Nicaragua,NIC,2015,2,0,3750,0,3750,0,0,0,0,0,0,0,2010,False,0.0533333,,14.29,14.29
flood,Niger,NER,2015,27,0,87037,0,87037,0,0,0,0,0,0,0,2010,False,0.0310213,,25.74,25.74
flood,Nigeria,NGA,2015,53,0,100420,0,100420,3.3087e+07,0,0,0.00507072,2.5e+07,0,0,2010,False,0.0527783,329.486,45.53,44.5
flood,North Korea,PRK,2015,33,0,3541,0,3541,0,0,0,,0,0,0,2010,False,0.93194,,22.24,22.24
flood,North Macedonia,MKD,2015,7,30,105000,0,105030,1.15143e+08,0,0,0.864423,8.7e+07,0,0,2010,False,0.00666476,1096.29,40.53,39.42
flood,Pakistan,PAK,2015,367,499,1576991,0,1577490,1.323e+06,0,0,0.000333374,1e+06,0,0,2010,False,0.0232648,0.838674,52.2,51.36
flood,Panama,PAN,2015,0,0,3500,0,3500,0,0,0,0,0,0,0,2010,False,,,10.57,10.57
flood,Papua New Guinea,PNG,2015,0,0,20000,0,20000,0,0,0,0,0,0,0,2010,False,,,12.82,12.82
flood,Paraguay,PRY,2015,8,0,98284,0,98284,0,0,0,0,0,0,0,2010,False,0.00813968,,22.15,22.15
flood,Peru,PER,2015,15,55,171725,0,171780,0,0,0,0,0,0,0,2010,False,0.0087321,,24.77,24.77
flood,Philippines,PHL,2015,53,0,231309,0,231309,265000,0,0,6.52644e-05,200000,0,0,2010,False,0.0229131,1.14565,41.75,41
flood,Romania,ROU,2015,1,0,2000,0,2000,0,0,0,0,0,0,0,2010,False,0.05,,12.13,12.13
flood,Russia,RUS,2015,1,0,1500,0,1500,0,0,0,0,0,0,0,2010,False,0.0666667,,11.76,11.76
flood,Rwanda,RWA,2015,2,6,3425,0,3431,0,0,0,0,0,0,0,2010,False,0.058292,,14.17,14.17
flood,Saudi Arabia,SAU,2015,23,0,0,0,0,2.647e+06,0,0,0.000288428,2e+06,0,0,2010,False,,,25.39,24.51
flood,Sierra Leone,SLE,2015,10,0,24303,0,24303,0,0,0,0,0,0,0,2010,False,0.0411472,,21,21
flood,Somalia,SOM,2015,0,0,916296,0,916296,0,0,0,0,0,0,0,2010,False,,,17.78,17.78
flood,Spain,ESP,2015,4,0,1750,0,1750,2.647e+06,0,0,0.000165815,2e+06,0,0,2010,False,0.228571,1512.57,29.88,28.99
flood,Sri Lanka,LKA,2015,16,12,180078,0,180090,0,0,0,0,0,0,0,2010,False,0.00888445,,25.04,25.04
flood,Sudan,SDN,2015,20,0,0,0,0,0,0,0,0,0,0,0,2010,False,,,10.07,10.07
flood,Tajikistan,TJK,2015,0,0,10802,0,10802,0,0,0,0,0,0,0,2010,False,,,12.03,12.03
flood,Tanzania,TZA,2015,12,0,0,5000,5000,0,0,0,0,0,0,0,2010,False,0.24,,19.51,19.51
flood,Turkey,TUR,2015,8,0,5000,1500,6500,0,0,0,0,0,0,0,2010,False,0.123077,,18.63,18.63
flood,United Kingdom,GBR,2015,0,0,48000,0,48000,1.58818e+09,1.32349e+09,0,0.040739,1.2e+09,1e+09,0,2010,False,,33087.2,35.28,34.02
flood,United States,USA,2015,89,36,27556,0,27592,4.29535e+09,2.18088e+09,0,0.0177397,3.24548e+09,1.64783e+09,0,2010,False,0.322557,155674,50.44,49.12
flood,Uruguay,URY,2015,2,0,35326,0,35326,0,0,0,0,0,0,0,2010,False,0.00566155,,17.19,17.19
flood,Venezuela,VEN,2015,0,0,45297,0,45297,0,0,0,0,0,0,0,2010,False,,,13.88,13.88
flood,Vietnam,VNM,2015,34,0,15100,0,15100,2.69991e+08,0,0,0.0852635,2.04e+08,0,0,2010,False,0.225166,17880.2,43.76,42.6
flood,Zimbabwe,ZWE,2015,6,0,750,0,750,0,0,0,0,0,0,0,2010,False,0.8,,15.01,15.01
flood,Afghanistan,AFG,2016,84,0,0,0,0,0,0,0,0,0,0,0,2010,False,,,14.69,14.69
flood,Albania,ALB,2016,3,0,4500,0,4500,0,0,0,0,0,0,0,2010,False,0.0666667,,15.48,15.48
flood,Angola,AGO,2016,113,0,4744,5155,9899,0,0,0,0,0,0,0,2010,False,1.14153,,27.57,27.57
flood,Argentina,ARG,2016,3,0,122181,0,122181,1.30961e+09,6.535e+07,0,0.179721,1.002e+09,5e+07,0,2010,False,0.00245537,10718.6,40.88,39.63
flood,Australia,AUS,2016,1,0,280,0,280,3.2675e+07,0,0,0.00206341,2.5e+07,0,0,2010,False,0.357143,116696,27.01,25.98
flood,Bangladesh,BGD,2016,106,0,1900000,0,1900000,1.9605e+08,0,0,0.0565559,1.5e+08,0,0,2010,False,0.00557895,103.184,53.39,52.25
flood,Belgium,BEL,2016,1,0,0,0,0,0,0,0,0,0,0,0,2010,False,,,2.29,2.29
flood,Bolivia,BOL,2016,4,0,5420,0,5420,0,0,0,0,0,0,0,2010,False,0.0738007,,16.45,16.45
flood,Brazil,BRA,2016,33,0,50500,0,50500,2.614e+08,0,0,0.0111378,2e+08,0,0,2010,False,0.0653465,5176.24,45.19,44.03
flood,Burkina Faso,BFA,2016,15,35,27826,7032,34893,0,0,0,0,0,0,0,2010,False,0.0429886,,22.71,22.71
flood,Burundi,BDI,2016,18,0,1438,0,1438,5.92e+06,0,0,0.170854,4.47312e+06,0,0,2010,False,1.25174,4116.83,34.85,33.92
flood,Canada,CAN,2016,0,0,300,0,300,0,0,0,0,0,0,0,2010,False,,,7.39,7.39
flood,Chile,CHL,2016,12,100,0,0,100,1.307e+08,0,0,0.0401051,1e+08,0,0,2010,False,12,1.307e+06,33.27,32.15
flood,China,CHN,2016,816,0,61252500,55500,61308000,4.15534e+10,7.47603e+08,0,0.277522,3.1793e+10,5.72e+08,0,2010,False,0.00133098,677.781,70,68.54
flood,Colombia,COL,2016,10,0,0,2272,2272,0,0,0,0,0,0,0,2010,False,0.440141,,17.94,17.94
flood,Cote d'Ivoire,CIV,2016,20,0,0,0,0,0,0,0,0,0,0,0,2010,False,,,10.07,10.07
flood,Democratic Republic of Congo,COD,2016,50,7,2628,10000,12635,0,0,0,0,0,0,0,2010,False,0.395726,,25.23,25.23
flood,Dominican Republic,DOM,2016,15,0,2795400,0,2795400,0,0,0,0,0,0,0,2010,False,0.000536596,,28.39,28.39
flood,Ecuador,ECU,2016,9,0,33955,0,33955,1.307e+07,0,0,0.0102384,1e+07,0,0,2010,False,0.0265057,384.921,37.62,36.64
flood,Ethiopia,ETH,2016,128,80,492000,1000,493080,0,0,0,0,0,0,0,2010,False,0.0259593,,33.04,33.04
flood,France,FRA,2016,4,24,0,0,24,3.1368e+09,1.6991e+09,0,0.09715,2.4e+09,1.3e+09,0,2010,False,16.6667,1.307e+08,31.5,30.19
flood,Germany,DEU,2016,7,0,0,0,0,2.614e+09,1.08481e+09,0,0.0565485,2e+09,8.3e+08,0,2010,False,,,28.7,27.41
flood,Ghana,GHA,2016,10,0,0,0,0,0,0,0,0,0,0,0,2010,False,,,7.93,7.93
flood,Greece,GRC,2016,4,0,200,0,200,7.3192e+07,0,0,0.0290009,5.6e+07,0,0,2010,False,2,365960,30.42,29.33
flood,Haiti,HTI,2016,53,7675,84050,2780,94505,2.614e+06,0,0,0.0142154,2e+06,0,0,2010,False,0.0560817,27.6599,42.9,42.01
flood,Honduras,HND,2016,6,0,450000,0,450000,0,0,0,0,0,0,0,2010,False,0.00133333,,23.29,23.29
flood,Hungary,HUN,2016,0,0,2282,0,2282,0,0,0,0,0,0,0,2010,False,,,10.01,10.01
flood,India,IND,2016,666,0,1806000,2000000,3806000,1.95919e+09,5.7508e+07,0,0.0653217,1.499e+09,4.4e+07,0,2010,False,0.0174987,514.764,62.66,61.38
flood,Indonesia,IDN,2016,89,0,383089,8920,392009,1.41156e+08,0,0,0.0115895,1.08e+08,0,0,2010,False,0.0227036,360.084,50.44,49.32
flood,Italy,ITA,2016,1,0,400,0,400,1.307e+08,0,0,0.00529911,1e+08,0,0,2010,False,0.25,326750,28.86,27.75
flood,Japan,JPN,2016,7,0,6000,0,6000,0,0,0,0,0,0,0,2010,False,0.116667,,18.14,18.14
flood,Kenya,KEN,2016,61,12,49037,1000,50049,0,0,0,0,0,0,0,2010,False,0.121881,,27.66,27.66
flood,Laos,LAO,2016,5,0,26328,0,26328,65000,0,0,0.000314218,50000,0,0,2010,False,0.0189912,2.46885,30.26,29.6
flood,Liberia,LBR,2016,0,0,15431,0,15431,0,0,0,0,0,0,0,2010,False,,,12.49,12.49
flood,Malawi,MWI,2016,12,0,0,2800,2800,0,0,0,0,0,0,0,2010,False,0.428571,,18.76,18.76
flood,Malaysia,MYS,2016,0,0,12013,0,12013,3.56946e+07,0,0,0.00906549,2.73103e+07,0,0,2010,False,,2971.33,29.67,28.63
flood,Mali,MLI,2016,13,0,9500,0,9500,0,0,0,0,0,0,0,2010,False,0.136842,,20.58,20.58
flood,Mexico,MEX,2016,25,0,50000,3000,53000,3.2675e+07,0,0,0.00224773,2.5e+07,0,0,2010,False,0.0471698,616.509,42.27,41.24
flood,Mozambique,MOZ,2016,51,0,130014,0,130014,0,0,0,0,0,0,0,2010,False,0.0392265,,28.31,28.31
flood,Myanmar,MMR,2016,19,0,852227,0,852227,2.614e+06,0,0,0.00315964,2e+06,0,0,2010,False,0.00222945,3.06726,42.46,41.58
flood,Nepal,NPL,2016,163,74,20500,0,20574,1.9605e+07,0,0,0.0611643,1.5e+07,0,0,2010,False,0.792262,952.902,46.62,45.62
flood,New Zealand,NZL,2016,0,0,300,0,300,3.2675e+07,0,0,0.0132289,2.5e+07,0,0,2010,False,,108917,24.81,23.77
flood,Niger,NER,2016,61,27,123239,3000,126266,0,0,0,0,0,0,0,2010,False,0.0483107,,28.85,28.85
flood,Nigeria,NGA,2016,18,0,0,12000,12000,0,0,0,0,0,0,0,2010,False,0.15,,21.9,21.9
flood,North Korea,PRK,2016,552,0,667715,0,667715,7.9727e+07,0,0,,6.1e+07,0,0,2010,False,0.08267,119.403,56.56,55.47
flood,North Macedonia,MKD,2016,22,60,33522,0,33582,6.535e+07,0,0,0.468495,5e+07,0,0,2010,False,0.0655113,1945.98,41.98,40.9
flood,Oman,OMN,2016,2,0,0,0,0,0,0,0,0,0,0,0,2010,False,,,3.63,3.63
flood,Pakistan,PAK,2016,369,267,3135,7360,10762,2.614e+06,0,0,0.000637694,2e+06,0,0,2010,False,3.42873,242.892,46.45,45.56
flood,Papua New Guinea,PNG,2016,0,0,6600,0,6600,0,0,0,0,0,0,0,2010,False,,,11.39,11.39
flood,Paraguay,PRY,2016,4,0,41866,0,41866,0,0,0,0,0,0,0,2010,False,0.00955429,,19.1,19.1
flood,Peru,PER,2016,2,0,10000,0,10000,2.614e+06,0,0,0.00104222,2e+06,0,0,2010,False,0.02,261.4,30.43,29.55
flood,Philippines,PHL,2016,45,0,2563098,0,2563098,1.2181e+07,0,0,0.00292505,9.32e+06,0,0,2010,False,0.00175569,4.75245,48.19,47.21
flood,Poland,POL,2016,2,3,0,0,3,0,0,0,0,0,0,0,2010,False,66.6667,,5.43,5.43
flood,Romania,ROU,2016,3,0,300,0,300,0,0,0,0,0,0,0,2010,False,1,,11.97,11.97
flood,Russia,RUS,2016,0,0,11696,0,11696,1.5684e+07,0,0,0.00093986,1.2e+07,0,0,2010,False,,1340.97,28.81,27.82
flood,Rwanda,RWA,2016,67,0,0,0,0,0,0,0,0,0,0,0,2010,False,,,13.95,13.95
flood,Saint Vincent and the Grenadines,VCT,2016,0,0,25000,0,25000,3.8818e+07,0,0,3.64729,2.97e+07,0,0,2010,False,,1552.72,30.7,29.66
flood,Saudi Arabia,SAU,2016,21,0,915,0,915,0,0,0,0,0,0,0,2010,False,2.29508,,19.05,19.05
flood,Senegal,SEN,2016,5,106,10540,0,10646,0,0,0,0,0,0,0,2010,False,0.046966,,17.93,17.93
flood,Serbia,SRB,2016,1,0,8655,0,8655,1.307e+08,0,0,0.236824,1e+08,0,0,2010,False,0.011554,15101.1,32.84,31.73
flood,Somalia,SOM,2016,9,0,0,0,0,0,0,0,0,0,0,0,2010,False,,,7.61,7.61
flood,South Africa,ZAF,2016,13,0,7500,0,7500,3.6596e+08,1.90822e+08,0,0.0865304,2.8e+08,1.46e+08,0,2010,False,0.173333,48794.7,40.13,38.95
flood,South Sudan,SSD,2016,0,0,22000,0,22000,0,0,0,,0,0,0,2010,False,,,12.95,12.95
flood,Spain,ESP,2016,5,0,150,0,150,6.535e+07,0,0,0.00402248,5e+07,0,0,2010,False,3.33333,435667,30.53,29.46
flood,Sri Lanka,LKA,2016,203,0,301602,0,301602,1.5684e+09,1.35928e+08,0,1.36363,1.2e+09,1.04e+08,0,2010,False,0.0673072,5200.22,55.23,53.97
flood,Sudan,SDN,2016,171,4,90000,110000,200004,0,0,0,0,0,0,0,2010,False,0.0854983,,32.82,32.82
flood,Tajikistan,TJK,2016,4,0,12750,0,12750,0,0,0,0,0,0,0,2010,False,0.0313725,,17.56,17.56
flood,Tanzania,TZA,2016,16,0,126342,13933,140275,0,0,0,0,0,0,0,2010,False,0.0114062,,24.71,24.71
flood,Thailand,THA,2016,21,0,808843,0,808843,1.89515e+08,0,0,0.0350778,1.45e+08,0,0,2010,False,0.0025963,234.304,47.02,45.88
flood,Uganda,UGA,2016,0,0,10000,0,10000,3.529e+06,0,0,0.00924531,2.7e+06,0,0,2010,False,,352.9,27.1,26.2
flood,Ukraine,UKR,2016,3,0,200,0,200,0,0,0,0,0,0,0,2010,False,1.5,,11.45,11.45
flood,United States,USA,2016,63,14,92044,0,92058,2.00082e+10,5.34017e+09,0,0.0813964,1.53065e+10,4.08517e+09,0,2010,False,0.0684351,217343,52.43,51.01
flood,Uruguay,URY,2016,8,250,10355,0,10605,3.921e+06,0,0,0.00521913,3e+06,0,0,2010,False,0.0754361,369.731,34.55,33.64
flood,Vietnam,VNM,2016,91,50,1424260,4275,1428585,2.10793e+08,0,0,0.0627314,1.6128e+08,0,0,2010,False,0.00636994,147.554,52.59,51.45
flood,Yemen,YEM,2016,20,0,29750,0,29750,0,0,0,0,0,0,0,2010,False,0.0672269,,23.4,23.4
flood,Afghanistan,AFG,2017,36,22,500,1300,1822,0,0,0,0,0,0,0,2010,False,1.97585,,21.66,21.66
flood,Albania,ALB,2017,1,2,21000,0,21002,1.139e+07,0,0,0.0671279,8.9e+06,0,0,2010,False,0.00476145,542.329,31.53,30.56
flood,Angola,AGO,2017,11,0,26500,3750,30250,2.559e+06,0,0,0.00233564,2e+06,0,0,2010,False,0.0363636,84.595,36.43,35.55
flood,Argentina,ARG,2017,1,0,51777,0,51777,0,0,0,0,0,0,0,2010,False,0.00193136,,16.35,16.35
flood,Bangladesh,BGD,2017,144,0,8076725,9300,8086025,8.03675e+08,0,0,0.2138,6.28e+08,0,0,2010,False,0.00178085,99.3906,57.69,56.46
flood,Botswana,BWA,2017,0,0,3250,0,3250,0,0,0,0,0,0,0,2010,False,,,10.47,10.47
flood,Brazil,BRA,2017,14,0,104140,0,104140,1.27974e+08,0,0,0.0048461,1e+08,0,0,2010,False,0.0134434,1228.86,42.7,41.59
flood,Bulgaria,BGR,2017,4,0,0,0,0,0,0,0,0,0,0,0,2010,False,,,5.32,5.32
flood,Burkina Faso,BFA,2017,2,0,882,0,882,0,0,0,0,0,0,0,2010,False,0.226757,,12.42,12.42
flood,Cameroon,CMR,2017,3,0,12890,0,12890,0,0,0,0,0,0,0,2010,False,0.0232739,,16.84,16.84
flood,Canada,CAN,2017,2,0,19113,0,19113,2.55948e+08,2.81542e+08,0,0.0121266,2e+08,2.2e+08,0,2010,False,0.0104641,13391.3,35.89,34.73
flood,Central African Republic,CAF,2017,0,0,3500,0,3500,0,0,0,0,0,0,0,2010,False,,,10.57,10.57
flood,Chile,CHL,2017,9,24,4200,3000,7224,2.559e+06,0,0,0.000724233,2e+06,0,0,2010,False,0.124585,354.236,33.97,33.09
flood,China,CHN,2017,231,8,12289500,44100,12333608,1.08087e+10,3.19934e+08,0,0.0673656,8.446e+09,2.5e+08,0,2010,False,0.00187293,876.359,62.41,61.03
flood,Colombia,COL,2017,35,30,30697,126,30853,2.559e+06,0,0,0.000641299,2e+06,0,0,2010,False,0.113441,82.9417,40.08,39.2
flood,Cote d'Ivoire,CIV,2017,15,25,200,0,225,0,0,0,0,0,0,0,2010,False,6.66667,,16.19,16.19
flood,Democratic Republic of Congo,COD,2017,105,0,0,500,500,0,0,0,0,0,0,0,2010,False,21,,23.47,23.47
flood,France,FRA,2017,1,0,160,0,160,0,0,0,0,0,0,0,2010,False,0.625,,8.87,8.87
flood,French Polynesia,PYF,2017,0,4,4500,500,5004,2.559e+06,0,0,0.0342856,2e+06,0,0,2010,False,,511.391,25.88,25
flood,Gambia,GMB,2017,6,0,20000,0,20000,0,0,0,0,0,0,0,2010,False,0.03,,19.26,19.26
flood,Germany,DEU,2017,1,0,600,0,600,0,0,0,0,0,0,0,2010,False,0.166667,,10.58,10.58
flood,Ghana,GHA,2017,0,0,1000000,0,1000000,0,0,0,0,0,0,0,2010,False,,,17.89,17.89
flood,Greece,GRC,2017,23,24,6000,0,6024,0,0,0,0,0,0,0,2010,False,0.381806,,21.78,21.78
flood,Guatemala,GTM,2017,1,0,42559,0,42559,0,0,0,0,0,0,0,2010,False,0.00234968,,16.09,16.09
flood,Guinea,GIN,2017,0,13,3274,0,3287,0,0,0,0,0,0,0,2010,False,,,10.49,10.49
flood,Guyana,GUY,2017,0,0,3274,0,3274,0,0,0,0,0,0,0,2010,False,,,10.48,10.48
flood,Haiti,HTI,2017,31,0,50000,342,50342,0,0,0,0,0,0,0,2010,False,0.0615788,,25.48,25.48
flood,Honduras,HND,2017,18,0,47970,50,48020,0,0,0,0,0,0,0,2010,False,0.0374844,,23.69,23.69
flood,India,IND,2017,1046,12,22271831,0,22271843,2.7092e+09,9.982e+07,0,0.0798424,2.117e+09,7.8e+07,0,2010,False,0.00469651,121.643,66.76,65.46
flood,Indonesia,IDN,2017,44,15,339790,75,339880,2.6874e+07,0,0,0.00206771,2.1e+07,0,0,2010,False,0.0129457,79.0691,46.3,45.27
flood,Iran,IRN,2017,60,0,2000,0,2000,4.96538e+08,0,0,0.0760427,3.88e+08,0,0,2010,False,3,248269,43.59,42.39
flood,Ireland,IRL,2017,0,0,600,0,600,0,0,0,0,0,0,0,2010,False,,,8.29,8.29
flood,Italy,ITA,2017,1,0,1000,0,1000,1.59967e+08,6.1427e+07,0,0.00634286,1.25e+08,4.8e+07,0,2010,False,0.1,159967,30.25,29.12
flood,Japan,JPN,2017,37,34,2610,300,2944,8.95817e+08,1.79163e+08,0,0.0138938,7e+08,1.4e+08,0,2010,False,1.25679,304286,43.12,41.89
flood,Kazakhstan,KAZ,2017,0,0,7000,0,7000,0,0,0,0,0,0,0,2010,False,,,11.46,11.46
flood,Kenya,KEN,2017,26,0,25000,0,25000,0,0,2.48269e+08,0,0,0,1.94e+08,2010,False,0.104,,24.01,24.01
flood,Malawi,MWI,2017,0,0,55921,0,55921,0,0,0,0,0,0,0,2010,False,,,14.15,14.15
flood,Malaysia,MYS,2017,9,0,41809,0,41809,1.36829e+08,0,0,0.0328069,1.0469e+08,0,0,2010,False,0.0215265,3272.73,40.25,39.13
flood,Mexico,MEX,2017,2,0,800,0,800,0,0,0,0,0,0,0,2010,False,0.25,,12.29,12.29
flood,Mozambique,MOZ,2017,12,0,41586,0,41586,0,0,0,0,0,0,0,2010,False,0.0288559,,22.25,22.25
flood,Myanmar,MMR,2017,3,0,92000,0,92000,0,0,0,0,0,0,0,2010,False,0.00326087,,19.38,19.38
flood,Namibia,NAM,2017,0,0,2502,0,2502,0,0,0,0,0,0,0,2010,False,,,10.13,10.13
flood,Nepal,NPL,2017,187,134,1706000,0,1706134,7.61444e+08,0,0,2.05374,5.95e+08,0,0,2010,False,0.0109605,446.298,56.48,55.26
flood,New Zealand,NZL,2017,0,0,2200,0,2200,9.0861e+07,8.3183e+07,0,0.0343723,7.1e+07,6.5e+07,0,2010,False,,41300.5,28.41,27.32
flood,Nicaragua,NIC,2017,7,0,13565,150,13715,0,0,0,0,0,0,0,2010,False,0.051039,,19.21,19.21
flood,Niger,NER,2017,72,0,209513,0,209513,1.2797e+07,0,0,0.0880338,1e+07,0,0,2010,False,0.0343654,61.0797,46.52,45.54
flood,Nigeria,NGA,2017,20,0,10000,500,10500,0,0,6.527e+06,0,0,0,5.1e+06,2010,False,0.190476,,22.05,22.05
flood,Oman,OMN,2017,3,0,200,0,200,0,0,0,0,0,0,0,2010,False,1.5,,11.45,11.45
flood,Pakistan,PAK,2017,180,817,62200,0,63017,1.40771e+08,0,0,0.0324287,1.1e+08,0,0,2010,False,0.285637,2233.86,50.38,49.26
flood,Peru,PER,2017,200,505,2188000,0,2188505,4.09516e+09,4.863e+08,0,1.51653,3.2e+09,3.8e+08,0,2010,False,0.00913866,1871.21,58.72,57.39
flood,Philippines,PHL,2017,22,0,1842000,0,1842000,1.0366e+07,0,0,0.0024659,8.1e+06,0,0,2010,False,0.00119435,5.62758,45.31,44.34
flood,Russia,RUS,2017,0,0,15721,0,15721,0,0,0,0,0,0,0,2010,False,,,12.51,12.51
flood,Saudi Arabia,SAU,2017,4,0,481,0,481,0,0,0,0,0,0,0,2010,False,0.831601,,13.32,13.32
flood,South Africa,ZAF,2017,3,0,200,0,200,0,0,0,0,0,0,0,2010,False,1.5,,11.45,11.45
flood,Sri Lanka,LKA,2017,302,154,892975,0,893129,4.97818e+08,4.2231e+07,0,0.41221,3.89e+08,3.3e+07,0,2010,False,0.0338137,557.386,56.79,55.59
flood,Sudan,SDN,2017,25,112,29935,25600,55647,0,0,0,0,0,0,0,2010,False,0.0449261,,24.92,24.92
flood,Taiwan,TWN,2017,5,35,4000,39,4074,3.5961e+07,0,0,,2.81e+07,0,0,2010,False,0.12273,8826.95,34.2,33.16
flood,Tajikistan,TJK,2017,0,0,700,0,700,0,0,0,0,0,0,0,2010,False,,,8.48,8.48
flood,Tanzania,TZA,2017,7,0,0,0,0,0,0,2.48269e+08,0,0,0,1.94e+08,2010,False,,,6.87,6.87
flood,Thailand,THA,2017,150,0,3790498,0,3790498,1.67441e+09,3.9672e+07,0,0.286706,1.3084e+09,3.1e+07,0,2010,False,0.00395726,441.739,57.58,56.31
flood,Togo,TGO,2017,0,0,16060,0,16060,0,0,0,0,0,0,0,2010,False,,,12.54,12.54
flood,Uganda,UGA,2017,17,14,0,0,14,0,0,0,0,0,0,0,2010,False,121.429,,13.06,13.06
flood,United Arab Emirates,ARE,2017,0,0,188,0,188,0,0,0,0,0,0,0,2010,False,,,6.79,6.79
flood,United Kingdom,GBR,2017,0,0,300,0,300,0,0,0,0,0,0,0,2010,False,,,7.39,7.39
flood,United States,USA,2017,30,70,300,0,370,2.17555e+09,1.02379e+09,0,0.00866812,1.7e+09,8e+08,0,2010,False,8.10811,5.87988e+06,40.66,39.37
flood,Uruguay,URY,2017,0,0,6639,0,6639,0,0,0,0,0,0,0,2010,False,,,11.4,11.4
flood,Vietnam,VNM,2017,137,63,89000,1140,90203,2.27352e+08,0,0,0.063143,1.77655e+08,0,0,2010,False,0.15188,2520.45,50.43,49.28
flood,Yemen,YEM,2017,50,8,0,0,8,0,0,0,0,0,0,0,2010,False,625,,15.84,15.84
flood,Afghanistan,AFG,2018,101,0,4000,0,4000,0,0,0,0,0,0,0,2010,False,2.525,,26.03,26.03
flood,Albania,ALB,2018,0,0,800,0,800,0,0,0,0,0,0,0,2010,False,,,8.66,8.66
flood,Algeria,DZA,2018,6,0,200,0,200,0,0,0,0,0,0,0,2010,False,3,,13.3,13.3
flood,Angola,AGO,2018,8,0,3000,0,3000,0,0,0,0,0,0,0,2010,False,0.266667,,17.63,17.63
flood,Argentina,ARG,2018,0,0,63420,0,63420,0,0,0,0,0,0,0,2010,False,,,14.32,14.32
flood,Australia,AUS,2018,0,0,600,0,600,1.4241e+07,0,0,0.000795453,1.14e+07,0,0,2010,False,,23735,24.87,23.88
flood,Bangladesh,BGD,2018,35,0,14000,0,14000,0,0,0,0,0,0,0,2010,False,0.25,,24.21,24.21
flood,Belarus,BLR,2018,0,0,50000,0,50000,0,0,0,0,0,0,0,2010,False,,,14.01,14.01
flood,Bolivia,BOL,2018,6,186,12000,0,12186,0,0,0,0,0,0,0,2010,False,0.0492368,,18.62,18.62
flood,Botswana,BWA,2018,0,0,4225,0,4225,0,0,0,0,0,0,0,2010,False,,,10.81,10.81
flood,Brazil,BRA,2018,7,0,1250,0,1250,6.6209e+07,0,0,0.00276483,5.3e+07,0,0,2010,False,0.56,52967.2,34.24,33.16
flood,Bulgaria,BGR,2018,0,0,600,0,600,0,0,0,0,0,0,0,2010,False,,,8.29,8.29
flood,Burundi,BDI,2018,0,0,47956,0,47956,0,0,0,0,0,0,0,2010,False,,,13.96,13.96
flood,Cambodia,KHM,2018,0,0,5817,0,5817,0,0,0,0,0,0,0,2010,False,,,11.22,11.22
flood,Canada,CAN,2018,0,0,4000,0,4000,0,0,0,0,0,0,0,2010,False,,,10.74,10.74
flood,China,CHN,2018,244,0,3698400,0,3698400,5.70893e+09,0,0,0.0323017,4.56997e+09,0,0,2010,False,0.00659745,1543.62,60.38,59.04
flood,Colombia,COL,2018,26,0,60000,0,60000,0,0,0,0,0,0,0,2010,False,0.0433333,,25.14,25.14
flood,Costa Rica,CRI,2018,1,0,125190,0,125190,0,0,0,0,0,0,0,2010,False,0.000798786,,17.49,17.49
flood,Cote d'Ivoire,CIV,2018,20,0,25000,0,25000,0,0,0,0,0,0,0,2010,False,0.08,,23.18,23.18
flood,Croatia,HRV,2018,0,0,450,21,471,0,0,0,0,0,0,0,2010,False,,,7.97,7.97
flood,Democratic Republic of Congo,COD,2018,51,17,0,15743,15760,0,0,0,0,0,0,0,2010,False,0.323604,,25.58,25.58
flood,Dominican Republic,DOM,2018,0,0,7390,0,7390,0,0,0,0,0,0,0,2010,False,,,11.53,11.53
flood,El Salvador,SLV,2018,4,14,7085,0,7099,0,0,0,0,0,0,0,2010,False,0.056346,,16.8,16.8
flood,France,FRA,2018,15,76,4150,0,4226,8.89449e+08,5.05936e+08,0,0.025597,7.12e+08,4.05e+08,0,2010,False,0.354946,210471,40.72,39.49
flood,Georgia,GEO,2018,0,0,1143,0,1143,0,0,0,0,0,0,0,2010,False,,,9.12,9.12
flood,Ghana,GHA,2018,34,0,100000,0,100000,0,0,0,0,0,0,0,2010,False,0.034,,26.66,26.66
flood,Guatemala,GTM,2018,2,0,76945,0,76945,0,0,0,0,0,0,0,2010,False,0.00259926,,18.2,18.2
flood,Honduras,HND,2018,6,0,6948,0,6948,0,0,0,0,0,0,0,2010,False,0.0863558,,17.89,17.89
flood,India,IND,2018,710,69,23084579,223050,23307698,3.57901e+09,0,0,0.105995,2.86498e+09,0,0,2010,False,0.0030462,153.555,65.82,64.51
flood,Indonesia,IDN,2018,80,1,143463,0,143464,0,0,0,0,0,0,0,2010,False,0.0557631,,29.9,29.9
flood,Iran,IRN,2018,9,145,6990,0,7135,2.07371e+08,0,0,0.0403007,1.66e+08,0,0,2010,False,0.126139,29063.9,38.38,37.23
flood,Iraq,IRQ,2018,21,0,25000,0,25000,0,0,0,0,0,0,0,2010,False,0.084,,23.33,23.33
flood,Israel,ISR,2018,12,0,0,0,0,0,0,0,0,0,0,0,2010,False,,,8.48,8.48
flood,Italy,ITA,2018,10,0,23,0,23,0,0,0,0,0,0,0,2010,False,43.4783,,12.04,12.04
flood,Japan,JPN,2018,246,102,1500000,0,1500102,1.18676e+10,2.99814e+09,0,0.184312,9.5e+09,2.4e+09,0,2010,False,0.0163989,7911.22,59.98,58.59
flood,Jordan,JOR,2018,34,64,0,0,64,0,0,0,0,0,0,0,2010,False,53.125,,17.16,17.16
flood,Kazakhstan,KAZ,2018,0,0,400,0,400,0,0,0,0,0,0,0,2010,False,,,7.76,7.76
flood,Kenya,KEN,2018,134,33,211155,0,211188,4.37229e+08,0,0,0.379597,3.5e+08,0,0,2010,False,0.0634506,2070.33,52.12,50.93
flood,Kuwait,KWT,2018,1,0,0,0,0,0,0,0,0,0,0,0,2010,False,,,2.29,2.29
flood,Laos,LAO,2018,136,0,13100,0,13100,0,0,0,0,0,0,0,2010,False,1.03817,,28.54,28.54
flood,Malawi,MWI,2018,5,0,9613,0,9613,0,0,0,0,0,0,0,2010,False,0.0520129,,17.8,17.8
flood,Malaysia,MYS,2018,2,0,16900,0,16900,0,0,0,0,0,0,0,2010,False,0.0118343,,16.24,16.24
flood,Mali,MLI,2018,0,0,13150,0,13150,0,0,0,0,0,0,0,2010,False,,,12.28,12.28
flood,Mexico,MEX,2018,20,0,0,120,120,0,0,0,0,0,0,0,2010,False,16.6667,,16.28,16.28
flood,Mongolia,MNG,2018,0,0,8301,0,8301,0,0,0,0,0,0,0,2010,False,,,11.68,11.68
flood,Mozambique,MOZ,2018,11,0,0,77150,77150,6.371e+06,0,0,0.0339607,5.1e+06,0,0,2010,False,0.0142579,82.5794,38.56,37.62
flood,Myanmar,MMR,2018,35,0,173050,0,173050,0,0,0,0,0,0,0,2010,False,0.0202254,,27.46,27.46
flood,Nepal,NPL,2018,15,6,1400,0,1406,0,0,0,0,0,0,0,2010,False,1.06686,,18.55,18.55
flood,New Zealand,NZL,2018,0,0,100,0,100,3.1231e+07,0,0,0.0118077,2.5e+07,0,0,2010,False,,312310,23.35,22.32
flood,Nicaragua,NIC,2018,4,0,13000,0,13000,0,0,0,0,0,0,0,2010,False,0.0307692,,17.59,17.59
flood,Niger,NER,2018,36,0,130468,0,130468,0,0,0,0,0,0,0,2010,False,0.027593,,27.19,27.19
flood,Nigeria,NGA,2018,300,1477,1936727,0,1938204,3.43537e+08,0,0,0.0652062,2.75e+08,0,0,2010,False,0.0154782,177.245,57.4,56.22
flood,North Korea,PRK,2018,148,0,581268,0,581268,3.1231e+07,0,0,,2.5e+07,0,0,2010,False,0.0254616,53.7291,51.1,50.07
flood,Pakistan,PAK,2018,60,0,5000,0,5000,0,0,0,0,0,0,0,2010,False,1.2,,24.62,24.62
flood,Paraguay,PRY,2018,0,0,46300,0,46300,0,0,0,0,0,0,0,2010,False,,,13.91,13.91
flood,Philippines,PHL,2018,11,0,180000,0,180000,0,0,0,0,0,0,0,2010,False,0.00611111,,23.88,23.88
flood,Puerto Rico,PRI,2018,0,0,400,0,400,0,0,0,0,0,0,0,2010,False,,,7.76,7.76
flood,Qatar,QAT,2018,0,0,1500,0,1500,1.2492e+07,0,0,0.0054545,1e+07,0,0,2010,False,,8328,25.92,24.94
flood,Romania,ROU,2018,0,0,3900,0,3900,0,0,0,0,0,0,0,2010,False,,,10.71,10.71
flood,Russia,RUS,2018,10,3,14972,0,14975,1.2492e+07,0,0,0.000603381,1e+07,0,0,2010,False,0.066778,834.19,36.83,35.85
flood,Rwanda,RWA,2018,58,51,26360,0,26411,5.4965e+07,0,0,0.455951,4.4e+07,0,0,2010,False,0.219605,2081.14,44.6,43.54
flood,Serbia,SRB,2018,0,0,231,0,231,0,0,0,0,0,0,0,2010,False,,,7.05,7.05
flood,Somalia,SOM,2018,5,0,700000,0,700000,9.9938e+07,0,0,1.01613,8e+07,0,0,2010,False,0.000714286,142.769,41.89,40.79
flood,Spain,ESP,2018,13,0,200,0,200,1.87384e+08,3.8726e+07,0,0.0104775,1.5e+08,3.1e+07,0,2010,False,6.5,936920,34.77,33.63
flood,Sri Lanka,LKA,2018,34,0,303712,0,303712,0,0,0,0,0,0,0,2010,False,0.0111948,,28.1,28.1
flood,Sudan,SDN,2018,46,121,116055,11300,127476,0,0,0,0,0,0,0,2010,False,0.0360852,,27.95,27.95
flood,Tajikistan,TJK,2018,6,0,5725,0,5725,0,0,0,0,0,0,0,2010,False,0.104803,,17.64,17.64
flood,Tanzania,TZA,2018,15,11,15862,0,15873,0,0,0,0,0,0,0,2010,False,0.0945001,,21.69,21.69
flood,Trinidad and Tobago,TTO,2018,0,0,150000,0,150000,4.622e+06,0,0,0.0154922,3.7e+06,0,0,2010,False,,30.8133,30.88,29.96
flood,Tunisia,TUN,2018,6,0,30000,0,30000,4.4972e+07,0,0,0.0843358,3.6e+07,0,0,2010,False,0.02,1499.07,37.52,36.47
flood,United States,USA,2018,7,0,1596,0,1596,9.68149e+08,0,0,0.00375184,7.75e+08,0,0,2010,False,0.438596,606610,37.25,36.02
flood,Venezuela,VEN,2018,2,0,10700,0,10700,0,0,0,0,0,0,0,2010,False,0.0186916,,15.65,15.65
flood,Vietnam,VNM,2018,67,18,127710,0,127728,5.9963e+07,0,0,0.0154786,4.8e+07,0,0,2010,False,0.0524552,469.459,47.2,46.13
flood,Afghanistan,AFG,2019,171,17,123150,7775,130942,0,0,0,0,0,0,0,2010,False,0.130592,,32.27,32.27
flood,Angola,AGO,2019,69,0,11630,4535,16165,0,0,0,0,0,0,0,2010,False,0.426848,,26.59,26.59
flood,Argentina,ARG,2019,6,0,35351,0,35351,0,0,0,0,0,0,0,2010,False,0.0169726,,19.99,19.99
flood,Australia,AUS,2019,3,0,9900,0,9900,2.45398e+09,7.79138e+08,0,0.143026,2e+09,6.35e+08,0,2010,False,0.030303,247877,38.26,36.97
flood,Bangladesh,BGD,2019,114,0,7600000,0,7600000,9.2024e+07,0,0,0.0213534,7.5e+07,0,0,2010,False,0.0015,12.1084,54.66,53.57
flood,Bolivia,BOL,2019,60,0,349540,0,349540,0,0,0,0,0,0,0,2010,False,0.0171654,,30.12,30.12
flood,Bosnia and Herzegovina,BIH,2019,1,0,759,0,759,0,0,0,0,0,0,0,2010,False,0.131752,,10.88,10.88
flood,Brazil,BRA,2019,47,18,46760,0,46778,0,0,0,0,0,0,0,2010,False,0.100475,,26.72,26.72
flood,Burundi,BDI,2019,24,33,3740,0,3773,0,0,0,0,0,0,0,2010,False,0.636099,,21.31,21.31
flood,Cambodia,KHM,2019,12,0,435000,0,435000,0,0,0,0,0,0,0,2010,False,0.00275862,,25.29,25.29
flood,Canada,CAN,2019,1,0,19500,0,19500,9.81591e+08,2.57668e+08,0,0.0458787,8e+08,2.1e+08,0,2010,False,0.00512821,50338,35.92,34.69
flood,Central African Republic,CAF,2019,0,0,44918,0,44918,0,0,0,0,0,0,0,2010,False,,,13.87,13.87
flood,Chad,TCD,2019,0,0,423,0,423,0,0,0,0,0,0,0,2010,False,,,7.83,7.83
flood,Chile,CHL,2019,6,0,600,0,600,0,0,0,0,0,0,0,2010,False,1,,14.72,14.72
flood,China,CHN,2019,355,61,4887200,0,4887261,8.10426e+09,8.58892e+08,0,0.0453635,6.605e+09,7e+08,0,2010,False,0.00726378,1658.24,62.33,60.97
flood,Colombia,COL,2019,52,0,39682,215,39897,0,0,0,0,0,0,0,2010,False,0.130336,,26.84,26.84
flood,Congo,COG,2019,0,0,94122,0,94122,0,0,0,0,0,0,0,2010,False,,,14.83,14.83
flood,Cote d'Ivoire,CIV,2019,12,32,14002,612,14646,0,0,0,0,0,0,0,2010,False,0.0819336,,20.9,20.9
flood,Croatia,HRV,2019,1,5,60,0,65,0,0,0,0,0,0,0,2010,False,1.53846,,7.72,7.72
flood,Democratic Republic of Congo,COD,2019,43,54,399840,0,399894,0,0,0,0,0,0,0,2010,False,0.0107528,,29.21,29.21
flood,Djibouti,DJI,2019,11,0,250000,0,250000,0,0,0,0,0,0,0,2010,False,0.0044,,24.31,24.31
flood,Ecuador,ECU,2019,14,0,3000,0,3000,0,0,0,0,0,0,0,2010,False,0.466667,,19.32,19.32
flood,Ethiopia,ETH,2019,0,0,200000,0,200000,0,0,0,0,0,0,0,2010,False,,,15.8,15.8
flood,France,FRA,2019,8,2,1100,0,1102,0,0,0,0,0,0,0,2010,False,0.725953,,16.34,16.34
flood,Georgia,GEO,2019,0,0,5088,0,5088,0,0,0,0,0,0,0,2010,False,,,11.05,11.05
flood,Ghana,GHA,2019,32,19,26083,0,26102,0,0,0,0,0,0,0,2010,False,0.122596,,24.73,24.73
flood,Haiti,HTI,2019,14,3,4280,150,4433,0,0,0,0,0,0,0,2010,False,0.315813,,19.83,19.83
flood,India,IND,2019,2023,60,3070000,0,3070060,1.22699e+10,2.45398e+08,0,0.352658,1e+10,2e+08,0,2010,False,0.0658945,3996.63,67.89,66.51
flood,Indonesia,IDN,2019,276,948,552106,0,553054,5.12882e+08,0,0,0.0373514,4.18e+08,0,0,2010,False,0.0499047,927.363,55.9,54.71
flood,Iran,IRN,2019,76,1102,10000100,0,10001202,3.16563e+09,2.45398e+08,0,0.741404,2.58e+09,2e+08,0,2010,False,0.000759909,316.525,57.25,55.94
flood,Iraq,IRQ,2019,10,0,5865,0,5865,0,0,0,0,0,0,0,2010,False,0.170503,,19.16,19.16
flood,Italy,ITA,2019,0,0,1200,0,1200,0,0,0,0,0,0,0,2010,False,,,9.18,9.18
flood,Japan,JPN,2019,13,2,1170,0,1172,1.22699e+08,0,0,0.0019063,1e+08,0,0,2010,False,1.10922,104692,36.62,35.51
flood,Kenya,KEN,2019,90,0,233339,0,233339,0,0,0,0,0,0,0,2010,False,0.0385705,,30.92,30.92
flood,Laos,LAO,2019,19,0,507500,0,507500,0,0,0,0,0,0,0,2010,False,0.00374384,,26.91,26.91
flood,Libya,LBY,2019,4,30,20000,0,20030,8.712e+06,0,0,0.010252,7.1e+06,0,0,2010,False,0.01997,434.948,34.23,33.28
flood,Madagascar,MDG,2019,9,0,0,0,0,0,0,0,0,0,0,0,2010,False,,,7.61,7.61
flood,Malawi,MWI,2019,60,672,990974,0,991646,0,0,0,0,0,0,0,2010,False,0.00605055,,31.47,31.47
flood,Malaysia,MYS,2019,2,0,22477,0,22477,0,0,0,0,0,0,0,2010,False,0.00889798,,16.61,16.61
flood,Maldives,MDV,2019,0,0,1800,0,1800,0,0,0,0,0,0,0,2010,False,,,9.71,9.71
flood,Mali,MLI,2019,15,2,6979,0,6981,0,0,0,0,0,0,0,2010,False,0.214869,,20.63,20.63
flood,Mauritania,MRT,2019,3,0,33600,0,33600,0,0,0,0,0,0,0,2010,False,0.00892857,,18.08,18.08
flood,Mexico,MEX,2019,12,0,642,3000,3642,0,0,0,0,0,0,0,2010,False,0.329489,,19.1,19.1
flood,Mongolia,MNG,2019,12,0,500,0,500,0,0,0,0,0,0,0,2010,False,2.4,,16.53,16.53
flood,Morocco,MAR,2019,24,29,200,0,229,0,0,0,0,0,0,0,2010,False,10.4803,,17.68,17.68
flood,Mozambique,MOZ,2019,33,11,73357,0,73368,0,0,0,0,0,0,0,2010,False,0.0449787,,26.16,26.16
flood,Myanmar,MMR,2019,115,0,6200,1875,8075,0,0,0,0,0,0,0,2010,False,1.42415,,27.36,27.36
flood,Nepal,NPL,2019,119,41,82500,0,82541,2.50306e+08,0,0,0.596732,2.04e+08,0,0,2010,False,0.144171,3032.51,49.95,48.8
flood,Niger,NER,2019,52,0,223000,0,223000,0,0,0,0,0,0,0,2010,False,0.0233184,,29.07,29.07
flood,Nigeria,NGA,2019,24,0,71140,0,71140,0,0,0,0,0,0,0,2010,False,0.0337363,,25.11,25.11
flood,Oman,OMN,2019,6,0,0,0,0,0,0,0,0,0,0,0,2010,False,,,6.43,6.43
flood,Pakistan,PAK,2019,206,97,800,0,897,0,0,0,0,0,0,0,2010,False,22.9654,,26.44,26.44
flood,Papua New Guinea,PNG,2019,2,0,0,350,350,0,0,0,0,0,0,0,2010,False,0.571429,,11.22,11.22
flood,Paraguay,PRY,2019,40,0,521197,0,521197,0,0,0,0,0,0,0,2010,False,0.00767464,,29.32,29.32
flood,Peru,PER,2019,61,79,8866,0,8945,0,0,0,0,0,0,0,2010,False,0.681945,,25.43,25.43
flood,Philippines,PHL,2019,0,0,45000,0,45000,0,0,0,0,0,0,0,2010,False,,,13.87,13.87
flood,Romania,ROU,2019,4,0,362,0,362,0,0,0,0,0,0,0,2010,False,1.10497,,12.95,12.95
flood,Russia,RUS,2019,59,204,50000,0,50204,5.96317e+08,0,0,0.0287045,4.86e+08,0,0,2010,False,0.117521,11877.9,47.89,46.68
flood,Rwanda,RWA,2019,28,33,5360,565,5958,0,0,0,0,0,0,0,2010,False,0.469956,,22.39,22.39
flood,Saudi Arabia,SAU,2019,20,11,1407,0,1418,0,0,0,0,0,0,0,2010,False,1.41044,,19.46,19.46
flood,Senegal,SEN,2019,6,49,8919,0,8968,0,0,0,0,0,0,0,2010,False,0.0669045,,18.22,18.22
flood,Serbia,SRB,2019,0,0,11650,0,11650,0,0,0,0,0,0,0,2010,False,,,12.12,12.12
flood,Sierra Leone,SLE,2019,7,0,10381,0,10381,0,0,0,0,0,0,0,2010,False,0.0674309,,18.85,18.85
flood,Somalia,SOM,2019,17,0,500000,0,500000,0,0,0,0,0,0,0,2010,False,0.0034,,26.55,26.55
flood,South Africa,ZAF,2019,98,0,4500,0,4500,6.1349e+07,0,0,0.0128426,5e+07,0,0,2010,False,2.17778,13633.1,44.13,43.06
flood,South Sudan,SSD,2019,3,0,934800,0,934800,0,0,0,,0,0,0,2010,False,0.000320924,,22.38,22.38
flood,Spain,ESP,2019,14,3,3570,0,3573,3.06747e+09,8.03678e+08,0,0.178127,2.5e+09,6.55e+08,0,2010,False,0.391828,858515,41.54,40.23
flood,Sri Lanka,LKA,2019,30,15,532559,0,532574,0,0,0,0,0,0,0,2010,False,0.00563302,,28.43,28.43
flood,Sudan,SDN,2019,78,0,352498,0,352498,0,0,0,0,0,0,0,2010,False,0.0221278,,30.98,30.98
flood,Syria,SYR,2019,2,0,235000,0,235000,0,0,0,0,0,0,0,2010,False,0.000851064,,19.65,19.65
flood,Tajikistan,TJK,2019,4,0,6750,0,6750,0,0,0,0,0,0,0,2010,False,0.0592593,,16.74,16.74
flood,Tanzania,TZA,2019,47,0,5000,0,5000,0,0,0,0,0,0,0,2010,False,0.94,,23.83,23.83
flood,Thailand,THA,2019,19,0,158000,0,158000,0,0,0,0,0,0,0,2010,False,0.0120253,,25.4,25.4
flood,Turkey,TUR,2019,18,0,15290,0,15290,0,1.227e+07,0,0,0,1e+07,0,2010,False,0.117724,,22.21,22.21
flood,Uganda,UGA,2019,127,0,78600,0,78600,0,0,0,0,0,0,0,2010,False,0.161578,,30.64,30.64
flood,United Kingdom,GBR,2019,1,0,4800,0,4800,0,1.74232e+08,0,0,0,1.42e+08,0,2010,False,0.0208333,,13.27,13.27
flood,United States,USA,2019,10,0,16600,0,16600,1.22699e+10,3.06747e+09,0,0.0464253,1e+10,2.5e+09,0,2010,False,0.060241,739150,43.89,42.51
flood,Uruguay,URY,2019,0,0,13103,0,13103,0,0,0,0,0,0,0,2010,False,,,12.28,12.28
flood,Venezuela,VEN,2019,6,0,2000,0,2000,0,0,0,0,0,0,0,2010,False,0.3,,16.28,16.28
flood,Vietnam,VNM,2019,47,10,125235,765,126010,7.1166e+07,0,0,0.0173463,5.8e+07,0,0,2010,False,0.0372986,564.765,46.21,45.12
flood,Yemen,YEM,2019,26,0,80500,0,80500,0,0,0,,0,0,0,2010,False,0.0322981,,25.52,25.52
flood,Zambia,ZMB,2019,4,0,0,0,0,0,0,0,0,0,0,0,2010,False,,,5.32,5.32
flood,Zimbabwe,ZWE,2019,26,0,300,0,300,0,0,0,0,0,0,0,2010,False,8.66667,,18.29,18.29
flood,Afghanistan,AFG,2020,293,201,35500,8375,44076,0,0,0,0,0,0,0,2020,False,0.664761,,32.64,32.64
flood,Angola,AGO,2020,35,0,20955,0,20955,0,0,0,0,0,0,0,2020,False,0.167025,,24.73,24.73
flood,Argentina,ARG,2020,3,0,3000,0,3000,1.212e+07,0,0,0.00259242,1e+07,0,0,2020,False,0.1,4040,31.37,30.39
flood,Australia,AUS,2020,1,0,0,0,0,1.45444e+09,0,0,0.0899998,1.2e+09,0,0,2020,False,,,23.53,22.27
flood,Bangladesh,BGD,2020,257,0,5448271,0,5448271,6.06019e+08,0,0,0.133697,5e+08,0,0,2020,False,0.00471709,111.231,58.8,57.59
flood,Benin,BEN,2020,6,0,7000,0,7000,0,0,0,0,0,0,0,2020,False,0.0857143,,17.9,17.9
flood,Bolivia,BOL,2020,26,11,37600,0,37611,1.212e+07,0,0,0.023633,1e+07,0,0,2020,False,0.0691287,322.246,40.96,39.98
flood,Bosnia and Herzegovina,BIH,2020,0,0,15000,0,15000,0,0,0,0,0,0,0,2020,False,,,12.45,12.45
flood,Brazil,BRA,2020,151,14,12147,5000,17161,6.06019e+08,0,0,0.0338729,5e+08,0,0,2020,False,0.879902,35313.7,49.59,48.38
flood,Burkina Faso,BFA,2020,13,111,106841,23500,130452,0,0,0,0,0,0,0,2020,False,0.00996535,,23.98,23.98
flood,Burundi,BDI,2020,3,19,36743,0,36762,0,0,0,0,0,0,0,2020,False,0.0081606,,18.19,18.19
flood,Cameroon,CMR,2020,0,0,26402,0,26402,0,0,0,0,0,0,0,2020,False,,,13.18,13.18
flood,Canada,CAN,2020,1,0,12936,0,12936,1.57565e+09,0,0,0.0785173,1.3e+09,0,0,2020,False,0.00773036,121803,35.87,34.6
flood,Cape Verde,CPV,2020,1,0,25000,0,25000,0,0,0,0,0,0,0,2020,False,0.004,,15.4,15.4
flood,Chad,TCD,2020,3,0,36934,0,36934,0,0,0,0,0,0,0,2020,False,0.0081226,,18.2,18.2
flood,China,CHN,2020,410,0,14274120,0,14274120,2.64224e+10,7.87824e+08,0,0.145368,2.18e+10,6.5e+08,0,2020,False,0.00287233,1851.07,65.39,63.95
flood,Colombia,COL,2020,25,7,56610,0,56617,4.2421e+07,0,0,0.0129463,3.5e+07,0,0,2020,False,0.0441563,749.263,42.62,41.57
flood,Congo,COG,2020,20,0,224878,0,224878,0,0,0,0,0,0,0,2020,False,0.00889371,,26.02,26.02
flood,Cote d'Ivoire,CIV,2020,24,32,16525,2100,18657,0,0,0,0,0,0,0,2020,False,0.128638,,23.38,23.38
flood,Czechia,CZE,2020,2,0,24,0,24,3.8785e+07,0,0,0.0127434,3.2e+07,0,0,2020,False,8.33333,1.61604e+06,25.39,24.35
flood,Democratic Republic of Congo,COD,2020,83,84,231422,0,231506,0,0,0,0,0,0,0,2020,False,0.0358522,,30.64,30.64
flood,Djibouti,DJI,2020,8,0,110000,0,110000,0,0,0,0,0,0,0,2020,False,0.00727273,,22.29,22.29
flood,East Timor,TLS,2020,3,7,9124,0,9131,2.4241e+07,0,0,0.924805,2e+07,0,0,2020,False,0.0328551,2654.8,33.51,32.49
flood,Ecuador,ECU,2020,0,0,290,0,290,0,0,0,0,0,0,0,2020,False,,,7.35,7.35
flood,Egypt,EGY,2020,40,400,20000,0,20400,9.2115e+07,0,0,0.0198011,7.6e+07,0,0,2020,False,0.196078,4515.44,43.59,42.49
flood,Ethiopia,ETH,2020,12,0,1229854,0,1229854,0,0,0,0,0,0,0,2020,False,0.000975726,,26.64,26.64
flood,France,FRA,2020,2,1,905,0,906,6.4238e+07,0,0,0.00200157,5.3e+07,0,0,2020,False,0.220751,70902.9,30.55,29.47
flood,French Guiana,GUF,2020,0,0,139,0,139,0,0,0,,0,0,0,2020,False,,,6.4,6.4
flood,Georgia,GEO,2020,0,0,5133,0,5133,0,0,0,0,0,0,0,2020,False,,,11.06,11.06
flood,Ghana,GHA,2020,7,0,200,0,200,0,0,0,0,0,0,0,2020,False,3.5,,13.74,13.74
flood,Greece,GRC,2020,8,0,2970,0,2970,3.6361e+07,0,0,0.015677,3e+07,0,0,2020,False,0.26936,12242.8,35.14,34.1
flood,Guatemala,GTM,2020,3,0,20070,0,20070,0,0,0,0,0,0,0,2020,False,0.0149477,,17.41,17.41
flood,Guinea,GIN,2020,0,5,49536,0,49541,0,0,0,0,0,0,0,2020,False,,,14,14
flood,Honduras,HND,2020,3,0,17700,0,17700,0,0,0,0,0,0,0,2020,False,0.0169492,,17.25,17.25
flood,India,IND,2020,2104,2,1485000,0,1485002,1.39506e+10,9.6963e+08,0,0.430304,1.151e+10,8e+08,0,2020,False,0.141683,9394.3,67.21,65.82
flood,Indonesia,IDN,2020,249,161,1263636,0,1263797,1.1398e+09,0,0,0.087748,9.293e+08,0,0,2020,False,0.0197025,901.887,57.44,56.19
flood,Iran,IRN,2020,40,35,228540,0,228575,2.85798e+09,0,0,0.839342,2.358e+09,0,0,2020,False,0.0174997,12503.5,50.17,48.87
flood,Iraq,IRQ,2020,8,0,1500,0,1500,1.21204e+08,0,0,0.0552795,1e+08,0,0,2020,False,0.533333,80802.7,35.47,34.36
flood,Israel,ISR,2020,7,0,0,0,0,7.02982e+08,0,0,0.141151,5.8e+08,0,0,2020,False,,,27.38,26.16
flood,Italy,ITA,2020,4,0,960,0,960,8.4842e+07,0,0,0.00366976,7e+07,0,0,2020,False,0.416667,88377.1,32.59,31.5
flood,Japan,JPN,2020,82,114,250000,0,250114,7.02982e+09,1.45444e+09,0,0.111771,5.8e+09,1.2e+09,0,2020,False,0.0327851,28106.5,53.53,52.17
flood,Kazakhstan,KAZ,2020,0,0,33000,0,33000,0,0,0,0,0,0,0,2020,False,,,13.47,13.47
flood,Kenya,KEN,2020,285,0,810655,0,810655,1.212e+07,0,0,0.00993468,1e+07,0,0,2020,False,0.0351568,14.9509,52.73,51.76
flood,Madagascar,MDG,2020,40,0,106846,0,106846,0,0,0,0,0,0,0,2020,False,0.0374371,,27.27,27.27
flood,Malawi,MWI,2020,1,0,2250,0,2250,0,0,0,0,0,0,0,2020,False,0.0444444,,12.29,12.29
flood,Malaysia,MYS,2020,0,0,21883,0,21883,8.242e+06,0,0,0.00201508,6.8e+06,0,0,2020,False,,376.639,28.97,28.02
flood,Mauritania,MRT,2020,9,0,19282,700,19982,0,0,0,0,0,0,0,2020,False,0.0450405,,20.43,20.43
flood,Mexico,MEX,2020,30,0,95100,0,95100,0,0,0,0,0,0,0,2020,False,0.0315457,,26.2,26.2
flood,Mongolia,MNG,2020,10,0,27105,0,27105,2.06e+06,0,0,0.0127695,1.7e+06,0,0,2020,False,0.0368936,76.0007,35.78,34.91
flood,Mozambique,MOZ,2020,47,55,201343,0,201398,0,0,0,0,0,0,0,2020,False,0.0233369,,28.61,28.61
flood,Myanmar,MMR,2020,0,0,25000,0,25000,0,0,0,0,0,0,0,2020,False,,,13.11,13.11
flood,Namibia,NAM,2020,0,0,1000,0,1000,0,0,0,0,0,0,0,2020,False,,,8.95,8.95
flood,Nepal,NPL,2020,448,287,117390,0,117677,1.21204e+08,0,0,0.2991,1e+08,0,0,2020,False,0.380703,1029.97,54.04,52.93
flood,New Zealand,NZL,2020,0,0,2700,0,2700,1.21204e+08,0,0,0.0468783,1e+08,0,0,2020,False,,44890.4,28.97,27.85
flood,Niger,NER,2020,83,12,50000,632608,682620,1.212e+07,0,0,0.073269,1e+07,0,0,2020,False,0.012159,17.7551,48.46,47.49
flood,Nigeria,NGA,2020,189,825,192900,0,193725,1.21204e+08,0,0,0.016706,1e+08,0,0,2020,False,0.097561,625.65,51.85,50.73
flood,North Korea,PRK,2020,22,0,85000,0,85000,0,0,0,,0,0,0,2020,False,0.0258824,,25.06,25.06
flood,Oman,OMN,2020,3,0,100,0,100,0,0,0,0,0,0,0,2020,False,3,,10.56,10.56
flood,Pakistan,PAK,2020,507,335,1559155,695,1560185,1.81806e+09,0,0,0.499292,1.5e+09,0,0,2020,False,0.0324961,1165.28,60.53,59.25
flood,Panama,PAN,2020,11,0,150,0,150,0,0,0,0,0,0,0,2020,False,7.33333,,14.71,14.71
flood,Papua New Guinea,PNG,2020,19,0,60900,0,60900,0,0,0,0,0,0,0,2020,False,0.0311987,,24.17,24.17
flood,Peru,PER,2020,15,23,7562,0,7585,1.212e+07,0,0,0.004965,1e+07,0,0,2020,False,0.197759,1597.89,37.15,36.18
flood,Poland,POL,2020,0,0,5200,0,5200,0,0,0,0,0,0,0,2020,False,,,11.08,11.08
flood,Romania,ROU,2020,3,0,1550,0,1550,1.03023e+08,0,0,0.0339153,8.5e+07,0,0,2020,False,0.193548,66466.5,32.67,31.57
flood,Rwanda,RWA,2020,111,35,21930,490,22455,0,0,0,0,0,0,0,2020,False,0.494322,,28.57,28.57
flood,Saudi Arabia,SAU,2020,3,0,600,0,600,0,0,0,0,0,0,0,2020,False,0.5,,12.87,12.87
flood,Senegal,SEN,2020,11,0,17000,0,17000,2.1817e+07,0,0,0.073378,1.8e+07,0,0,2020,False,0.0647059,1283.35,37.84,36.83
flood,Serbia,SRB,2020,0,0,3600,0,3600,3.3937e+07,0,0,0.0501127,2.8e+07,0,0,2020,False,,9426.94,28.06,27.02
flood,Slovakia,SVK,2020,1,0,250,0,250,0,0,0,0,0,0,0,2020,False,0.4,,9.45,9.45
flood,Somalia,SOM,2020,32,20,1191000,0,1191020,0,0,0,0,0,0,0,2020,False,0.00268677,,29.67,29.67
flood,South Africa,ZAF,2020,3,0,200,0,200,0,0,0,0,0,0,0,2020,False,1.5,,11.45,11.45
flood,South Korea,KOR,2020,52,0,15000,0,15000,5.09056e+08,0,0,0.0240816,4.2e+08,0,0,2020,False,0.346667,33937.1,45.76,44.56
flood,South Sudan,SSD,2020,0,0,1042000,0,1042000,0,0,0,,0,0,0,2020,False,,,17.94,17.94
flood,Sri Lanka,LKA,2020,6,6,151659,0,151665,0,0,0,0,0,0,0,2020,False,0.00395609,,21.88,21.88
flood,Sudan,SDN,2020,155,13,875000,0,875013,3.03009e+08,0,0,0.924741,2.5e+08,0,0,2020,False,0.017714,346.291,54.07,52.9
flood,Tajikistan,TJK,2020,2,0,2690,0,2690,0,0,0,0,0,0,0,2020,False,0.0743494,,13.86,13.86
flood,Tanzania,TZA,2020,43,0,47581,17500,65081,0,0,0,0,0,0,0,2020,False,0.0660715,,26.86,26.86
flood,Thailand,THA,2020,31,0,870659,0,870659,6.0602e+07,0,0,0.0099945,5e+07,0,0,2020,False,0.00356052,69.6047,47.21,46.14
flood,Togo,TGO,2020,11,0,57000,0,57000,0,0,0,0,0,0,0,2020,False,0.0192982,,22.39,22.39
flood,Tunisia,TUN,2020,6,0,40000,0,40000,0,0,0,0,0,0,0,2020,False,0.015,,20.15,20.15
flood,Turkey,TUR,2020,24,0,822,0,822,3.4543e+08,0,0,0.038848,2.85e+08,0,0,2020,False,2.91971,420231,39.12,37.95
flood,Uganda,UGA,2020,27,0,131500,0,131500,0,0,0,0,0,0,0,2020,False,0.0205323,,26.28,26.28
flood,Ukraine,UKR,2020,3,0,55000,0,55000,1.86485e+08,0,0,0.0982398,1.53861e+08,0,0,2020,False,0.00545455,3390.64,37.89,36.75
flood,United Kingdom,GBR,2020,0,0,480,0,480,0,0,0,0,0,0,0,2020,False,,,8,8
flood,United States,USA,2020,1,0,13000,0,13000,2.75739e+09,0,0,0.0106431,2.275e+09,0,0,2020,False,0.00769231,212107,36.44,35.14
flood,Uruguay,URY,2020,0,0,360,0,360,0,0,0,0,0,0,0,2020,False,,,7.63,7.63
flood,Uzbekistan,UZB,2020,4,60,70000,0,70060,0,0,0,0,0,0,0,2020,False,0.00570939,,19.77,19.77
flood,Venezuela,VEN,2020,3,0,3690,0,3690,3.6361e+07,0,0,0.0700313,3e+07,0,0,2020,False,0.0813008,9853.93,32.74,31.7
flood,Vietnam,VNM,2020,5,1,2620,0,2621,2.6665e+07,0,0,0.00634709,2.2e+07,0,0,2020,False,0.190767,10173.6,33.33,32.31
flood,Yemen,YEM,2020,202,119,173255,0,173374,2.424e+07,0,0,,2e+07,0,0,2020,False,0.116511,139.813,50.3,49.29
flood,Zambia,ZMB,2020,3,0,705772,0,705772,0,0,0,0,0,0,0,2020,False,0.000425066,,22.02,22.02
flood,Afghanistan,AFG,2021,376,33,35000,0,35033,0,0,0,0,0,0,0,2020,False,1.07327,,33.16,33.16
flood,Albania,ALB,2021,0,0,84,0,84,0,0,0,0,0,0,0,2020,False,,,5.75,5.75
flood,Algeria,DZA,2021,13,0,2902,18,2920,0,0,0,0,0,0,0,2020,False,0.445205,,19.06,19.06
flood,Angola,AGO,2021,22,2,9935,0,9937,0,0,0,0,0,0,0,2020,False,0.221395,,22.28,22.28
flood,Argentina,ARG,2021,0,0,90,0,90,0,0,0,0,0,0,0,2020,False,,,5.84,5.84
flood,Australia,AUS,2021,6,0,19850,0,19850,2.92886e+09,8.41614e+08,0,0.162115,2.53e+09,7.27e+08,0,2020,False,0.0302267,147550,41.19,39.89
flood,Austria,AUT,2021,1,0,0,0,0,0,0,0,0,0,0,0,2020,False,,,2.29,2.29
flood,Bangladesh,BGD,2021,21,0,268744,0,268744,0,0,0,0,0,0,0,2020,False,0.00781413,,26.41,26.41
flood,Belgium,BEL,2021,39,0,1950,100000,101950,2.31531e+09,0,0,0.334156,2e+09,0,0,2020,False,0.038254,22710.2,48.83,47.55
flood,Benin,BEN,2021,13,0,35850,0,35850,0,0,0,0,0,0,0,2020,False,0.0362622,,22.3,22.3
flood,Bhutan,BTN,2021,10,0,0,0,0,0,0,0,0,0,0,0,2020,False,,,7.93,7.93
flood,Bolivia,BOL,2021,46,7,287800,0,287807,0,0,0,0,0,0,0,2020,False,0.0159829,,29,29
flood,Bosnia and Herzegovina,BIH,2021,0,0,250000,0,250000,0,0,0,0,0,0,0,2020,False,,,16.09,16.09
flood,Brazil,BRA,2021,49,400,1344496,0,1344896,5.06004e+08,0,3.0314e+08,0.0261632,4.37095e+08,0,2.61857e+08,2020,False,0.0036434,376.24,51.38,50.18
flood,Bulgaria,BGR,2021,0,0,25,0,25,0,0,0,0,0,0,0,2020,False,,,4.22,4.22
flood,Burundi,BDI,2021,0,0,52182,0,52182,0,0,0,0,0,0,0,2020,False,,,14.07,14.07
flood,Cambodia,KHM,2021,0,0,13225,0,13225,0,0,0,0,0,0,0,2020,False,,,12.29,12.29
flood,Canada,CAN,2021,4,0,15000,0,15000,2.31531e+09,0,0,0.0988935,2e+09,0,0,2020,False,0.0266667,154354,39.48,38.19
flood,Central African Republic,CAF,2021,0,5,3952,0,3957,0,0,0,0,0,0,0,2020,False,,,10.73,10.73
flood,Chad,TCD,2021,32,329,246851,22000,269180,0,0,0,0,0,0,0,2020,False,0.011888,,27.75,27.75
flood,Chile,CHL,2021,0,10,600,0,610,0,0,0,0,0,0,0,2020,False,,,8.31,8.31
flood,China,CHN,2021,391,0,17626100,0,17626100,2.13714e+10,0,0,0.101425,1.8461e+10,0,0,2020,False,0.0022183,1212.49,65.29,63.87
flood,Colombia,COL,2021,22,23,50434,0,50457,0,0,0,0,0,0,0,2020,False,0.0436015,,24.39,24.39
flood,Congo,COG,2021,24,0,46652,0,46652,0,0,0,0,0,0,0,2020,False,0.0514447,,24.56,24.56
flood,Costa Rica,CRI,2021,3,0,200000,0,200000,0,0,0,0,0,0,0,2020,False,0.0015,,20.39,20.39
flood,Ecuador,ECU,2021,6,3,18461,0,18464,0,0,0,0,0,0,0,2020,False,0.0324957,,19.15,19.15
flood,Egypt,EGY,2021,3,450,4685,1100,6235,0,0,0,0,0,0,0,2020,False,0.0481155,,15.9,15.9
flood,El Salvador,SLV,2021,5,0,300,0,300,0,0,0,0,0,0,0,2020,False,1.66667,,13.31,13.31
flood,Ethiopia,ETH,2021,16,0,0,0,0,0,0,0,0,0,0,0,2020,False,,,9.37,9.37
flood,France,FRA,2021,2,7,2140,0,2147,3.8203e+07,0,0,0.00111245,3.3e+07,0,0,2020,False,0.0931532,17793.7,31.14,30.1
flood,Georgia,GEO,2021,0,0,1780,0,1780,0,0,0,0,0,0,0,2020,False,,,9.69,9.69
flood,Germany,DEU,2021,226,1000,0,0,1000,4.63061e+10,1.12292e+10,0,0.918431,4e+10,9.7e+09,0,2020,False,22.6,4.63061e+07,51.6,50.13
flood,Ghana,GHA,2021,9,6,320,0,326,0,0,0,0,0,0,0,2020,False,2.76074,,15.11,15.11
flood,Guatemala,GTM,2021,2,1,24615,0,24616,0,0,0,0,0,0,0,2020,False,0.0081248,,16.72,16.72
flood,Guinea,GIN,2021,5,21,69671,1972,71664,0,0,0,0,0,0,0,2020,False,0.006977,,20.4,20.4
flood,Guyana,GUY,2021,0,0,34500,0,34500,0,0,0,0,0,0,0,2020,False,,,13.53,13.53
flood,Haiti,HTI,2021,7,0,13380,0,13380,0,0,0,0,0,0,0,2020,False,0.0523169,,19.18,19.18
flood,India,IND,2021,1807,58,1324077,450,1324585,3.9476e+09,0,0,0.107664,3.41e+09,0,0,2020,False,0.13642,2980.25,65.29,63.97
flood,Indonesia,IDN,2021,58,16,919938,0,919954,5.7883e+07,0,0,0.00421404,5e+07,0,0,2020,False,0.00630466,62.9195,49.25,48.19
flood,Iran,IRN,2021,11,0,1810,0,1810,0,0,0,0,0,0,0,2020,False,0.607735,,17.93,17.93
flood,Iraq,IRQ,2021,16,3,10700,0,10703,1.6207e+07,0,0,0.00667646,1.4e+07,0,0,2020,False,0.149491,1514.25,38.09,37.1
flood,Italy,ITA,2021,1,0,0,0,0,0,0,0,0,0,0,0,2020,False,,,2.29,2.29
flood,Japan,JPN,2021,12,0,30300,0,30300,1.15765e+08,0,0,0.00191353,1e+08,0,0,2020,False,0.039604,3820.63,40.53,39.42
flood,Kenya,KEN,2021,9,0,300000,0,300000,0,0,0,0,0,0,0,2020,False,0.003,,23.94,23.94
flood,Madagascar,MDG,2021,1,0,1400,0,1400,0,0,0,0,0,0,0,2020,False,0.0714286,,11.67,11.67
flood,Malaysia,MYS,2021,69,3,144638,0,144641,1.40848e+09,0,0,0.325499,1.21667e+09,0,0,2020,False,0.0477043,9737.75,50.64,49.38
flood,Mexico,MEX,2021,30,0,12520,0,12520,6.946e+07,0,0,0.0045573,6e+07,0,0,2020,False,0.239617,5547.92,41.75,40.67
flood,Mongolia,MNG,2021,0,0,6356,0,6356,0,0,0,0,0,0,0,2020,False,,,11.34,11.34
flood,Morocco,MAR,2021,24,10,1375,0,1385,0,0,0,0,0,0,0,2020,False,1.73285,,20.01,20.01
flood,Mozambique,MOZ,2021,0,0,11410,0,11410,0,0,0,0,0,0,0,2020,False,,,12.1,12.1
flood,Myanmar,MMR,2021,0,0,125000,0,125000,0,0,0,0,0,0,0,2020,False,,,15.2,15.2
flood,Namibia,NAM,2021,0,0,401,0,401,0,0,0,0,0,0,0,2020,False,,,7.76,7.76
flood,Nepal,NPL,2021,251,91,3850,0,3941,0,0,0,0,0,0,0,2020,False,6.36894,,29,29
flood,New Zealand,NZL,2021,0,0,1130,0,1130,2.8594e+08,0,0,0.0973466,2.47e+08,0,0,2020,False,,253044,28.7,27.54
flood,Niger,NER,2021,62,60,105690,0,105750,0,0,0,0,0,0,0,2020,False,0.0586288,,28.68,28.68
flood,Nigeria,NGA,2021,4,0,8330,0,8330,0,0,0,0,0,0,0,2020,False,0.0480192,,17.01,17.01
flood,North Korea,PRK,2021,0,0,5000,0,5000,0,0,0,,0,0,0,2020,False,,,11.03,11.03
flood,Pakistan,PAK,2021,220,17,90,250,357,1.1577e+07,0,0,0.0028693,1e+07,0,0,2020,False,61.6246,32428.6,41.83,40.86
flood,Panama,PAN,2021,1,0,30190,0,30190,0,0,0,0,0,0,0,2020,False,0.00331236,,15.65,15.65
flood,Paraguay,PRY,2021,10,0,6000,0,6000,0,0,0,0,0,0,0,2020,False,0.166667,,19.19,19.19
flood,Peru,PER,2021,23,2,29148,54,29204,2.8941e+07,0,0,0.0110421,2.5e+07,0,0,2020,False,0.0787563,990.994,41.11,40.09
flood,Philippines,PHL,2021,5,0,345356,0,345356,2.8941e+07,0,0,0.00634377,2.5e+07,0,0,2020,False,0.00144778,83.8005,39.73,38.7
flood,Romania,ROU,2021,1,0,100,0,100,0,0,0,0,0,0,0,2020,False,1,,8.27,8.27
flood,Russia,RUS,2021,8,2,28636,0,28638,2.31531e+08,0,0,0.0109338,2e+08,0,0,2020,False,0.0279349,8084.75,39.94,38.79
flood,Rwanda,RWA,2021,0,0,6500,0,6500,0,0,0,0,0,0,0,2020,False,,,11.37,11.37
flood,Sao Tome and Principe,STP,2021,8,0,219668,0,219668,0,0,0,0,0,0,0,2020,False,0.00364186,,23.19,23.19
flood,Serbia,SRB,2021,0,0,22,0,22,0,0,0,0,0,0,0,2020,False,,,4.06,4.06
flood,Slovakia,SVK,2021,1,0,0,0,0,0,0,0,0,0,0,0,2020,False,,,2.29,2.29
flood,Slovenia,SVN,2021,0,0,1500,0,1500,0,0,0,0,0,0,0,2020,False,,,9.47,9.47
flood,Somalia,SOM,2021,25,0,400000,0,400000,0,0,0,0,0,0,0,2020,False,0.00625,,27.47,27.47
flood,South Africa,ZAF,2021,31,0,400,0,400,8.6824e+07,0,0,0.0178577,7.5e+07,0,0,2020,False,7.75,217060,37.62,36.53
flood,South Sudan,SSD,2021,7,0,835000,0,835000,0,0,0,,0,0,0,2020,False,0.000838323,,24.53,24.53
flood,Spain,ESP,2021,3,0,250,0,250,1.6323e+08,7.9878e+07,0,0.00964931,1.41e+08,6.9e+07,0,2020,False,1.2,652920,30.77,29.64
flood,Sri Lanka,LKA,2021,35,7,329891,0,329898,0,0,0,0,0,0,0,2020,False,0.0106093,,28.3,28.3
flood,Sudan,SDN,2021,52,45,303000,0,303045,0,0,0,0,0,0,0,2020,False,0.0171592,,29.47,29.47
flood,Suriname,SUR,2021,0,0,10100,0,10100,0,0,0,0,0,0,0,2020,False,,,11.94,11.94
flood,Sweden,SWE,2021,0,0,13500,0,13500,8.1036e+07,0,0,0.0110813,7e+07,0,0,2020,False,,6002.67,30.65,29.56
flood,Syria,SYR,2021,1,3,142000,0,142003,0,0,0,0,0,0,0,2020,False,0.00070421,,17.65,17.65
flood,Tajikistan,TJK,2021,7,0,25010,0,25010,1.0419e+07,0,0,0.100696,9e+06,0,0,2020,False,0.0279888,416.593,36.25,35.29
flood,Tanzania,TZA,2021,1,0,2000,0,2000,0,0,0,0,0,0,0,2020,False,0.05,,12.13,12.13
flood,Thailand,THA,2021,14,3,957691,0,957694,6.84173e+08,0,0,0.116787,5.91e+08,0,0,2020,False,0.00146184,714.396,47.26,46.05
flood,Tunisia,TUN,2021,3,0,0,0,0,0,0,0,0,0,0,0,2020,False,,,4.58,4.58
flood,Turkey,TUR,2021,73,360,6800,0,7160,3.62345e+08,0,0,0.0372646,3.13e+08,0,0,2020,False,1.01955,50606.8,45.56,44.38
flood,Uganda,UGA,2021,5,73,116794,597,117464,0,0,0,0,0,0,0,2020,False,0.00425662,,21.04,21.04
flood,United States,USA,2021,58,1,1875,0,1876,4.39908e+09,0,0,0.0160164,3.8e+09,0,0,2020,False,3.09168,2.34493e+06,45.59,44.27
flood,Venezuela,VEN,2021,46,0,1401300,0,1401300,0,0,0,0,0,0,0,2020,False,0.00328267,,31.05,31.05
flood,Vietnam,VNM,2021,24,3,313780,0,313783,0,0,0,0,0,0,0,2020,False,0.0076486,,27.03,27.03
flood,Yemen,YEM,2021,46,28,228180,0,228208,0,0,0,,0,0,0,2020,False,0.020157,,28.7,28.7
flood,Afghanistan,AFG,2022,252,319,251968,14500,266787,0,0,0,0,0,0,0,2020,False,0.0944574,,34.47,34.47
flood,Australia,AUS,2022,31,12,247200,0,247212,9.05304e+09,4.18031e+09,0,0.498105,8.446e+09,3.9e+09,0,2020,False,0.0125398,36620.6,50.62,49.25
flood,Bangladesh,BGD,2022,141,0,7200000,0,7200000,4.95741e+08,0,0,0.100515,4.625e+08,0,0,2020,False,0.00195833,68.8529,56.98,55.79
flood,Benin,BEN,2022,44,0,73000,0,73000,0,0,0,0,0,0,0,2020,False,0.060274,,27.08,27.08
flood,Bolivia,BOL,2022,64,0,390790,0,390790,0,0,0,0,0,0,0,2020,False,0.0163771,,30.47,30.47
flood,Bosnia and Herzegovina,BIH,2022,1,0,3000,0,3000,0,0,0,0,0,0,0,2020,False,0.0333333,,12.66,12.66
flood,Brazil,BRA,2022,541,378,485971,886,487235,1.34561e+09,0,1.03196e+08,0.0638808,1.2469e+09,0,8.91429e+07,2020,False,0.111035,2761.73,58.93,57.67
flood,Bulgaria,BGR,2022,0,0,10937,0,10937,5.0378e+07,0,0,0.0519275,4.7e+07,0,0,2020,False,,4606.2,29.89,28.83
flood,Cambodia,KHM,2022,15,0,167770,0,167770,0,0,0,0,0,0,0,2020,False,0.00894081,,24.74,24.74
flood,Cameroon,CMR,2022,2,95,153000,0,153095,1.6078e+07,0,0,0.033824,1.5e+07,0,0,2020,False,0.00130638,105.02,35.79,34.8
flood,Canada,CAN,2022,0,0,2000,0,2000,3.8587e+07,0,0,0.00163595,3.6e+07,0,0,2020,False,,19293.5,27.43,26.38
flood,Central African Republic,CAF,2022,16,3,118000,0,118003,0,0,0,0,0,0,0,2020,False,0.013559,,24.49,24.49
flood,Chad,TCD,2022,22,229,1100000,0,1100229,0,0,0,0,0,0,0,2020,False,0.00199958,,28.38,28.38
flood,China,CHN,2022,124,0,9200,0,9200,5.35937e+09,3.21562e+08,0,0.0272974,5e+09,3e+08,0,2020,False,1.34783,582540,50.33,48.99
flood,Colombia,COL,2022,81,40,231770,0,231810,1.1791e+07,0,0,0.00318257,1.1e+07,0,0,2020,False,0.0349424,50.8649,46.96,45.98
flood,Congo,COG,2022,0,0,164679,0,164679,0,0,0,0,0,0,0,2020,False,,,15.55,15.55
flood,Cote d'Ivoire,CIV,2022,13,114,11478,0,11592,0,0,0,0,0,0,0,2020,False,0.112146,,20.84,20.84
flood,Cuba,CUB,2022,3,0,2300,0,2300,2.6797e+07,0,0,,2.5e+07,0,0,2020,False,0.130435,11650.9,31.82,30.8
flood,Democratic Republic of Congo,COD,2022,223,87,260624,0,260711,0,0,0,0,0,0,0,2020,False,0.0855353,,34.04,34.04
flood,Dominican Republic,DOM,2022,0,0,467,0,467,0,0,0,0,0,0,0,2020,False,,,7.96,7.96
flood,Ecuador,ECU,2022,76,165,35214,0,35379,5.6809e+07,0,0,0.0456373,5.3e+07,0,0,2020,False,0.214817,1605.73,45.9,44.83
flood,Ethiopia,ETH,2022,0,0,264831,0,264831,0,0,0,0,0,0,0,2020,False,,,16.17,16.17
flood,Gambia,GMB,2022,6,0,17201,0,17201,0,0,0,0,0,0,0,2020,False,0.0348817,,19.06,19.06
flood,Georgia,GEO,2022,0,0,5200,0,5200,0,0,0,0,0,0,0,2020,False,,,11.08,11.08
flood,Ghana,GHA,2022,0,0,5000,0,5000,0,0,0,0,0,0,0,2020,False,,,11.03,11.03
flood,Guatemala,GTM,2022,48,23,2890000,0,2890023,2.18662e+08,0,0,0.213367,2.04e+08,0,0,2020,False,0.00166089,75.661,51.46,50.31
flood,Guinea,GIN,2022,0,0,49536,0,49536,0,0,0,0,0,0,0,2020,False,,,14,14
flood,Guyana,GUY,2022,0,0,500,0,500,0,0,0,0,0,0,0,2020,False,,,8.05,8.05
flood,Haiti,HTI,2022,7,0,13000,0,13000,0,0,0,0,0,0,0,2020,False,0.0538462,,19.14,19.14
flood,Honduras,HND,2022,9,0,78457,0,78457,0,0,0,0,0,0,0,2020,False,0.0114713,,22.21,22.21
flood,India,IND,2022,2098,1260,2100000,0,2101260,4.50187e+09,0,0,0.129233,4.2e+09,0,0,2020,False,0.0998449,2142.46,66.51,65.19
flood,Indonesia,IDN,2022,57,9,179063,168391,347463,7.9318e+07,0,0,0.00560988,7.4e+07,0,0,2020,False,0.0164046,228.278,48.25,47.17
flood,Iran,IRN,2022,98,15,164775,0,164790,2.15447e+08,0,0,0.0475557,2.01e+08,0,0,2020,False,0.0594696,1307.4,50.06,48.91
flood,Italy,ITA,2022,23,33,0,0,33,0,0,0,0,0,0,0,2020,False,69.697,,15.07,15.07
flood,Japan,JPN,2022,2,8,11100,0,11108,1.51134e+08,0,0,0.00316998,1.41e+08,0,0,2020,False,0.018005,13605.9,34.65,33.53
flood,Laos,LAO,2022,1,2,42550,0,42552,0,0,0,0,0,0,0,2020,False,0.00235007,,16.09,16.09
flood,Madagascar,MDG,2022,34,2,62112,0,62114,0,0,0,0,0,0,0,2020,False,0.0547381,,26.04,26.04
flood,Malawi,MWI,2022,41,122,62326,0,62448,0,0,0,0,0,0,0,2020,False,0.0656546,,26.65,26.65
flood,Malaysia,MYS,2022,27,0,110607,18,110625,2.81953e+08,0,0,0.0597242,2.43573e+08,0,0,2020,False,0.0244068,2548.72,45.64,44.48
flood,Mali,MLI,2022,10,12,79000,0,79012,0,0,0,0,0,0,0,2020,False,0.0126563,,22.53,22.53
flood,Mauritania,MRT,2022,14,0,28926,0,28926,0,0,0,0,0,0,0,2020,False,0.0483994,,22.25,22.25
flood,Mexico,MEX,2022,13,0,3150,0,3150,0,0,0,0,0,0,0,2020,False,0.412698,,19.16,19.16
flood,Mongolia,MNG,2022,0,0,4269,0,4269,0,0,0,0,0,0,0,2020,False,,,10.82,10.82
flood,Mozambique,MOZ,2022,53,59,47628,0,47687,0,0,0,0,0,0,0,2020,False,0.111141,,27.14,27.14
flood,Nepal,NPL,2022,147,11,6000,0,6011,0,0,0,0,0,0,0,2020,False,2.44552,,27.79,27.79
flood,Niger,NER,2022,195,185,322000,0,322185,0,0,0,0,0,0,0,2020,False,0.0605242,,33.87,33.87
flood,Nigeria,NGA,2022,603,2500,2800000,0,2802500,4.50187e+09,0,0,0.6492,4.2e+09,0,0,2020,False,0.0215165,1606.38,62.77,61.44
flood,Pakistan,PAK,2022,1739,12865,33000000,0,33012865,1.60781e+10,7.503e+06,1.07187e+10,4.00117,1.5e+10,7e+06,1e+10,2020,False,0.00526764,487.025,70.74,69.34
flood,Panama,PAN,2022,0,0,150,0,150,0,0,0,0,0,0,0,2020,False,,,6.5,6.5
flood,Peru,PER,2022,1,0,500,0,500,0,0,0,0,0,0,0,2020,False,0.2,,10.34,10.34
flood,Philippines,PHL,2022,73,16,601955,0,601971,1.1791e+07,0,0,0.00272039,1.1e+07,0,0,2020,False,0.0121268,19.5873,47.85,46.88
flood,Puerto Rico,PRI,2022,0,0,0,0,0,1.8222e+07,0,0,0.0149328,1.7e+07,0,0,2020,False,,,16.83,15.83
flood,Russia,RUS,2022,1,0,750,0,750,0,0,0,0,0,0,0,2020,False,0.133333,,10.87,10.87
flood,Rwanda,RWA,2022,29,50,750,500,1300,0,0,0,0,0,0,0,2020,False,2.23077,,20.53,20.53
flood,Saint Lucia,LCA,2022,0,0,5500,0,5500,0,0,0,0,0,0,0,2020,False,,,11.15,11.15
flood,Senegal,SEN,2022,0,172,19838,0,20010,0,0,0,0,0,0,0,2020,False,,,12.82,12.82
flood,Sierra Leone,SLE,2022,12,79,12903,0,12982,0,0,0,0,0,0,0,2020,False,0.0924357,,20.74,20.74
flood,Somalia,SOM,2022,0,0,4416,0,4416,0,0,0,0,0,0,0,2020,False,,,10.87,10.87
flood,South Africa,ZAF,2022,579,54,192209,7033,199296,3.93914e+09,1.92937e+09,0,0.901628,3.675e+09,1.8e+09,0,2020,False,0.290523,19765.2,59.08,57.76
flood,South Korea,KOR,2022,14,18,11400,0,11418,4.53402e+08,0,0,0.0235083,4.23e+08,0,0,2020,False,0.122613,39709.4,41.11,39.92
flood,South Sudan,SSD,2022,0,0,1000000,0,1000000,0,0,0,,0,0,0,2020,False,,,17.89,17.89
flood,Sri Lanka,LKA,2022,12,6,149332,0,149338,0,0,0,0,0,0,0,2020,False,0.00803546,,23.91,23.91
flood,Sudan,SDN,2022,146,122,349000,0,349122,1.0719e+07,0,0,0.0193548,1e+07,0,0,2020,False,0.0418192,30.7027,49.32,48.35
flood,Suriname,SUR,2022,0,0,9000,0,9000,2.2509e+07,0,0,0.553855,2.1e+07,0,0,2020,False,,2501,28.83,27.82
flood,Tanzania,TZA,2022,10,0,2000,1500,3500,0,0,0,0,0,0,0,2020,False,0.285714,,18.49,18.49
flood,Thailand,THA,2022,19,2,1380691,0,1380693,1.3934e+07,0,0,0.0026226,1.3e+07,0,0,2020,False,0.00137612,10.092,44.77,43.79
flood,Togo,TGO,2022,0,0,18596,0,18596,0,0,0,0,0,0,0,2020,False,,,12.73,12.73
flood,Trinidad and Tobago,TTO,2022,0,0,100000,0,100000,0,0,0,0,0,0,0,2020,False,,,14.91,14.91
flood,Tunisia,TUN,2022,1,0,4000,0,4000,0,0,0,0,0,0,0,2020,False,0.025,,13.03,13.03
flood,Turkey,TUR,2022,3,0,3115,0,3115,0,0,0,0,0,0,0,2020,False,0.0963082,,15,15
flood,Uganda,UGA,2022,57,10,79828,130,79968,0,0,0,0,0,0,0,2020,False,0.0712785,,28.04,28.04
flood,United States,USA,2022,42,0,1075,0,1075,1.60781e+09,0,0,0.00575714,1.5e+09,0,0,2020,False,3.90698,1.49564e+06,42.81,41.55
flood,Uruguay,URY,2022,0,0,160,0,160,0,0,0,0,0,0,0,2020,False,,,6.58,6.58
flood,Uzbekistan,UZB,2022,5,6,159,0,165,0,0,0,0,0,0,0,2020,False,3.0303,,12.54,12.54
flood,Venezuela,VEN,2022,33,0,91700,0,91700,0,0,0,0,0,0,0,2020,False,0.0359869,,26.45,26.45
flood,Vietnam,VNM,2022,30,5,23270,0,23275,1.608e+06,0,0,0.000362805,1.5e+06,0,0,2020,False,0.128894,69.087,38.76,37.9
flood,Yemen,YEM,2022,90,0,219400,0,219400,0,0,0,,0,0,0,2020,False,0.041021,,30.84,30.84
flood,Zambia,ZMB,2022,3,0,21582,0,21582,0,0,0,0,0,0,0,2020,False,0.0139005,,17.51,17.51
flood,Afghanistan,AFG,2023,71,49,127500,0,127549,0,0,0,0,0,0,0,2020,False,0.0556649,,29.36,29.36
flood,Algeria,DZA,2023,8,218,1450,0,1668,0,0,0,0,0,0,0,2020,False,0.479616,,16.87,16.87
flood,Angola,AGO,2023,84,450,160275,0,160725,0,0,0,0,0,0,0,2020,False,0.0522632,,30.21,30.21
flood,Argentina,ARG,2023,0,0,38000,0,38000,0,0,0,0,0,0,0,2020,False,,,13.65,13.65
flood,Australia,AUS,2023,0,0,1623,114,1737,0,0,0,0,0,0,0,2020,False,,,9.66,9.66
flood,Bangladesh,BGD,2023,4,6,1000000,0,1000006,0,0,0,0,0,0,0,2020,False,0.000399998,,23.21,23.21
flood,Belarus,BLR,2023,0,0,420,0,420,0,0,0,0,0,0,0,2020,False,,,7.82,7.82
flood,Belgium,BEL,2023,0,0,3000,0,3000,0,0,0,0,0,0,0,2020,False,,,10.37,10.37
flood,Bolivia,BOL,2023,22,0,208970,0,208970,0,0,0,0,0,0,0,2020,False,0.0105278,,26.23,26.23
flood,Bosnia and Herzegovina,BIH,2023,0,0,10000,0,10000,0,0,0,0,0,0,0,2020,False,,,11.93,11.93
flood,Brazil,BRA,2023,124,114,288132,0,288246,4.23328e+08,0,0,0.0187666,4.112e+08,0,0,2020,False,0.0430188,1468.63,52.24,51.05
flood,Bulgaria,BGR,2023,4,0,4000,0,4000,0,0,0,0,0,0,0,2020,False,0.1,,16.06,16.06
flood,Burundi,BDI,2023,21,47,9538,0,9585,0,0,0,0,0,0,0,2020,False,0.219092,,22.09,22.09
flood,Cameroon,CMR,2023,2,5,93255,0,93260,0,0,0,0,0,0,0,2020,False,0.00214454,,18.45,18.45
flood,Canada,CAN,2023,6,0,1450,0,1450,0,0,0,0,0,0,0,2020,False,0.413793,,15.86,15.86
flood,Chile,CHL,2023,7,0,53673,0,53673,1.92001e+09,0,0,0.555386,1.865e+09,0,0,2020,False,0.0130419,35772.3,42.49,41.22
flood,China,CHN,2023,138,0,1359000,14000,1373000,9.7802e+07,0,0,0.000519968,9.5e+07,0,0,2020,False,0.010051,71.2323,53.13,52.03
flood,Colombia,COL,2023,1,0,45588,0,45588,0,0,0,0,0,0,0,2020,False,0.00219356,,16.18,16.18
flood,Congo,COG,2023,14,0,1125000,0,1125000,0,0,0,0,0,0,0,2020,False,0.00124444,,26.99,26.99
flood,Croatia,HRV,2023,0,0,177,0,177,0,0,0,0,0,0,0,2020,False,,,6.71,6.71
flood,Cuba,CUB,2023,6,0,18500,0,18500,0,0,0,,0,0,0,2020,False,0.0324324,,19.16,19.16
flood,Democratic Republic of Congo,COD,2023,2874,245,53600,0,53845,1.0295e+07,0,0,0.0143177,1e+07,0,0,2020,False,5.33754,191.197,56.69,55.72
flood,Dominican Republic,DOM,2023,35,0,311319,0,311319,1.8016e+07,0,0,0.0145281,1.75e+07,0,0,2020,False,0.0112425,57.8699,45.04,44.04
flood,Ecuador,ECU,2023,30,37,80913,0,80950,2.11046e+08,0,0,0.169712,2.05e+08,0,0,2020,False,0.0370599,2607.12,45.28,44.14
flood,Ethiopia,ETH,2023,151,0,1740000,0,1740000,0,0,0,0,0,0,0,2020,False,0.00867816,,35.22,35.22
flood,France,FRA,2023,0,0,5919,0,5919,1.69867e+09,0,0,0.0539877,1.65e+09,0,0,2020,False,,286985,32.64,31.37
flood,Georgia,GEO,2023,0,0,350000,0,350000,0,0,0,0,0,0,0,2020,False,,,16.53,16.53
flood,Ghana,GHA,2023,8,7,41107,0,41114,0,0,0,0,0,0,0,2020,False,0.0194581,,21.02,21.02
flood,Greece,GRC,2023,17,0,5260,0,5260,0,0,0,0,0,0,0,2020,False,0.323194,,20.65,20.65
flood,Guatemala,GTM,2023,78,5,4400000,0,4400005,0,0,0,0,0,0,0,2020,False,0.00177273,,34.25,34.25
flood,Guinea,GIN,2023,8,937,24135,0,25072,0,0,0,0,0,0,0,2020,False,0.0319081,,20.38,20.38
flood,Haiti,HTI,2023,80,143,225000,0,225143,4.32388e+08,0,0,2.14589,4.2e+08,0,0,2020,False,0.035533,1920.5,50.5,49.31
flood,Hong Kong,HKG,2023,0,119,0,0,119,0,0,0,0,0,0,0,2020,False,,,6.2,6.2
flood,India,IND,2023,1802,0,10838405,0,10838405,3.088e+06,0,0,8.56921e-05,3e+06,0,0,2020,False,0.0166261,0.284913,60.8,59.91
flood,Indonesia,IDN,2023,6,7,149538,28029,177574,0,0,0,0,0,0,0,2020,False,0.00337887,,22.08,22.08
flood,Italy,ITA,2023,17,0,46500,0,46500,1.00376e+10,0,0,0.420824,9.75e+09,0,0,2020,False,0.0365591,215862,46.65,45.28
flood,Japan,JPN,2023,6,18,4200,0,4218,0,0,0,0,0,0,0,2020,False,0.142248,,17.24,17.24
flood,Kenya,KEN,2023,67,71,283774,0,283845,0,0,0,0,0,0,0,2020,False,0.0236044,,30.21,30.21
flood,Laos,LAO,2023,7,0,110129,0,110129,7.947e+06,0,0,0.0487214,7.719e+06,0,0,2020,False,0.00635618,72.1608,37.9,36.95
flood,Latvia,LVA,2023,0,0,200,0,200,0,0,0,0,0,0,0,2020,False,,,6.87,6.87
flood,Liberia,LBR,2023,0,0,15200,0,15200,0,0,0,0,0,0,0,2020,False,,,12.47,12.47
flood,Malawi,MWI,2023,21,63,31674,0,31737,0,0,0,0,0,0,0,2020,False,0.0661688,,23.64,23.64
flood,Malaysia,MYS,2023,6,0,84187,0,84187,0,0,0,0,0,0,0,2020,False,0.00712699,,21.12,21.12
flood,Mauritania,MRT,2023,1,0,7200,0,7200,0,0,0,0,0,0,0,2020,False,0.0138889,,13.79,13.79
flood,Mexico,MEX,2023,11,0,0,0,0,0,0,0,0,0,0,0,2020,False,,,8.22,8.22
flood,Mongolia,MNG,2023,4,0,289968,0,289968,0,0,0,0,0,0,0,2020,False,0.00137946,,21.61,21.61
flood,Mozambique,MOZ,2023,49,42,119635,0,119677,0,0,0,0,0,0,0,2020,False,0.0409435,,28.07,28.07
flood,Myanmar,MMR,2023,10,35,75300,0,75335,0,0,0,0,0,0,0,2020,False,0.013274,,22.47,22.47
flood,Namibia,NAM,2023,0,0,2190,0,2190,0,0,0,0,0,0,0,2020,False,,,9.96,9.96
flood,Nepal,NPL,2023,36,6,1500,0,1506,0,0,0,0,0,0,0,2020,False,2.39044,,21.41,21.41
flood,New Zealand,NZL,2023,4,0,3786,1614,5400,1.95604e+09,1.33834e+09,0,0.74111,1.9e+09,1.3e+09,0,2020,False,0.0740741,362230,37.99,36.71
flood,Niger,NER,2023,41,53,169598,0,169651,0,0,0,0,0,0,0,2020,False,0.0241673,,27.95,27.95
flood,Nigeria,NGA,2023,275,0,31336,0,31336,0,0,0,0,0,0,0,2020,False,0.877585,,31.99,31.99
flood,Pakistan,PAK,2023,335,499,119305,0,119804,0,0,0,0,0,0,0,2020,False,0.279623,,34.37,34.37
flood,Paraguay,PRY,2023,6,19,46656,0,46675,0,0,0,0,0,0,0,2020,False,0.0128548,,20.35,20.35
flood,Peru,PER,2023,96,0,534494,0,534494,3.13996e+08,0,0,0.113795,3.05e+08,0,0,2020,False,0.0179609,587.464,51.9,50.73
flood,Philippines,PHL,2023,71,12,3548598,0,3548610,4.3785e+07,0,0,0.00973126,4.2531e+07,0,0,2020,False,0.00200078,12.3386,51.38,50.33
flood,Rwanda,RWA,2023,131,77,51905,0,51982,0,0,1.0295e+08,0,0,0,1e+08,2020,False,0.25201,,30.2,30.2
flood,Serbia,SRB,2023,2,0,15642,0,15642,0,0,0,0,0,0,0,2020,False,0.0127861,,16.14,16.14
flood,Slovenia,SVN,2023,6,0,1500120,0,1500120,3.35315e+09,0,0,4.70301,3.25708e+09,0,0,2020,False,0.000399968,2235.26,46.93,45.61
flood,Somalia,SOM,2023,165,2,3326001,0,3326003,0,0,0,0,0,0,0,2020,False,0.00496091,,36.35,36.35
flood,South Africa,ZAF,2023,65,0,8300,0,8300,0,0,0,0,0,0,0,2020,False,0.783133,,25.54,25.54
flood,South Korea,KOR,2023,58,34,10500,0,10534,0,0,0,0,0,0,0,2020,False,0.550598,,25.47,25.47
flood,Spain,ESP,2023,3,0,6000,0,6000,3.80913e+08,0,0,0.0228468,3.7e+08,0,0,2020,False,0.05,63485.5,35.74,34.56
flood,Sri Lanka,LKA,2023,0,0,244504,0,244504,0,0,0,0,0,0,0,2020,False,,,16.07,16.07
flood,Syria,SYR,2023,0,1,2850,0,2851,0,0,0,,0,0,0,2020,False,,,10.3,10.3
flood,Tajikistan,TJK,2023,21,0,0,0,0,0,0,0,0,0,0,0,2020,False,,,10.22,10.22
flood,Tanzania,TZA,2023,51,0,2898476,24,2898500,0,0,0,0,0,0,0,2020,False,0.00175953,,32.33,32.33
flood,Thailand,THA,2023,6,0,249123,0,249123,0,0,0,0,0,0,0,2020,False,0.00240845,,22.52,22.52
flood,Turkey,TUR,2023,27,31,0,0,31,2.5737e+07,0,0,0.00219059,2.5e+07,0,0,2020,False,87.0968,830226,32.68,31.66
flood,Uganda,UGA,2023,23,16,1000,0,1016,0,0,0,0,0,0,0,2020,False,2.26378,,19.47,19.47
flood,Ukraine,UKR,2023,0,0,2850,0,2850,0,0,0,0,0,0,0,2020,False,,,10.3,10.3
flood,United States,USA,2023,13,0,2126,0,2126,3.39733e+09,0,0,0.0118656,3.3e+09,0,0,2020,False,0.611477,1.59799e+06,40.74,39.43
flood,Uruguay,URY,2023,0,0,3472,0,3472,0,0,0,0,0,0,0,2020,False,,,10.56,10.56
flood,Venezuela,VEN,2023,12,0,112,0,112,0,0,0,0,0,0,0,2020,False,10.7143,,14.6,14.6
flood,Vietnam,VNM,2023,24,8,224697,445,225150,0,0,0,0,0,0,0,2020,False,0.0106596,,26.6,26.6
flood,Yemen,YEM,2023,248,183,308000,0,308183,0,0,0,,0,0,0,2020,False,0.0804717,,34.61,34.61
flood,Zambia,ZMB,2023,0,0,176608,0,176608,0,0,0,0,0,0,0,2020,False,,,15.64,15.64
flood,Afghanistan,AFG,2024,611,959,308395,3150,312504,0,0,0,0,0,0,0,2020,False,0.195517,,37.6,37.6
flood,Algeria,DZA,2024,5,0,12000,0,12000,0,0,0,0,0,0,0,2020,False,0.0416667,,18.09,18.09
flood,Argentina,ARG,2024,0,0,402400,0,402400,0,0,0,0,0,0,0,2020,False,,,16.71,16.71
flood,Armenia,ARM,2024,4,0,429,0,429,5e+07,0,0,0.192639,5e+07,0,0,2020,False,0.932401,116550,31.02,29.96
flood,Australia,AUS,2024,1,6,5570,0,5576,5.37464e+08,0,0,0.0305895,5.37464e+08,0,0,2020,False,0.017934,96388.7,33.7,32.5
flood,Bangladesh,BGD,2024,96,0,11188931,0,11188931,1.896e+08,0,0,0.0421222,1.896e+08,0,0,2020,False,0.000857991,16.9453,55.33,54.19
flood,Benin,BEN,2024,0,0,34052,0,34052,0,0,0,0,0,0,0,2020,False,,,13.51,13.51
flood,Bolivia,BOL,2024,4,32,6840,150,7022,0,0,0,0,0,0,0,2020,False,0.0569638,,16.79,16.79
flood,Bosnia and Herzegovina,BIH,2024,27,0,5000,0,5000,1e+07,0,0,0.0336277,1e+07,0,0,2020,False,0.54,2000,38.27,37.31
flood,Brazil,BRA,2024,271,806,2588127,0,2588933,7.56e+09,2e+09,0,0.345865,7.56e+09,2e+09,0,2020,False,0.0104676,2920.12,60.55,59.19
flood,Burkina Faso,BFA,2024,0,0,7684,0,7684,0,0,0,0,0,0,0,2020,False,,,11.58,11.58
flood,Burundi,BDI,2024,29,175,237000,0,237175,0,0,0,0,0,0,0,2020,False,0.0122273,,27.27,27.27
flood,Cameroon,CMR,2024,38,8,500000,0,500008,0,0,0,0,0,0,0,2020,False,0.00759988,,29.1,29.1
flood,Central African Republic,CAF,2024,0,0,2700,0,2700,1.45e+08,0,0,5.26986,1.45e+08,0,0,2020,False,,53703.7,29.15,28.02
flood,Chad,TCD,2024,577,45,1945629,0,1945674,3.8e+08,0,0,1.9089,3.8e+08,0,0,2020,False,0.0296555,195.305,59.66,58.48
flood,Chile,CHL,2024,1,1,6392,0,6393,5.4e+08,0,0,0.164004,5.4e+08,0,0,2020,False,0.0156421,84467.4,33.88,32.68
flood,China,CHN,2024,245,6,176039,0,176045,1.365e+10,0,0,0.072879,1.365e+10,0,0,2020,False,0.139169,77537,57.33,55.94
flood,Congo,COG,2024,9,0,675000,0,675000,0,0,0,0,0,0,0,2020,False,0.00133333,,24.99,24.99
flood,Costa Rica,CRI,2024,8,0,1098668,0,1098668,0,0,0,0,0,0,0,2020,False,0.000728154,,25.27,25.27
flood,Cote d'Ivoire,CIV,2024,26,0,227,0,227,0,0,0,0,0,0,0,2020,False,11.4537,,17.93,17.93
flood,Cyprus,CYP,2024,0,1,468,0,469,0,0,0,0,0,0,0,2020,False,,,7.97,7.97
flood,Democratic Republic of Congo,COD,2024,311,18,2479412,0,2479430,0,0,0,0,0,0,0,2020,False,0.0125432,,38.05,38.05
flood,Dominican Republic,DOM,2024,0,0,15000,0,15000,0,0,0,0,0,0,0,2020,False,,,12.45,12.45
flood,Ecuador,ECU,2024,6,7,117491,0,117498,1e+08,0,0,0.0807739,1e+08,0,0,2020,False,0.00510647,851.078,40.09,38.99
flood,Ethiopia,ETH,2024,5,0,181548,0,181548,0,0,0,0,0,0,0,2020,False,0.00275409,,21.6,21.6
flood,France,FRA,2024,2,2,6864,0,6866,0,0,0,0,0,0,0,2020,False,0.029129,,15.07,15.07
flood,Gabon,GAB,2024,0,0,13400,0,13400,0,0,0,0,0,0,0,2020,False,,,12.3,12.3
flood,Germany,DEU,2024,12,9,3398,0,3407,4.5e+09,2e+09,0,0.0960391,4.5e+09,2e+09,0,2020,False,0.352216,1.32081e+06,41.39,40.06
flood,Guatemala,GTM,2024,18,13,606102,0,606115,0,0,0,0,0,0,0,2020,False,0.00296973,,26.98,26.98
flood,Guinea,GIN,2024,5,1000,175000,0,176000,0,0,0,0,0,0,0,2020,False,0.00284091,,21.56,21.56
flood,Haiti,HTI,2024,30,40,173790,0,173830,0,0,0,0,0,0,0,2020,False,0.0172582,,26.98,26.98
flood,India,IND,2024,285,43,12807150,0,12807193,0,0,0,0,0,0,0,2020,False,0.00222531,,39.89,39.89
flood,Indonesia,IDN,2024,154,56,110902,0,110958,0,0,0,0,0,0,0,2020,False,0.138791,,31.72,31.72
flood,Iran,IRN,2024,44,0,304837,0,304837,0,0,0,0,0,0,0,2020,False,0.0144339,,28.94,28.94
flood,Iraq,IRQ,2024,3,17,18000,0,18017,0,0,0,0,0,0,0,2020,False,0.0166509,,17.27,17.27
flood,Japan,JPN,2024,6,2,11,0,13,8e+08,0,0,0.019093,8e+08,0,0,2020,False,46.1538,6.15385e+07,30.49,29.26
flood,Kazakhstan,KAZ,2024,2,0,120000,0,120000,0,0,0,0,0,0,0,2020,False,0.00166667,,18.78,18.78
flood,Kenya,KEN,2024,536,390,898606,0,898996,0,0,0,0,0,0,0,2020,False,0.0596221,,38.53,38.53
flood,Kyrgyzstan,KGZ,2024,6,0,107401,0,107401,0,0,0,0,0,0,0,2020,False,0.00558654,,21.43,21.43
flood,Laos,LAO,2024,0,0,185843,0,185843,2.261e+06,0,0,0.0137006,2.261e+06,0,0,2020,False,,12.1662,30.44,29.56
flood,Liberia,LBR,2024,2,0,51000,0,51000,0,0,0,0,0,0,0,2020,False,0.00392157,,17.67,17.67
flood,Libya,LBY,2024,5,0,3335,0,3335,0,0,0,0,0,0,0,2020,False,0.149925,,16.43,16.43
flood,Malawi,MWI,2024,17,84,62748,0,62832,0,0,0,0,0,0,0,2020,False,0.0270563,,23.86,23.86
flood,Mali,MLI,2024,92,154,380000,0,380154,1.65e+08,0,0,0.616562,1.65e+08,0,0,2020,False,0.0242007,434.035,50.67,49.54
flood,Morocco,MAR,2024,22,0,0,168,168,0,0,0,0,0,0,0,2020,False,13.0952,,17.01,17.01
flood,Myanmar,MMR,2024,0,0,106792,0,106792,0,0,0,0,0,0,0,2020,False,,,14.99,14.99
flood,Nepal,NPL,2024,292,207,2592840,0,2593047,3.38043e+08,0,0,0.780719,3.38043e+08,0,0,2020,False,0.0112609,130.365,57.67,56.5
flood,Niger,NER,2024,396,405,1526653,0,1527058,2.25e+08,0,0,1.14041,2.25e+08,0,0,2020,False,0.0259322,147.342,57.58,56.43
flood,Nigeria,NGA,2024,358,2912,1788557,0,1791469,2.25e+08,0,0,0.089193,2.25e+08,0,0,2020,False,0.0199836,125.595,57.45,56.3
flood,North Korea,PRK,2024,0,0,4200,0,4200,0,0,0,,0,0,0,2020,False,,,10.8,10.8
flood,Oman,OMN,2024,27,1,1390,0,1391,0,0,0,0,0,0,0,2020,False,1.94105,,20.39,20.39
flood,Pakistan,PAK,2024,408,762,553838,400,555000,0,0,0,0,0,0,0,2020,False,0.0735135,,37.01,37.01
flood,Peru,PER,2024,0,0,549,0,549,0,0,0,0,0,0,0,2020,False,,,8.17,8.17
flood,Philippines,PHL,2024,21,11,1228003,0,1228014,3e+07,0,0,0.00649813,3e+07,0,0,2020,False,0.00171008,24.4297,45.7,44.68
flood,Russia,RUS,2024,3,0,38400,0,38400,2.27e+08,0,0,0.0103821,2.27e+08,0,0,2020,False,0.0078125,5911.46,37.62,36.47
flood,Rwanda,RWA,2024,14,27,0,0,27,0,0,0,0,0,0,0,2020,False,51.8519,,13.27,13.27
flood,Senegal,SEN,2024,0,0,55600,0,55600,0,0,0,0,0,0,0,2020,False,,,14.15,14.15
flood,Sierra Leone,SLE,2024,0,0,23596,0,23596,0,0,0,0,0,0,0,2020,False,,,13.04,13.04
flood,Somalia,SOM,2024,9,0,226000,0,226000,0,0,0,0,0,0,0,2020,False,0.0039823,,23.58,23.58
flood,South Africa,ZAF,2024,44,61,50315,90,50466,6e+07,0,0,0.0149572,6e+07,0,0,2020,False,0.0871874,1188.92,44.64,43.57
flood,South Korea,KOR,2024,4,0,3500,0,3500,2.5e+08,0,0,0.0133306,2.5e+08,0,0,2020,False,0.114286,71428.6,35.35,34.2
flood,South Sudan,SSD,2024,0,0,1400000,0,1400000,0,0,0,,0,0,0,2020,False,,,18.32,18.32
flood,Spain,ESP,2024,232,0,36615,0,36615,1.105e+10,4.2e+09,0,0.64033,1.105e+10,4.2e+09,0,2020,False,0.63362,301789,54.91,53.52
flood,Sri Lanka,LKA,2024,42,48,410854,0,410902,0,0,0,0,0,0,0,2020,False,0.0102214,,29.17,29.17
flood,Sudan,SDN,2024,132,107,317000,0,317107,0,0,0,0,0,0,0,2020,False,0.0416263,,32.57,32.57
flood,Syria,SYR,2024,0,0,9700,0,9700,0,0,0,,0,0,0,2020,False,,,11.89,11.89
flood,Tajikistan,TJK,2024,3,0,40,0,40,0,0,0,0,0,0,0,2020,False,7.5,,9.39,9.39
flood,Tanzania,TZA,2024,164,276,200100,0,200376,0,0,0,0,0,0,0,2020,False,0.0818461,,32.69,32.69
flood,Thailand,THA,2024,57,19,775331,0,775350,2.1e+08,0,0,0.0396686,2.1e+08,0,0,2020,False,0.00735152,270.845,50.27,49.13
flood,Togo,TGO,2024,0,0,12700,0,12700,0,0,0,0,0,0,0,2020,False,,,12.24,12.24
flood,Turkey,TUR,2024,10,0,900,0,900,0,0,0,0,0,0,0,2020,False,1.11111,,16.74,16.74
flood,Uganda,UGA,2024,77,296,57508,0,57804,0,0,0,0,0,0,0,2020,False,0.133209,,28.6,28.6
flood,United Arab Emirates,ARE,2024,4,0,346,0,346,0,0,0,0,0,0,0,2020,False,1.15607,,12.89,12.89
flood,United States,USA,2024,7,48,6516,0,6564,3.8e+09,0,0,0.0129702,3.8e+09,0,0,2020,False,0.106642,578915,40.46,39.14
flood,Uruguay,URY,2024,0,0,103588,0,103588,0,0,0,0,0,0,0,2020,False,,,14.95,14.95
flood,Vietnam,VNM,2024,3,0,9628,0,9628,0,0,0,0,0,0,0,2020,False,0.0311591,,16.46,16.46
flood,Yemen,YEM,2024,342,651,866509,0,867160,0,0,0,,0,0,0,2020,False,0.0394391,,37,37
flood,Afghanistan,AFG,2025,43,48,2000,0,2048,0,0,0,,0,0,0,2020,False,2.09961,,22.38,22.38
flood,Algeria,DZA,2025,5,100,1250,0,1350,0,0,0,0,0,0,0,2020,False,0.37037,,15.26,15.26
flood,Argentina,ARG,2025,125,800,235900,0,236700,0,0,0,0.054897,3.75e+08,0,0,2020,False,0.0528095,,32.01,32.01
flood,Australia,AUS,2025,1,0,630,0,630,3.25364e+07,0,0,0.00180907,3.25364e+07,0,0,2020,False,0.15873,51645.1,28.05,27.02
flood,Bangladesh,BGD,2025,5,0,15350,0,15350,0,0,0,0,0,0,0,2020,False,0.0325733,,18.4,18.4
flood,Bolivia,BOL,2025,98,142,3015500,0,3015642,0,0,0,0.0555822,3.6e+07,0,0,2020,False,0.00324972,,34.51,34.51
flood,Bosnia and Herzegovina,BIH,2025,0,0,3000,0,3000,0,0,0,0,0,0,0,2020,False,,,10.37,10.37
flood,Botswana,BWA,2025,9,0,190343,0,190343,0,0,0,0,0,0,0,2020,False,0.00472831,,23.35,23.35
flood,Brazil,BRA,2025,0,0,780,0,780,0,0,0,0,0,0,0,2020,False,,,8.62,8.62
flood,Bulgaria,BGR,2025,4,0,100,0,100,0,0,0,0,0,0,0,2020,False,4,,11.3,11.3
flood,Cambodia,KHM,2025,0,0,67000,0,67000,0,0,0,0,0,0,0,2020,False,,,14.39,14.39
flood,Cape Verde,CPV,2025,17,0,119000,0,119000,0,0,0,0,0,0,0,2020,False,0.0142857,,24.69,24.69
flood,Central African Republic,CAF,2025,0,0,2500,0,2500,0,0,0,0,0,0,0,2020,False,,,10.13,10.13
flood,Chad,TCD,2025,22,19,123000,0,123019,0,0,0,0,0,0,0,2020,False,0.0178834,,25.54,25.54
flood,China,CHN,2025,177,0,300181,0,300181,0,0,0,0.0297466,5.8e+09,5e+08,0,2020,False,0.0589644,,33.46,33.46
flood,Colombia,COL,2025,130,0,407957,0,407957,0,0,0,0,0,0,0,2020,False,0.0318661,,32.85,32.85
flood,Costa Rica,CRI,2025,0,0,400000,0,400000,0,0,0,0,0,0,0,2020,False,,,16.7,16.7
flood,Democratic Republic of Congo,COD,2025,374,280,276029,7155,283464,0,0,0,0,0,0,0,2020,False,0.131939,,35.85,35.85
flood,Egypt,EGY,2025,0,0,6000,0,6000,0,0,0,0,0,0,0,2020,False,,,11.26,11.26
flood,Equatorial Guinea,GNQ,2025,0,0,23155,0,23155,0,0,0,0,0,0,0,2020,False,,,13.01,13.01
flood,Gambia,GMB,2025,9,117,21260,0,21377,0,0,0,0,0,0,0,2020,False,0.0421013,,20.52,20.52
flood,Georgia,GEO,2025,0,0,20000,0,20000,0,0,0,0,0,0,0,2020,False,,,12.82,12.82
flood,Haiti,HTI,2025,1,1,4115,0,4116,0,0,0,0,0,0,0,2020,False,0.0242954,,13.07,13.07
flood,Honduras,HND,2025,16,0,34073,0,34073,0,0,0,0,0,0,0,2020,False,0.046958,,22.88,22.88
flood,India,IND,2025,405,137,1922147,2500,1924784,0,0,0,5.56108e-05,2.2e+06,0,0,2020,False,0.0210413,,38.59,38.59
flood,Indonesia,IDN,2025,85,20,146209,0,146229,0,0,0,0,0,0,0,2020,False,0.058128,,30.13,30.13
flood,Iran,IRN,2025,7,19,42112,0,42131,0,0,0,0,0,0,0,2020,False,0.0166148,,20.66,20.66
flood,Iraq,IRQ,2025,6,19,46230,0,46249,0,0,0,0,0,0,0,2020,False,0.0129733,,20.34,20.34
flood,Italy,ITA,2025,0,0,250,0,250,0,0,0,0,0,0,0,2020,False,,,7.15,7.15
flood,Japan,JPN,2025,5,8,2091,9,2108,0,0,0,0.00225471,1e+08,0,0,2020,False,0.237192,,15.83,15.83
flood,Laos,LAO,2025,13,0,172010,0,172010,0,0,0,0.0713545,1.306e+07,0,0,2020,False,0.0075577,,24.33,24.33
flood,Madagascar,MDG,2025,11,0,3688,0,3688,0,0,0,0,0,0,0,2020,False,0.298265,,18.85,18.85
flood,Malawi,MWI,2025,39,469,180801,0,181270,0,0,0,0,0,0,0,2020,False,0.0215149,,27.87,27.87
flood,Malaysia,MYS,2025,21,0,52314,0,52314,0,0,0,0,0,0,0,2020,False,0.0401422,,24.29,24.29
flood,Mexico,MEX,2025,108,12,211767,0,211779,0,0,0,0,0,0,0,2020,False,0.0509966,,31.39,31.39
flood,Morocco,MAR,2025,52,38,2800,0,2838,0,0,0,0,0,0,0,2020,False,1.83228,,23.42,23.42
flood,Myanmar,MMR,2025,6,0,35000,580,35580,0,0,0,0,0,0,0,2020,False,0.0168634,,20,20
flood,Namibia,NAM,2025,16,0,0,0,0,0,0,0,0,0,0,0,2020,False,,,9.37,9.37
flood,Nepal,NPL,2025,75,82,25845,0,25927,0,0,0,0,0,0,0,2020,False,0.289274,,27.48,27.48
flood,Niger,NER,2025,110,215,268000,0,268215,0,0,0,0,0,0,0,2020,False,0.0410119,,31.75,31.75
flood,Nigeria,NGA,2025,1390,1046,406360,20000,427406,0,0,0,0.0103166,3e+07,0,0,2020,False,0.325218,,40.72,40.72
flood,Pakistan,PAK,2025,1037,1067,6900000,0,6901067,0,0,0,0.736545,3e+09,0,0,2020,False,0.0150267,,43.35,43.35
flood,Peru,PER,2025,7,0,65116,0,65116,0,0,0,0,0,0,0,2020,False,0.01075,,21.23,21.23
flood,Philippines,PHL,2025,7,0,123192,0,123192,0,0,0,0,0,0,0,2020,False,0.00568219,,22.05,22.05
flood,Romania,ROU,2025,3,0,2500,0,2500,0,0,0,0,0,0,0,2020,False,0.12,,14.71,14.71
flood,Sierra Leone,SLE,2025,0,0,11080,0,11080,0,0,0,0,0,0,0,2020,False,,,12.06,12.06
flood,Somalia,SOM,2025,18,10,129000,0,129010,0,0,0,0,0,0,0,2020,False,0.0139524,,24.97,24.97
flood,South Africa,ZAF,2025,88,0,1000,0,1000,0,0,0,0,0,0,0,2020,False,8.8,,23.79,23.79
flood,South Korea,KOR,2025,31,0,15575,0,15575,0,0,0,0.0405902,7.6e+08,0,0,2020,False,0.199037,,23.96,23.96
flood,South Sudan,SSD,2025,20,0,960000,0,960000,0,0,0,,0,0,0,2020,False,0.00208333,,27.9,27.9
flood,Sudan,SDN,2025,32,0,10000,0,10000,0,0,0,0,0,0,0,2020,False,0.32,,23.49,23.49
flood,Switzerland,CHE,2025,1,0,0,0,0,0,0,0,0.0479143,5e+08,4e+08,0,2020,False,,,2.29,2.29
flood,Taiwan,TWN,2025,7,77,5900,0,5977,0,0,0,,0,0,0,2020,False,0.117116,,18.13,18.13
flood,Tanzania,TZA,2025,26,0,3150,0,3150,0,0,0,0,0,0,0,2020,False,0.825397,,21.33,21.33
flood,Thailand,THA,2025,303,5,4621568,0,4621573,0,0,0,2.70359,1.56e+10,0,0,2020,False,0.00655621,,38.77,38.77
flood,Uganda,UGA,2025,5,50,15000,0,15050,0,0,0,0,0,0,0,2020,False,0.0332226,,18.38,18.38
flood,Ukraine,UKR,2025,9,0,2010,0,2010,0,0,0,0,0,0,0,2020,False,0.447761,,17.46,17.46
flood,United States,USA,2025,158,7,1520,0,1527,0,0,0,0.00822238,2.53e+09,0,0,2020,False,10.3471,,26.25,26.25
flood,Vietnam,VNM,2025,17,0,800,0,800,0,0,0,0,0,0,0,2020,False,2.125,,18.21,18.21
flood,Yemen,YEM,2025,82,95,455000,0,455095,0,0,0,,0,0,0,2020,False,0.0180182,,31.48,31.48
flood,Zambia,ZMB,2025,0,0,19375,0,19375,0,0,0,0,0,0,0,2020,False,,,12.78,12.78
