uei,start,end,state,location,deaths
UEI-IMD-FL-1967-0001,1967-07-02,1967-07-08,Assam,,
UEI-IMD-FL-1967-0002,1967-07-22,1967-07-28,"Maharashtra, Gujarat",,
UEI-IMD-FL-1967-0003,1967-08-01,1967-08-30,Uttar Pradesh,,
UEI-IMD-FL-1967-0004,1967-09-08,1967-09-09,"Odisha, Bihar, Uttar Pradesh, Madhya Pradesh, Rajasthan, Haryana",,
UEI-IMD-FL-1968-0002,1968-06-08,1968-06-12,West Bengal,,
UEI-IMD-FL-1968-0001,1968-06-22,1968-06-28,Assam,,
UEI-IMD-FL-1968-0003,1968-07-01,1968-07-30,"Kerala, Rajasthan, Haryana, Uttar Pradesh, Bihar",,
UEI-IMD-FL-1968-0004,1968-07-18,1968-07-18,Uttar Pradesh,,
UEI-IMD-FL-1968-0005,1968-08-01,1968-08-08,Gujarat,,
UEI-IMD-FL-1968-0006,1968-10-01,1968-10-08,West Bengal,,
UEI-IMD-FL-1968-0007,1968-10-03,1968-10-05,Sikkim,,
UEI-IMD-FL-1968-0008,1968-11-06,1968-11-06,Andhra Pradesh,,
UEI-IMD-FL-1969-0001,1969-06-08,1969-07-13,Assam,,
UEI-IMD-FL-1969-0002,1969-07-15,1969-07-22,"Karnataka, Kerala",,
UEI-IMD-FL-1969-0003,1969-07-22,1969-07-29,"Odisha, Rajasthan",,
UEI-IMD-FL-1969-0005,1969-08-01,1969-08-22,"Jammu and Kashmir, Delhi, Punjab",,
UEI-IMD-FL-1969-0007,1969-08-01,1969-09-14,Gujarat,,
UEI-IMD-FL-1969-0004,1969-08-02,1969-08-03,"Himachal Pradesh, Uttar Pradesh",,
UEI-IMD-FL-1969-0006,1969-09-01,1969-09-15,Maharashtra,,
UEI-IMD-FL-1969-0008,1969-09-15,1969-09-22,"Maharashtra, Telangana",,
UEI-IMD-FL-1969-0010,1969-10-15,1969-10-29,Tamil Nadu,,
UEI-IMD-FL-1969-0009,1969-10-22,1969-10-23,Madras,,
UEI-IMD-FL-1970-0001,1970-06-15,1970-06-22,Assam,,
UEI-IMD-FL-1970-0002,1970-07-15,1970-07-29,Uttarakhand,,
UEI-IMD-FL-1970-0005,1970-08-08,1970-08-14,Odisha,,
UEI-IMD-FL-1970-0004,1970-08-22,1970-08-29,"Andhra Pradesh, Madhya Pradesh",,
UEI-IMD-FL-1970-0006,1970-09-01,1970-09-14,Gujarat,,
UEI-IMD-FL-1970-0007,1970-09-01,1970-09-14,West Bengal,,80.0
UEI-IMD-FL-1970-0009,1970-09-01,1970-09-10,Maharashtra,,
UEI-IMD-FL-1970-0010,1970-09-11,1970-09-20,Kerala,,
UEI-IMD-FL-1970-0011,1970-09-22,1970-09-22,Telangana,,100.0
UEI-IMD-FL-1970-0008,1970-09-27,1970-09-30,Uttar Pradesh,,223.0
UEI-IMD-FL-1970-0012,1970-11-21,1970-11-27,Tamil Nadu,,
UEI-IMD-FL-1971-0013,1971-01-01,1971-12-31,"Uttar Pradesh, Bihar, Odisha, West Bengal",,1025.0
UEI-IMD-FL-1971-0001,1971-02-21,1971-02-27,Jammu and Kashmir,,
UEI-IMD-FL-1971-0002,1971-05-08,1971-05-14,Kerala,,
UEI-IMD-FL-1971-0003,1971-06-01,1971-06-30,"Uttar Pradesh , Assam , Bihar , West Bengal, Kerala",,
UEI-IMD-FL-1971-0004,1971-06-23,1971-06-23,Maharashtra,,
UEI-IMD-FL-1971-0005,1971-07-01,1971-07-31,"Assam, Odisha, West Bengal, Bihar",,
UEI-IMD-FL-1971-0006,1971-08-01,1971-08-14,"Uttar Pradesh, Bihar,  Assam",,
UEI-IMD-FL-1971-0007,1971-08-01,1971-08-14,"Madhya Pradesh, Punjab, Haryana, West Bengal",,
UEI-IMD-FL-1971-0008,1971-08-15,1971-08-28,"Bihar, Uttar pradesh, West Bengal, Himachal Pradesh",,
UEI-IMD-FL-1971-0009,1971-08-22,1971-08-31,Parts of Maharashtra,,
UEI-IMD-FL-1971-0010,1971-09-01,1971-09-14,"Uttar Pradesh, West Bengal, Bihar",,
UEI-IMD-FL-1971-0011,1971-09-22,1971-09-28,"Bihar, Maharashtra",,
UEI-IMD-FL-1971-0012,1971-10-08,1971-10-14,Assam,,
UEI-IMD-FL-1972-0001,1972-05-08,1972-05-21,Kerala,,
UEI-IMD-FL-1972-0002,1972-05-15,1972-05-21,Jammu and Kashmir,,
UEI-IMD-FL-1972-0003,1972-06-01,1972-06-07,Karnataka,,
UEI-IMD-FL-1972-0004,1972-06-15,1972-06-28,Maharashtra,,8.0
UEI-IMD-FL-1972-0005,1972-06-15,1972-06-21,Assam,,50.0
UEI-IMD-FL-1972-0006,1972-07-01,1972-07-14,Kerala,,
UEI-IMD-FL-1972-0007,1972-07-01,1972-07-07,Delhi,,
UEI-IMD-FL-1972-0008,1972-07-08,1972-07-21,"Odisha, Bihar, Assam, West Bengal",,90.0
UEI-IMD-FL-1972-0009,1972-08-01,1972-08-14,Jammu and Kashmir,,
UEI-IMD-FL-1972-0010,1972-08-15,1972-08-21,"Uttar Pradesh, East Rajasthan",,
UEI-IMD-FL-1973-0001,1973-03-08,1973-03-14,Jammu and Kashmir,,
UEI-IMD-FL-1973-0003,1973-04-01,1973-04-07,Maharashtra,,
UEI-IMD-FL-1973-0002,1973-05-01,1973-05-14,Assam,,
UEI-IMD-FL-1973-0004,1973-06-01,1973-06-07,West Bengal,,
UEI-IMD-FL-1973-0005,1973-06-08,1973-06-21,Assam,,3.0
UEI-IMD-FL-1973-0006,1973-06-22,1973-06-28,Assam,,
UEI-IMD-FL-1973-0007,1973-07-01,1973-07-14,"Rajasthan, Bihar, Madhya Pradesh, Gujarat, Maharashtra, Uttar Pradesh",,90.0
UEI-IMD-FL-1973-0008,1973-07-15,1973-07-21,Madhya Pradesh,,
UEI-IMD-FL-1973-0009,1973-07-22,1973-07-28,"Himachal Pradesh, Uttar Pradesh, Bihar,  West Bengal",,144.0
UEI-IMD-FL-1973-0010,1973-08-08,1973-08-14,"Jammu and Kashmir, Punjab, Uttar Pradesh, Assam,  Arunachal Pradesh",,268.0
UEI-IMD-FL-1973-0011,1973-08-15,1973-08-31,Rajasthan,,13.0
UEI-IMD-FL-1973-0012,1973-08-15,1973-08-21,"Rajasthan, Punjab, Uttar Pradesh",,79.0
UEI-IMD-FL-1973-0013,1973-08-31,1973-08-31,Gujarat,,
UEI-IMD-FL-1973-0014,1973-08-31,1973-09-09,Gujarat,,66.0
UEI-IMD-FL-1973-0016,1973-10-01,1973-10-07,"Uttar Pradesh, Bihar",,145.0
UEI-IMD-FL-1973-0017,1973-10-08,1973-10-14,"Bihar, Odisha, West Bengal, Assam, Andhra Pradesh",,77.0
UEI-IMD-FL-1974-0001,1974-06-01,1974-09-01,Assam,,
UEI-IMD-FL-1974-0002,1974-07-01,1974-08-03,"Bihar, West Bengal",,
UEI-IMD-FL-1974-0003,1974-07-01,1974-08-07,Maharashtra,,50.0
UEI-IMD-FL-1974-0004,1974-07-01,1974-07-07,Maharashtra,,17.0
UEI-IMD-FL-1974-0005,1974-07-22,1974-07-28,"Kerala, Karnataka",,
UEI-IMD-FL-1975-0001,1975-05-15,1975-05-31,Assam,,
UEI-IMD-FL-1975-0003,1975-06-01,1975-06-15,West Bengal,,
UEI-IMD-FL-1975-0021,1975-06-15,1975-06-30,Karnataka,,
UEI-IMD-FL-1975-0022,1975-06-15,1975-06-30,Karnataka,,
UEI-IMD-FL-1975-0025,1975-06-15,1975-06-30,Kerala,,
UEI-IMD-FL-1975-0018,1975-06-20,1975-09-06,Maharashtra,,
UEI-IMD-FL-1975-0002,1975-06-22,1975-06-28,Assam,,
UEI-IMD-FL-1975-0016,1975-07-01,1975-08-07,Uttar Pradesh,,
UEI-IMD-FL-1975-0013,1975-07-15,1975-07-31,Rajasthan,,
UEI-IMD-FL-1975-0004,1975-07-22,1975-07-28,West Bengal,,
UEI-IMD-FL-1975-0007,1975-07-22,1975-07-28,Bihar,,26.0
UEI-IMD-FL-1975-0014,1975-08-01,1975-08-07,Rajasthan,,
UEI-IMD-FL-1975-0019,1975-08-01,1975-08-07,Maharashtra,,10.0
UEI-IMD-FL-1975-0020,1975-08-01,1975-08-31,Maharashtra,,
UEI-IMD-FL-1975-0023,1975-08-01,1975-08-27,Karnataka,,
UEI-IMD-FL-1976-0016,1975-08-01,1975-08-31,Rajasthan,,
UEI-IMD-FL-1975-0005,1975-08-15,1975-08-21,West Bengal,,
UEI-IMD-FL-1975-0011,1975-08-15,1975-08-21,Odisha,,43.0
UEI-IMD-FL-1975-0008,1975-08-20,1975-08-24,Bihar,,
UEI-IMD-FL-1975-0009,1975-08-25,1975-08-25,Bihar,,200.0
UEI-IMD-FL-1975-0015,1975-09-01,1975-09-07,Rajasthan,,
UEI-IMD-FL-1975-0012,1975-09-08,1975-09-14,Odisha,,
UEI-IMD-FL-1975-0017,1975-09-08,1975-09-14,Uttar Pradesh,,25.0
UEI-IMD-FL-1975-0006,1975-09-22,1975-09-28,"West Bengal, Bihar",,
UEI-IMD-FL-1975-0010,1975-09-22,1975-09-28,Bihar,,11.0
UEI-IMD-FL-1975-0024,1975-10-08,1975-10-21,Andhra Pradesh,,
UEI-IMD-FL-1975-0026,1975-11-01,1975-11-07,Kerala,,4.0
UEI-IMD-FL-1975-0027,1975-11-21,1975-11-27,Tamil Nadu,,
UEI-IMD-FL-1976-0027,1976-05-11,1976-05-11,Tamil Nadu,,
UEI-IMD-FL-1976-0001,1976-06-08,1976-06-14,"Assam, Manipur, Tripura,  Arunachal Pradesh",,
UEI-IMD-FL-1976-0003,1976-06-22,1976-06-28,West Bengal,,3.0
UEI-IMD-FL-1976-0025,1976-07-01,1976-07-07,Telangana,,15.0
UEI-IMD-FL-1976-0018,1976-07-08,1976-07-14,Gujarat,,
UEI-IMD-FL-1976-0002,1976-07-15,1976-07-21,"Assam, Manipur, Arunachal Pradesh",,44.0
UEI-IMD-FL-1976-0022,1976-07-15,1976-07-21,Maharashtra,,
UEI-IMD-FL-1976-0026,1976-07-22,1976-07-28,Kerala,,20.0
UEI-IMD-FL-1976-0019,1976-07-31,1976-07-31,Dadra and Nagar Haveli,,15.0
UEI-IMD-FL-1976-0023,1976-07-31,1976-07-31,Maharashtra,,3.0
UEI-IMD-FL-1976-0004,1976-08-01,1976-08-07,West Bengal,,
UEI-IMD-FL-1976-0013,1976-08-01,1976-09-07,Punjab,,85.0
UEI-IMD-FL-1976-0014,1976-08-01,1976-08-07,Jammu and Kashmir,,
UEI-IMD-FL-1976-0020,1976-08-01,1976-08-07,Gujarat,,
UEI-IMD-FL-1976-0008,1976-08-08,1976-08-14,Odisha,,
UEI-IMD-FL-1976-0015,1976-08-08,1976-08-14,Jammu and Kashmir,,68.0
UEI-IMD-FL-1976-0005,1976-08-15,1976-08-21,West Bengal,,200.0
UEI-IMD-FL-1976-0006,1976-08-15,1976-08-21,West Bengal,,
UEI-IMD-FL-1976-0010,1976-08-15,1976-08-21,Uttar Pradesh,,
UEI-IMD-FL-1976-0012,1976-08-18,1976-08-18,Delhi,,
UEI-IMD-FL-1976-0021,1976-08-22,1976-08-28,Gujarat,,
UEI-IMD-FL-1976-0024,1976-09-01,1976-09-07,Maharashtra,,
UEI-IMD-FL-1976-0009,1976-09-08,1976-09-21,Bihar,,
UEI-IMD-FL-1976-0011,1976-09-08,1976-09-21,Uttar Pradesh,,228.0
UEI-IMD-FL-1976-0007,1976-09-15,1976-09-21,West Bengal,,
UEI-IMD-FL-1976-0017,1976-09-22,1976-09-28,Rajasthan,,
UEI-IMD-FL-1976-0028,1976-10-08,1976-10-21,Tamil Nadu,,2.0
UEI-IMD-FL-1976-0029,1976-11-15,1976-11-21,Tamil Nadu,,5.0
UEI-IMD-FL-1978-0033,1978-02-01,1978-02-07,Madhya Pradesh,,
UEI-IMD-FL-1978-0040,1978-02-01,1978-02-07,Maharashtra,,50.0
UEI-IMD-FL-1978-0020,1978-03-01,1978-03-07,Delhi,,
UEI-IMD-FL-1978-0041,1978-03-08,1978-03-14,Maharashtra,,
UEI-IMD-FL-1978-0054,1978-04-01,1978-04-07,Tamil Nadu,,
UEI-IMD-FL-1978-0003,1978-06-08,1978-06-14,Assam,,
UEI-IMD-FL-1978-0042,1978-06-08,1978-06-14,Maharashtra,,9.0
UEI-IMD-FL-1978-0059,1978-06-15,1978-06-21,Uttar Pradesh,,2.0
UEI-IMD-FL-1978-0004,1978-06-22,1978-06-28,Assam,,9.0
UEI-IMD-FL-1978-0043,1978-06-22,1978-06-28,Maharashtra,,
UEI-IMD-FL-1978-0053,1978-06-22,1978-06-28,Rajasthan,,80.0
UEI-IMD-FL-1978-0034,1978-07-01,1978-07-07,Madhya Pradesh,,11.0
UEI-IMD-FL-1978-0044,1978-07-08,1978-07-14,Maharashtra,,1.0
UEI-IMD-FL-1978-0005,1978-07-15,1978-07-21,Assam,,2.0
UEI-IMD-FL-1978-0012,1978-07-15,1978-07-28,Bihar,,27.0
UEI-IMD-FL-1978-0030,1978-07-15,1978-07-21,Karnataka,,9.0
UEI-IMD-FL-1978-0051,1978-07-15,1978-07-21,Rajasthan,,9.0
UEI-IMD-FL-1978-0052,1978-07-15,1978-07-21,Rajasthan,,2.0
UEI-IMD-FL-1978-0060,1978-07-15,1978-07-28,Uttar Pradesh,,161.0
UEI-IMD-FL-1978-0025,1978-07-22,1978-07-28,Himachal Pradesh,,1.0
UEI-IMD-FL-1978-0031,1978-07-22,1978-07-28,Karnataka,,4.0
UEI-IMD-FL-1978-0035,1978-07-22,1978-07-28,Madhya Pradesh,,
UEI-IMD-FL-1978-0045,1978-07-22,1978-07-28,Maharashtra,,16.0
UEI-IMD-FL-1978-0048,1978-07-22,1978-07-28,Punjab,,1.0
UEI-IMD-FL-1978-0058,1978-07-22,1978-07-28,Tripura,,
UEI-IMD-FL-1978-0001,1978-08-01,1978-08-21,Andhra Pradesh,,
UEI-IMD-FL-1978-0002,1978-08-01,1978-08-21,Andhra Pradesh,,44.0
UEI-IMD-FL-1978-0013,1978-08-01,1978-08-07,Bihar,,
UEI-IMD-FL-1978-0021,1978-08-01,1978-08-07,Delhi,,
UEI-IMD-FL-1978-0036,1978-08-01,1978-08-07,Madhya Pradesh,,
UEI-IMD-FL-1978-0049,1978-08-01,1978-08-07,Punjab,,
UEI-IMD-FL-1978-0061,1978-08-01,1978-08-07,Uttar Pradesh,,2.0
UEI-IMD-FL-1978-0050,1978-08-03,1978-08-04,Punjab,,14.0
UEI-IMD-FL-1978-0006,1978-08-08,1978-08-14,Assam,,
UEI-IMD-FL-1978-0014,1978-08-08,1978-08-14,Bihar,,36.0
UEI-IMD-FL-1978-0015,1978-08-08,1978-08-21,Bihar,,45.0
UEI-IMD-FL-1978-0028,1978-08-08,1978-08-14,Jammu and Kashmir,,
UEI-IMD-FL-1978-0062,1978-08-08,1978-08-14,Uttar Pradesh,,29.0
UEI-IMD-FL-1978-0007,1978-08-15,1978-08-28,West Bengal,,16.0
UEI-IMD-FL-1978-0016,1978-08-15,1978-08-21,Bihar,,
UEI-IMD-FL-1978-0026,1978-08-15,1978-08-21,Himachal Pradesh,,44.0
UEI-IMD-FL-1978-0029,1978-08-15,1978-08-21,Jammu and Kashmir,,
UEI-IMD-FL-1978-0037,1978-08-15,1978-08-21,Madhya Pradesh,,
UEI-IMD-FL-1978-0047,1978-08-15,1978-08-21,Odisha,,
UEI-IMD-FL-1978-0063,1978-08-15,1978-08-21,Uttar Pradesh,,12.0
UEI-IMD-FL-1978-0023,1978-08-22,1978-08-28,Gujarat,,19.0
UEI-IMD-FL-1978-0038,1978-08-22,1978-08-28,Madhya Pradesh,,
UEI-IMD-FL-1978-0046,1978-08-22,1978-08-28,Maharashtra,,3.0
UEI-IMD-FL-1978-0008,1978-09-01,1978-09-07,West Bengal,,64.0
UEI-IMD-FL-1978-0022,1978-09-01,1978-09-07,Delhi,,33.0
UEI-IMD-FL-1978-0024,1978-09-01,1978-09-07,Haryana,,10.0
UEI-IMD-FL-1978-0027,1978-09-01,1978-09-07,Himachal Pradesh,,44.0
UEI-IMD-FL-1978-0039,1978-09-01,1978-09-07,Madhya Pradesh,,2.0
UEI-IMD-FL-1978-0064,1978-09-01,1978-09-07,Uttar Pradesh,,850.0
UEI-IMD-FL-1978-0009,1978-09-08,1978-09-14,West Bengal,,86.0
UEI-IMD-FL-1978-0017,1978-09-08,1978-09-14,Bihar,,
UEI-IMD-FL-1978-0065,1978-09-08,1978-09-14,Uttar Pradesh,,51.0
UEI-IMD-FL-1978-0066,1978-09-08,1978-09-21,Uttar Pradesh,,
UEI-IMD-FL-1978-0010,1978-09-22,1978-09-28,West Bengal,,177.0
UEI-IMD-FL-1978-0018,1978-09-22,1978-09-28,Bihar,,6.0
UEI-IMD-FL-1978-0067,1978-09-22,1978-09-28,Uttar Pradesh,,
UEI-IMD-FL-1978-0011,1978-10-01,1978-10-07,West Bengal,,58.0
UEI-IMD-FL-1978-0019,1978-10-01,1978-10-07,Bihar,,
UEI-IMD-FL-1978-0032,1978-11-01,1978-11-07,Kerala,,44.0
UEI-IMD-FL-1978-0055,1978-11-01,1978-11-07,Tamil Nadu,,200.0
UEI-IMD-FL-1978-0056,1978-11-22,1978-11-28,Tamil Nadu,,
UEI-IMD-FL-1978-0057,1978-12-22,1978-12-28,Tamil Nadu,,45.0
UEI-IMD-FL-1979-0032,1979-01-22,1979-02-14,Maharashtra,,9.0
UEI-IMD-FL-1979-0043,1979-02-21,1979-02-21,Delhi,,
UEI-IMD-FL-1979-0057,1979-03-09,1979-03-09,Uttarakhand,,
UEI-IMD-FL-1979-0048,1979-05-12,1979-11-13,Tamil Nadu,,4.0
UEI-IMD-FL-1979-0010,1979-05-22,1979-05-28,Jammu and Kashmir,,8.0
UEI-IMD-FL-1979-0021,1979-06-10,1979-06-19,Kerala,,
UEI-IMD-FL-1979-0022,1979-06-14,1979-06-14,Kerala,,
UEI-IMD-FL-1979-0033,1979-06-24,1979-06-24,Maharashtra,,2.0
UEI-IMD-FL-1979-0028,1979-06-25,1979-06-25,Madhya Pradesh,,31.0
UEI-IMD-FL-1979-0003,1979-06-30,1979-06-30,Assam,,
UEI-IMD-FL-1979-0004,1979-07-01,1979-07-07,Assam,,3.0
UEI-IMD-FL-1979-0029,1979-07-01,1979-07-01,Madhya Pradesh,,2.0
UEI-IMD-FL-1979-0023,1979-07-02,1979-07-02,Kerala,,4.0
UEI-IMD-FL-1979-0036,1979-07-03,1979-07-04,Maharashtra,,10.0
UEI-IMD-FL-1979-0011,1979-07-08,1979-07-14,Jammu and Kashmir,,
UEI-IMD-FL-1979-0034,1979-07-08,1979-07-08,Maharashtra,,
UEI-IMD-FL-1979-0044,1979-07-08,1979-07-21,Rajasthan,,581.0
UEI-IMD-FL-1979-0058,1979-07-08,1979-07-28,"Uttar Pradesh, Uttarakhand",,11.0
UEI-IMD-FL-1979-0060,1979-07-10,1979-07-10,West Bengal,,
UEI-IMD-FL-1979-0005,1979-07-22,1979-07-28,Assam,,
UEI-IMD-FL-1979-0046,1979-07-22,1979-07-22,Sikkim,,2.0
UEI-IMD-FL-1979-0053,1979-07-23,1979-11-18,Tamil Nadu,,3.0
UEI-IMD-FL-1979-0024,1979-07-29,1979-07-31,Kerala,,
UEI-IMD-FL-1979-0025,1979-08-01,1979-08-03,Kerala,,3.0
UEI-IMD-FL-1979-0035,1979-08-01,1979-08-07,Maharashtra,,7.0
UEI-IMD-FL-1979-0013,1979-08-02,1979-08-02,Karnataka,,
UEI-IMD-FL-1979-0014,1979-08-03,1979-08-04,Karnataka,,
UEI-IMD-FL-1979-0030,1979-08-03,1979-08-03,Madhya Pradesh,,4.0
UEI-IMD-FL-1979-0045,1979-08-03,1979-08-04,Rajasthan,,
UEI-IMD-FL-1979-0061,1979-08-05,1979-08-08,Uttar Pradesh,,
UEI-IMD-FL-1979-0026,1979-08-06,1979-08-07,Kerala,,
UEI-IMD-FL-1979-0012,1979-08-08,1979-08-09,Jammu and Kashmir,,
UEI-IMD-FL-1979-0037,1979-08-08,1979-08-10,Maharashtra,,40.0
UEI-IMD-FL-1979-0059,1979-08-08,1979-08-21,Uttar Pradesh,,76.0
UEI-IMD-FL-1979-0007,1979-08-11,1979-08-11,Gujarat,,
UEI-IMD-FL-1979-0008,1979-08-11,1979-08-11,Gujarat,,1485.0
UEI-IMD-FL-1979-0006,1979-09-08,1979-09-14,Assam,,
UEI-IMD-FL-1979-0038,1979-09-08,1979-09-28,Maharashtra,,
UEI-IMD-FL-1979-0015,1979-09-13,1979-09-13,Karnataka,,35.0
UEI-IMD-FL-1979-0016,1979-09-16,1979-09-16,Karnataka,,
UEI-IMD-FL-1979-0039,1979-09-16,1979-09-16,Maharashtra,,1.0
UEI-IMD-FL-1979-0018,1979-09-22,1979-09-28,Karnataka,,
UEI-IMD-FL-1979-0017,1979-09-25,1979-09-25,Karnataka,,
UEI-IMD-FL-1979-0040,1979-09-25,1979-09-25,Maharashtra,,1.0
UEI-IMD-FL-1979-0041,1979-09-27,1979-09-27,Maharashtra,,
UEI-IMD-FL-1979-0002,1979-10-01,1979-10-14,Arunachal Pradesh,,5.0
UEI-IMD-FL-1979-0019,1979-10-08,1979-10-08,Karnataka,,1.0
UEI-IMD-FL-1979-0031,1979-10-08,1979-10-14,Madhya Pradesh,,
UEI-IMD-FL-1979-0042,1979-11-04,1979-11-04,Maharashtra,,2.0
UEI-IMD-FL-1979-0049,1979-11-13,1979-11-20,Tamil Nadu,,19.0
UEI-IMD-FL-1979-0052,1979-11-13,1979-11-20,Tamil Nadu,,9.0
UEI-IMD-FL-1979-0054,1979-11-13,1979-11-20,Tamil Nadu,,18.0
UEI-IMD-FL-1979-0055,1979-11-13,1979-11-22,Tamil Nadu,,9.0
UEI-IMD-FL-1979-0001,1979-11-15,1979-11-25,Andhra Pradesh,,
UEI-IMD-FL-1979-0009,1979-11-15,1979-11-28,Gujarat,,
UEI-IMD-FL-1979-0027,1979-11-15,1979-11-19,Kerala,,
UEI-IMD-FL-1979-0020,1979-11-16,1979-11-16,Karnataka,,
UEI-IMD-FL-1979-0047,1979-11-17,1979-11-23,Tamil Nadu,,18.0
UEI-IMD-FL-1979-0051,1979-11-19,1979-11-19,Tamil Nadu,,34.0
UEI-IMD-FL-1979-0050,1979-11-22,1979-11-22,Tamil Nadu,,
UEI-IMD-FL-1979-0056,1979-12-11,1979-12-11,Tamil Nadu,,30.0
UEI-IMD-FL-1980-0016,1980-02-07,1980-02-07,Karnataka,,
UEI-IMD-FL-1980-0017,1980-05-07,1980-05-07,Karnataka,,
UEI-IMD-FL-1980-0002,1980-06-15,1980-06-28,Assam,,
UEI-IMD-FL-1980-0021,1980-06-15,1980-06-21,Kerala,,3.0
UEI-IMD-FL-1980-0031,1980-06-15,1980-06-15,Maharashtra,,1.0
UEI-IMD-FL-1980-0008,1980-06-22,1980-07-31,Gujarat,,27.0
UEI-IMD-FL-1980-0022,1980-06-22,1980-06-28,Kerala,,
UEI-IMD-FL-1980-0047,1980-06-25,1980-06-25,Punjab,,
UEI-IMD-FL-1980-0055,1980-06-25,1980-06-25,Uttarakhand,,25.0
UEI-IMD-FL-1980-0011,1980-07-01,1980-07-01,Delhi,,1.0
UEI-IMD-FL-1980-0018,1980-07-01,1980-07-07,Karnataka,,3.0
UEI-IMD-FL-1980-0023,1980-07-01,1980-07-14,Kerala,,8.0
UEI-IMD-FL-1980-0027,1980-07-01,1980-07-07,Madhya Pradesh,,
UEI-IMD-FL-1980-0032,1980-07-01,1980-07-07,Maharashtra,,2.0
UEI-IMD-FL-1980-0035,1980-07-01,1980-07-07,Goa,,
UEI-IMD-FL-1980-0036,1980-07-01,1980-07-07,Maharashtra,,
UEI-IMD-FL-1980-0052,1980-07-01,1980-07-07,Tamil Nadu,,1.0
UEI-IMD-FL-1980-0010,1980-07-08,1980-07-28,Haryana,,3.0
UEI-IMD-FL-1980-0012,1980-07-08,1980-07-28,Delhi,,4.0
UEI-IMD-FL-1980-0013,1980-07-08,1980-07-21,Chandigarh,,3.0
UEI-IMD-FL-1980-0015,1980-07-08,1980-07-14,Jammu and Kashmir,,1.0
UEI-IMD-FL-1980-0048,1980-07-08,1980-07-21,Punjab,,21.0
UEI-IMD-FL-1980-0050,1980-07-08,1980-07-21,Rajasthan,,27.0
UEI-IMD-FL-1980-0056,1980-07-08,1980-07-08,Uttar Pradesh,,8.0
UEI-IMD-FL-1980-0057,1980-07-08,1980-07-14,"Uttar Pradesh, Uttarakhand",,49.0
UEI-IMD-FL-1980-0014,1980-07-12,1980-07-12,Himachal Pradesh,,4.0
UEI-IMD-FL-1980-0005,1980-07-15,1980-07-21,Bihar,,
UEI-IMD-FL-1980-0049,1980-07-15,1980-07-28,Punjab,,
UEI-IMD-FL-1980-0058,1980-07-15,1980-07-28,"Uttar Pradesh, Uttarakhand",,130.0
UEI-IMD-FL-1980-0041,1980-07-22,1980-07-28,Maharashtra,,
UEI-IMD-FL-1980-0045,1980-08-01,1980-08-07,Odisha,,
UEI-IMD-FL-1980-0059,1980-08-01,1980-09-21,"Uttar Pradesh, Uttarakhand",,1313.0
UEI-IMD-FL-1980-0033,1980-08-04,1980-08-04,Maharashtra,,1.0
UEI-IMD-FL-1980-0037,1980-08-04,1980-08-04,Maharashtra,,
UEI-IMD-FL-1980-0003,1980-08-06,1980-08-06,Assam,,1.0
UEI-IMD-FL-1980-0004,1980-08-08,1980-08-21,Assam,,23.0
UEI-IMD-FL-1980-0006,1980-08-08,1980-08-14,Bihar,,18.0
UEI-IMD-FL-1980-0019,1980-08-08,1980-08-14,Karnataka,,3.0
UEI-IMD-FL-1980-0039,1980-08-15,1980-08-21,Maharashtra,,13.0
UEI-IMD-FL-1980-0040,1980-08-15,1980-08-28,Maharashtra,,15.0
UEI-IMD-FL-1980-0038,1980-08-18,1980-08-18,Maharashtra,,
UEI-IMD-FL-1980-0034,1980-08-21,1980-08-22,Maharashtra,,45.0
UEI-IMD-FL-1980-0007,1980-08-22,1980-08-28,Bihar,,3.0
UEI-IMD-FL-1980-0020,1980-08-22,1980-08-28,Karnataka,,7.0
UEI-IMD-FL-1980-0024,1980-08-22,1980-08-28,Kerala,,2.0
UEI-IMD-FL-1980-0051,1980-08-22,1980-08-28,Sikkim,,
UEI-IMD-FL-1980-0009,1980-08-31,1980-08-31,Gujarat,,
UEI-IMD-FL-1980-0028,1980-08-31,1980-08-31,Madhya Pradesh,,6.0
UEI-IMD-FL-1980-0042,1980-08-31,1980-08-31,Maharashtra,,7.0
UEI-IMD-FL-1980-0043,1980-09-01,1980-09-07,Maharashtra,,
UEI-IMD-FL-1980-0060,1980-09-01,1980-09-07,West Bengal,,60.0
UEI-IMD-FL-1980-0001,1980-09-15,1980-09-21,Andhra Pradesh,,85.0
UEI-IMD-FL-1980-0029,1980-09-15,1980-09-21,Chhattisgarh,,1.0
UEI-IMD-FL-1980-0030,1980-09-15,1980-09-28,Chhattisgarh,,22.0
UEI-IMD-FL-1980-0046,1980-09-15,1980-09-21,Odisha,,220.0
UEI-IMD-FL-1980-0025,1980-09-22,1980-09-28,Kerala,,
UEI-IMD-FL-1980-0026,1980-10-01,1980-10-07,Kerala,,
UEI-IMD-FL-1980-0044,1980-10-05,1980-10-05,Manipur,,
UEI-IMD-FL-1980-0053,1980-11-12,1980-11-12,Tamil Nadu,,1.0
UEI-IMD-FL-1980-0054,1980-11-15,1980-11-21,Tamil Nadu,,
UEI-IMD-FL-1981-0068,1981-01-08,1981-01-14,Punjab,,
UEI-IMD-FL-1981-0043,1981-01-18,1981-01-18,Maharashtra,,
UEI-IMD-FL-1981-0065,1981-03-22,1981-03-22,Odisha,,
UEI-IMD-FL-1981-0066,1981-04-03,1981-04-03,Odisha,,
UEI-IMD-FL-1981-0082,1981-05-01,1981-05-31,West Bengal,,
UEI-IMD-FL-1981-0083,1981-05-27,1981-05-27,West Bengal,,
UEI-IMD-FL-1981-0031,1981-06-01,1981-06-07,Kerala,,39.0
UEI-IMD-FL-1981-0044,1981-06-06,1981-06-07,Maharashtra,,1.0
UEI-IMD-FL-1981-0032,1981-06-08,1981-06-08,Kerala,,
UEI-IMD-FL-1981-0060,1981-06-09,1981-06-09,Maharashtra,,
UEI-IMD-FL-1981-0084,1981-06-09,1981-06-09,West Bengal,,
UEI-IMD-FL-1981-0061,1981-06-10,1981-06-10,Maharashtra,,
UEI-IMD-FL-1981-0033,1981-06-14,1981-06-14,Kerala,,2.0
UEI-IMD-FL-1981-0085,1981-06-15,1981-06-28,West Bengal,,
UEI-IMD-FL-1981-0045,1981-06-20,1981-06-20,Maharashtra,,
UEI-IMD-FL-1981-0005,1981-06-22,1981-06-28,Assam,,
UEI-IMD-FL-1981-0046,1981-06-22,1981-06-28,Maharashtra,,
UEI-IMD-FL-1981-0067,1981-06-24,1981-06-24,Odisha,,
UEI-IMD-FL-1981-0010,1981-06-30,1981-07-01,Delhi,,1.0
UEI-IMD-FL-1981-0012,1981-06-30,1981-06-30,Gujarat,,
UEI-IMD-FL-1981-0076,1981-06-30,1981-06-30,Uttar Pradesh,,18.0
UEI-IMD-FL-1981-0006,1981-07-01,1981-07-07,Assam,,1.0
UEI-IMD-FL-1981-0008,1981-07-01,1981-07-07,Bihar,,3.0
UEI-IMD-FL-1981-0064,1981-07-01,1981-07-07,Nagaland,,
UEI-IMD-FL-1981-0075,1981-07-01,1981-07-07,Tripura,,
UEI-IMD-FL-1981-0077,1981-07-01,1981-07-31,"Uttar Pradesh, Uttarakhand",,148.0
UEI-IMD-FL-1981-0086,1981-07-01,1981-07-07,West Bengal,,
UEI-IMD-FL-1981-0087,1981-07-01,1981-07-07,West Bengal,,
UEI-IMD-FL-1981-0047,1981-07-04,1981-07-05,Maharashtra,,
UEI-IMD-FL-1981-0009,1981-07-08,1981-07-28,Bihar,,
UEI-IMD-FL-1981-0037,1981-07-08,1981-07-14,Madhya Pradesh,,1.0
UEI-IMD-FL-1981-0013,1981-07-09,1981-07-10,Gujarat,,18.0
UEI-IMD-FL-1981-0088,1981-07-10,1981-07-10,West Bengal,,
UEI-IMD-FL-1981-0007,1981-07-15,1981-07-21,Assam,,11.0
UEI-IMD-FL-1981-0069,1981-07-15,1981-07-21,Punjab,,
UEI-IMD-FL-1981-0072,1981-07-15,1981-07-21,Rajasthan,,100.0
UEI-IMD-FL-1981-0073,1981-07-15,1981-07-21,Rajasthan,,205.0
UEI-IMD-FL-1981-0048,1981-07-16,1981-07-16,Maharashtra,,
UEI-IMD-FL-1981-0038,1981-07-22,1981-07-28,Madhya Pradesh,,
UEI-IMD-FL-1981-0070,1981-07-22,1981-07-28,Punjab,,
UEI-IMD-FL-1981-0023,1981-07-25,1981-07-31,Jammu and Kashmir,,9.0
UEI-IMD-FL-1981-0034,1981-07-27,1981-07-27,Kerala,,
UEI-IMD-FL-1981-0011,1981-08-01,1981-08-07,Chandigarh,,
UEI-IMD-FL-1981-0026,1981-08-01,1981-08-07,Karnataka,,
UEI-IMD-FL-1981-0049,1981-08-01,1981-08-07,Maharashtra,,
UEI-IMD-FL-1981-0071,1981-08-01,1981-08-07,Punjab,,7.0
UEI-IMD-FL-1981-0078,1981-08-01,1981-08-07,Uttar Pradesh,,95.0
UEI-IMD-FL-1981-0050,1981-08-04,1981-08-05,Maharashtra,,
UEI-IMD-FL-1981-0039,1981-08-05,1981-08-05,Madhya Pradesh,,5.0
UEI-IMD-FL-1981-0014,1981-08-07,1981-08-07,Gujarat,,
UEI-IMD-FL-1981-0024,1981-08-07,1981-08-07,Jammu and Kashmir,,
UEI-IMD-FL-1981-0021,1981-08-08,1981-08-14,Haryana,,4.0
UEI-IMD-FL-1981-0040,1981-08-08,1981-08-14,Madhya Pradesh,,
UEI-IMD-FL-1981-0051,1981-08-08,1981-08-09,Maharashtra,,
UEI-IMD-FL-1981-0015,1981-08-09,1981-08-09,Gujarat,,5.0
UEI-IMD-FL-1981-0041,1981-08-14,1981-08-15,Madhya Pradesh,,4.0
UEI-IMD-FL-1981-0027,1981-08-15,1981-08-21,Karnataka,,
UEI-IMD-FL-1981-0016,1981-08-16,1981-08-16,Gujarat,,2.0
UEI-IMD-FL-1981-0042,1981-08-16,1981-08-17,Madhya Pradesh,,
UEI-IMD-FL-1981-0052,1981-08-16,1981-08-16,Maharashtra,,
UEI-IMD-FL-1981-0035,1981-08-17,1981-08-17,Kerala,,1.0
UEI-IMD-FL-1981-0017,1981-08-19,1981-08-19,Gujarat,,1.0
UEI-IMD-FL-1981-0018,1981-08-19,1981-08-19,Gujarat,,
UEI-IMD-FL-1981-0019,1981-08-19,1981-08-19,Gujarat,,
UEI-IMD-FL-1981-0053,1981-08-22,1981-08-28,Maharashtra,,12.0
UEI-IMD-FL-1981-0079,1981-08-22,1981-08-28,Uttar Pradesh,,
UEI-IMD-FL-1981-0022,1981-08-29,1981-08-29,Himachal Pradesh,,
UEI-IMD-FL-1981-0028,1981-09-03,1981-09-03,Karnataka,,
UEI-IMD-FL-1981-0054,1981-09-07,1981-09-07,Maharashtra,,4.0
UEI-IMD-FL-1981-0080,1981-09-08,1981-09-28,Uttar Pradesh,,109.0
UEI-IMD-FL-1981-0001,1981-09-10,1981-09-10,Andhra Pradesh,,
UEI-IMD-FL-1981-0029,1981-09-10,1981-09-10,Karnataka,,2.0
UEI-IMD-FL-1981-0074,1981-09-11,1981-09-11,Tamil Nadu,,
UEI-IMD-FL-1981-0036,1981-09-15,1981-09-28,Kerala,,
UEI-IMD-FL-1981-0055,1981-09-15,1981-09-21,Maharashtra,,6.0
UEI-IMD-FL-1981-0056,1981-09-15,1981-09-21,Maharashtra,,26.0
UEI-IMD-FL-1981-0057,1981-09-15,1981-09-21,Maharashtra,,20.0
UEI-IMD-FL-1981-0002,1981-09-18,1981-09-19,Andhra Pradesh,,
UEI-IMD-FL-1981-0003,1981-09-22,1981-09-22,Andhra Pradesh,,15.0
UEI-IMD-FL-1981-0004,1981-09-22,1981-09-22,Andhra Pradesh,,4.0
UEI-IMD-FL-1981-0020,1981-09-22,1981-09-28,Gujarat,,
UEI-IMD-FL-1981-0030,1981-09-22,1981-09-28,Karnataka,,
UEI-IMD-FL-1981-0058,1981-09-24,1981-09-24,Maharashtra,,
UEI-IMD-FL-1981-0059,1981-09-24,1981-09-24,Maharashtra,,
UEI-IMD-FL-1981-0062,1981-09-24,1981-09-24,Maharashtra,,
UEI-IMD-FL-1981-0089,1981-09-25,1981-09-25,West Bengal,,
UEI-IMD-FL-1981-0063,1981-09-29,1981-09-29,Maharashtra,,
UEI-IMD-FL-1981-0025,1981-09-30,1981-09-30,Jammu and Kashmir,,3.0
UEI-IMD-FL-1981-0081,1981-10-01,1981-10-07,Uttar Pradesh,,14.0
UEI-IMD-FL-1982-0011,1982-03-01,1982-03-04,Haryana,,
UEI-IMD-FL-1982-0042,1982-03-01,1982-03-04,Punjab,,
UEI-IMD-FL-1982-0043,1982-03-01,1982-03-04,Punjab,,
UEI-IMD-FL-1982-0012,1982-04-15,1982-04-28,Himachal Pradesh,,
UEI-IMD-FL-1982-0013,1982-04-15,1982-04-28,Jammu and Kashmir,,
UEI-IMD-FL-1982-0044,1982-04-15,1982-04-21,Punjab,,
UEI-IMD-FL-1982-0050,1982-04-15,1982-04-28,Uttarakhand,,
UEI-IMD-FL-1982-0045,1982-04-22,1982-04-28,Punjab,,
UEI-IMD-FL-1982-0007,1982-05-06,1982-05-06,Gujarat,,5.0
UEI-IMD-FL-1982-0008,1982-05-10,1982-05-10,Gujarat,,
UEI-IMD-FL-1982-0014,1982-05-12,1982-05-12,Jammu and Kashmir,,
UEI-IMD-FL-1982-0016,1982-05-23,1982-05-23,Karnataka,,6.0
UEI-IMD-FL-1982-0032,1982-05-25,1982-05-25,Maharashtra,,
UEI-IMD-FL-1982-0031,1982-05-28,1982-05-29,Maharashtra,,
UEI-IMD-FL-1982-0033,1982-06-03,1982-06-03,Maharashtra,,
UEI-IMD-FL-1982-0051,1982-06-05,1982-06-05,Uttar Pradesh,,5.0
UEI-IMD-FL-1982-0001,1982-06-22,1982-06-28,Assam,,
UEI-IMD-FL-1982-0034,1982-06-22,1982-06-22,Maharashtra,,
UEI-IMD-FL-1982-0058,1982-06-22,1982-06-22,Daman and Diu,,
UEI-IMD-FL-1982-0035,1982-06-23,1982-06-23,Maharashtra,,
UEI-IMD-FL-1982-0036,1982-07-05,1982-07-05,Maharashtra,,
UEI-IMD-FL-1982-0037,1982-07-12,1982-07-12,Maharashtra,,2.0
UEI-IMD-FL-1982-0009,1982-07-13,1982-07-13,Gujarat,,8.0
UEI-IMD-FL-1982-0059,1982-07-19,1982-07-19,Daman and Diu,,
UEI-IMD-FL-1982-0002,1982-07-22,1982-07-28,Assam,,
UEI-IMD-FL-1982-0003,1982-07-22,1982-07-28,Assam,,
UEI-IMD-FL-1982-0004,1982-07-22,1982-07-28,Bihar,,
UEI-IMD-FL-1982-0060,1982-07-24,1982-07-24,Daman and Diu,,
UEI-IMD-FL-1982-0057,1982-07-25,1982-07-25,Delhi,,3.0
UEI-IMD-FL-1982-0010,1982-07-28,1982-07-28,Gujarat,,
UEI-IMD-FL-1982-0038,1982-07-28,1982-07-28,Maharashtra,,1.0
UEI-IMD-FL-1982-0061,1982-07-28,1982-07-28,Daman and Diu,,
UEI-IMD-FL-1982-0021,1982-07-30,1982-08-04,Kerala,,
UEI-IMD-FL-1982-0015,1982-08-01,1982-08-04,Jammu and Kashmir,,12.0
UEI-IMD-FL-1982-0017,1982-08-01,1982-08-14,Karnataka,,2.0
UEI-IMD-FL-1982-0018,1982-08-01,1982-08-14,Karnataka,,16.0
UEI-IMD-FL-1982-0019,1982-08-01,1982-08-14,Karnataka,,1.0
UEI-IMD-FL-1982-0020,1982-08-01,1982-08-07,Karnataka,,
UEI-IMD-FL-1982-0022,1982-08-01,1982-08-03,Kerala,,
UEI-IMD-FL-1982-0052,1982-08-08,1982-08-14,Uttarakhand,,
UEI-IMD-FL-1982-0049,1982-08-13,1982-08-13,Tamil Nadu,,2.0
UEI-IMD-FL-1982-0023,1982-08-17,1982-08-17,Madhya Pradesh,,1.0
UEI-IMD-FL-1982-0046,1982-08-17,1982-08-24,Rajasthan,,
UEI-IMD-FL-1982-0047,1982-08-17,1982-08-24,Rajasthan,,
UEI-IMD-FL-1982-0040,1982-08-18,1982-08-19,Odisha,,
UEI-IMD-FL-1982-0024,1982-08-19,1982-08-19,Madhya Pradesh,,1.0
UEI-IMD-FL-1982-0039,1982-08-20,1982-08-20,Maharashtra,,
UEI-IMD-FL-1982-0048,1982-08-20,1982-08-27,Rajasthan,,
UEI-IMD-FL-1982-0005,1982-08-22,1982-08-28,Bihar,,
UEI-IMD-FL-1982-0028,1982-08-22,1982-08-28,Madhya Pradesh,,
UEI-IMD-FL-1982-0029,1982-08-22,1982-08-28,Madhya Pradesh,,2.0
UEI-IMD-FL-1982-0030,1982-08-22,1982-08-28,Madhya Pradesh,,41.0
UEI-IMD-FL-1982-0041,1982-08-22,1982-08-28,Odisha,,1000.0
UEI-IMD-FL-1982-0053,1982-08-22,1982-09-07,"Uttar Pradesh , Uttarakhand",,382.0
UEI-IMD-FL-1982-0055,1982-08-22,1982-08-28,West Bengal,,
UEI-IMD-FL-1982-0025,1982-08-23,1982-08-24,Madhya Pradesh,,16.0
UEI-IMD-FL-1982-0027,1982-08-25,1982-08-26,Madhya Pradesh,,9.0
UEI-IMD-FL-1982-0006,1982-09-01,1982-09-07,Bihar,,
UEI-IMD-FL-1982-0026,1982-09-01,1982-09-15,Madhya Pradesh,,9.0
UEI-IMD-FL-1982-0056,1982-09-01,1982-09-07,West Bengal,,
UEI-IMD-FL-1982-0054,1982-09-08,1982-09-14,Uttar Pradesh,,
UEI-IMD-FL-1982-0062,1982-09-15,1982-09-21,Arunachal Pradesh,,
UEI-IMD-FL-1983-0042,1983-01-22,1983-01-28,Karnataka,,9.0
UEI-IMD-FL-1983-0032,1983-03-19,1983-03-19,Himachal Pradesh,,
UEI-IMD-FL-1983-0035,1983-03-21,1983-03-21,Jammu and Kashmir,,2.0
UEI-IMD-FL-1983-0107,1983-04-15,1983-04-15,Delhi,,2.0
UEI-IMD-FL-1983-0089,1983-05-03,1983-05-03,Tripura,,12.0
UEI-IMD-FL-1983-0012,1983-05-08,1983-05-23,Assam,,
UEI-IMD-FL-1983-0041,1983-06-15,1983-06-15,Karnataka,,
UEI-IMD-FL-1983-0026,1983-06-20,1983-06-23,Gujarat,,594.0
UEI-IMD-FL-1983-0059,1983-06-22,1983-06-28,Maharashtra,,1.0
UEI-IMD-FL-1983-0061,1983-06-22,1983-06-28,Maharashtra,,30.0
UEI-IMD-FL-1983-0060,1983-06-24,1983-06-24,Maharashtra,,
UEI-IMD-FL-1983-0075,1983-06-25,1983-06-26,Odisha,,
UEI-IMD-FL-1983-0109,1983-06-27,1983-06-27,"Goa, Daman and Diu",,3.0
UEI-IMD-FL-1983-0079,1983-06-29,1983-06-29,Punjab,,
UEI-IMD-FL-1983-0013,1983-07-01,1983-07-07,Assam,,
UEI-IMD-FL-1983-0017,1983-07-01,1983-07-07,Bihar,,
UEI-IMD-FL-1983-0074,1983-07-01,1983-07-07,Meghalaya,,4.0
UEI-IMD-FL-1983-0083,1983-07-01,1983-07-07,Rajasthan,,10.0
UEI-IMD-FL-1983-0101,1983-07-01,1983-07-07,West Bengal,,
UEI-IMD-FL-1983-0037,1983-07-03,1983-07-03,Jammu and Kashmir,,2.0
UEI-IMD-FL-1983-0029,1983-07-04,1983-07-05,Haryana,,
UEI-IMD-FL-1983-0080,1983-07-04,1983-07-05,Punjab,,1.0
UEI-IMD-FL-1983-0090,1983-07-04,1983-07-06,Tripura,,
UEI-IMD-FL-1983-0105,1983-07-04,1983-07-05,Punjab,,
UEI-IMD-FL-1983-0093,1983-07-06,1983-07-06,Uttar Pradesh,,
UEI-IMD-FL-1983-0018,1983-07-08,1983-07-14,Bihar,,
UEI-IMD-FL-1983-0076,1983-07-08,1983-07-10,Odisha,,3.0
UEI-IMD-FL-1983-0102,1983-07-14,1983-07-16,West Bengal,,
UEI-IMD-FL-1983-0014,1983-07-15,1983-07-21,Assam,,11.0
UEI-IMD-FL-1983-0019,1983-07-15,1983-07-21,Bihar,,
UEI-IMD-FL-1983-0027,1983-07-19,1983-07-19,Gujarat,,
UEI-IMD-FL-1983-0020,1983-07-22,1983-07-28,Bihar,,
UEI-IMD-FL-1983-0091,1983-07-22,1983-07-28,Tripura,,14.0
UEI-IMD-FL-1983-0094,1983-07-22,1983-07-22,Uttarakhand,,37.0
UEI-IMD-FL-1983-0096,1983-07-22,1983-07-28,Uttar Pradesh,,
UEI-IMD-FL-1983-0046,1983-07-23,1983-07-23,Kerala,,3.0
UEI-IMD-FL-1983-0084,1983-07-26,1983-07-30,Rajasthan,,15.0
UEI-IMD-FL-1983-0095,1983-07-26,1983-07-30,Uttar Pradesh,,14.0
UEI-IMD-FL-1983-0108,1983-07-26,1983-07-30,Delhi,,1.0
UEI-IMD-FL-1983-0077,1983-07-29,1983-07-29,Odisha,,
UEI-IMD-FL-1983-0081,1983-07-29,1983-07-29,Punjab,,
UEI-IMD-FL-1983-0021,1983-08-01,1983-08-07,Bihar,,
UEI-IMD-FL-1983-0022,1983-08-01,1983-08-07,Bihar,,
UEI-IMD-FL-1983-0097,1983-08-05,1983-08-31,Uttar Pradesh,,118.0
UEI-IMD-FL-1983-0001,1983-08-08,1983-08-11,Andhra Pradesh,,4.0
UEI-IMD-FL-1983-0002,1983-08-08,1983-08-11,Andhra Pradesh,,
UEI-IMD-FL-1983-0003,1983-08-08,1983-08-11,Andhra Pradesh,,27.0
UEI-IMD-FL-1983-0004,1983-08-08,1983-08-11,Andhra Pradesh,,
UEI-IMD-FL-1983-0005,1983-08-08,1983-08-11,Andhra Pradesh,,
UEI-IMD-FL-1983-0006,1983-08-08,1983-08-11,Andhra Pradesh,,
UEI-IMD-FL-1983-0007,1983-08-08,1983-08-11,Andhra Pradesh,,6.0
UEI-IMD-FL-1983-0043,1983-08-08,1983-08-14,Karnataka,,
UEI-IMD-FL-1983-0092,1983-08-08,1983-08-21,Tripura,,34.0
UEI-IMD-FL-1983-0038,1983-08-09,1983-08-09,Jammu and Kashmir,,
UEI-IMD-FL-1983-0047,1983-08-10,1983-08-17,Kerala,,
UEI-IMD-FL-1983-0062,1983-08-11,1983-08-17,Maharashtra,,106.0
UEI-IMD-FL-1983-0030,1983-08-14,1983-08-20,Haryana,,
UEI-IMD-FL-1983-0063,1983-08-14,1983-08-15,Maharashtra,,5.0
UEI-IMD-FL-1983-0023,1983-08-15,1983-08-21,Bihar,,
UEI-IMD-FL-1983-0024,1983-08-15,1983-08-28,"Bihar, Jharkhand",,
UEI-IMD-FL-1983-0098,1983-08-15,1983-08-17,Uttar Pradesh,,6.0
UEI-IMD-FL-1983-0049,1983-08-16,1983-08-16,Madhya Pradesh,,
UEI-IMD-FL-1983-0064,1983-08-16,1983-08-16,Maharashtra,,
UEI-IMD-FL-1983-0065,1983-08-16,1983-08-17,Maharashtra,,
UEI-IMD-FL-1983-0050,1983-08-17,1983-08-17,Madhya Pradesh,,1.0
UEI-IMD-FL-1983-0066,1983-08-17,1983-08-18,Maharashtra,,117.0
UEI-IMD-FL-1983-0051,1983-08-20,1983-08-20,Madhya Pradesh,,
UEI-IMD-FL-1983-0015,1983-08-22,1983-08-28,Assam,,1.0
UEI-IMD-FL-1983-0031,1983-08-22,1983-08-27,Haryana,,
UEI-IMD-FL-1983-0039,1983-08-22,1983-10-27,Jammu and Kashmir,,4.0
UEI-IMD-FL-1983-0106,1983-08-22,1983-08-27,Punjab,,2.0
UEI-IMD-FL-1983-0082,1983-08-30,1983-08-30,Punjab,,
UEI-IMD-FL-1983-0040,1983-09-01,1983-09-02,Jammu and Kashmir,,12.0
UEI-IMD-FL-1983-0033,1983-09-05,1983-09-10,Himachal Pradesh,,2.0
UEI-IMD-FL-1983-0052,1983-09-05,1983-09-05,Madhya Pradesh,,28.0
UEI-IMD-FL-1983-0078,1983-09-07,1983-09-10,Odisha,,5.0
UEI-IMD-FL-1983-0087,1983-09-07,1983-09-14,Tamil Nadu,,3.0
UEI-IMD-FL-1983-0016,1983-09-08,1983-09-14,Assam,,22.0
UEI-IMD-FL-1983-0025,1983-09-08,1983-09-21,Bihar,,
UEI-IMD-FL-1983-0053,1983-09-08,1983-09-08,Madhya Pradesh,,
UEI-IMD-FL-1983-0054,1983-09-08,1983-09-09,Madhya Pradesh,,22.0
UEI-IMD-FL-1983-0055,1983-09-09,1983-09-09,Madhya Pradesh,,
UEI-IMD-FL-1983-0099,1983-09-09,1983-09-24,Uttar Pradesh,,216.0
UEI-IMD-FL-1983-0044,1983-09-10,1983-09-10,Karnataka,,4.0
UEI-IMD-FL-1983-0085,1983-09-10,1983-09-10,Rajasthan,,
UEI-IMD-FL-1983-0104,1983-09-10,1983-09-14,Arunachal Pradesh,,
UEI-IMD-FL-1983-0056,1983-09-11,1983-09-11,Madhya Pradesh,,60.0
UEI-IMD-FL-1983-0057,1983-09-12,1983-09-12,Madhya Pradesh,,3.0
UEI-IMD-FL-1983-0086,1983-09-12,1983-09-13,Sikkim,,113.0
UEI-IMD-FL-1983-0103,1983-09-12,1983-09-14,West Bengal,,13.0
UEI-IMD-FL-1983-0058,1983-09-14,1983-09-14,Madhya Pradesh,,3.0
UEI-IMD-FL-1983-0067,1983-09-14,1983-09-15,Maharashtra,,2.0
UEI-IMD-FL-1983-0028,1983-09-15,1983-09-21,Gujarat,,
UEI-IMD-FL-1983-0068,1983-09-15,1983-09-19,Maharashtra,,60.0
UEI-IMD-FL-1983-0069,1983-09-18,1983-09-18,Maharashtra,,4.0
UEI-IMD-FL-1983-0008,1983-09-21,1983-09-22,Andhra Pradesh,,
UEI-IMD-FL-1983-0009,1983-09-22,1983-09-22,Andhra Pradesh,,
UEI-IMD-FL-1983-0010,1983-09-23,1983-09-23,Andhra Pradesh,,12.0
UEI-IMD-FL-1983-0045,1983-09-23,1983-09-23,Karnataka,,4.0
UEI-IMD-FL-1983-0070,1983-09-24,1983-09-24,Maharashtra,,3.0
UEI-IMD-FL-1983-0071,1983-09-26,1983-09-27,Maharashtra,,8.0
UEI-IMD-FL-1983-0011,1983-10-01,1983-10-07,Andhra Pradesh,,
UEI-IMD-FL-1983-0072,1983-10-05,1983-10-07,Maharashtra,,5.0
UEI-IMD-FL-1983-0073,1983-10-09,1983-10-09,Maharashtra,,
UEI-IMD-FL-1983-0036,1983-10-12,1983-10-16,Jammu and Kashmir,,3.0
UEI-IMD-FL-1983-0100,1983-10-13,1983-10-15,Uttar Pradesh,,42.0
UEI-IMD-FL-1983-0034,1983-10-14,1983-10-20,Himachal Pradesh,,4.0
UEI-IMD-FL-1983-0048,1983-11-02,1983-11-02,Kerala,,
UEI-IMD-FL-1983-0088,1983-12-21,1983-12-26,Tamil Nadu,,64.0
UEI-IMD-FL-1984-0001,1984-02-13,1984-02-17,Andhra Pradesh,,5.0
UEI-IMD-FL-1984-0078,1984-02-16,1984-02-17,Tamil Nadu,,8.0
UEI-IMD-FL-1984-0079,1984-03-04,1984-03-06,Tamil Nadu,,12.0
UEI-IMD-FL-1984-0080,1984-03-04,1984-03-07,Tamil Nadu,,
UEI-IMD-FL-1984-0081,1984-03-06,1984-03-06,Tamil Nadu,,3.0
UEI-IMD-FL-1984-0035,1984-04-23,1984-04-23,Kerala,,3.0
UEI-IMD-FL-1984-0082,1984-04-30,1984-04-30,Tamil Nadu,,4.0
UEI-IMD-FL-1984-0003,1984-05-13,1984-05-17,Assam,,4.0
UEI-IMD-FL-1984-0084,1984-05-13,1984-05-17,Tripura,,26.0
UEI-IMD-FL-1984-0096,1984-06-03,1984-06-06,West Bengal,,19.0
UEI-IMD-FL-1984-0004,1984-06-08,1984-06-14,Assam,,
UEI-IMD-FL-1984-0009,1984-06-08,1984-06-14,Bihar,,14.0
UEI-IMD-FL-1984-0097,1984-06-08,1984-06-28,West Bengal,,61.0
UEI-IMD-FL-1984-0056,1984-06-09,1984-06-09,Maharashtra,,12.0
UEI-IMD-FL-1984-0073,1984-06-12,1984-06-13,Odisha,,
UEI-IMD-FL-1984-0074,1984-06-13,1984-06-13,Odisha,,
UEI-IMD-FL-1984-0016,1984-06-15,1984-06-21,Gujarat,,
UEI-IMD-FL-1984-0030,1984-06-15,1984-06-15,Karnataka,,1.0
UEI-IMD-FL-1984-0036,1984-06-15,1984-06-15,Kerala,,8.0
UEI-IMD-FL-1984-0057,1984-06-15,1984-06-15,Maharashtra,,
UEI-IMD-FL-1984-0031,1984-06-16,1984-06-16,Karnataka,,
UEI-IMD-FL-1984-0037,1984-06-16,1984-06-16,Kerala,,4.0
UEI-IMD-FL-1984-0085,1984-06-16,1984-06-18,Tripura,,32.0
UEI-IMD-FL-1984-0038,1984-06-17,1984-06-17,Kerala,,6.0
UEI-IMD-FL-1984-0039,1984-06-17,1984-06-28,Kerala,,17.0
UEI-IMD-FL-1984-0040,1984-06-18,1984-06-18,Kerala,,
UEI-IMD-FL-1984-0086,1984-06-19,1984-06-26,Uttar Pradesh,,9.0
UEI-IMD-FL-1984-0087,1984-06-29,1984-06-29,Uttarakhand,,6.0
UEI-IMD-FL-1984-0058,1984-06-30,1984-07-02,Maharashtra,,13.0
UEI-IMD-FL-1984-0017,1984-07-01,1984-07-07,Gujarat,,6.0
UEI-IMD-FL-1984-0041,1984-07-01,1984-07-03,Kerala,,16.0
UEI-IMD-FL-1984-0059,1984-07-01,1984-07-04,Maharashtra,,16.0
UEI-IMD-FL-1984-0106,1984-07-01,1984-07-02,"Goa, Daman,Diu",,
UEI-IMD-FL-1984-0010,1984-07-02,1984-08-07,Bihar,,22.0
UEI-IMD-FL-1984-0032,1984-07-02,1984-07-03,Karnataka,,15.0
UEI-IMD-FL-1984-0088,1984-07-02,1984-07-02,Uttarakhand,,9.0
UEI-IMD-FL-1984-0060,1984-07-03,1984-07-04,Maharashtra,,6.0
UEI-IMD-FL-1984-0005,1984-07-08,1984-07-14,Assam,,8.0
UEI-IMD-FL-1984-0018,1984-07-08,1984-07-14,Gujarat,,17.0
UEI-IMD-FL-1984-0033,1984-07-08,1984-07-14,Karnataka,,1.0
UEI-IMD-FL-1984-0098,1984-07-08,1984-07-08,West Bengal,,
UEI-IMD-FL-1984-0100,1984-07-08,1984-07-21,West Bengal,,
UEI-IMD-FL-1984-0099,1984-07-09,1984-07-09,West Bengal,,
UEI-IMD-FL-1984-0089,1984-07-11,1984-07-11,Uttar Pradesh,,
UEI-IMD-FL-1984-0061,1984-07-14,1984-07-14,Maharashtra,,3.0
UEI-IMD-FL-1984-0064,1984-07-15,1984-07-21,Maharashtra,,12.0
UEI-IMD-FL-1984-0023,1984-07-17,1984-07-17,Jammu and Kashmir,,
UEI-IMD-FL-1984-0062,1984-07-17,1984-07-18,Maharashtra,,11.0
UEI-IMD-FL-1984-0063,1984-07-17,1984-07-19,Maharashtra,,312.0
UEI-IMD-FL-1984-0077,1984-07-20,1984-07-20,Rajasthan,,14.0
UEI-IMD-FL-1984-0065,1984-07-21,1984-07-21,Maharashtra,,
UEI-IMD-FL-1984-0006,1984-07-22,1984-07-28,Assam,,28.0
UEI-IMD-FL-1984-0091,1984-07-22,1984-07-28,Uttar Pradesh,,91.0
UEI-IMD-FL-1984-0101,1984-07-22,1984-07-28,West Bengal,,
UEI-IMD-FL-1984-0044,1984-07-23,1984-07-24,Madhya Pradesh,,6.0
UEI-IMD-FL-1984-0090,1984-07-30,1984-07-30,Uttarakhand,,8.0
UEI-IMD-FL-1984-0019,1984-08-01,1984-08-07,Gujarat,,3.0
UEI-IMD-FL-1984-0092,1984-08-01,1984-08-21,Uttar Pradesh,,9.0
UEI-IMD-FL-1984-0102,1984-08-01,1984-09-07,West Bengal,,19.0
UEI-IMD-FL-1984-0107,1984-08-01,1984-08-02,"Goa, Daman,Diu",,
UEI-IMD-FL-1984-0066,1984-08-02,1984-08-02,Maharashtra,,
UEI-IMD-FL-1984-0045,1984-08-03,1984-08-03,Madhya Pradesh,,
UEI-IMD-FL-1984-0067,1984-08-03,1984-08-03,Maharashtra,,
UEI-IMD-FL-1984-0046,1984-08-05,1984-08-05,Madhya Pradesh,,5.0
UEI-IMD-FL-1984-0068,1984-08-06,1984-08-06,Maharashtra,,
UEI-IMD-FL-1984-0020,1984-08-08,1984-08-14,Gujarat,,
UEI-IMD-FL-1984-0075,1984-08-08,1984-09-07,Odisha,,27.0
UEI-IMD-FL-1984-0024,1984-08-10,1984-08-10,Jammu and Kashmir,,
UEI-IMD-FL-1984-0047,1984-08-11,1984-08-11,Madhya Pradesh,,12.0
UEI-IMD-FL-1984-0048,1984-08-12,1984-08-12,Madhya Pradesh,,1.0
UEI-IMD-FL-1984-0025,1984-08-14,1984-08-14,Jammu and Kashmir,,14.0
UEI-IMD-FL-1984-0011,1984-08-15,1984-08-28,Bihar,,52.0
UEI-IMD-FL-1984-0021,1984-08-15,1984-08-21,Gujarat,,
UEI-IMD-FL-1984-0049,1984-08-17,1984-08-17,Madhya Pradesh,,103.0
UEI-IMD-FL-1984-0050,1984-08-18,1984-08-18,Madhya Pradesh,,4.0
UEI-IMD-FL-1984-0051,1984-08-19,1984-08-19,Madhya Pradesh,,6.0
UEI-IMD-FL-1984-0012,1984-08-20,1984-08-20,Bihar,,
UEI-IMD-FL-1984-0052,1984-08-20,1984-08-20,Madhya Pradesh,,5.0
UEI-IMD-FL-1984-0053,1984-08-21,1984-08-21,Madhya Pradesh,,6.0
UEI-IMD-FL-1984-0007,1984-08-22,1984-08-28,Assam,,
UEI-IMD-FL-1984-0054,1984-08-22,1984-08-22,Madhya Pradesh,,3.0
UEI-IMD-FL-1984-0104,1984-08-23,1984-08-23,Delhi,,1.0
UEI-IMD-FL-1984-0026,1984-08-24,1984-08-24,Jammu and Kashmir,,2.0
UEI-IMD-FL-1984-0027,1984-08-27,1984-08-27,Jammu and Kashmir,,
UEI-IMD-FL-1984-0055,1984-08-27,1984-08-27,Madhya Pradesh,,
UEI-IMD-FL-1984-0028,1984-08-28,1984-08-28,Jammu and Kashmir,,
UEI-IMD-FL-1984-0093,1984-08-31,1984-08-31,Uttar Pradesh,,13.0
UEI-IMD-FL-1984-0013,1984-09-01,1984-09-07,Bihar,,4.0
UEI-IMD-FL-1984-0029,1984-09-01,1984-09-01,Jammu and Kashmir,,6.0
UEI-IMD-FL-1984-0076,1984-09-01,1984-09-01,Punjab,,
UEI-IMD-FL-1984-0105,1984-09-01,1984-09-01,Delhi,,3.0
UEI-IMD-FL-1984-0094,1984-09-05,1984-09-11,Uttar Pradesh,,33.0
UEI-IMD-FL-1984-0008,1984-09-08,1984-09-21,Assam,,43.0
UEI-IMD-FL-1984-0014,1984-09-08,1984-09-08,Bihar,,45.0
UEI-IMD-FL-1984-0022,1984-09-08,1984-09-14,Gujarat,,
UEI-IMD-FL-1984-0095,1984-09-08,1984-09-08,Uttar Pradesh,,
UEI-IMD-FL-1984-0103,1984-09-08,1984-09-14,West Bengal,,1.0
UEI-IMD-FL-1984-0069,1984-09-09,1984-09-12,Maharashtra,,1.0
UEI-IMD-FL-1984-0002,1984-09-10,1984-09-10,Andhra Pradesh,,
UEI-IMD-FL-1984-0070,1984-09-11,1984-09-11,Maharashtra,,2.0
UEI-IMD-FL-1984-0071,1984-09-12,1984-09-12,Maharashtra,,
UEI-IMD-FL-1984-0015,1984-09-15,1984-09-28,Bihar,,
UEI-IMD-FL-1984-0034,1984-10-01,1984-10-01,Karnataka,,1.0
UEI-IMD-FL-1984-0083,1984-10-03,1984-10-04,Tamil Nadu,,9.0
UEI-IMD-FL-1984-0042,1984-10-05,1984-10-05,Kerala,,2.0
UEI-IMD-FL-1984-0043,1984-10-06,1984-10-08,Kerala,,17.0
UEI-IMD-FL-1984-0072,1984-10-08,1984-10-08,Maharashtra,,1.0
UEI-IMD-FL-1985-0027,1985-05-12,1985-05-12,Karnataka,,5.0
UEI-IMD-FL-1985-0049,1985-05-22,1985-06-07,Manipur,,
UEI-IMD-FL-1985-0058,1985-05-22,1985-05-28,Tripura,,10.0
UEI-IMD-FL-1985-0033,1985-05-24,1985-05-24,Madhya Pradesh,,1.0
UEI-IMD-FL-1985-0003,1985-06-01,1985-06-14,Assam,,6.0
UEI-IMD-FL-1985-0041,1985-06-04,1985-06-04,Maharashtra,,4.0
UEI-IMD-FL-1985-0059,1985-06-08,1985-06-14,Tripura,,
UEI-IMD-FL-1985-0042,1985-06-11,1985-06-11,Maharashtra,,
UEI-IMD-FL-1985-0043,1985-06-13,1985-06-13,Maharashtra,,12.0
UEI-IMD-FL-1985-0029,1985-06-15,1985-06-15,Kerala,,2.0
UEI-IMD-FL-1985-0044,1985-06-16,1985-06-16,Maharashtra,,9.0
UEI-IMD-FL-1985-0030,1985-06-24,1985-06-28,Kerala,,28.0
UEI-IMD-FL-1985-0031,1985-06-25,1985-06-29,Kerala,,16.0
UEI-IMD-FL-1985-0045,1985-06-25,1985-06-25,Maharashtra,,24.0
UEI-IMD-FL-1985-0004,1985-07-01,1985-07-31,Assam,,15.0
UEI-IMD-FL-1985-0005,1985-07-02,1985-07-03,Assam,,3.0
UEI-IMD-FL-1985-0006,1985-07-03,1985-07-03,Bihar,,7.0
UEI-IMD-FL-1985-0072,1985-07-11,1985-07-11,Delhi,,2.0
UEI-IMD-FL-1985-0007,1985-07-14,1985-07-14,Bihar,,
UEI-IMD-FL-1985-0016,1985-07-14,1985-07-16,Himachal Pradesh,,
UEI-IMD-FL-1985-0032,1985-07-14,1985-07-14,Kerala,,
UEI-IMD-FL-1985-0008,1985-07-15,1985-07-21,Bihar,,
UEI-IMD-FL-1985-0046,1985-07-17,1985-07-17,Maharashtra,,1.0
UEI-IMD-FL-1985-0023,1985-07-18,1985-07-18,Jammu and Kashmir,,8.0
UEI-IMD-FL-1985-0053,1985-07-18,1985-07-25,Punjab,,70.0
UEI-IMD-FL-1985-0009,1985-07-22,1985-08-31,Bihar,,15.0
UEI-IMD-FL-1985-0024,1985-07-22,1985-07-22,Jammu and Kashmir,,7.0
UEI-IMD-FL-1985-0047,1985-07-22,1985-08-07,Maharashtra,,6.0
UEI-IMD-FL-1985-0060,1985-07-22,1985-07-28,Uttarakhand,,12.0
UEI-IMD-FL-1985-0067,1985-07-22,1985-07-28,West Bengal,,
UEI-IMD-FL-1985-0069,1985-07-22,1985-07-28,Arunachal Pradesh,,
UEI-IMD-FL-1985-0025,1985-07-24,1985-07-24,Jammu and Kashmir,,
UEI-IMD-FL-1985-0073,1985-07-25,1985-07-25,Delhi,,
UEI-IMD-FL-1985-0050,1985-07-27,1985-07-30,Meghalaya,,30.0
UEI-IMD-FL-1985-0054,1985-07-29,1985-07-30,Punjab,,
UEI-IMD-FL-1985-0051,1985-08-01,1985-08-07,Odisha,,
UEI-IMD-FL-1985-0026,1985-08-04,1985-08-04,Jammu and Kashmir,,5.0
UEI-IMD-FL-1985-0034,1985-08-04,1985-08-05,Madhya Pradesh,,
UEI-IMD-FL-1985-0068,1985-08-04,1985-08-04,West Bengal,,
UEI-IMD-FL-1985-0015,1985-08-05,1985-08-16,Haryana,,21.0
UEI-IMD-FL-1985-0017,1985-08-05,1985-08-05,Himachal Pradesh,,2.0
UEI-IMD-FL-1985-0055,1985-08-05,1985-08-16,Punjab,,23.0
UEI-IMD-FL-1985-0014,1985-08-06,1985-08-08,Gujarat,,11.0
UEI-IMD-FL-1985-0018,1985-08-06,1985-08-07,Himachal Pradesh,,
UEI-IMD-FL-1985-0035,1985-08-06,1985-08-10,Madhya Pradesh,,
UEI-IMD-FL-1985-0036,1985-08-06,1985-08-09,Madhya Pradesh,,
UEI-IMD-FL-1985-0037,1985-08-07,1985-08-08,Madhya Pradesh,,3.0
UEI-IMD-FL-1985-0070,1985-08-07,1985-08-07,Arunachal Pradesh,,1.0
UEI-IMD-FL-1985-0061,1985-08-08,1985-08-21,"Uttar Pradesh, Uttarakhand",,24.0
UEI-IMD-FL-1985-0019,1985-08-11,1985-08-11,Himachal Pradesh,,
UEI-IMD-FL-1985-0048,1985-08-12,1985-08-12,Maharashtra,,
UEI-IMD-FL-1985-0020,1985-08-13,1985-08-14,Himachal Pradesh,,2.0
UEI-IMD-FL-1985-0038,1985-08-17,1985-08-18,Madhya Pradesh,,
UEI-IMD-FL-1985-0021,1985-08-22,1985-08-22,Himachal Pradesh,,3.0
UEI-IMD-FL-1985-0039,1985-08-22,1985-08-22,Madhya Pradesh,,
UEI-IMD-FL-1985-0071,1985-08-23,1985-08-24,Arunachal Pradesh,,
UEI-IMD-FL-1985-0022,1985-08-24,1985-08-24,Himachal Pradesh,,4.0
UEI-IMD-FL-1985-0010,1985-09-08,1985-09-28,Bihar,,40.0
UEI-IMD-FL-1985-0062,1985-09-08,1985-09-28,Uttar Pradesh,,220.0
UEI-IMD-FL-1985-0052,1985-09-10,1985-09-10,Odisha,,
UEI-IMD-FL-1985-0040,1985-09-13,1985-09-13,Madhya Pradesh,,
UEI-IMD-FL-1985-0028,1985-09-28,1985-09-28,Karnataka,,5.0
UEI-IMD-FL-1985-0001,1985-10-05,1985-10-05,Andhra Pradesh,,1.0
UEI-IMD-FL-1985-0011,1985-10-06,1985-10-06,Bihar,,
UEI-IMD-FL-1985-0063,1985-10-09,1985-10-10,Uttar Pradesh,,7.0
UEI-IMD-FL-1985-0064,1985-10-10,1985-10-11,Uttar Pradesh,,16.0
UEI-IMD-FL-1985-0013,1985-10-15,1985-10-21,Bihar,,
UEI-IMD-FL-1985-0065,1985-10-15,1985-10-21,Uttar Pradesh,,6.0
UEI-IMD-FL-1985-0012,1985-10-17,1985-10-17,Bihar,,
UEI-IMD-FL-1985-0066,1985-10-22,1985-10-28,Uttarakhand,,
UEI-IMD-FL-1985-0057,1985-11-01,1985-11-14,Tamil Nadu,,80.0
UEI-IMD-FL-1985-0074,1985-11-01,1985-11-14,Puducherry,,
UEI-IMD-FL-1985-0002,1985-11-11,1985-11-12,Andhra Pradesh,,6.0
UEI-IMD-FL-1985-0056,1985-12-16,1985-12-16,Rajasthan,,6.0
UEI-IMD-FL-1986-0001,1986-01-13,1986-01-15,Andhra Pradesh,,9.0
UEI-IMD-FL-1986-0002,1986-01-17,1986-01-17,Andhra Pradesh,,3.0
UEI-IMD-FL-1986-0003,1986-02-10,1986-02-10,Andhra Pradesh,,
UEI-IMD-FL-1986-0040,1986-03-12,1986-03-12,Kerala,,3.0
UEI-IMD-FL-1986-0026,1986-03-19,1986-03-19,Jammu and Kashmir,,
UEI-IMD-FL-1986-0027,1986-04-24,1986-04-25,Jammu and Kashmir,,9.0
UEI-IMD-FL-1986-0080,1986-04-24,1986-04-25,Punjab,,
UEI-IMD-FL-1986-0023,1986-04-26,1986-04-26,Himachal Pradesh,,3.0
UEI-IMD-FL-1986-0039,1986-05-04,1986-05-04,Kerala,,
UEI-IMD-FL-1986-0034,1986-05-31,1986-05-31,Karnataka,,19.0
UEI-IMD-FL-1986-0064,1986-06-01,1986-06-30,Odisha,,3.0
UEI-IMD-FL-1986-0035,1986-06-03,1986-06-03,Karnataka,,2.0
UEI-IMD-FL-1986-0047,1986-06-04,1986-06-09,Maharashtra,,14.0
UEI-IMD-FL-1986-0048,1986-06-08,1986-06-08,Maharashtra,,17.0
UEI-IMD-FL-1986-0049,1986-06-11,1986-06-11,Maharashtra,,
UEI-IMD-FL-1986-0050,1986-06-13,1986-06-13,Maharashtra,,1.0
UEI-IMD-FL-1986-0017,1986-06-15,1986-06-28,Gujarat,,23.0
UEI-IMD-FL-1986-0051,1986-06-15,1986-06-21,Maharashtra,,9.0
UEI-IMD-FL-1986-0004,1986-06-16,1986-06-16,Andhra Pradesh,,1.0
UEI-IMD-FL-1986-0041,1986-06-18,1986-06-18,Kerala,,1.0
UEI-IMD-FL-1986-0052,1986-06-19,1986-06-19,Maharashtra,,
UEI-IMD-FL-1986-0053,1986-06-20,1986-06-20,Maharashtra,,1.0
UEI-IMD-FL-1986-0054,1986-06-21,1986-06-21,Maharashtra,,1.0
UEI-IMD-FL-1986-0010,1986-06-22,1986-06-28,Assam,,1.0
UEI-IMD-FL-1986-0014,1986-06-22,1986-06-28,Bihar,,3.0
UEI-IMD-FL-1986-0042,1986-06-24,1986-06-24,Kerala,,3.0
UEI-IMD-FL-1986-0055,1986-06-24,1986-06-24,Maharashtra,,1.0
UEI-IMD-FL-1986-0056,1986-06-28,1986-06-28,Maharashtra,,4.0
UEI-IMD-FL-1986-0057,1986-06-29,1986-06-29,Maharashtra,,1.0
UEI-IMD-FL-1986-0069,1986-06-29,1986-06-30,Punjab,,2.0
UEI-IMD-FL-1986-0081,1986-06-29,1986-06-30,Punjab,,
UEI-IMD-FL-1986-0021,1986-07-01,1986-07-03,Haryana,,1.0
UEI-IMD-FL-1986-0065,1986-07-01,1986-07-31,Odisha,,8.0
UEI-IMD-FL-1986-0044,1986-07-06,1986-07-06,Chhattisgarh,,
UEI-IMD-FL-1986-0075,1986-07-10,1986-07-10,Uttar Pradesh,,1.0
UEI-IMD-FL-1986-0028,1986-07-15,1986-07-28,Jammu and Kashmir,,9.0
UEI-IMD-FL-1986-0045,1986-07-15,1986-07-28,Madhya Pradesh,,19.0
UEI-IMD-FL-1986-0058,1986-07-15,1986-07-16,Maharashtra,,
UEI-IMD-FL-1986-0059,1986-07-17,1986-07-17,Maharashtra,,3.0
UEI-IMD-FL-1986-0076,1986-07-17,1986-07-18,Uttar Pradesh,,14.0
UEI-IMD-FL-1986-0011,1986-07-22,1986-07-28,Assam,,
UEI-IMD-FL-1986-0015,1986-07-22,1986-08-31,Bihar,,110.0
UEI-IMD-FL-1986-0018,1986-07-22,1986-07-28,Gujarat,,
UEI-IMD-FL-1986-0077,1986-07-22,1986-07-28,Uttar Pradesh,,187.0
UEI-IMD-FL-1986-0024,1986-07-24,1986-07-31,Himachal Pradesh,,
UEI-IMD-FL-1986-0072,1986-07-24,1986-07-27,Rajasthan,,35.0
UEI-IMD-FL-1986-0005,1986-07-25,1986-07-25,Andhra Pradesh,,1.0
UEI-IMD-FL-1986-0063,1986-07-26,1986-07-26,Manipur,,
UEI-IMD-FL-1986-0070,1986-07-29,1986-07-30,Punjab,,
UEI-IMD-FL-1986-0025,1986-08-01,1986-08-07,Himachal Pradesh,,3.0
UEI-IMD-FL-1986-0029,1986-08-01,1986-08-01,Jammu and Kashmir,,5.0
UEI-IMD-FL-1986-0036,1986-08-01,1986-08-14,Karnataka,,9.0
UEI-IMD-FL-1986-0043,1986-08-01,1986-08-14,Kerala,,28.0
UEI-IMD-FL-1986-0060,1986-08-01,1986-08-14,Maharashtra,,32.0
UEI-IMD-FL-1986-0019,1986-08-02,1986-08-02,Gujarat,,6.0
UEI-IMD-FL-1986-0030,1986-08-03,1986-08-03,Jammu and Kashmir,,11.0
UEI-IMD-FL-1986-0031,1986-08-04,1986-08-04,Jammu and Kashmir,,10.0
UEI-IMD-FL-1986-0032,1986-08-05,1986-08-05,Jammu and Kashmir,,2.0
UEI-IMD-FL-1986-0078,1986-08-05,1986-08-09,Uttar Pradesh,,2.0
UEI-IMD-FL-1986-0061,1986-08-07,1986-08-07,Maharashtra,,2.0
UEI-IMD-FL-1986-0062,1986-08-07,1986-08-10,Maharashtra,,1.0
UEI-IMD-FL-1986-0020,1986-08-08,1986-08-14,Gujarat,,25.0
UEI-IMD-FL-1986-0046,1986-08-08,1986-08-21,Madhya Pradesh,,18.0
UEI-IMD-FL-1986-0066,1986-08-08,1986-08-14,Odisha,,2.0
UEI-IMD-FL-1986-0084,1986-08-08,1986-08-14,Puducherry,,
UEI-IMD-FL-1986-0006,1986-08-11,1986-08-12,Andhra Pradesh,,18.0
UEI-IMD-FL-1986-0071,1986-08-12,1986-08-13,Punjab,,
UEI-IMD-FL-1986-0082,1986-08-13,1986-08-13,Delhi,,3.0
UEI-IMD-FL-1986-0007,1986-08-14,1986-08-20,Andhra Pradesh,,262.0
UEI-IMD-FL-1986-0022,1986-08-24,1986-08-27,Haryana,,
UEI-IMD-FL-1986-0033,1986-08-25,1986-08-25,Jammu and Kashmir,,
UEI-IMD-FL-1986-0079,1986-09-01,1986-10-31,Uttar Pradesh,,29.0
UEI-IMD-FL-1986-0009,1986-09-08,1986-09-14,Arunachal Pradesh,,
UEI-IMD-FL-1986-0016,1986-09-08,1986-09-14,Bihar,,
UEI-IMD-FL-1986-0012,1986-09-15,1986-09-28,Assam,,
UEI-IMD-FL-1986-0037,1986-09-17,1986-09-17,Karnataka,,4.0
UEI-IMD-FL-1986-0038,1986-09-22,1986-09-22,Karnataka,,1.0
UEI-IMD-FL-1986-0083,1986-09-22,1986-09-22,Delhi,,
UEI-IMD-FL-1986-0013,1986-10-01,1986-10-14,Assam,,20.0
UEI-IMD-FL-1986-0067,1986-10-01,1986-10-31,Odisha,,3.0
UEI-IMD-FL-1986-0008,1986-10-22,1986-10-28,Andhra Pradesh,,2.0
UEI-IMD-FL-1986-0068,1986-11-01,1986-11-30,Odisha,,5.0
UEI-IMD-FL-1986-0073,1986-11-03,1986-11-03,Tamil Nadu,,
UEI-IMD-FL-1986-0074,1986-11-05,1986-11-06,Tamil Nadu,,20.0
UEI-IMD-FL-1987-0033,1987-02-15,1987-02-16,Punjab,,20.0
UEI-IMD-FL-1987-0011,1987-03-22,1987-03-28,Jammu and Kashmir,,15.0
UEI-IMD-FL-1987-0009,1987-04-08,1987-04-09,Himachal Pradesh,,
UEI-IMD-FL-1987-0036,1987-05-04,1987-05-08,Uttar Pradesh,,5.0
UEI-IMD-FL-1987-0012,1987-05-07,1987-05-11,Jammu and Kashmir,,25.0
UEI-IMD-FL-1987-0034,1987-05-08,1987-05-08,Punjab,,1.0
UEI-IMD-FL-1987-0016,1987-05-10,1987-05-10,Karnataka,,4.0
UEI-IMD-FL-1987-0003,1987-06-01,1987-06-30,Assam,,10.0
UEI-IMD-FL-1987-0013,1987-06-01,1987-06-14,Jammu and Kashmir,,12.0
UEI-IMD-FL-1987-0021,1987-06-18,1987-06-18,Kerala,,3.0
UEI-IMD-FL-1987-0004,1987-07-01,1987-07-31,Assam,,12.0
UEI-IMD-FL-1987-0039,1987-07-01,1987-07-31,West Bengal,,4.0
UEI-IMD-FL-1987-0027,1987-07-07,1987-07-07,Maharashtra,,
UEI-IMD-FL-1987-0001,1987-07-08,1987-07-08,Andhra Pradesh,,53.0
UEI-IMD-FL-1987-0031,1987-07-17,1987-07-17,Odisha,,4.0
UEI-IMD-FL-1987-0002,1987-07-22,1987-08-07,Arunachal Pradesh,,
UEI-IMD-FL-1987-0008,1987-07-22,1987-10-14,Bihar,,1024.0
UEI-IMD-FL-1987-0038,1987-07-25,1987-07-25,West Bengal,,1.0
UEI-IMD-FL-1987-0032,1987-07-26,1987-07-26,Odisha,,1.0
UEI-IMD-FL-1987-0005,1987-08-01,1987-08-31,Assam,,47.0
UEI-IMD-FL-1987-0037,1987-08-01,1987-09-14,Uttar Pradesh,,163.0
UEI-IMD-FL-1987-0041,1987-08-01,1987-09-07,West Bengal,,60.0
UEI-IMD-FL-1987-0042,1987-08-08,1987-09-07,West Bengal,,56.0
UEI-IMD-FL-1987-0040,1987-08-10,1987-08-10,West Bengal,,
UEI-IMD-FL-1987-0010,1987-08-12,1987-08-12,Himachal Pradesh,,12.0
UEI-IMD-FL-1987-0028,1987-08-15,1987-08-17,Maharashtra,,4.0
UEI-IMD-FL-1987-0043,1987-08-15,1987-09-21,West Bengal,,40.0
UEI-IMD-FL-1987-0029,1987-08-19,1987-08-19,Maharashtra,,10.0
UEI-IMD-FL-1987-0044,1987-08-22,1987-09-07,West Bengal,,34.0
UEI-IMD-FL-1987-0045,1987-08-22,1987-09-21,West Bengal,,34.0
UEI-IMD-FL-1987-0006,1987-09-01,1987-09-30,Assam,,
UEI-IMD-FL-1987-0007,1987-10-01,1987-10-07,Assam,,1.0
UEI-IMD-FL-1987-0017,1987-10-02,1987-10-02,Karnataka,,41.0
UEI-IMD-FL-1987-0014,1987-10-03,1987-10-03,Jammu and Kashmir,,
UEI-IMD-FL-1987-0018,1987-10-07,1987-10-07,Karnataka,,
UEI-IMD-FL-1987-0019,1987-10-08,1987-10-08,Karnataka,,2.0
UEI-IMD-FL-1987-0015,1987-10-10,1987-10-18,Jammu and Kashmir,,
UEI-IMD-FL-1987-0022,1987-10-13,1987-10-13,Kerala,,
UEI-IMD-FL-1987-0020,1987-10-15,1987-10-15,Karnataka,,
UEI-IMD-FL-1987-0023,1987-11-09,1987-11-09,Kerala,,2.0
UEI-IMD-FL-1987-0030,1987-11-19,1987-11-19,Maharashtra,,8.0
UEI-IMD-FL-1987-0024,1987-12-01,1987-12-01,Kerala,,
UEI-IMD-FL-1987-0025,1987-12-05,1987-12-05,Kerala,,
UEI-IMD-FL-1987-0035,1987-12-06,1987-12-07,Tamil Nadu,,11.0
UEI-IMD-FL-1987-0026,1987-12-17,1987-12-17,Kerala,,
UEI-IMD-FL-1988-0086,1988-03-11,1988-03-14,Punjab,,1.0
UEI-IMD-FL-1988-0021,1988-03-18,1988-03-18,Himachal Pradesh,,
UEI-IMD-FL-1988-0045,1988-04-17,1988-04-17,Kerala,,
UEI-IMD-FL-1988-0034,1988-04-26,1988-04-26,Karnataka,,5.0
UEI-IMD-FL-1988-0004,1988-05-22,1988-06-07,Assam,,35.0
UEI-IMD-FL-1988-0080,1988-05-22,1988-05-28,Meghalaya,,5.0
UEI-IMD-FL-1988-0094,1988-05-27,1988-05-29,Tripura,,
UEI-IMD-FL-1988-0025,1988-06-02,1988-06-02,Jammu and Kashmir,,2.0
UEI-IMD-FL-1988-0046,1988-06-05,1988-06-05,Kerala,,
UEI-IMD-FL-1988-0098,1988-06-12,1988-06-12,West Bengal,,2.0
UEI-IMD-FL-1988-0099,1988-06-12,1988-06-13,West Bengal,,4.0
UEI-IMD-FL-1988-0013,1988-06-14,1988-06-14,Gujarat,,1.0
UEI-IMD-FL-1988-0053,1988-06-14,1988-06-14,Maharashtra,,2.0
UEI-IMD-FL-1988-0054,1988-06-15,1988-06-15,Maharashtra,,
UEI-IMD-FL-1988-0022,1988-06-18,1988-06-18,Himachal Pradesh,,
UEI-IMD-FL-1988-0009,1988-06-19,1988-06-19,Bihar,,3.0
UEI-IMD-FL-1988-0005,1988-06-22,1988-06-28,Assam,,
UEI-IMD-FL-1988-0095,1988-06-24,1988-06-24,Tripura,,
UEI-IMD-FL-1988-0100,1988-06-27,1988-06-27,West Bengal,,2.0
UEI-IMD-FL-1988-0087,1988-06-29,1988-06-29,Punjab,,
UEI-IMD-FL-1988-0103,1988-06-29,1988-06-29,Chandigarh,,
UEI-IMD-FL-1988-0001,1988-07-01,1988-08-07,Andhra Pradesh,,109.0
UEI-IMD-FL-1988-0023,1988-07-01,1988-08-14,Himachal Pradesh,,38.0
UEI-IMD-FL-1988-0016,1988-07-02,1988-07-02,Haryana,,1.0
UEI-IMD-FL-1988-0055,1988-07-02,1988-07-03,Maharashtra,,3.0
UEI-IMD-FL-1988-0056,1988-07-03,1988-07-03,Maharashtra,,1.0
UEI-IMD-FL-1988-0088,1988-07-03,1988-07-03,Punjab,,5.0
UEI-IMD-FL-1988-0035,1988-07-05,1988-07-05,Karnataka,,6.0
UEI-IMD-FL-1988-0101,1988-07-06,1988-07-06,West Bengal,,
UEI-IMD-FL-1988-0017,1988-07-07,1988-07-07,Haryana,,
UEI-IMD-FL-1988-0089,1988-07-07,1988-07-07,Punjab,,1.0
UEI-IMD-FL-1988-0006,1988-07-08,1988-07-28,Assam,,24.0
UEI-IMD-FL-1988-0014,1988-07-08,1988-07-28,Gujarat,,130.0
UEI-IMD-FL-1988-0090,1988-07-08,1988-08-14,Punjab,,38.0
UEI-IMD-FL-1988-0096,1988-07-08,1988-07-28,Tripura,,7.0
UEI-IMD-FL-1988-0097,1988-07-08,1988-09-14,Uttar Pradesh,,611.0
UEI-IMD-FL-1988-0057,1988-07-09,1988-07-11,Maharashtra,,3.0
UEI-IMD-FL-1988-0026,1988-07-14,1988-07-14,Jammu and Kashmir,,4.0
UEI-IMD-FL-1988-0036,1988-07-15,1988-07-18,Karnataka,,2.0
UEI-IMD-FL-1988-0058,1988-07-16,1988-07-16,Maharashtra,,1.0
UEI-IMD-FL-1988-0010,1988-07-17,1988-07-18,Bihar,,17.0
UEI-IMD-FL-1988-0059,1988-07-17,1988-07-17,Maharashtra,,1.0
UEI-IMD-FL-1988-0060,1988-07-17,1988-07-20,Maharashtra,,11.0
UEI-IMD-FL-1988-0027,1988-07-18,1988-07-20,Jammu and Kashmir,,20.0
UEI-IMD-FL-1988-0047,1988-07-18,1988-07-18,Kerala,,
UEI-IMD-FL-1988-0061,1988-07-19,1988-07-20,Maharashtra,,7.0
UEI-IMD-FL-1988-0018,1988-07-20,1988-07-31,Haryana,,7.0
UEI-IMD-FL-1988-0037,1988-07-20,1988-07-20,Karnataka,,10.0
UEI-IMD-FL-1988-0048,1988-07-21,1988-07-21,Kerala,,
UEI-IMD-FL-1988-0038,1988-07-22,1988-07-22,Karnataka,,
UEI-IMD-FL-1988-0049,1988-07-23,1988-07-23,Kerala,,
UEI-IMD-FL-1988-0062,1988-07-23,1988-07-23,Maharashtra,,8.0
UEI-IMD-FL-1988-0104,1988-07-23,1988-07-23,Chandigarh,,
UEI-IMD-FL-1988-0063,1988-07-24,1988-07-31,Maharashtra,,2.0
UEI-IMD-FL-1988-0064,1988-07-25,1988-07-25,Maharashtra,,1.0
UEI-IMD-FL-1988-0092,1988-07-25,1988-07-25,Rajasthan,,3.0
UEI-IMD-FL-1988-0028,1988-07-28,1988-07-28,Jammu and Kashmir,,
UEI-IMD-FL-1988-0081,1988-07-29,1988-07-29,Odisha,,
UEI-IMD-FL-1988-0029,1988-07-30,1988-07-30,Jammu and Kashmir,,
UEI-IMD-FL-1988-0030,1988-08-01,1988-08-01,Jammu and Kashmir,,17.0
UEI-IMD-FL-1988-0102,1988-08-01,1988-09-30,West Bengal,,53.0
UEI-IMD-FL-1988-0082,1988-08-03,1988-08-03,Odisha,,
UEI-IMD-FL-1988-0039,1988-08-07,1988-08-09,Karnataka,,5.0
UEI-IMD-FL-1988-0031,1988-08-08,1988-08-08,Jammu and Kashmir,,34.0
UEI-IMD-FL-1988-0019,1988-08-09,1988-08-10,Haryana,,15.0
UEI-IMD-FL-1988-0011,1988-08-11,1988-08-11,Bihar,,10.0
UEI-IMD-FL-1988-0007,1988-08-15,1988-09-14,Assam,,167.0
UEI-IMD-FL-1988-0032,1988-08-15,1988-08-15,Jammu and Kashmir,,6.0
UEI-IMD-FL-1988-0065,1988-08-18,1988-08-19,Maharashtra,,5.0
UEI-IMD-FL-1988-0083,1988-08-18,1988-08-18,Odisha,,1.0
UEI-IMD-FL-1988-0002,1988-08-22,1988-08-28,Andhra Pradesh,,1.0
UEI-IMD-FL-1988-0003,1988-08-22,1988-08-28,Arunachal Pradesh,,
UEI-IMD-FL-1988-0012,1988-08-22,1988-08-28,Bihar,,7.0
UEI-IMD-FL-1988-0066,1988-08-22,1988-08-22,Maharashtra,,
UEI-IMD-FL-1988-0040,1988-08-25,1988-08-26,Karnataka,,2.0
UEI-IMD-FL-1988-0050,1988-08-25,1988-08-25,Kerala,,6.0
UEI-IMD-FL-1988-0041,1988-08-28,1988-08-29,Karnataka,,4.0
UEI-IMD-FL-1988-0067,1988-08-31,1988-08-31,Maharashtra,,11.0
UEI-IMD-FL-1988-0069,1988-09-08,1988-09-28,Maharashtra,,15.0
UEI-IMD-FL-1988-0042,1988-09-09,1988-09-09,Karnataka,,10.0
UEI-IMD-FL-1988-0043,1988-09-11,1988-09-11,Karnataka,,25.0
UEI-IMD-FL-1988-0068,1988-09-11,1988-09-11,Maharashtra,,29.0
UEI-IMD-FL-1988-0051,1988-09-15,1988-09-15,Kerala,,
UEI-IMD-FL-1988-0071,1988-09-15,1988-09-21,Maharashtra,,3.0
UEI-IMD-FL-1988-0070,1988-09-16,1988-09-16,Maharashtra,,5.0
UEI-IMD-FL-1988-0072,1988-09-20,1988-09-20,Maharashtra,,1.0
UEI-IMD-FL-1988-0084,1988-09-21,1988-09-21,Odisha,,5.0
UEI-IMD-FL-1988-0020,1988-09-22,1988-10-07,Haryana,,5.0
UEI-IMD-FL-1988-0024,1988-09-22,1988-09-28,Himachal Pradesh,,32.0
UEI-IMD-FL-1988-0033,1988-09-22,1988-09-28,Jammu and Kashmir,,50.0
UEI-IMD-FL-1988-0044,1988-09-22,1988-09-28,Karnataka,,12.0
UEI-IMD-FL-1988-0052,1988-09-22,1988-09-22,Kerala,,
UEI-IMD-FL-1988-0073,1988-09-22,1988-09-22,Maharashtra,,1.0
UEI-IMD-FL-1988-0091,1988-09-22,1988-10-14,Punjab,,57.0
UEI-IMD-FL-1988-0105,1988-09-22,1988-09-28,Delhi,,
UEI-IMD-FL-1988-0085,1988-09-23,1988-09-23,Odisha,,2.0
UEI-IMD-FL-1988-0074,1988-09-25,1988-09-26,Maharashtra,,3.0
UEI-IMD-FL-1988-0015,1988-09-28,1988-09-28,Gujarat,,40.0
UEI-IMD-FL-1988-0075,1988-09-28,1988-09-28,Maharashtra,,2.0
UEI-IMD-FL-1988-0008,1988-10-01,1988-10-14,Assam,,
UEI-IMD-FL-1988-0076,1988-10-02,1988-10-03,Maharashtra,,12.0
UEI-IMD-FL-1988-0077,1988-10-03,1988-10-03,Maharashtra,,12.0
UEI-IMD-FL-1988-0078,1988-10-06,1988-10-06,Maharashtra,,1.0
UEI-IMD-FL-1988-0079,1988-10-10,1988-10-10,Maharashtra,,13.0
UEI-IMD-FL-1988-0093,1988-11-06,1988-11-06,Tamil Nadu,,3.0
UEI-IMD-FL-1989-0013,1989-04-25,1989-04-25,Jammu and Kashmir,,4.0
UEI-IMD-FL-1989-0018,1989-06-05,1989-06-05,Karnataka,,7.0
UEI-IMD-FL-1989-0014,1989-06-07,1989-06-07,Jammu and Kashmir,,
UEI-IMD-FL-1989-0036,1989-06-07,1989-06-07,Maharashtra,,
UEI-IMD-FL-1989-0003,1989-06-08,1989-06-21,Assam,,
UEI-IMD-FL-1989-0027,1989-06-08,1989-06-14,Kerala,,
UEI-IMD-FL-1989-0028,1989-06-09,1989-06-09,Kerala,,
UEI-IMD-FL-1989-0029,1989-06-11,1989-06-11,Kerala,,
UEI-IMD-FL-1989-0030,1989-06-11,1989-06-12,Kerala,,1.0
UEI-IMD-FL-1989-0002,1989-06-15,1989-06-21,Arunachal Pradesh,,16.0
UEI-IMD-FL-1989-0050,1989-06-19,1989-06-19,Tamil Nadu,,
UEI-IMD-FL-1989-0037,1989-06-29,1989-06-29,Maharashtra,,1.0
UEI-IMD-FL-1989-0038,1989-06-30,1989-06-30,Maharashtra,,2.0
UEI-IMD-FL-1989-0001,1989-07-01,1989-07-31,Andhra Pradesh,,226.0
UEI-IMD-FL-1989-0004,1989-07-01,1989-08-21,Assam,,28.0
UEI-IMD-FL-1989-0052,1989-07-01,1989-08-31,Uttar Pradesh,,160.0
UEI-IMD-FL-1989-0047,1989-07-02,1989-07-02,Rajasthan,,
UEI-IMD-FL-1989-0019,1989-07-06,1989-07-07,Karnataka,,2.0
UEI-IMD-FL-1989-0007,1989-07-08,1989-07-08,Gujarat,,
UEI-IMD-FL-1989-0010,1989-07-12,1989-07-14,Himachal Pradesh,,
UEI-IMD-FL-1989-0020,1989-07-12,1989-07-12,Karnataka,,1.0
UEI-IMD-FL-1989-0041,1989-07-12,1989-07-20,Odisha,,
UEI-IMD-FL-1989-0021,1989-07-13,1989-07-13,Karnataka,,
UEI-IMD-FL-1989-0015,1989-07-15,1989-07-15,Jammu and Kashmir,,
UEI-IMD-FL-1989-0022,1989-07-16,1989-07-16,Karnataka,,4.0
UEI-IMD-FL-1989-0031,1989-07-16,1989-07-16,Kerala,,
UEI-IMD-FL-1989-0032,1989-07-18,1989-07-18,Kerala,,
UEI-IMD-FL-1989-0023,1989-07-20,1989-07-26,Karnataka,,
UEI-IMD-FL-1989-0033,1989-07-21,1989-07-21,Kerala,,
UEI-IMD-FL-1989-0034,1989-07-21,1989-07-22,Kerala,,17.0
UEI-IMD-FL-1989-0048,1989-07-21,1989-07-22,Rajasthan,,
UEI-IMD-FL-1989-0011,1989-07-22,1989-07-22,Himachal Pradesh,,
UEI-IMD-FL-1989-0044,1989-07-22,1989-07-22,Punjab,,10.0
UEI-IMD-FL-1989-0051,1989-07-22,1989-07-22,Tamil Nadu,,10.0
UEI-IMD-FL-1989-0039,1989-07-23,1989-07-25,Maharashtra,,917.0
UEI-IMD-FL-1989-0012,1989-07-25,1989-08-02,Himachal Pradesh,,53.0
UEI-IMD-FL-1989-0053,1989-07-25,1989-07-25,West Bengal,,
UEI-IMD-FL-1989-0045,1989-07-27,1989-08-02,Punjab,,2.0
UEI-IMD-FL-1989-0054,1989-07-27,1989-07-27,West Bengal,,4.0
UEI-IMD-FL-1989-0055,1989-07-28,1989-08-03,West Bengal,,
UEI-IMD-FL-1989-0016,1989-07-29,1989-07-30,Jammu and Kashmir,,3.0
UEI-IMD-FL-1989-0046,1989-07-29,1989-07-30,Punjab,,
UEI-IMD-FL-1989-0056,1989-07-29,1989-07-29,West Bengal,,
UEI-IMD-FL-1989-0057,1989-07-31,1989-08-07,West Bengal,,5.0
UEI-IMD-FL-1989-0040,1989-08-01,1989-08-07,Manipur,,
UEI-IMD-FL-1989-0058,1989-08-01,1989-08-01,West Bengal,,
UEI-IMD-FL-1989-0042,1989-08-02,1989-08-06,Odisha,,2.0
UEI-IMD-FL-1989-0059,1989-08-06,1989-08-06,West Bengal,,
UEI-IMD-FL-1989-0035,1989-08-13,1989-08-13,Madhya Pradesh,,8.0
UEI-IMD-FL-1989-0008,1989-08-15,1989-08-21,Gujarat,,7.0
UEI-IMD-FL-1989-0049,1989-08-22,1989-08-22,Rajasthan,,
UEI-IMD-FL-1989-0009,1989-08-27,1989-08-27,Haryana,,1.0
UEI-IMD-FL-1989-0017,1989-08-27,1989-08-27,Jammu and Kashmir,,12.0
UEI-IMD-FL-1989-0043,1989-09-11,1989-09-12,Odisha,,
UEI-IMD-FL-1989-0024,1989-09-16,1989-09-16,Karnataka,,
UEI-IMD-FL-1989-0025,1989-09-24,1989-09-24,Karnataka,,1.0
UEI-IMD-FL-1989-0026,1989-09-29,1989-09-30,Karnataka,,7.0
UEI-IMD-FL-1989-0006,1989-10-01,1989-10-07,Bihar,,
UEI-IMD-FL-1989-0005,1989-10-08,1989-10-14,Assam,,
UEI-IMD-FL-1989-0060,1989-12-26,1989-12-26,Punjab,,1.0
UEI-IMD-FL-1990-0021,1990-03-18,1990-03-18,Jammu and Kashmir,,5.0
UEI-IMD-FL-1990-0022,1990-03-22,1990-03-22,Jammu and Kashmir,,32.0
UEI-IMD-FL-1990-0037,1990-05-05,1990-05-05,Maharashtra,,
UEI-IMD-FL-1990-0079,1990-05-13,1990-05-14,West Bengal,,1.0
UEI-IMD-FL-1990-0025,1990-05-19,1990-05-19,Karnataka,,2.0
UEI-IMD-FL-1990-0026,1990-05-25,1990-05-25,Karnataka,,
UEI-IMD-FL-1990-0030,1990-05-26,1990-05-26,Kerala,,
UEI-IMD-FL-1990-0002,1990-06-01,1990-06-07,Arunachal Pradesh,,1.0
UEI-IMD-FL-1990-0058,1990-06-02,1990-06-02,Odisha,,3.0
UEI-IMD-FL-1990-0080,1990-06-05,1990-06-05,West Bengal,,
UEI-IMD-FL-1990-0006,1990-06-08,1990-07-31,Assam,,118.0
UEI-IMD-FL-1990-0078,1990-06-08,1990-06-08,Tripura,,
UEI-IMD-FL-1990-0059,1990-06-13,1990-06-14,Odisha,,2.0
UEI-IMD-FL-1990-0027,1990-06-14,1990-06-14,Karnataka,,
UEI-IMD-FL-1990-0038,1990-06-15,1990-06-16,Maharashtra,,22.0
UEI-IMD-FL-1990-0039,1990-06-16,1990-06-17,Maharashtra,,7.0
UEI-IMD-FL-1990-0040,1990-06-17,1990-06-17,Maharashtra,,21.0
UEI-IMD-FL-1990-0041,1990-06-26,1990-06-27,Maharashtra,,10.0
UEI-IMD-FL-1990-0010,1990-07-01,1990-08-07,Bihar,,4.0
UEI-IMD-FL-1990-0011,1990-07-01,1990-07-07,Gujarat,,38.0
UEI-IMD-FL-1990-0014,1990-07-01,1990-07-05,Haryana,,12.0
UEI-IMD-FL-1990-0015,1990-07-01,1990-07-05,Himachal Pradesh,,1.0
UEI-IMD-FL-1990-0069,1990-07-01,1990-07-05,Punjab,,2.0
UEI-IMD-FL-1990-0081,1990-07-01,1990-07-02,West Bengal,,3.0
UEI-IMD-FL-1990-0071,1990-07-02,1990-07-07,Rajasthan,,90.0
UEI-IMD-FL-1990-0031,1990-07-03,1990-07-03,Kerala,,
UEI-IMD-FL-1990-0082,1990-07-04,1990-07-04,West Bengal,,4.0
UEI-IMD-FL-1990-0083,1990-07-05,1990-07-05,West Bengal,,4.0
UEI-IMD-FL-1990-0016,1990-07-06,1990-07-10,Himachal Pradesh,,18.0
UEI-IMD-FL-1990-0003,1990-07-08,1990-07-08,Arunachal Pradesh,,
UEI-IMD-FL-1990-0084,1990-07-08,1990-07-14,West Bengal,,3.0
UEI-IMD-FL-1990-0075,1990-07-09,1990-07-09,Uttarakhand,,70.0
UEI-IMD-FL-1990-0004,1990-07-10,1990-07-10,Arunachal Pradesh,,8.0
UEI-IMD-FL-1990-0055,1990-07-10,1990-07-10,Manipur,,
UEI-IMD-FL-1990-0085,1990-07-10,1990-07-10,West Bengal,,1.0
UEI-IMD-FL-1990-0086,1990-07-11,1990-07-11,West Bengal,,12.0
UEI-IMD-FL-1990-0087,1990-07-13,1990-07-15,West Bengal,,4.0
UEI-IMD-FL-1990-0057,1990-07-14,1990-07-14,Nagaland,,
UEI-IMD-FL-1990-0076,1990-07-15,1990-07-28,Uttar Pradesh,,210.0
UEI-IMD-FL-1990-0017,1990-07-19,1990-07-19,Himachal Pradesh,,3.0
UEI-IMD-FL-1990-0088,1990-07-19,1990-07-19,West Bengal,,
UEI-IMD-FL-1990-0089,1990-07-19,1990-07-20,West Bengal,,1.0
UEI-IMD-FL-1990-0033,1990-07-20,1990-07-25,Madhya Pradesh,,
UEI-IMD-FL-1990-0090,1990-07-20,1990-07-22,West Bengal,,
UEI-IMD-FL-1990-0042,1990-07-24,1990-07-24,Maharashtra,,3.0
UEI-IMD-FL-1990-0018,1990-07-29,1990-07-29,Himachal Pradesh,,4.0
UEI-IMD-FL-1990-0091,1990-07-29,1990-07-29,West Bengal,,1.0
UEI-IMD-FL-1990-0101,1990-07-29,1990-07-29,Chandigarh,,
UEI-IMD-FL-1990-0001,1990-08-01,1990-08-31,Andhra Pradesh,,36.0
UEI-IMD-FL-1990-0092,1990-08-01,1990-08-01,West Bengal,,
UEI-IMD-FL-1990-0072,1990-08-04,1990-08-07,Rajasthan,,17.0
UEI-IMD-FL-1990-0093,1990-08-04,1990-08-04,West Bengal,,
UEI-IMD-FL-1990-0019,1990-08-05,1990-08-07,Himachal Pradesh,,26.0
UEI-IMD-FL-1990-0023,1990-08-07,1990-08-07,Jammu and Kashmir,,3.0
UEI-IMD-FL-1990-0005,1990-08-08,1990-08-21,Arunachal Pradesh,,
UEI-IMD-FL-1990-0007,1990-08-08,1990-08-21,Assam,,7.0
UEI-IMD-FL-1990-0073,1990-08-13,1990-08-13,Sikkim,,
UEI-IMD-FL-1990-0094,1990-08-13,1990-08-13,West Bengal,,
UEI-IMD-FL-1990-0043,1990-08-15,1990-08-15,Maharashtra,,2.0
UEI-IMD-FL-1990-0044,1990-08-15,1990-08-17,Maharashtra,,13.0
UEI-IMD-FL-1990-0028,1990-08-17,1990-08-17,Karnataka,,15.0
UEI-IMD-FL-1990-0045,1990-08-17,1990-08-17,Maharashtra,,8.0
UEI-IMD-FL-1990-0046,1990-08-17,1990-08-20,Maharashtra,,3.0
UEI-IMD-FL-1990-0047,1990-08-18,1990-08-18,Maharashtra,,6.0
UEI-IMD-FL-1990-0012,1990-08-19,1990-08-19,Gujarat,,4.0
UEI-IMD-FL-1990-0048,1990-08-19,1990-08-19,Maharashtra,,2.0
UEI-IMD-FL-1990-0060,1990-08-19,1990-08-25,Odisha,,3.0
UEI-IMD-FL-1990-0049,1990-08-20,1990-08-20,Maharashtra,,11.0
UEI-IMD-FL-1990-0061,1990-08-20,1990-08-21,Odisha,,
UEI-IMD-FL-1990-0029,1990-08-21,1990-08-21,Karnataka,,13.0
UEI-IMD-FL-1990-0034,1990-08-21,1990-08-23,Madhya Pradesh,,7.0
UEI-IMD-FL-1990-0050,1990-08-21,1990-08-21,Maharashtra,,10.0
UEI-IMD-FL-1990-0051,1990-08-22,1990-08-24,Maharashtra,,46.0
UEI-IMD-FL-1990-0102,1990-08-22,1990-08-22,Delhi,,3.0
UEI-IMD-FL-1990-0013,1990-08-23,1990-08-28,Gujarat,,96.0
UEI-IMD-FL-1990-0052,1990-08-30,1990-08-30,Maharashtra,,1.0
UEI-IMD-FL-1990-0095,1990-09-02,1990-09-02,West Bengal,,12.0
UEI-IMD-FL-1990-0096,1990-09-04,1990-09-04,West Bengal,,
UEI-IMD-FL-1990-0062,1990-09-05,1990-09-05,Odisha,,2.0
UEI-IMD-FL-1990-0063,1990-09-06,1990-09-06,Odisha,,
UEI-IMD-FL-1990-0020,1990-09-07,1990-09-10,Himachal Pradesh,,2.0
UEI-IMD-FL-1990-0024,1990-09-07,1990-09-09,Jammu and Kashmir,,21.0
UEI-IMD-FL-1990-0035,1990-09-07,1990-09-08,Madhya Pradesh,,
UEI-IMD-FL-1990-0070,1990-09-07,1990-09-10,Punjab,,5.0
UEI-IMD-FL-1990-0097,1990-09-10,1990-09-10,West Bengal,,16.0
UEI-IMD-FL-1990-0008,1990-09-15,1990-09-21,Assam,,
UEI-IMD-FL-1990-0036,1990-09-15,1990-09-18,Madhya Pradesh,,8.0
UEI-IMD-FL-1990-0074,1990-09-17,1990-09-17,Sikkim,,37.0
UEI-IMD-FL-1990-0053,1990-09-24,1990-09-24,Maharashtra,,
UEI-IMD-FL-1990-0009,1990-10-01,1990-10-19,Assam,,15.0
UEI-IMD-FL-1990-0064,1990-10-03,1990-10-06,Odisha,,
UEI-IMD-FL-1990-0098,1990-10-04,1990-10-04,West Bengal,,2.0
UEI-IMD-FL-1990-0099,1990-10-06,1990-10-10,West Bengal,,8.0
UEI-IMD-FL-1990-0065,1990-10-08,1990-10-09,Odisha,,5.0
UEI-IMD-FL-1990-0100,1990-10-08,1990-10-08,West Bengal,,
UEI-IMD-FL-1990-0054,1990-10-10,1990-10-12,Maharashtra,,6.0
UEI-IMD-FL-1990-0056,1990-10-11,1990-10-19,Meghalaya,,9.0
UEI-IMD-FL-1990-0066,1990-10-12,1990-10-12,Odisha,,
UEI-IMD-FL-1990-0077,1990-10-18,1990-10-31,Tamil Nadu,,62.0
UEI-IMD-FL-1990-0032,1990-11-03,1990-11-03,Kerala,,
UEI-IMD-FL-1990-0067,1990-11-03,1990-11-06,Odisha,,77.0
UEI-IMD-FL-1990-0068,1990-11-12,1990-11-13,Odisha,,159.0
UEI-IMD-FL-1991-0041,1991-03-09,1991-03-09,Kerala,,
UEI-IMD-FL-1991-0026,1991-04-11,1991-04-21,Jammu and Kashmir,,21.0
UEI-IMD-FL-1991-0027,1991-04-28,1991-04-28,Karnataka,,2.0
UEI-IMD-FL-1991-0078,1991-04-28,1991-04-30,Odisha,,
UEI-IMD-FL-1991-0094,1991-04-29,1991-04-30,Tripura,,5.0
UEI-IMD-FL-1991-0119,1991-04-29,1991-04-29,West Bengal,,
UEI-IMD-FL-1991-0076,1991-04-30,1991-05-01,Mizoram,,2.0
UEI-IMD-FL-1991-0011,1991-05-03,1991-05-03,Assam,,
UEI-IMD-FL-1991-0028,1991-05-04,1991-05-04,Karnataka,,2.0
UEI-IMD-FL-1991-0071,1991-05-04,1991-05-09,Manipur,,
UEI-IMD-FL-1991-0005,1991-05-05,1991-05-05,Arunachal Pradesh,,10.0
UEI-IMD-FL-1991-0012,1991-05-05,1991-05-07,Assam,,
UEI-IMD-FL-1991-0006,1991-05-07,1991-05-07,Arunachal Pradesh,,44.0
UEI-IMD-FL-1991-0013,1991-05-08,1991-05-22,Assam,,39.0
UEI-IMD-FL-1991-0077,1991-05-08,1991-05-08,Mizoram,,5.0
UEI-IMD-FL-1991-0095,1991-05-08,1991-05-09,Tripura,,7.0
UEI-IMD-FL-1991-0007,1991-05-09,1991-05-10,Arunachal Pradesh,,
UEI-IMD-FL-1991-0029,1991-05-09,1991-05-09,Karnataka,,8.0
UEI-IMD-FL-1991-0073,1991-05-11,1991-05-11,Meghalaya,,
UEI-IMD-FL-1991-0008,1991-05-15,1991-05-15,Arunachal Pradesh,,
UEI-IMD-FL-1991-0042,1991-05-21,1991-05-21,Kerala,,
UEI-IMD-FL-1991-0030,1991-05-25,1991-05-25,Karnataka,,4.0
UEI-IMD-FL-1991-0054,1991-05-27,1991-05-27,Maharashtra,,2.0
UEI-IMD-FL-1991-0055,1991-06-02,1991-06-02,Maharashtra,,3.0
UEI-IMD-FL-1991-0043,1991-06-03,1991-06-03,Kerala,,
UEI-IMD-FL-1991-0056,1991-06-04,1991-06-04,Maharashtra,,14.0
UEI-IMD-FL-1991-0031,1991-06-05,1991-06-05,Karnataka,,1.0
UEI-IMD-FL-1991-0120,1991-06-05,1991-06-05,West Bengal,,8.0
UEI-IMD-FL-1991-0121,1991-06-05,1991-06-06,West Bengal,,
UEI-IMD-FL-1991-0044,1991-06-06,1991-06-06,Kerala,,22.0
UEI-IMD-FL-1991-0057,1991-06-06,1991-06-07,Maharashtra,,
UEI-IMD-FL-1991-0058,1991-06-07,1991-06-10,Maharashtra,,74.0
UEI-IMD-FL-1991-0122,1991-06-07,1991-06-07,West Bengal,,1.0
UEI-IMD-FL-1991-0048,1991-06-08,1991-06-08,Madhya Pradesh,,
UEI-IMD-FL-1991-0059,1991-06-08,1991-06-09,Maharashtra,,
UEI-IMD-FL-1991-0045,1991-06-09,1991-06-09,Kerala,,8.0
UEI-IMD-FL-1991-0014,1991-06-12,1991-06-30,Assam,,36.0
UEI-IMD-FL-1991-0060,1991-06-14,1991-06-14,Maharashtra,,4.0
UEI-IMD-FL-1991-0001,1991-06-18,1991-06-18,Andhra Pradesh,,9.0
UEI-IMD-FL-1991-0046,1991-06-19,1991-06-19,Kerala,,
UEI-IMD-FL-1991-0032,1991-06-27,1991-06-27,Karnataka,,
UEI-IMD-FL-1991-0061,1991-06-30,1991-07-01,Maharashtra,,5.0
UEI-IMD-FL-1991-0033,1991-07-06,1991-07-10,Karnataka,,
UEI-IMD-FL-1991-0047,1991-07-07,1991-07-07,Kerala,,
UEI-IMD-FL-1991-0123,1991-07-07,1991-07-07,West Bengal,,
UEI-IMD-FL-1991-0034,1991-07-08,1991-07-08,Karnataka,,
UEI-IMD-FL-1991-0035,1991-07-08,1991-07-09,Karnataka,,2.0
UEI-IMD-FL-1991-0009,1991-07-11,1991-07-11,Arunachal Pradesh,,25.0
UEI-IMD-FL-1991-0074,1991-07-11,1991-07-11,Meghalaya,,
UEI-IMD-FL-1991-0062,1991-07-13,1991-07-13,Maharashtra,,5.0
UEI-IMD-FL-1991-0063,1991-07-16,1991-07-17,Maharashtra,,
UEI-IMD-FL-1991-0036,1991-07-17,1991-07-17,Karnataka,,1.0
UEI-IMD-FL-1991-0037,1991-07-18,1991-07-18,Karnataka,,1.0
UEI-IMD-FL-1991-0064,1991-07-18,1991-07-30,Maharashtra,,500.0
UEI-IMD-FL-1991-0079,1991-07-18,1991-07-18,Odisha,,
UEI-IMD-FL-1991-0010,1991-07-19,1991-07-19,Arunachal Pradesh,,
UEI-IMD-FL-1991-0075,1991-07-19,1991-07-19,Meghalaya,,2.0
UEI-IMD-FL-1991-0049,1991-07-22,1991-07-22,Madhya Pradesh,,
UEI-IMD-FL-1991-0065,1991-07-22,1991-07-22,Maharashtra,,
UEI-IMD-FL-1991-0038,1991-07-26,1991-07-28,Karnataka,,7.0
UEI-IMD-FL-1991-0088,1991-07-26,1991-07-28,Rajasthan,,5.0
UEI-IMD-FL-1991-0066,1991-07-27,1991-07-27,Maharashtra,,4.0
UEI-IMD-FL-1991-0002,1991-07-28,1991-07-29,Andhra Pradesh,,15.0
UEI-IMD-FL-1991-0067,1991-07-29,1991-07-30,Maharashtra,,1.0
UEI-IMD-FL-1991-0080,1991-07-29,1991-07-29,Odisha,,7.0
UEI-IMD-FL-1991-0050,1991-07-30,1991-07-31,Madhya Pradesh,,22.0
UEI-IMD-FL-1991-0081,1991-07-30,1991-07-31,Odisha,,48.0
UEI-IMD-FL-1991-0089,1991-07-31,1991-07-31,Rajasthan,,2.0
UEI-IMD-FL-1991-0021,1991-08-01,1991-09-01,Gujarat,,15.0
UEI-IMD-FL-1991-0082,1991-08-01,1991-08-01,Odisha,,
UEI-IMD-FL-1991-0022,1991-08-02,1991-08-02,Haryana,,
UEI-IMD-FL-1991-0015,1991-08-03,1991-08-03,Assam,,
UEI-IMD-FL-1991-0051,1991-08-03,1991-08-03,Madhya Pradesh,,6.0
UEI-IMD-FL-1991-0068,1991-08-03,1991-08-03,Maharashtra,,
UEI-IMD-FL-1991-0023,1991-08-04,1991-08-04,Himachal Pradesh,,2.0
UEI-IMD-FL-1991-0087,1991-08-04,1991-08-04,Punjab,,4.0
UEI-IMD-FL-1991-0096,1991-08-07,1991-08-07,Uttar Pradesh,,3.0
UEI-IMD-FL-1991-0097,1991-08-08,1991-08-08,Uttar Pradesh,,2.0
UEI-IMD-FL-1991-0016,1991-08-12,1991-08-12,Assam,,
UEI-IMD-FL-1991-0069,1991-08-12,1991-08-16,Maharashtra,,
UEI-IMD-FL-1991-0083,1991-08-13,1991-08-13,Odisha,,1.0
UEI-IMD-FL-1991-0098,1991-08-13,1991-08-13,Uttar Pradesh,,1.0
UEI-IMD-FL-1991-0099,1991-08-14,1991-08-14,Uttar Pradesh,,10.0
UEI-IMD-FL-1991-0100,1991-08-15,1991-08-16,Uttarakhand,,32.0
UEI-IMD-FL-1991-0084,1991-08-16,1991-08-16,Odisha,,32.0
UEI-IMD-FL-1991-0101,1991-08-16,1991-08-17,Uttarakhand,,1.0
UEI-IMD-FL-1991-0070,1991-08-17,1991-08-17,Maharashtra,,2.0
UEI-IMD-FL-1991-0085,1991-08-17,1991-08-17,Odisha,,16.0
UEI-IMD-FL-1991-0017,1991-08-18,1991-08-18,Assam,,1.0
UEI-IMD-FL-1991-0102,1991-08-18,1991-08-18,Uttarakhand,,
UEI-IMD-FL-1991-0052,1991-08-19,1991-08-19,Madhya Pradesh,,2.0
UEI-IMD-FL-1991-0103,1991-08-20,1991-08-20,Uttar Pradesh,,6.0
UEI-IMD-FL-1991-0053,1991-08-23,1991-08-26,Madhya Pradesh,,7.0
UEI-IMD-FL-1991-0104,1991-08-25,1991-08-25,Uttar Pradesh,,
UEI-IMD-FL-1991-0105,1991-08-25,1991-08-31,Uttar Pradesh,,3.0
UEI-IMD-FL-1991-0126,1991-08-25,1991-08-26,Delhi,,5.0
UEI-IMD-FL-1991-0107,1991-08-26,1991-08-26,Uttar Pradesh,,62.0
UEI-IMD-FL-1991-0086,1991-08-27,1991-08-27,Odisha,,1.0
UEI-IMD-FL-1991-0090,1991-08-27,1991-08-28,Rajasthan,,
UEI-IMD-FL-1991-0108,1991-08-28,1991-08-28,Uttar Pradesh,,12.0
UEI-IMD-FL-1991-0024,1991-08-29,1991-08-29,Himachal Pradesh,,5.0
UEI-IMD-FL-1991-0109,1991-08-29,1991-08-29,Uttar Pradesh,,9.0
UEI-IMD-FL-1991-0110,1991-08-30,1991-08-30,Uttar Pradesh,,3.0
UEI-IMD-FL-1991-0111,1991-08-31,1991-08-31,Uttar Pradesh,,7.0
UEI-IMD-FL-1991-0091,1991-09-01,1991-09-01,Rajasthan,,10.0
UEI-IMD-FL-1991-0112,1991-09-02,1991-09-02,Uttar Pradesh,,2.0
UEI-IMD-FL-1991-0113,1991-09-04,1991-09-04,Uttar Pradesh,,6.0
UEI-IMD-FL-1991-0025,1991-09-05,1991-09-05,Himachal Pradesh,,
UEI-IMD-FL-1991-0114,1991-09-05,1991-09-05,Uttar Pradesh,,3.0
UEI-IMD-FL-1991-0124,1991-09-06,1991-09-14,West Bengal,,64.0
UEI-IMD-FL-1991-0115,1991-09-07,1991-09-07,Uttar Pradesh,,18.0
UEI-IMD-FL-1991-0125,1991-09-08,1991-09-08,West Bengal,,
UEI-IMD-FL-1991-0018,1991-09-09,1991-09-09,Assam,,
UEI-IMD-FL-1991-0116,1991-09-11,1991-09-11,Uttar Pradesh,,3.0
UEI-IMD-FL-1991-0117,1991-09-14,1991-09-14,Uttar Pradesh,,
UEI-IMD-FL-1991-0092,1991-09-16,1991-09-16,Sikkim,,
UEI-IMD-FL-1991-0118,1991-09-16,1991-09-16,Uttar Pradesh,,
UEI-IMD-FL-1991-0003,1991-09-22,1991-09-23,Andhra Pradesh,,21.0
UEI-IMD-FL-1991-0019,1991-10-14,1991-10-15,Assam,,20.0
UEI-IMD-FL-1991-0020,1991-10-16,1991-10-21,Assam,,18.0
UEI-IMD-FL-1991-0093,1991-10-20,1991-10-30,Tamil Nadu,,21.0
UEI-IMD-FL-1991-0106,1991-10-25,1991-10-26,Himachal Pradesh,,
UEI-IMD-FL-1991-0004,1991-10-28,1991-10-30,Andhra Pradesh,,18.0
UEI-IMD-FL-1991-0039,1991-10-28,1991-10-30,Karnataka,,42.0
UEI-IMD-FL-1991-0072,1991-11-03,1991-11-03,Manipur,,
UEI-IMD-FL-1991-0040,1991-11-09,1991-11-16,Karnataka,,27.0
UEI-IMD-FL-1992-0005,1992-03-29,1992-03-30,Assam,,
UEI-IMD-FL-1992-0006,1992-04-04,1992-04-05,Assam,,14.0
UEI-IMD-FL-1992-0076,1992-04-05,1992-04-05,West Bengal,,1.0
UEI-IMD-FL-1992-0051,1992-05-02,1992-05-02,Odisha,,5.0
UEI-IMD-FL-1992-0025,1992-05-18,1992-05-19,Kerala,,5.0
UEI-IMD-FL-1992-0007,1992-06-07,1992-06-07,Assam,,
UEI-IMD-FL-1992-0026,1992-06-08,1992-06-09,Kerala,,7.0
UEI-IMD-FL-1992-0015,1992-06-15,1992-06-15,Goa,,
UEI-IMD-FL-1992-0052,1992-06-17,1992-06-17,Odisha,,76.0
UEI-IMD-FL-1992-0077,1992-06-18,1992-06-18,West Bengal,,
UEI-IMD-FL-1992-0078,1992-06-18,1992-06-22,West Bengal,,11.0
UEI-IMD-FL-1992-0016,1992-06-19,1992-06-26,Gujarat,,30.0
UEI-IMD-FL-1992-0037,1992-06-20,1992-06-23,Maharashtra,,8.0
UEI-IMD-FL-1992-0053,1992-06-21,1992-06-21,Odisha,,
UEI-IMD-FL-1992-0008,1992-06-22,1992-06-30,Assam,,17.0
UEI-IMD-FL-1992-0079,1992-06-23,1992-06-24,West Bengal,,
UEI-IMD-FL-1992-0054,1992-06-24,1992-06-24,Odisha,,7.0
UEI-IMD-FL-1992-0003,1992-06-27,1992-06-27,Arunachal Pradesh,,
UEI-IMD-FL-1992-0080,1992-06-28,1992-06-28,West Bengal,,
UEI-IMD-FL-1992-0027,1992-07-02,1992-07-02,Kerala,,55.0
UEI-IMD-FL-1992-0071,1992-07-05,1992-07-05,Sikkim,,
UEI-IMD-FL-1992-0081,1992-07-10,1992-07-10,West Bengal,,
UEI-IMD-FL-1992-0082,1992-07-12,1992-07-12,West Bengal,,
UEI-IMD-FL-1992-0028,1992-07-16,1992-07-16,Kerala,,9.0
UEI-IMD-FL-1992-0018,1992-07-17,1992-07-17,Himachal Pradesh,,35.0
UEI-IMD-FL-1992-0057,1992-07-17,1992-07-17,Rajasthan,,1.0
UEI-IMD-FL-1992-0038,1992-07-18,1992-07-19,Maharashtra,,7.0
UEI-IMD-FL-1992-0083,1992-07-20,1992-07-20,West Bengal,,
UEI-IMD-FL-1992-0017,1992-07-21,1992-08-01,Gujarat,,112.0
UEI-IMD-FL-1992-0039,1992-07-22,1992-07-28,Maharashtra,,9.0
UEI-IMD-FL-1992-0058,1992-07-22,1992-07-22,Rajasthan,,
UEI-IMD-FL-1992-0090,1992-07-24,1992-07-24,Delhi,,1.0
UEI-IMD-FL-1992-0059,1992-07-25,1992-07-25,Rajasthan,,6.0
UEI-IMD-FL-1992-0055,1992-07-26,1992-07-27,Odisha,,1.0
UEI-IMD-FL-1992-0029,1992-07-27,1992-07-28,Kerala,,1.0
UEI-IMD-FL-1992-0084,1992-07-27,1992-07-27,West Bengal,,
UEI-IMD-FL-1992-0030,1992-07-28,1992-07-28,Kerala,,
UEI-IMD-FL-1992-0060,1992-07-30,1992-07-30,Rajasthan,,2.0
UEI-IMD-FL-1992-0031,1992-07-31,1992-07-31,Kerala,,1.0
UEI-IMD-FL-1992-0061,1992-07-31,1992-07-31,Rajasthan,,
UEI-IMD-FL-1992-0085,1992-08-01,1992-08-01,West Bengal,,
UEI-IMD-FL-1992-0032,1992-08-02,1992-08-02,Kerala,,
UEI-IMD-FL-1992-0040,1992-08-04,1992-08-04,Maharashtra,,2.0
UEI-IMD-FL-1992-0009,1992-08-05,1992-08-05,Assam,,
UEI-IMD-FL-1992-0062,1992-08-06,1992-08-06,Rajasthan,,
UEI-IMD-FL-1992-0086,1992-08-06,1992-08-06,West Bengal,,
UEI-IMD-FL-1992-0087,1992-08-07,1992-08-07,West Bengal,,
UEI-IMD-FL-1992-0033,1992-08-08,1992-08-08,Kerala,,4.0
UEI-IMD-FL-1992-0063,1992-08-08,1992-08-08,Rajasthan,,2.0
UEI-IMD-FL-1992-0010,1992-08-09,1992-08-09,Assam,,
UEI-IMD-FL-1992-0049,1992-08-09,1992-08-10,Mizoram,,106.0
UEI-IMD-FL-1992-0064,1992-08-09,1992-08-09,Rajasthan,,
UEI-IMD-FL-1992-0065,1992-08-11,1992-08-12,Rajasthan,,
UEI-IMD-FL-1992-0041,1992-08-12,1992-08-12,Maharashtra,,
UEI-IMD-FL-1992-0042,1992-08-14,1992-08-14,Maharashtra,,
UEI-IMD-FL-1992-0066,1992-08-14,1992-08-14,Rajasthan,,
UEI-IMD-FL-1992-0001,1992-08-15,1992-08-20,Andhra Pradesh,,7.0
UEI-IMD-FL-1992-0043,1992-08-15,1992-08-18,Maharashtra,,19.0
UEI-IMD-FL-1992-0044,1992-08-16,1992-08-16,Maharashtra,,3.0
UEI-IMD-FL-1992-0019,1992-08-17,1992-08-17,Himachal Pradesh,,2.0
UEI-IMD-FL-1992-0056,1992-08-17,1992-09-03,Odisha,,62.0
UEI-IMD-FL-1992-0067,1992-08-17,1992-08-17,Rajasthan,,
UEI-IMD-FL-1992-0089,1992-08-18,1992-08-18,Punjab,,1.0
UEI-IMD-FL-1992-0020,1992-08-20,1992-08-20,Himachal Pradesh,,1.0
UEI-IMD-FL-1992-0045,1992-08-21,1992-08-21,Maharashtra,,29.0
UEI-IMD-FL-1992-0072,1992-08-22,1992-08-22,Sikkim,,2.0
UEI-IMD-FL-1992-0021,1992-08-31,1992-08-31,Himachal Pradesh,,9.0
UEI-IMD-FL-1992-0046,1992-08-31,1992-08-31,Maharashtra,,5.0
UEI-IMD-FL-1992-0011,1992-09-02,1992-09-02,Assam,,
UEI-IMD-FL-1992-0047,1992-09-02,1992-09-02,Maharashtra,,2.0
UEI-IMD-FL-1992-0014,1992-09-03,1992-09-03,Bihar,,
UEI-IMD-FL-1992-0068,1992-09-03,1992-09-03,Rajasthan,,
UEI-IMD-FL-1992-0075,1992-09-03,1992-09-20,Uttar Pradesh,,107.0
UEI-IMD-FL-1992-0069,1992-09-07,1992-09-07,Rajasthan,,3.0
UEI-IMD-FL-1992-0022,1992-09-08,1992-09-13,Jammu and Kashmir,,350.0
UEI-IMD-FL-1992-0070,1992-09-08,1992-09-08,Rajasthan,,3.0
UEI-IMD-FL-1992-0035,1992-09-12,1992-09-13,Madhya Pradesh,,2.0
UEI-IMD-FL-1992-0073,1992-09-18,1992-09-18,Sikkim,,
UEI-IMD-FL-1992-0036,1992-09-20,1992-09-20,Madhya Pradesh,,
UEI-IMD-FL-1992-0050,1992-09-23,1992-09-23,Mizoram,,2.0
UEI-IMD-FL-1992-0088,1992-09-26,1992-09-26,West Bengal,,15.0
UEI-IMD-FL-1992-0012,1992-09-27,1992-09-27,Assam,,
UEI-IMD-FL-1992-0004,1992-09-28,1992-09-28,Arunachal Pradesh,,
UEI-IMD-FL-1992-0023,1992-10-07,1992-10-07,Karnataka,,3.0
UEI-IMD-FL-1992-0074,1992-10-09,1992-10-11,Tamil Nadu,,7.0
UEI-IMD-FL-1992-0034,1992-10-10,1992-10-11,Kerala,,79.0
UEI-IMD-FL-1992-0013,1992-10-15,1992-10-19,Assam,,
UEI-IMD-FL-1992-0048,1992-10-16,1992-10-16,Manipur,,
UEI-IMD-FL-1992-0002,1992-11-16,1992-11-19,Andhra Pradesh,,35.0
UEI-IMD-FL-1992-0024,1992-11-16,1992-11-18,Karnataka,,55.0
UEI-IMD-FL-1993-0017,1993-03-24,1993-03-26,Jammu and Kashmir,,32.0
UEI-IMD-FL-1993-0071,1993-04-29,1993-04-29,West Bengal,,1.0
UEI-IMD-FL-1993-0005,1993-05-04,1993-05-12,Assam,,2.0
UEI-IMD-FL-1993-0066,1993-05-05,1993-05-12,Tripura,,21.0
UEI-IMD-FL-1993-0022,1993-06-01,1993-06-01,Kerala,,1.0
UEI-IMD-FL-1993-0006,1993-06-05,1993-06-19,Assam,,13.0
UEI-IMD-FL-1993-0002,1993-06-07,1993-06-07,Arunachal Pradesh,,
UEI-IMD-FL-1993-0056,1993-06-07,1993-06-23,Mizoram,,14.0
UEI-IMD-FL-1993-0067,1993-06-07,1993-06-09,Tripura,,4.0
UEI-IMD-FL-1993-0039,1993-06-10,1993-06-10,Maharashtra,,1.0
UEI-IMD-FL-1993-0013,1993-06-12,1993-06-14,Gujarat,,1.0
UEI-IMD-FL-1993-0023,1993-06-13,1993-06-13,Kerala,,
UEI-IMD-FL-1993-0040,1993-06-14,1993-06-14,Maharashtra,,
UEI-IMD-FL-1993-0024,1993-06-18,1993-06-18,Kerala,,
UEI-IMD-FL-1993-0041,1993-06-18,1993-06-18,Maharashtra,,3.0
UEI-IMD-FL-1993-0069,1993-07-01,1993-07-31,Uttar Pradesh,,35.0
UEI-IMD-FL-1993-0072,1993-07-01,1993-07-01,West Bengal,,18.0
UEI-IMD-FL-1993-0003,1993-07-02,1993-07-07,Arunachal Pradesh,,
UEI-IMD-FL-1993-0073,1993-07-02,1993-07-02,West Bengal,,4.0
UEI-IMD-FL-1993-0025,1993-07-03,1993-07-03,Kerala,,
UEI-IMD-FL-1993-0042,1993-07-03,1993-07-03,Maharashtra,,
UEI-IMD-FL-1993-0095,1993-07-07,1993-07-07,Delhi,,1.0
UEI-IMD-FL-1993-0014,1993-07-08,1993-07-14,Gujarat,,45.0
UEI-IMD-FL-1993-0015,1993-07-08,1993-07-21,Haryana,,51.0
UEI-IMD-FL-1993-0016,1993-07-08,1993-07-12,Himachal Pradesh,,58.0
UEI-IMD-FL-1993-0060,1993-07-08,1993-07-12,Punjab,,320.0
UEI-IMD-FL-1993-0018,1993-07-09,1993-07-14,Jammu and Kashmir,,20.0
UEI-IMD-FL-1993-0043,1993-07-09,1993-07-09,Maharashtra,,
UEI-IMD-FL-1993-0074,1993-07-10,1993-07-10,West Bengal,,
UEI-IMD-FL-1993-0061,1993-07-11,1993-07-22,Rajasthan,,19.0
UEI-IMD-FL-1993-0044,1993-07-13,1993-07-15,Maharashtra,,
UEI-IMD-FL-1993-0045,1993-07-14,1993-07-14,Maharashtra,,
UEI-IMD-FL-1993-0046,1993-07-15,1993-07-15,Maharashtra,,1.0
UEI-IMD-FL-1993-0075,1993-07-15,1993-07-15,West Bengal,,1.0
UEI-IMD-FL-1993-0076,1993-07-16,1993-07-16,West Bengal,,
UEI-IMD-FL-1993-0036,1993-07-17,1993-07-18,Madhya Pradesh,,9.0
UEI-IMD-FL-1993-0047,1993-07-17,1993-07-17,Maharashtra,,
UEI-IMD-FL-1993-0026,1993-07-18,1993-07-18,Kerala,,1.0
UEI-IMD-FL-1993-0077,1993-07-18,1993-07-20,West Bengal,,336.0
UEI-IMD-FL-1993-0007,1993-07-20,1993-08-09,Assam,,35.0
UEI-IMD-FL-1993-0009,1993-07-22,1993-07-31,Bihar,,35.0
UEI-IMD-FL-1993-0027,1993-07-22,1993-07-22,Kerala,,
UEI-IMD-FL-1993-0068,1993-07-22,1993-07-22,Tripura,,2.0
UEI-IMD-FL-1993-0078,1993-07-22,1993-07-22,West Bengal,,6.0
UEI-IMD-FL-1993-0096,1993-07-22,1993-07-22,Delhi,,1.0
UEI-IMD-FL-1993-0079,1993-07-25,1993-07-25,West Bengal,,18.0
UEI-IMD-FL-1993-0097,1993-07-25,1993-07-25,Delhi,,1.0
UEI-IMD-FL-1993-0028,1993-07-26,1993-07-26,Kerala,,2.0
UEI-IMD-FL-1993-0055,1993-07-26,1993-07-26,Meghalaya,,
UEI-IMD-FL-1993-0057,1993-07-26,1993-07-26,Mizoram,,
UEI-IMD-FL-1993-0029,1993-07-27,1993-07-27,Kerala,,2.0
UEI-IMD-FL-1993-0030,1993-07-28,1993-07-28,Kerala,,
UEI-IMD-FL-1993-0048,1993-07-30,1993-07-30,Maharashtra,,
UEI-IMD-FL-1993-0010,1993-08-01,1993-08-31,Bihar,,25.0
UEI-IMD-FL-1993-0062,1993-08-01,1993-08-31,Rajasthan,,5.0
UEI-IMD-FL-1993-0080,1993-08-03,1993-08-03,West Bengal,,
UEI-IMD-FL-1993-0049,1993-08-05,1993-08-05,Maharashtra,,6.0
UEI-IMD-FL-1993-0064,1993-08-06,1993-08-06,Tamil Nadu,,3.0
UEI-IMD-FL-1993-0081,1993-08-07,1993-08-07,West Bengal,,5.0
UEI-IMD-FL-1993-0082,1993-08-08,1993-08-08,West Bengal,,72.0
UEI-IMD-FL-1993-0008,1993-08-10,1993-09-04,Assam,,3.0
UEI-IMD-FL-1993-0083,1993-08-10,1993-08-10,West Bengal,,5.0
UEI-IMD-FL-1993-0050,1993-08-12,1993-08-12,Maharashtra,,
UEI-IMD-FL-1993-0084,1993-08-12,1993-08-12,West Bengal,,3.0
UEI-IMD-FL-1993-0063,1993-08-13,1993-08-13,Sikkim,,7.0
UEI-IMD-FL-1993-0085,1993-08-14,1993-08-14,West Bengal,,
UEI-IMD-FL-1993-0037,1993-08-16,1993-08-19,Madhya Pradesh,,4.0
UEI-IMD-FL-1993-0059,1993-08-17,1993-08-23,Nagaland,,1.0
UEI-IMD-FL-1993-0086,1993-08-19,1993-08-19,West Bengal,,
UEI-IMD-FL-1993-0087,1993-08-22,1993-08-22,West Bengal,,3.0
UEI-IMD-FL-1993-0088,1993-08-30,1993-08-30,West Bengal,,2.0
UEI-IMD-FL-1993-0019,1993-08-31,1993-08-31,Karnataka,,
UEI-IMD-FL-1993-0058,1993-08-31,1993-08-31,Mizoram,,6.0
UEI-IMD-FL-1993-0089,1993-09-04,1993-09-04,West Bengal,,4.0
UEI-IMD-FL-1993-0004,1993-09-05,1993-09-05,Arunachal Pradesh,,14.0
UEI-IMD-FL-1993-0011,1993-09-05,1993-09-05,Bihar,,2.0
UEI-IMD-FL-1993-0070,1993-09-08,1993-09-21,Uttar Pradesh,,171.0
UEI-IMD-FL-1993-0090,1993-09-12,1993-09-16,West Bengal,,5.0
UEI-IMD-FL-1993-0038,1993-09-18,1993-09-18,Madhya Pradesh,,4.0
UEI-IMD-FL-1993-0091,1993-09-19,1993-09-19,West Bengal,,3.0
UEI-IMD-FL-1993-0012,1993-09-20,1993-09-20,Bihar,,
UEI-IMD-FL-1993-0051,1993-09-22,1993-09-23,Maharashtra,,
UEI-IMD-FL-1993-0092,1993-09-23,1993-09-23,West Bengal,,5.0
UEI-IMD-FL-1993-0093,1993-09-26,1993-09-26,West Bengal,,3.0
UEI-IMD-FL-1993-0052,1993-09-27,1993-09-27,Maharashtra,,
UEI-IMD-FL-1993-0031,1993-10-06,1993-10-06,Kerala,,3.0
UEI-IMD-FL-1993-0001,1993-10-07,1993-10-11,Andhra Pradesh,,13.0
UEI-IMD-FL-1993-0032,1993-10-08,1993-10-08,Kerala,,10.0
UEI-IMD-FL-1993-0020,1993-10-09,1993-10-09,Karnataka,,5.0
UEI-IMD-FL-1993-0033,1993-10-09,1993-10-09,Kerala,,
UEI-IMD-FL-1993-0021,1993-10-11,1993-10-21,Karnataka,,34.0
UEI-IMD-FL-1993-0034,1993-10-11,1993-10-11,Kerala,,
UEI-IMD-FL-1993-0053,1993-10-11,1993-10-11,Maharashtra,,5.0
UEI-IMD-FL-1993-0054,1993-10-18,1993-10-18,Maharashtra,,23.0
UEI-IMD-FL-1993-0065,1993-11-07,1993-11-11,Tamil Nadu,,60.0
UEI-IMD-FL-1993-0035,1993-11-10,1993-11-11,Kerala,,3.0
UEI-IMD-FL-1993-0094,1993-12-08,1993-12-12,Punjab,,2.0
UEI-IMD-FL-1994-0033,1994-03-20,1994-03-25,Jammu and Kashmir,,40.0
UEI-IMD-FL-1994-0007,1994-03-23,1994-03-23,Assam,,
UEI-IMD-FL-1994-0004,1994-04-01,1994-04-07,Arunachal Pradesh,,
UEI-IMD-FL-1994-0038,1994-05-28,1994-05-28,Kerala,,1.0
UEI-IMD-FL-1994-0008,1994-05-30,1994-05-30,Assam,,
UEI-IMD-FL-1994-0009,1994-06-01,1994-06-30,Assam,,2.0
UEI-IMD-FL-1994-0039,1994-06-01,1994-06-14,Kerala,,30.0
UEI-IMD-FL-1994-0060,1994-06-02,1994-06-02,Maharashtra,,1.0
UEI-IMD-FL-1994-0061,1994-06-04,1994-06-04,Maharashtra,,
UEI-IMD-FL-1994-0035,1994-06-05,1994-06-05,Karnataka,,1.0
UEI-IMD-FL-1994-0062,1994-06-06,1994-06-06,Maharashtra,,2.0
UEI-IMD-FL-1994-0063,1994-06-06,1994-06-07,Maharashtra,,2.0
UEI-IMD-FL-1994-0016,1994-06-08,1994-06-21,Gujarat,,13.0
UEI-IMD-FL-1994-0092,1994-06-15,1994-06-15,Rajasthan,,
UEI-IMD-FL-1994-0064,1994-06-16,1994-06-16,Maharashtra,,1.0
UEI-IMD-FL-1994-0054,1994-06-22,1994-06-23,Madhya Pradesh,,
UEI-IMD-FL-1994-0065,1994-06-27,1994-06-27,Maharashtra,,
UEI-IMD-FL-1994-0055,1994-06-28,1994-06-28,Madhya Pradesh,,
UEI-IMD-FL-1994-0066,1994-06-28,1994-06-28,Maharashtra,,13.0
UEI-IMD-FL-1994-0113,1994-06-28,1994-06-28,West Bengal,,
UEI-IMD-FL-1994-0114,1994-06-30,1994-06-30,West Bengal,,
UEI-IMD-FL-1994-0010,1994-07-01,1994-07-16,Assam,,8.0
UEI-IMD-FL-1994-0093,1994-07-01,1994-07-02,Rajasthan,,9.0
UEI-IMD-FL-1994-0108,1994-07-03,1994-07-03,Uttar Pradesh,,8.0
UEI-IMD-FL-1994-0067,1994-07-04,1994-07-04,Maharashtra,,5.0
UEI-IMD-FL-1994-0094,1994-07-05,1994-07-05,Rajasthan,,
UEI-IMD-FL-1994-0005,1994-07-07,1994-07-07,Arunachal Pradesh,,9.0
UEI-IMD-FL-1994-0012,1994-07-08,1994-07-08,Bihar,,6.0
UEI-IMD-FL-1994-0013,1994-07-08,1994-07-14,Bihar,,
UEI-IMD-FL-1994-0017,1994-07-08,1994-07-14,Gujarat,,85.0
UEI-IMD-FL-1994-0020,1994-07-08,1994-08-08,Himachal Pradesh,,2.0
UEI-IMD-FL-1994-0036,1994-07-08,1994-07-14,Karnataka,,58.0
UEI-IMD-FL-1994-0068,1994-07-08,1994-07-14,Maharashtra,,8.0
UEI-IMD-FL-1994-0088,1994-07-08,1994-07-14,Odisha,,5.0
UEI-IMD-FL-1994-0124,1994-07-08,1994-07-08,Punjab,,2.0
UEI-IMD-FL-1994-0069,1994-07-09,1994-07-09,Maharashtra,,1.0
UEI-IMD-FL-1994-0021,1994-07-11,1994-07-11,Himachal Pradesh,,70.0
UEI-IMD-FL-1994-0040,1994-07-11,1994-07-11,Kerala,,
UEI-IMD-FL-1994-0070,1994-07-11,1994-07-12,Maharashtra,,
UEI-IMD-FL-1994-0071,1994-07-11,1994-07-13,Maharashtra,,45.0
UEI-IMD-FL-1994-0072,1994-07-11,1994-07-14,Maharashtra,,2.0
UEI-IMD-FL-1994-0056,1994-07-12,1994-07-13,Madhya Pradesh,,9.0
UEI-IMD-FL-1994-0073,1994-07-12,1994-07-12,Maharashtra,,2.0
UEI-IMD-FL-1994-0095,1994-07-12,1994-07-12,Rajasthan,,4.0
UEI-IMD-FL-1994-0074,1994-07-13,1994-07-13,Maharashtra,,51.0
UEI-IMD-FL-1994-0104,1994-07-13,1994-07-13,Tamil Nadu,,1.0
UEI-IMD-FL-1994-0115,1994-07-13,1994-07-13,West Bengal,,3.0
UEI-IMD-FL-1994-0041,1994-07-14,1994-07-15,Kerala,,12.0
UEI-IMD-FL-1994-0042,1994-07-14,1994-07-16,Kerala,,14.0
UEI-IMD-FL-1994-0075,1994-07-14,1994-07-14,Maharashtra,,2.0
UEI-IMD-FL-1994-0022,1994-07-15,1994-07-15,Himachal Pradesh,,
UEI-IMD-FL-1994-0043,1994-07-15,1994-07-15,Kerala,,4.0
UEI-IMD-FL-1994-0023,1994-07-16,1994-07-17,Himachal Pradesh,,8.0
UEI-IMD-FL-1994-0076,1994-07-18,1994-07-18,Maharashtra,,
UEI-IMD-FL-1994-0024,1994-07-19,1994-07-20,Himachal Pradesh,,4.0
UEI-IMD-FL-1994-0057,1994-07-19,1994-07-22,Madhya Pradesh,,25.0
UEI-IMD-FL-1994-0091,1994-07-19,1994-07-23,Punjab,,18.0
UEI-IMD-FL-1994-0001,1994-07-20,1994-07-20,Andhra Pradesh,,5.0
UEI-IMD-FL-1994-0034,1994-07-20,1994-07-20,Jammu and Kashmir,,3.0
UEI-IMD-FL-1994-0096,1994-07-20,1994-07-20,Rajasthan,,4.0
UEI-IMD-FL-1994-0077,1994-07-21,1994-07-21,Maharashtra,,
UEI-IMD-FL-1994-0044,1994-07-23,1994-07-23,Kerala,,
UEI-IMD-FL-1994-0078,1994-07-23,1994-07-23,Maharashtra,,
UEI-IMD-FL-1994-0097,1994-07-24,1994-07-25,Rajasthan,,5.0
UEI-IMD-FL-1994-0079,1994-07-25,1994-07-25,Maharashtra,,2.0
UEI-IMD-FL-1994-0098,1994-07-26,1994-07-26,Rajasthan,,1.0
UEI-IMD-FL-1994-0025,1994-07-27,1994-07-30,Himachal Pradesh,,6.0
UEI-IMD-FL-1994-0099,1994-07-27,1994-07-27,Rajasthan,,3.0
UEI-IMD-FL-1994-0109,1994-07-27,1994-07-27,Uttar Pradesh,,4.0
UEI-IMD-FL-1994-0045,1994-07-31,1994-07-31,Kerala,,
UEI-IMD-FL-1994-0046,1994-08-01,1994-08-01,Kerala,,
UEI-IMD-FL-1994-0019,1994-08-02,1994-08-02,Haryana,,3.0
UEI-IMD-FL-1994-0047,1994-08-02,1994-08-02,Kerala,,3.0
UEI-IMD-FL-1994-0116,1994-08-02,1994-08-02,West Bengal,,
UEI-IMD-FL-1994-0048,1994-08-03,1994-08-09,Kerala,,
UEI-IMD-FL-1994-0117,1994-08-03,1994-08-03,West Bengal,,
UEI-IMD-FL-1994-0058,1994-08-05,1994-08-05,Madhya Pradesh,,3.0
UEI-IMD-FL-1994-0118,1994-08-06,1994-08-06,West Bengal,,
UEI-IMD-FL-1994-0026,1994-08-07,1994-08-07,Himachal Pradesh,,
UEI-IMD-FL-1994-0014,1994-08-08,1994-08-14,Bihar,,28.0
UEI-IMD-FL-1994-0110,1994-08-08,1994-08-14,Uttar Pradesh,,15.0
UEI-IMD-FL-1994-0027,1994-08-10,1994-08-10,Himachal Pradesh,,15.0
UEI-IMD-FL-1994-0006,1994-08-11,1994-08-11,Arunachal Pradesh,,4.0
UEI-IMD-FL-1994-0028,1994-08-11,1994-08-11,Himachal Pradesh,,11.0
UEI-IMD-FL-1994-0119,1994-08-14,1994-08-16,West Bengal,,1.0
UEI-IMD-FL-1994-0011,1994-08-16,1994-08-23,Assam,,
UEI-IMD-FL-1994-0029,1994-08-16,1994-08-16,Himachal Pradesh,,12.0
UEI-IMD-FL-1994-0100,1994-08-16,1994-08-16,Rajasthan,,2.0
UEI-IMD-FL-1994-0120,1994-08-18,1994-08-18,West Bengal,,1.0
UEI-IMD-FL-1994-0080,1994-08-19,1994-08-19,Maharashtra,,
UEI-IMD-FL-1994-0018,1994-08-20,1994-08-21,Gujarat,,10.0
UEI-IMD-FL-1994-0101,1994-08-20,1994-08-20,Rajasthan,,1.0
UEI-IMD-FL-1994-0030,1994-08-23,1994-08-23,Himachal Pradesh,,15.0
UEI-IMD-FL-1994-0031,1994-08-24,1994-08-24,Himachal Pradesh,,2.0
UEI-IMD-FL-1994-0121,1994-08-24,1994-08-24,West Bengal,,
UEI-IMD-FL-1994-0059,1994-08-27,1994-08-27,Madhya Pradesh,,
UEI-IMD-FL-1994-0102,1994-08-28,1994-08-28,Rajasthan,,13.0
UEI-IMD-FL-1994-0081,1994-08-29,1994-08-31,Maharashtra,,4.0
UEI-IMD-FL-1994-0089,1994-08-29,1994-08-30,Odisha,,3.0
UEI-IMD-FL-1994-0082,1994-08-30,1994-08-30,Maharashtra,,8.0
UEI-IMD-FL-1994-0083,1994-08-31,1994-08-31,Maharashtra,,2.0
UEI-IMD-FL-1994-0084,1994-09-01,1994-09-14,Maharashtra,,53.0
UEI-IMD-FL-1994-0090,1994-09-01,1994-09-30,Odisha,,72.0
UEI-IMD-FL-1994-0085,1994-09-02,1994-09-02,Maharashtra,,7.0
UEI-IMD-FL-1994-0086,1994-09-03,1994-09-03,Maharashtra,,10.0
UEI-IMD-FL-1994-0032,1994-09-05,1994-09-05,Himachal Pradesh,,15.0
UEI-IMD-FL-1994-0002,1994-09-06,1994-09-10,Andhra Pradesh,,16.0
UEI-IMD-FL-1994-0103,1994-09-07,1994-09-07,Rajasthan,,4.0
UEI-IMD-FL-1994-0111,1994-09-12,1994-09-19,Uttar Pradesh,,16.0
UEI-IMD-FL-1994-0015,1994-09-15,1994-09-21,Bihar,,2.0
UEI-IMD-FL-1994-0122,1994-09-19,1994-09-19,West Bengal,,
UEI-IMD-FL-1994-0049,1994-09-22,1994-09-22,Kerala,,1.0
UEI-IMD-FL-1994-0112,1994-09-22,1994-09-22,Uttar Pradesh,,2.0
UEI-IMD-FL-1994-0050,1994-10-03,1994-10-06,Kerala,,10.0
UEI-IMD-FL-1994-0003,1994-10-04,1994-10-06,Andhra Pradesh,,31.0
UEI-IMD-FL-1994-0037,1994-10-06,1994-10-06,Karnataka,,8.0
UEI-IMD-FL-1994-0123,1994-10-06,1994-10-08,West Bengal,,
UEI-IMD-FL-1994-0051,1994-10-11,1994-10-11,Kerala,,1.0
UEI-IMD-FL-1994-0052,1994-10-16,1994-10-16,Kerala,,
UEI-IMD-FL-1994-0087,1994-10-16,1994-10-16,Maharashtra,,
UEI-IMD-FL-1994-0053,1994-10-24,1994-10-24,Kerala,,
UEI-IMD-FL-1994-0105,1994-11-03,1994-11-04,Tamil Nadu,,
UEI-IMD-FL-1994-0106,1994-11-07,1994-11-07,Tamil Nadu,,1.0
UEI-IMD-FL-1994-0107,1994-12-20,1994-12-22,Tamil Nadu,,3.0
UEI-IMD-FL-1995-0027,1995-02-15,1995-02-15,Himachal Pradesh,,2.0
UEI-IMD-FL-1995-0060,1995-03-19,1995-03-19,Maharashtra,,
UEI-IMD-FL-1995-0061,1995-03-25,1995-03-25,Maharashtra,,
UEI-IMD-FL-1995-0062,1995-03-27,1995-03-27,Maharashtra,,
UEI-IMD-FL-1995-0040,1995-03-28,1995-03-28,Kerala,,
UEI-IMD-FL-1995-0001,1995-05-06,1995-05-14,Andhra Pradesh,,17.0
UEI-IMD-FL-1995-0114,1995-05-06,1995-05-06,Tamil Nadu,,12.0
UEI-IMD-FL-1995-0041,1995-05-07,1995-05-08,Kerala,,
UEI-IMD-FL-1995-0042,1995-05-07,1995-05-09,Kerala,,3.0
UEI-IMD-FL-1995-0043,1995-05-07,1995-05-10,Kerala,,2.0
UEI-IMD-FL-1995-0044,1995-05-07,1995-05-11,Kerala,,
UEI-IMD-FL-1995-0076,1995-05-08,1995-05-10,Odisha,,8.0
UEI-IMD-FL-1995-0127,1995-05-11,1995-05-13,West Bengal,,
UEI-IMD-FL-1995-0063,1995-05-13,1995-05-13,Maharashtra,,2.0
UEI-IMD-FL-1995-0077,1995-05-14,1995-05-16,Odisha,,39.0
UEI-IMD-FL-1995-0128,1995-05-14,1995-05-15,West Bengal,,
UEI-IMD-FL-1995-0129,1995-05-14,1995-05-16,West Bengal,,
UEI-IMD-FL-1995-0130,1995-05-16,1995-05-16,West Bengal,,1.0
UEI-IMD-FL-1995-0005,1995-05-18,1995-05-18,Arunachal Pradesh,,2.0
UEI-IMD-FL-1995-0010,1995-05-18,1995-05-27,Assam,,
UEI-IMD-FL-1995-0075,1995-05-18,1995-05-18,Mizoram,,25.0
UEI-IMD-FL-1995-0011,1995-06-05,1995-06-26,Assam,,11.0
UEI-IMD-FL-1995-0119,1995-06-05,1995-06-05,Tripura,,1.0
UEI-IMD-FL-1995-0117,1995-06-08,1995-06-08,Tripura,,1.0
UEI-IMD-FL-1995-0020,1995-06-12,1995-06-12,Haryana,,3.0
UEI-IMD-FL-1995-0045,1995-06-13,1995-06-17,Kerala,,2.0
UEI-IMD-FL-1995-0131,1995-06-15,1995-06-15,West Bengal,,
UEI-IMD-FL-1995-0006,1995-06-16,1995-06-22,Arunachal Pradesh,,
UEI-IMD-FL-1995-0118,1995-06-18,1995-06-18,Tripura,,1.0
UEI-IMD-FL-1995-0074,1995-06-19,1995-06-19,Meghalaya,,12.0
UEI-IMD-FL-1995-0132,1995-06-20,1995-06-20,West Bengal,,
UEI-IMD-FL-1995-0133,1995-06-25,1995-06-25,West Bengal,,
UEI-IMD-FL-1995-0046,1995-06-29,1995-06-29,Kerala,,
UEI-IMD-FL-1995-0064,1995-06-29,1995-06-29,Maharashtra,,
UEI-IMD-FL-1995-0134,1995-06-29,1995-06-29,West Bengal,,5.0
UEI-IMD-FL-1995-0012,1995-07-04,1995-07-18,Assam,,37.0
UEI-IMD-FL-1995-0028,1995-07-05,1995-07-05,Himachal Pradesh,,2.0
UEI-IMD-FL-1995-0047,1995-07-05,1995-07-12,Kerala,,
UEI-IMD-FL-1995-0135,1995-07-05,1995-07-05,West Bengal,,
UEI-IMD-FL-1995-0136,1995-07-05,1995-07-11,West Bengal,,
UEI-IMD-FL-1995-0007,1995-07-07,1995-07-07,Arunachal Pradesh,,
UEI-IMD-FL-1995-0015,1995-07-08,1995-07-14,Bihar,,
UEI-IMD-FL-1995-0065,1995-07-08,1995-07-08,Maharashtra,,
UEI-IMD-FL-1995-0029,1995-07-09,1995-07-12,Himachal Pradesh,,7.0
UEI-IMD-FL-1995-0008,1995-07-10,1995-07-10,Arunachal Pradesh,,5.0
UEI-IMD-FL-1995-0097,1995-07-10,1995-07-10,Rajasthan,,
UEI-IMD-FL-1995-0137,1995-07-10,1995-07-10,West Bengal,,
UEI-IMD-FL-1995-0048,1995-07-14,1995-07-18,Kerala,,
UEI-IMD-FL-1995-0098,1995-07-15,1995-07-15,Rajasthan,,5.0
UEI-IMD-FL-1995-0099,1995-07-16,1995-07-16,Rajasthan,,22.0
UEI-IMD-FL-1995-0138,1995-07-16,1995-07-16,West Bengal,,
UEI-IMD-FL-1995-0030,1995-07-18,1995-07-18,Himachal Pradesh,,
UEI-IMD-FL-1995-0078,1995-07-18,1995-07-23,Odisha,,
UEI-IMD-FL-1995-0100,1995-07-18,1995-07-18,Rajasthan,,14.0
UEI-IMD-FL-1995-0066,1995-07-19,1995-07-19,Maharashtra,,
UEI-IMD-FL-1995-0101,1995-07-19,1995-07-19,Rajasthan,,5.0
UEI-IMD-FL-1995-0102,1995-07-20,1995-07-20,Rajasthan,,
UEI-IMD-FL-1995-0049,1995-07-21,1995-07-26,Kerala,,
UEI-IMD-FL-1995-0016,1995-07-22,1995-07-28,Bihar,,7.0
UEI-IMD-FL-1995-0067,1995-07-23,1995-07-23,Maharashtra,,6.0
UEI-IMD-FL-1995-0038,1995-07-25,1995-08-02,Jammu and Kashmir,,104.0
UEI-IMD-FL-1995-0055,1995-07-25,1995-07-28,Madhya Pradesh,,40.0
UEI-IMD-FL-1995-0021,1995-07-28,1995-07-28,Haryana,,
UEI-IMD-FL-1995-0031,1995-07-28,1995-07-28,Himachal Pradesh,,
UEI-IMD-FL-1995-0039,1995-07-28,1995-07-28,Karnataka,,6.0
UEI-IMD-FL-1995-0103,1995-07-28,1995-07-28,Rajasthan,,
UEI-IMD-FL-1995-0068,1995-08-01,1995-08-01,Maharashtra,,2.0
UEI-IMD-FL-1995-0104,1995-08-01,1995-08-07,Rajasthan,,
UEI-IMD-FL-1995-0032,1995-08-02,1995-08-03,Himachal Pradesh,,6.0
UEI-IMD-FL-1995-0079,1995-08-02,1995-08-02,Odisha,,
UEI-IMD-FL-1995-0022,1995-08-03,1995-08-03,Haryana,,
UEI-IMD-FL-1995-0139,1995-08-03,1995-08-03,West Bengal,,1.0
UEI-IMD-FL-1995-0157,1995-08-03,1995-08-03,Punjab,,
UEI-IMD-FL-1995-0050,1995-08-04,1995-08-04,Kerala,,
UEI-IMD-FL-1995-0033,1995-08-06,1995-08-06,Himachal Pradesh,,
UEI-IMD-FL-1995-0087,1995-08-06,1995-08-07,Punjab,,10.0
UEI-IMD-FL-1995-0105,1995-08-06,1995-08-06,Rajasthan,,
UEI-IMD-FL-1995-0034,1995-08-08,1995-08-14,Himachal Pradesh,,12.0
UEI-IMD-FL-1995-0056,1995-08-08,1995-08-08,Madhya Pradesh,,
UEI-IMD-FL-1995-0080,1995-08-08,1995-08-10,Odisha,,
UEI-IMD-FL-1995-0088,1995-08-08,1995-08-08,Punjab,,2.0
UEI-IMD-FL-1995-0106,1995-08-09,1995-08-13,Rajasthan,,10.0
UEI-IMD-FL-1995-0023,1995-08-10,1995-08-10,Haryana,,1.0
UEI-IMD-FL-1995-0089,1995-08-10,1995-08-10,Punjab,,1.0
UEI-IMD-FL-1995-0009,1995-08-12,1995-08-12,Arunachal Pradesh,,
UEI-IMD-FL-1995-0090,1995-08-12,1995-08-12,Punjab,,1.0
UEI-IMD-FL-1995-0140,1995-08-12,1995-08-12,West Bengal,,
UEI-IMD-FL-1995-0013,1995-08-13,1995-08-19,Assam,,5.0
UEI-IMD-FL-1995-0120,1995-08-14,1995-08-14,Uttar Pradesh,,10.0
UEI-IMD-FL-1995-0081,1995-08-15,1995-08-16,Odisha,,
UEI-IMD-FL-1995-0082,1995-08-16,1995-08-17,Odisha,,
UEI-IMD-FL-1995-0017,1995-08-17,1995-08-31,Bihar,,46.0
UEI-IMD-FL-1995-0091,1995-08-18,1995-08-18,Punjab,,
UEI-IMD-FL-1995-0057,1995-08-19,1995-08-19,Madhya Pradesh,,
UEI-IMD-FL-1995-0107,1995-08-19,1995-08-19,Rajasthan,,5.0
UEI-IMD-FL-1995-0108,1995-08-20,1995-08-21,Rajasthan,,9.0
UEI-IMD-FL-1995-0141,1995-08-21,1995-08-21,West Bengal,,2.0
UEI-IMD-FL-1995-0092,1995-08-22,1995-08-22,Punjab,,1.0
UEI-IMD-FL-1995-0123,1995-08-22,1995-09-14,Uttar Pradesh,,199.0
UEI-IMD-FL-1995-0058,1995-08-23,1995-08-23,Madhya Pradesh,,
UEI-IMD-FL-1995-0109,1995-08-28,1995-08-30,Rajasthan,,4.0
UEI-IMD-FL-1995-0024,1995-08-29,1995-08-30,Haryana,,9.0
UEI-IMD-FL-1995-0121,1995-08-29,1995-08-29,Uttar Pradesh,,5.0
UEI-IMD-FL-1995-0093,1995-08-30,1995-08-31,Punjab,,5.0
UEI-IMD-FL-1995-0035,1995-08-31,1995-08-31,Himachal Pradesh,,3.0
UEI-IMD-FL-1995-0069,1995-08-31,1995-08-31,Maharashtra,,5.0
UEI-IMD-FL-1995-0122,1995-08-31,1995-08-31,Uttar Pradesh,,
UEI-IMD-FL-1995-0002,1995-09-01,1995-09-01,Andhra Pradesh,,6.0
UEI-IMD-FL-1995-0070,1995-09-01,1995-09-01,Maharashtra,,7.0
UEI-IMD-FL-1995-0071,1995-09-01,1995-09-02,Maharashtra,,5.0
UEI-IMD-FL-1995-0051,1995-09-02,1995-09-03,Kerala,,2.0
UEI-IMD-FL-1995-0059,1995-09-03,1995-09-03,Madhya Pradesh,,
UEI-IMD-FL-1995-0124,1995-09-03,1995-09-03,Uttar Pradesh,,40.0
UEI-IMD-FL-1995-0142,1995-09-03,1995-09-03,West Bengal,,3.0
UEI-IMD-FL-1995-0003,1995-09-04,1995-09-04,Andhra Pradesh,,
UEI-IMD-FL-1995-0025,1995-09-04,1995-09-05,Haryana,,64.0
UEI-IMD-FL-1995-0110,1995-09-04,1995-09-05,Rajasthan,,10.0
UEI-IMD-FL-1995-0143,1995-09-04,1995-09-04,West Bengal,,2.0
UEI-IMD-FL-1995-0158,1995-09-04,1995-09-04,Delhi,,
UEI-IMD-FL-1995-0036,1995-09-05,1995-09-05,Himachal Pradesh,,19.0
UEI-IMD-FL-1995-0094,1995-09-05,1995-09-05,Punjab,,3.0
UEI-IMD-FL-1995-0144,1995-09-05,1995-09-05,West Bengal,,
UEI-IMD-FL-1995-0113,1995-09-06,1995-09-06,Sikkim,,24.0
UEI-IMD-FL-1995-0159,1995-09-06,1995-09-07,Delhi,,2.0
UEI-IMD-FL-1995-0115,1995-09-07,1995-09-11,Tamil Nadu,,
UEI-IMD-FL-1995-0111,1995-09-08,1995-09-08,Rajasthan,,1.0
UEI-IMD-FL-1995-0026,1995-09-09,1995-09-10,Haryana,,112.0
UEI-IMD-FL-1995-0095,1995-09-09,1995-09-09,Punjab,,7.0
UEI-IMD-FL-1995-0125,1995-09-09,1995-09-09,Uttar Pradesh,,3.0
UEI-IMD-FL-1995-0160,1995-09-09,1995-09-09,Delhi,,1.0
UEI-IMD-FL-1995-0112,1995-09-10,1995-09-10,Rajasthan,,
UEI-IMD-FL-1995-0145,1995-09-10,1995-09-10,West Bengal,,3.0
UEI-IMD-FL-1995-0037,1995-09-12,1995-09-14,Himachal Pradesh,,100.0
UEI-IMD-FL-1995-0096,1995-09-12,1995-09-13,Punjab,,20.0
UEI-IMD-FL-1995-0146,1995-09-12,1995-09-13,West Bengal,,
UEI-IMD-FL-1995-0147,1995-09-16,1995-09-16,West Bengal,,4.0
UEI-IMD-FL-1995-0072,1995-09-17,1995-09-17,Maharashtra,,1.0
UEI-IMD-FL-1995-0148,1995-09-17,1995-09-18,West Bengal,,2.0
UEI-IMD-FL-1995-0126,1995-09-19,1995-09-19,Uttar Pradesh,,14.0
UEI-IMD-FL-1995-0149,1995-09-26,1995-09-26,West Bengal,,1.0
UEI-IMD-FL-1995-0150,1995-09-26,1995-09-29,West Bengal,,18.0
UEI-IMD-FL-1995-0073,1995-09-27,1995-09-27,Maharashtra,,
UEI-IMD-FL-1995-0151,1995-09-27,1995-09-27,West Bengal,,2.0
UEI-IMD-FL-1995-0152,1995-09-27,1995-09-28,West Bengal,,9.0
UEI-IMD-FL-1995-0004,1995-10-01,1995-10-31,Andhra Pradesh,,119.0
UEI-IMD-FL-1995-0014,1995-10-01,1995-10-03,Assam,,
UEI-IMD-FL-1995-0052,1995-10-07,1995-10-07,Kerala,,1.0
UEI-IMD-FL-1995-0083,1995-10-07,1995-10-10,Odisha,,
UEI-IMD-FL-1995-0084,1995-10-07,1995-10-11,Odisha,,
UEI-IMD-FL-1995-0085,1995-10-08,1995-10-14,Odisha,,
UEI-IMD-FL-1995-0086,1995-10-08,1995-10-17,Odisha,,
UEI-IMD-FL-1995-0153,1995-10-08,1995-10-08,West Bengal,,
UEI-IMD-FL-1995-0154,1995-10-08,1995-10-09,West Bengal,,
UEI-IMD-FL-1995-0018,1995-10-09,1995-10-15,Bihar,,101.0
UEI-IMD-FL-1995-0053,1995-10-15,1995-10-28,Kerala,,
UEI-IMD-FL-1995-0054,1995-10-18,1995-10-19,Kerala,,
UEI-IMD-FL-1995-0116,1995-11-02,1995-11-08,Tamil Nadu,,14.0
UEI-IMD-FL-1995-0155,1995-11-09,1995-11-09,West Bengal,,1.0
UEI-IMD-FL-1995-0156,1995-11-10,1995-11-10,West Bengal,,2.0
UEI-IMD-FL-1995-0019,1995-12-23,1995-12-23,Bihar,,
UEI-IMD-FL-1996-0018,1996-01-16,1996-01-16,Bihar,,
UEI-IMD-FL-1996-0038,1996-02-24,1996-02-24,Jammu and Kashmir,,
UEI-IMD-FL-1996-0039,1996-03-16,1996-03-17,Jammu and Kashmir,,3.0
UEI-IMD-FL-1996-0029,1996-03-17,1996-03-17,Himachal Pradesh,,
UEI-IMD-FL-1996-0024,1996-03-21,1996-03-22,Haryana,,
UEI-IMD-FL-1996-0008,1996-05-12,1996-05-12,Assam,,
UEI-IMD-FL-1996-0009,1996-05-13,1996-05-14,Assam,,
UEI-IMD-FL-1996-0005,1996-05-14,1996-05-14,Arunachal Pradesh,,
UEI-IMD-FL-1996-0010,1996-05-15,1996-05-29,Assam,,
UEI-IMD-FL-1996-0011,1996-05-16,1996-05-16,Assam,,
UEI-IMD-FL-1996-0012,1996-05-21,1996-05-21,Assam,,
UEI-IMD-FL-1996-0013,1996-05-22,1996-05-22,Assam,,
UEI-IMD-FL-1996-0050,1996-06-03,1996-06-03,Kerala,,
UEI-IMD-FL-1996-0014,1996-06-08,1996-06-08,Assam,,
UEI-IMD-FL-1996-0068,1996-06-09,1996-06-09,Maharashtra,,4.0
UEI-IMD-FL-1996-0043,1996-06-13,1996-06-15,Karnataka,,29.0
UEI-IMD-FL-1996-0051,1996-06-13,1996-06-13,Kerala,,
UEI-IMD-FL-1996-0044,1996-06-14,1996-06-14,Karnataka,,9.0
UEI-IMD-FL-1996-0052,1996-06-14,1996-06-15,Kerala,,1.0
UEI-IMD-FL-1996-0069,1996-06-14,1996-06-18,Maharashtra,,
UEI-IMD-FL-1996-0102,1996-06-14,1996-06-15,Tamil Nadu,,14.0
UEI-IMD-FL-1996-0070,1996-06-15,1996-06-15,Maharashtra,,5.0
UEI-IMD-FL-1996-0053,1996-06-16,1996-06-22,Kerala,,24.0
UEI-IMD-FL-1996-0040,1996-06-17,1996-06-20,Jammu and Kashmir,,4.0
UEI-IMD-FL-1996-0054,1996-06-17,1996-06-17,Kerala,,
UEI-IMD-FL-1996-0062,1996-06-17,1996-06-19,Madhya Pradesh,,
UEI-IMD-FL-1996-0071,1996-06-17,1996-06-17,Maharashtra,,
UEI-IMD-FL-1996-0072,1996-06-18,1996-06-19,Maharashtra,,6.0
UEI-IMD-FL-1996-0022,1996-06-19,1996-06-20,Goa,,
UEI-IMD-FL-1996-0030,1996-06-19,1996-06-19,Himachal Pradesh,,2.0
UEI-IMD-FL-1996-0090,1996-06-19,1996-06-19,Punjab,,2.0
UEI-IMD-FL-1996-0114,1996-06-19,1996-06-20,West Bengal,,
UEI-IMD-FL-1996-0055,1996-06-20,1996-06-20,Kerala,,2.0
UEI-IMD-FL-1996-0095,1996-06-20,1996-06-26,Rajasthan,,58.0
UEI-IMD-FL-1996-0073,1996-06-21,1996-06-22,Maharashtra,,3.0
UEI-IMD-FL-1996-0041,1996-06-22,1996-06-28,Jammu and Kashmir,,15.0
UEI-IMD-FL-1996-0115,1996-06-23,1996-06-23,West Bengal,,1.0
UEI-IMD-FL-1996-0129,1996-06-24,1996-06-24,Delhi,,2.0
UEI-IMD-FL-1996-0130,1996-06-25,1996-06-25,Delhi,,8.0
UEI-IMD-FL-1996-0025,1996-06-26,1996-06-27,Haryana,,7.0
UEI-IMD-FL-1996-0091,1996-06-26,1996-06-26,Punjab,,
UEI-IMD-FL-1996-0031,1996-06-27,1996-06-27,Himachal Pradesh,,11.0
UEI-IMD-FL-1996-0006,1996-06-28,1996-07-12,Arunachal Pradesh,,
UEI-IMD-FL-1996-0020,1996-07-01,1996-07-31,Bihar,,25.0
UEI-IMD-FL-1996-0032,1996-07-01,1996-07-01,Himachal Pradesh,,2.0
UEI-IMD-FL-1996-0063,1996-07-01,1996-07-01,Madhya Pradesh,,2.0
UEI-IMD-FL-1996-0074,1996-07-02,1996-07-02,Maharashtra,,
UEI-IMD-FL-1996-0106,1996-07-02,1996-07-02,Tripura,,8.0
UEI-IMD-FL-1996-0075,1996-07-11,1996-07-11,Maharashtra,,1.0
UEI-IMD-FL-1996-0116,1996-07-12,1996-07-13,West Bengal,,100.0
UEI-IMD-FL-1996-0033,1996-07-14,1996-07-23,Himachal Pradesh,,7.0
UEI-IMD-FL-1996-0076,1996-07-15,1996-07-21,Maharashtra,,16.0
UEI-IMD-FL-1996-0117,1996-07-15,1996-07-21,West Bengal,,7.0
UEI-IMD-FL-1996-0007,1996-07-16,1996-07-16,Arunachal Pradesh,,
UEI-IMD-FL-1996-0107,1996-07-18,1996-07-18,Uttar Pradesh,,25.0
UEI-IMD-FL-1996-0019,1996-07-19,1996-07-20,Bihar,,
UEI-IMD-FL-1996-0056,1996-07-20,1996-07-21,Kerala,,
UEI-IMD-FL-1996-0089,1996-07-23,1996-07-23,Odisha,,
UEI-IMD-FL-1996-0108,1996-07-23,1996-07-23,Uttar Pradesh,,
UEI-IMD-FL-1996-0057,1996-07-24,1996-07-24,Kerala,,
UEI-IMD-FL-1996-0064,1996-07-24,1996-07-27,Madhya Pradesh,,8.0
UEI-IMD-FL-1996-0109,1996-07-24,1996-07-24,Uttar Pradesh,,5.0
UEI-IMD-FL-1996-0023,1996-07-26,1996-07-27,Gujarat,,4.0
UEI-IMD-FL-1996-0096,1996-07-26,1996-07-26,Rajasthan,,2.0
UEI-IMD-FL-1996-0015,1996-07-27,1996-07-31,Assam,,27.0
UEI-IMD-FL-1996-0087,1996-07-29,1996-07-29,Meghalaya,,7.0
UEI-IMD-FL-1996-0001,1996-08-01,1996-08-31,Andhra Pradesh,,68.0
UEI-IMD-FL-1996-0021,1996-08-01,1996-08-07,Bihar,,51.0
UEI-IMD-FL-1996-0047,1996-08-01,1996-08-31,Karnataka,,137.0
UEI-IMD-FL-1996-0026,1996-08-03,1996-08-03,Haryana,,
UEI-IMD-FL-1996-0034,1996-08-03,1996-08-03,Himachal Pradesh,,2.0
UEI-IMD-FL-1996-0092,1996-08-03,1996-08-03,Punjab,,
UEI-IMD-FL-1996-0065,1996-08-04,1996-08-04,Madhya Pradesh,,2.0
UEI-IMD-FL-1996-0066,1996-08-05,1996-08-05,Madhya Pradesh,,
UEI-IMD-FL-1996-0097,1996-08-06,1996-08-06,Rajasthan,,2.0
UEI-IMD-FL-1996-0118,1996-08-07,1996-08-07,West Bengal,,
UEI-IMD-FL-1996-0058,1996-08-08,1996-08-08,Kerala,,
UEI-IMD-FL-1996-0119,1996-08-09,1996-08-10,West Bengal,,2.0
UEI-IMD-FL-1996-0027,1996-08-10,1996-08-15,Haryana,,
UEI-IMD-FL-1996-0045,1996-08-11,1996-08-11,Karnataka,,2.0
UEI-IMD-FL-1996-0016,1996-08-12,1996-09-03,Assam,,7.0
UEI-IMD-FL-1996-0059,1996-08-12,1996-08-12,Kerala,,
UEI-IMD-FL-1996-0035,1996-08-13,1996-08-13,Himachal Pradesh,,2.0
UEI-IMD-FL-1996-0110,1996-08-13,1996-08-19,Uttar Pradesh,,10.0
UEI-IMD-FL-1996-0120,1996-08-13,1996-08-15,West Bengal,,
UEI-IMD-FL-1996-0036,1996-08-15,1996-08-15,Himachal Pradesh,,
UEI-IMD-FL-1996-0093,1996-08-18,1996-08-18,Punjab,,
UEI-IMD-FL-1996-0042,1996-08-21,1996-08-26,Jammu and Kashmir,,241.0
UEI-IMD-FL-1996-0067,1996-08-21,1996-08-24,Madhya Pradesh,,2.0
UEI-IMD-FL-1996-0111,1996-08-21,1996-08-21,Uttar Pradesh,,18.0
UEI-IMD-FL-1996-0121,1996-08-21,1996-08-21,West Bengal,,1.0
UEI-IMD-FL-1996-0112,1996-08-22,1996-08-23,Uttar Pradesh,,
UEI-IMD-FL-1996-0060,1996-08-23,1996-08-23,Kerala,,
UEI-IMD-FL-1996-0098,1996-08-23,1996-08-25,Rajasthan,,
UEI-IMD-FL-1996-0077,1996-08-25,1996-08-25,Maharashtra,,
UEI-IMD-FL-1996-0046,1996-08-26,1996-08-26,Karnataka,,
UEI-IMD-FL-1996-0078,1996-08-27,1996-08-27,Maharashtra,,
UEI-IMD-FL-1996-0122,1996-08-27,1996-08-27,West Bengal,,
UEI-IMD-FL-1996-0079,1996-08-29,1996-08-29,Maharashtra,,7.0
UEI-IMD-FL-1996-0123,1996-08-30,1996-08-30,West Bengal,,
UEI-IMD-FL-1996-0124,1996-08-31,1996-08-31,West Bengal,,6.0
UEI-IMD-FL-1996-0002,1996-09-01,1996-09-30,Andhra Pradesh,,33.0
UEI-IMD-FL-1996-0080,1996-09-04,1996-09-04,Maharashtra,,
UEI-IMD-FL-1996-0099,1996-09-05,1996-09-05,Rajasthan,,1.0
UEI-IMD-FL-1996-0028,1996-09-08,1996-09-10,Haryana,,1.0
UEI-IMD-FL-1996-0037,1996-09-08,1996-09-09,Himachal Pradesh,,3.0
UEI-IMD-FL-1996-0100,1996-09-08,1996-09-09,Rajasthan,,13.0
UEI-IMD-FL-1996-0094,1996-09-09,1996-09-09,Punjab,,1.0
UEI-IMD-FL-1996-0081,1996-09-10,1996-09-15,Maharashtra,,8.0
UEI-IMD-FL-1996-0061,1996-09-11,1996-09-11,Kerala,,
UEI-IMD-FL-1996-0113,1996-09-13,1996-09-13,Uttar Pradesh,,1.0
UEI-IMD-FL-1996-0048,1996-09-22,1996-09-28,Karnataka,,
UEI-IMD-FL-1996-0082,1996-09-26,1996-10-05,Maharashtra,,34.0
UEI-IMD-FL-1996-0125,1996-09-26,1996-09-27,West Bengal,,1.0
UEI-IMD-FL-1996-0126,1996-09-27,1996-09-27,West Bengal,,
UEI-IMD-FL-1996-0003,1996-10-01,1996-10-03,Andhra Pradesh,,61.0
UEI-IMD-FL-1996-0049,1996-10-01,1996-10-02,Karnataka,,15.0
UEI-IMD-FL-1996-0083,1996-10-02,1996-10-02,Maharashtra,,4.0
UEI-IMD-FL-1996-0084,1996-10-05,1996-10-05,Maharashtra,,4.0
UEI-IMD-FL-1996-0101,1996-10-05,1996-10-05,Sikkim,,7.0
UEI-IMD-FL-1996-0088,1996-10-08,1996-10-08,Mizoram,,
UEI-IMD-FL-1996-0086,1996-10-15,1996-10-21,Maharashtra,,
UEI-IMD-FL-1996-0004,1996-10-17,1996-10-21,Andhra Pradesh,,338.0
UEI-IMD-FL-1996-0103,1996-10-17,1996-10-19,Tamil Nadu,,21.0
UEI-IMD-FL-1996-0128,1996-10-21,1996-10-21,Punjab,,
UEI-IMD-FL-1996-0085,1996-10-22,1996-10-22,Maharashtra,,1.0
UEI-IMD-FL-1996-0127,1996-10-28,1996-10-29,West Bengal,,27.0
UEI-IMD-FL-1996-0017,1996-10-29,1996-10-29,Assam,,
UEI-IMD-FL-1996-0104,1996-11-17,1996-11-28,Tamil Nadu,,5.0
UEI-IMD-FL-1996-0105,1996-12-12,1996-12-18,Tamil Nadu,,135.0
UEI-IMD-FL-1997-0052,1997-01-12,1997-01-12,Maharashtra,,
UEI-IMD-FL-1997-0053,1997-01-17,1997-01-17,Maharashtra,,1.0
UEI-IMD-FL-1997-0001,1997-03-18,1997-03-18,Andhra Pradesh,,
UEI-IMD-FL-1997-0054,1997-04-02,1997-04-02,Maharashtra,,1.0
UEI-IMD-FL-1997-0055,1997-04-25,1997-04-25,Maharashtra,,5.0
UEI-IMD-FL-1997-0031,1997-04-30,1997-05-01,Karnataka,,3.0
UEI-IMD-FL-1997-0040,1997-05-07,1997-05-07,Kerala,,
UEI-IMD-FL-1997-0110,1997-05-08,1997-05-08,Tripura,,1.0
UEI-IMD-FL-1997-0032,1997-05-13,1997-05-13,Karnataka,,
UEI-IMD-FL-1997-0008,1997-05-17,1997-05-17,Assam,,
UEI-IMD-FL-1997-0009,1997-06-01,1997-06-01,Assam,,
UEI-IMD-FL-1997-0006,1997-06-03,1997-06-03,Arunachal Pradesh,,
UEI-IMD-FL-1997-0105,1997-06-08,1997-06-10,Sikkim,,75.0
UEI-IMD-FL-1997-0010,1997-06-10,1997-06-30,Assam,,1.0
UEI-IMD-FL-1997-0056,1997-06-11,1997-06-11,Maharashtra,,
UEI-IMD-FL-1997-0057,1997-06-14,1997-06-14,Maharashtra,,2.0
UEI-IMD-FL-1997-0058,1997-06-17,1997-06-17,Maharashtra,,
UEI-IMD-FL-1997-0007,1997-06-18,1997-06-19,Arunachal Pradesh,,8.0
UEI-IMD-FL-1997-0059,1997-06-18,1997-06-23,Maharashtra,,16.0
UEI-IMD-FL-1997-0143,1997-06-19,1997-06-19,Delhi,,2.0
UEI-IMD-FL-1997-0060,1997-06-21,1997-06-21,Maharashtra,,1.0
UEI-IMD-FL-1997-0019,1997-06-22,1997-06-28,Gujarat,,172.0
UEI-IMD-FL-1997-0092,1997-06-23,1997-06-23,Meghalaya,,
UEI-IMD-FL-1997-0142,1997-06-26,1997-06-26,Punjab,,5.0
UEI-IMD-FL-1997-0033,1997-06-27,1997-06-27,Karnataka,,1.0
UEI-IMD-FL-1997-0120,1997-06-28,1997-07-01,West Bengal,,
UEI-IMD-FL-1997-0061,1997-06-29,1997-06-29,Maharashtra,,1.0
UEI-IMD-FL-1997-0095,1997-06-29,1997-06-29,Odisha,,
UEI-IMD-FL-1997-0121,1997-06-29,1997-06-29,West Bengal,,
UEI-IMD-FL-1997-0041,1997-06-30,1997-06-30,Kerala,,
UEI-IMD-FL-1997-0042,1997-07-01,1997-07-12,Kerala,,30.0
UEI-IMD-FL-1997-0093,1997-07-01,1997-07-01,Meghalaya,,
UEI-IMD-FL-1997-0122,1997-07-01,1997-07-01,West Bengal,,
UEI-IMD-FL-1997-0015,1997-07-02,1997-07-02,Bihar,,
UEI-IMD-FL-1997-0011,1997-07-05,1997-07-05,Assam,,
UEI-IMD-FL-1997-0062,1997-07-05,1997-07-07,Maharashtra,,1.0
UEI-IMD-FL-1997-0123,1997-07-05,1997-07-08,West Bengal,,
UEI-IMD-FL-1997-0063,1997-07-06,1997-07-06,Maharashtra,,3.0
UEI-IMD-FL-1997-0012,1997-07-08,1997-07-21,Assam,,10.0
UEI-IMD-FL-1997-0064,1997-07-08,1997-07-14,Maharashtra,,
UEI-IMD-FL-1997-0112,1997-07-08,1997-07-14,Uttar Pradesh,,6.0
UEI-IMD-FL-1997-0034,1997-07-10,1997-07-26,Karnataka,,10.0
UEI-IMD-FL-1997-0124,1997-07-12,1997-07-12,West Bengal,,
UEI-IMD-FL-1997-0111,1997-07-13,1997-07-13,Uttar Pradesh,,11.0
UEI-IMD-FL-1997-0144,1997-07-13,1997-07-13,Delhi,,
UEI-IMD-FL-1997-0094,1997-07-14,1997-07-14,Mizoram,,
UEI-IMD-FL-1997-0125,1997-07-14,1997-07-14,West Bengal,,
UEI-IMD-FL-1997-0126,1997-07-16,1997-07-16,West Bengal,,
UEI-IMD-FL-1997-0016,1997-07-18,1997-07-18,Bihar,,15.0
UEI-IMD-FL-1997-0065,1997-07-19,1997-07-19,Maharashtra,,
UEI-IMD-FL-1997-0043,1997-07-20,1997-07-24,Kerala,,18.0
UEI-IMD-FL-1997-0017,1997-07-21,1997-07-21,Bihar,,5.0
UEI-IMD-FL-1997-0113,1997-07-21,1997-07-21,Uttar Pradesh,,10.0
UEI-IMD-FL-1997-0127,1997-07-22,1997-07-22,West Bengal,,
UEI-IMD-FL-1997-0044,1997-07-24,1997-07-26,Kerala,,
UEI-IMD-FL-1997-0100,1997-07-26,1997-07-27,Rajasthan,,
UEI-IMD-FL-1997-0020,1997-07-27,1997-07-27,Gujarat,,
UEI-IMD-FL-1997-0066,1997-07-27,1997-07-27,Maharashtra,,
UEI-IMD-FL-1997-0101,1997-07-29,1997-07-30,Rajasthan,,15.0
UEI-IMD-FL-1997-0018,1997-08-01,1997-08-21,Bihar,,65.0
UEI-IMD-FL-1997-0096,1997-08-01,1997-08-21,Odisha,,65.0
UEI-IMD-FL-1997-0102,1997-08-01,1997-08-03,Rajasthan,,17.0
UEI-IMD-FL-1997-0025,1997-08-02,1997-08-02,Himachal Pradesh,,8.0
UEI-IMD-FL-1997-0067,1997-08-02,1997-08-02,Maharashtra,,8.0
UEI-IMD-FL-1997-0026,1997-08-03,1997-08-03,Himachal Pradesh,,3.0
UEI-IMD-FL-1997-0128,1997-08-03,1997-08-03,West Bengal,,
UEI-IMD-FL-1997-0097,1997-08-04,1997-08-04,Punjab,,
UEI-IMD-FL-1997-0129,1997-08-05,1997-08-05,West Bengal,,
UEI-IMD-FL-1997-0130,1997-08-05,1997-08-13,West Bengal,,10.0
UEI-IMD-FL-1997-0131,1997-08-06,1997-08-06,West Bengal,,16.0
UEI-IMD-FL-1997-0021,1997-08-07,1997-08-07,Gujarat,,5.0
UEI-IMD-FL-1997-0068,1997-08-07,1997-08-07,Maharashtra,,5.0
UEI-IMD-FL-1997-0045,1997-08-08,1997-08-10,Kerala,,
UEI-IMD-FL-1997-0069,1997-08-10,1997-08-10,Maharashtra,,1.0
UEI-IMD-FL-1997-0132,1997-08-10,1997-08-10,West Bengal,,
UEI-IMD-FL-1997-0027,1997-08-11,1997-08-12,Himachal Pradesh,,140.0
UEI-IMD-FL-1997-0106,1997-08-11,1997-08-11,Sikkim,,
UEI-IMD-FL-1997-0133,1997-08-11,1997-08-11,West Bengal,,
UEI-IMD-FL-1997-0114,1997-08-13,1997-08-13,Uttar Pradesh,,4.0
UEI-IMD-FL-1997-0134,1997-08-13,1997-08-13,West Bengal,,
UEI-IMD-FL-1997-0115,1997-08-17,1997-08-17,Uttar Pradesh,,2.0
UEI-IMD-FL-1997-0070,1997-08-18,1997-08-18,Maharashtra,,
UEI-IMD-FL-1997-0135,1997-08-18,1997-08-18,West Bengal,,1.0
UEI-IMD-FL-1997-0136,1997-08-20,1997-08-20,West Bengal,,
UEI-IMD-FL-1997-0030,1997-08-22,1997-08-28,Jammu and Kashmir,,48.0
UEI-IMD-FL-1997-0071,1997-08-22,1997-08-24,Maharashtra,,40.0
UEI-IMD-FL-1997-0072,1997-08-22,1997-08-25,Maharashtra,,
UEI-IMD-FL-1997-0137,1997-08-22,1997-08-22,West Bengal,,282.0
UEI-IMD-FL-1997-0138,1997-08-22,1997-08-28,West Bengal,,
UEI-IMD-FL-1997-0051,1997-08-23,1997-08-24,Madhya Pradesh,,5.0
UEI-IMD-FL-1997-0073,1997-08-24,1997-08-26,Maharashtra,,
UEI-IMD-FL-1997-0022,1997-08-25,1997-08-25,Gujarat,,10.0
UEI-IMD-FL-1997-0074,1997-08-25,1997-08-25,Maharashtra,,
UEI-IMD-FL-1997-0103,1997-08-25,1997-08-29,Rajasthan,,29.0
UEI-IMD-FL-1997-0023,1997-08-26,1997-08-28,Gujarat,,25.0
UEI-IMD-FL-1997-0075,1997-08-27,1997-08-27,Maharashtra,,1.0
UEI-IMD-FL-1997-0098,1997-08-27,1997-08-27,Punjab,,6.0
UEI-IMD-FL-1997-0099,1997-08-27,1997-09-03,Punjab,,
UEI-IMD-FL-1997-0028,1997-08-29,1997-08-29,Himachal Pradesh,,
UEI-IMD-FL-1997-0139,1997-08-29,1997-08-29,West Bengal,,
UEI-IMD-FL-1997-0116,1997-09-02,1997-09-02,Uttar Pradesh,,4.0
UEI-IMD-FL-1997-0117,1997-09-06,1997-09-06,Uttar Pradesh,,3.0
UEI-IMD-FL-1997-0002,1997-09-08,1997-09-14,Andhra Pradesh,,44.0
UEI-IMD-FL-1997-0140,1997-09-08,1997-09-08,West Bengal,,
UEI-IMD-FL-1997-0141,1997-09-09,1997-09-09,West Bengal,,
UEI-IMD-FL-1997-0046,1997-09-12,1997-09-12,Kerala,,
UEI-IMD-FL-1997-0013,1997-09-15,1997-09-28,Assam,,2.0
UEI-IMD-FL-1997-0003,1997-09-22,1997-09-28,Andhra Pradesh,,32.0
UEI-IMD-FL-1997-0047,1997-09-22,1997-09-22,Kerala,,
UEI-IMD-FL-1997-0076,1997-09-23,1997-09-23,Maharashtra,,2.0
UEI-IMD-FL-1997-0091,1997-09-28,1997-09-28,Manipur,,
UEI-IMD-FL-1997-0014,1997-09-29,1997-09-29,Assam,,
UEI-IMD-FL-1997-0035,1997-10-01,1997-10-01,Karnataka,,4.0
UEI-IMD-FL-1997-0036,1997-10-04,1997-10-04,Karnataka,,6.0
UEI-IMD-FL-1997-0104,1997-10-04,1997-10-04,Rajasthan,,
UEI-IMD-FL-1997-0004,1997-10-22,1997-10-28,Andhra Pradesh,,9.0
UEI-IMD-FL-1997-0038,1997-10-24,1997-10-27,Karnataka,,
UEI-IMD-FL-1997-0077,1997-10-25,1997-10-25,Maharashtra,,
UEI-IMD-FL-1997-0037,1997-10-27,1997-10-27,Karnataka,,2.0
UEI-IMD-FL-1997-0107,1997-10-28,1997-10-31,Tamil Nadu,,
UEI-IMD-FL-1997-0078,1997-10-29,1997-10-29,Maharashtra,,2.0
UEI-IMD-FL-1997-0079,1997-10-30,1997-10-30,Maharashtra,,
UEI-IMD-FL-1997-0108,1997-11-01,1997-11-29,Tamil Nadu,,89.0
UEI-IMD-FL-1997-0048,1997-11-03,1997-11-11,Kerala,,7.0
UEI-IMD-FL-1997-0029,1997-11-10,1997-11-10,Himachal Pradesh,,
UEI-IMD-FL-1997-0005,1997-11-22,1997-12-14,Andhra Pradesh,,14.0
UEI-IMD-FL-1997-0118,1997-11-24,1997-11-24,Uttar Pradesh,,
UEI-IMD-FL-1997-0039,1997-11-26,1997-11-26,Karnataka,,
UEI-IMD-FL-1997-0080,1997-11-27,1997-11-28,Maharashtra,,
UEI-IMD-FL-1997-0049,1997-11-28,1997-11-28,Kerala,,
UEI-IMD-FL-1997-0081,1997-11-28,1997-11-28,Maharashtra,,
UEI-IMD-FL-1997-0082,1997-11-28,1997-12-04,Maharashtra,,
UEI-IMD-FL-1997-0086,1997-12-01,1997-12-07,Maharashtra,,
UEI-IMD-FL-1997-0083,1997-12-02,1997-12-02,Maharashtra,,
UEI-IMD-FL-1997-0084,1997-12-03,1997-12-03,Maharashtra,,
UEI-IMD-FL-1997-0085,1997-12-04,1997-12-05,Maharashtra,,2.0
UEI-IMD-FL-1997-0109,1997-12-05,1997-12-20,Tamil Nadu,,177.0
UEI-IMD-FL-1997-0087,1997-12-06,1997-12-08,Maharashtra,,
UEI-IMD-FL-1997-0088,1997-12-08,1997-12-08,Maharashtra,,
UEI-IMD-FL-1997-0089,1997-12-08,1997-12-14,Maharashtra,,
UEI-IMD-FL-1997-0119,1997-12-08,1997-12-08,Uttar Pradesh,,
UEI-IMD-FL-1997-0024,1997-12-09,1997-12-09,Haryana,,1.0
UEI-IMD-FL-1997-0090,1997-12-10,1997-12-10,Maharashtra,,
UEI-IMD-FL-1997-0050,1997-12-16,1997-12-16,Kerala,,2.0
UEI-IMD-FL-1998-0065,1998-01-12,1998-01-12,Maharashtra,,
UEI-IMD-FL-1998-0066,1998-01-21,1998-01-21,Maharashtra,,
UEI-IMD-FL-1998-0084,1998-02-28,1998-02-28,Punjab,,
UEI-IMD-FL-1998-0030,1998-03-05,1998-03-05,Himachal Pradesh,,16.0
UEI-IMD-FL-1998-0031,1998-03-14,1998-03-14,Himachal Pradesh,,
UEI-IMD-FL-1998-0092,1998-05-13,1998-06-04,Sikkim,,10.0
UEI-IMD-FL-1998-0055,1998-05-15,1998-05-15,Kerala,,
UEI-IMD-FL-1998-0006,1998-05-24,1998-05-25,Assam,,
UEI-IMD-FL-1998-0007,1998-06-03,1998-06-03,Assam,,51.0
UEI-IMD-FL-1998-0067,1998-06-08,1998-06-08,Maharashtra,,
UEI-IMD-FL-1998-0068,1998-06-09,1998-06-09,Maharashtra,,1.0
UEI-IMD-FL-1998-0008,1998-06-10,1998-06-16,Assam,,105.0
UEI-IMD-FL-1998-0069,1998-06-10,1998-06-10,Maharashtra,,
UEI-IMD-FL-1998-0109,1998-06-11,1998-06-11,West Bengal,,
UEI-IMD-FL-1998-0070,1998-06-14,1998-06-14,Maharashtra,,1.0
UEI-IMD-FL-1998-0005,1998-06-17,1998-06-17,Arunachal Pradesh,,23.0
UEI-IMD-FL-1998-0009,1998-06-19,1998-06-19,Assam,,
UEI-IMD-FL-1998-0093,1998-06-20,1998-06-20,Sikkim,,
UEI-IMD-FL-1998-0010,1998-06-21,1998-06-24,Assam,,3.0
UEI-IMD-FL-1998-0011,1998-06-26,1998-06-29,Assam,,
UEI-IMD-FL-1998-0071,1998-06-27,1998-06-28,Maharashtra,,5.0
UEI-IMD-FL-1998-0056,1998-06-28,1998-06-28,Kerala,,
UEI-IMD-FL-1998-0101,1998-06-28,1998-06-28,Uttar Pradesh,,6.0
UEI-IMD-FL-1998-0012,1998-06-30,1998-06-30,Assam,,
UEI-IMD-FL-1998-0036,1998-06-30,1998-06-30,Karnataka,,5.0
UEI-IMD-FL-1998-0013,1998-07-01,1998-07-31,Assam,,81.0
UEI-IMD-FL-1998-0037,1998-07-01,1998-07-01,Karnataka,,6.0
UEI-IMD-FL-1998-0072,1998-07-01,1998-07-02,Maharashtra,,14.0
UEI-IMD-FL-1998-0057,1998-07-02,1998-07-06,Kerala,,45.0
UEI-IMD-FL-1998-0087,1998-07-03,1998-07-03,Rajasthan,,1.0
UEI-IMD-FL-1998-0038,1998-07-04,1998-07-04,Karnataka,,3.0
UEI-IMD-FL-1998-0024,1998-07-05,1998-07-08,Gujarat,,14.0
UEI-IMD-FL-1998-0102,1998-07-05,1998-07-11,Uttar Pradesh,,2.0
UEI-IMD-FL-1998-0110,1998-07-07,1998-07-07,West Bengal,,18.0
UEI-IMD-FL-1998-0094,1998-07-08,1998-07-08,Sikkim,,16.0
UEI-IMD-FL-1998-0073,1998-07-10,1998-07-10,Maharashtra,,9.0
UEI-IMD-FL-1998-0058,1998-07-12,1998-07-15,Kerala,,5.0
UEI-IMD-FL-1998-0074,1998-07-12,1998-07-12,Maharashtra,,2.0
UEI-IMD-FL-1998-0111,1998-07-12,1998-07-12,West Bengal,,12.0
UEI-IMD-FL-1998-0088,1998-07-13,1998-07-14,Rajasthan,,2.0
UEI-IMD-FL-1998-0098,1998-07-15,1998-07-15,Tripura,,
UEI-IMD-FL-1998-0112,1998-07-17,1998-07-17,West Bengal,,165.0
UEI-IMD-FL-1998-0021,1998-07-18,1998-07-18,Bihar,,2.0
UEI-IMD-FL-1998-0099,1998-07-18,1998-07-18,Tripura,,
UEI-IMD-FL-1998-0103,1998-07-18,1998-07-27,Uttar Pradesh,,81.0
UEI-IMD-FL-1998-0113,1998-07-19,1998-07-19,West Bengal,,
UEI-IMD-FL-1998-0039,1998-07-20,1998-07-20,Karnataka,,1.0
UEI-IMD-FL-1998-0040,1998-07-23,1998-07-23,Karnataka,,
UEI-IMD-FL-1998-0100,1998-07-23,1998-07-23,Tripura,,17.0
UEI-IMD-FL-1998-0041,1998-07-24,1998-07-24,Karnataka,,
UEI-IMD-FL-1998-0114,1998-07-26,1998-08-02,West Bengal,,2.0
UEI-IMD-FL-1998-0075,1998-07-29,1998-07-30,Maharashtra,,25.0
UEI-IMD-FL-1998-0042,1998-07-31,1998-07-31,Karnataka,,3.0
UEI-IMD-FL-1998-0076,1998-07-31,1998-07-31,Maharashtra,,1.0
UEI-IMD-FL-1998-0014,1998-08-01,1998-08-10,Assam,,93.0
UEI-IMD-FL-1998-0022,1998-08-01,1998-08-12,Bihar,,105.0
UEI-IMD-FL-1998-0043,1998-08-01,1998-08-01,Karnataka,,1.0
UEI-IMD-FL-1998-0044,1998-08-02,1998-08-02,Karnataka,,1.0
UEI-IMD-FL-1998-0045,1998-08-04,1998-08-04,Karnataka,,1.0
UEI-IMD-FL-1998-0115,1998-08-05,1998-08-05,West Bengal,,6.0
UEI-IMD-FL-1998-0104,1998-08-14,1998-08-14,Uttar Pradesh,,40.0
UEI-IMD-FL-1998-0116,1998-08-14,1998-08-14,West Bengal,,
UEI-IMD-FL-1998-0046,1998-08-15,1998-08-15,Karnataka,,2.0
UEI-IMD-FL-1998-0049,1998-08-16,1998-08-16,Karnataka,,2.0
UEI-IMD-FL-1998-0015,1998-08-17,1998-08-20,Assam,,
UEI-IMD-FL-1998-0047,1998-08-19,1998-08-19,Karnataka,,
UEI-IMD-FL-1998-0105,1998-08-19,1998-08-19,Uttar Pradesh,,204.0
UEI-IMD-FL-1998-0032,1998-08-20,1998-08-20,Himachal Pradesh,,4.0
UEI-IMD-FL-1998-0077,1998-08-21,1998-08-21,Maharashtra,,1.0
UEI-IMD-FL-1998-0117,1998-08-22,1998-09-14,West Bengal,,300.0
UEI-IMD-FL-1998-0016,1998-08-23,1998-08-23,Assam,,
UEI-IMD-FL-1998-0048,1998-08-25,1998-08-25,Karnataka,,2.0
UEI-IMD-FL-1998-0017,1998-08-26,1998-08-26,Assam,,15.0
UEI-IMD-FL-1998-0023,1998-08-26,1998-09-09,Bihar,,181.0
UEI-IMD-FL-1998-0089,1998-08-26,1998-08-26,Rajasthan,,3.0
UEI-IMD-FL-1998-0018,1998-08-31,1998-08-31,Assam,,
UEI-IMD-FL-1998-0019,1998-09-01,1998-09-11,Assam,,129.0
UEI-IMD-FL-1998-0106,1998-09-01,1998-09-06,Uttar Pradesh,,300.0
UEI-IMD-FL-1998-0050,1998-09-02,1998-09-02,Karnataka,,1.0
UEI-IMD-FL-1998-0062,1998-09-11,1998-09-11,Madhya Pradesh,,
UEI-IMD-FL-1998-0027,1998-09-12,1998-09-12,Haryana,,
UEI-IMD-FL-1998-0081,1998-09-12,1998-09-12,Odisha,,2.0
UEI-IMD-FL-1998-0020,1998-09-14,1998-09-15,Assam,,1.0
UEI-IMD-FL-1998-0063,1998-09-14,1998-09-15,Madhya Pradesh,,4.0
UEI-IMD-FL-1998-0025,1998-09-15,1998-09-21,Gujarat,,24.0
UEI-IMD-FL-1998-0053,1998-09-15,1998-09-21,Karnataka,,
UEI-IMD-FL-1998-0078,1998-09-15,1998-09-21,Maharashtra,,35.0
UEI-IMD-FL-1998-0064,1998-09-17,1998-09-17,Madhya Pradesh,,
UEI-IMD-FL-1998-0082,1998-09-18,1998-09-18,Odisha,,2.0
UEI-IMD-FL-1998-0001,1998-09-20,1998-09-28,Andhra Pradesh,,51.0
UEI-IMD-FL-1998-0051,1998-09-21,1998-09-21,Karnataka,,2.0
UEI-IMD-FL-1998-0090,1998-09-21,1998-09-25,Rajasthan,,7.0
UEI-IMD-FL-1998-0052,1998-09-23,1998-09-23,Karnataka,,1.0
UEI-IMD-FL-1998-0118,1998-09-24,1998-09-25,Punjab,,2.0
UEI-IMD-FL-1998-0054,1998-10-01,1998-10-14,Karnataka,,198.0
UEI-IMD-FL-1998-0028,1998-10-02,1998-10-02,Haryana,,
UEI-IMD-FL-1998-0033,1998-10-02,1998-10-02,Himachal Pradesh,,
UEI-IMD-FL-1998-0026,1998-10-03,1998-10-03,Gujarat,,2.0
UEI-IMD-FL-1998-0085,1998-10-07,1998-10-07,Punjab,,
UEI-IMD-FL-1998-0002,1998-10-08,1998-10-14,Andhra Pradesh,,179.0
UEI-IMD-FL-1998-0059,1998-10-10,1998-10-17,Kerala,,44.0
UEI-IMD-FL-1998-0095,1998-10-11,1998-10-11,Tamil Nadu,,
UEI-IMD-FL-1998-0079,1998-10-14,1998-10-15,Maharashtra,,5.0
UEI-IMD-FL-1998-0029,1998-10-15,1998-10-15,Haryana,,
UEI-IMD-FL-1998-0091,1998-10-16,1998-10-17,Rajasthan,,1.0
UEI-IMD-FL-1998-0034,1998-10-17,1998-10-18,Himachal Pradesh,,11.0
UEI-IMD-FL-1998-0035,1998-10-20,1998-10-20,Himachal Pradesh,,
UEI-IMD-FL-1998-0080,1998-10-21,1998-10-21,Maharashtra,,11.0
UEI-IMD-FL-1998-0107,1998-10-22,1998-10-22,Uttar Pradesh,,10.0
UEI-IMD-FL-1998-0003,1998-10-28,1998-11-04,Andhra Pradesh,,17.0
UEI-IMD-FL-1998-0060,1998-11-01,1998-11-05,Kerala,,
UEI-IMD-FL-1998-0096,1998-11-01,1998-11-14,Tamil Nadu,,82.0
UEI-IMD-FL-1998-0108,1998-11-08,1998-11-08,Uttar Pradesh,,2.0
UEI-IMD-FL-1998-0061,1998-11-11,1998-11-12,Kerala,,
UEI-IMD-FL-1998-0086,1998-11-16,1998-11-17,Punjab,,
UEI-IMD-FL-1998-0097,1998-12-04,1998-12-12,Tamil Nadu,,28.0
UEI-IMD-FL-1998-0004,1998-12-11,1998-12-16,Andhra Pradesh,,16.0
UEI-IMD-FL-1998-0083,1998-12-22,1998-12-23,Odisha,,
UEI-IMD-FL-1999-0043,1999-02-05,1999-02-05,Kerala,,4.0
UEI-IMD-FL-1999-0023,1999-04-25,1999-04-26,Karnataka,,
UEI-IMD-FL-1999-0004,1999-05-02,1999-05-04,Assam,,
UEI-IMD-FL-1999-0024,1999-05-02,1999-05-03,Karnataka,,1.0
UEI-IMD-FL-1999-0025,1999-05-04,1999-05-04,Karnataka,,
UEI-IMD-FL-1999-0026,1999-05-05,1999-05-05,Karnataka,,1.0
UEI-IMD-FL-1999-0073,1999-05-05,1999-05-05,Tamil Nadu,,3.0
UEI-IMD-FL-1999-0027,1999-05-07,1999-05-07,Karnataka,,5.0
UEI-IMD-FL-1999-0002,1999-05-09,1999-05-09,Arunachal Pradesh,,1.0
UEI-IMD-FL-1999-0028,1999-05-10,1999-05-10,Karnataka,,
UEI-IMD-FL-1999-0029,1999-05-12,1999-05-12,Karnataka,,1.0
UEI-IMD-FL-1999-0030,1999-05-14,1999-05-14,Karnataka,,2.0
UEI-IMD-FL-1999-0044,1999-05-25,1999-05-28,Kerala,,1.0
UEI-IMD-FL-1999-0005,1999-05-30,1999-05-31,Assam,,
UEI-IMD-FL-1999-0045,1999-06-07,1999-06-12,Kerala,,18.0
UEI-IMD-FL-1999-0012,1999-06-09,1999-06-13,Goa,,2.0
UEI-IMD-FL-1999-0031,1999-06-11,1999-06-11,Karnataka,,5.0
UEI-IMD-FL-1999-0032,1999-06-12,1999-06-12,Karnataka,,
UEI-IMD-FL-1999-0056,1999-06-12,1999-06-18,Maharashtra,,
UEI-IMD-FL-1999-0057,1999-06-14,1999-06-14,Maharashtra,,4.0
UEI-IMD-FL-1999-0075,1999-06-15,1999-06-15,Uttar Pradesh,,
UEI-IMD-FL-1999-0046,1999-06-16,1999-06-20,Kerala,,14.0
UEI-IMD-FL-1999-0058,1999-06-17,1999-06-17,Maharashtra,,2.0
UEI-IMD-FL-1999-0059,1999-06-21,1999-06-21,Maharashtra,,4.0
UEI-IMD-FL-1999-0006,1999-06-22,1999-07-31,Assam,,14.0
UEI-IMD-FL-1999-0079,1999-06-22,1999-06-22,West Bengal,,10.0
UEI-IMD-FL-1999-0060,1999-06-23,1999-06-24,Maharashtra,,21.0
UEI-IMD-FL-1999-0051,1999-06-24,1999-06-24,Madhya Pradesh,,
UEI-IMD-FL-1999-0080,1999-06-25,1999-06-25,West Bengal,,
UEI-IMD-FL-1999-0081,1999-06-28,1999-06-28,West Bengal,,13.0
UEI-IMD-FL-1999-0082,1999-06-29,1999-06-29,West Bengal,,
UEI-IMD-FL-1999-0010,1999-07-01,1999-08-07,Bihar,,216.0
UEI-IMD-FL-1999-0066,1999-07-01,1999-07-01,Mizoram,,
UEI-IMD-FL-1999-0083,1999-07-03,1999-07-03,West Bengal,,
UEI-IMD-FL-1999-0016,1999-07-09,1999-07-09,Himachal Pradesh,,
UEI-IMD-FL-1999-0003,1999-07-10,1999-07-12,Arunachal Pradesh,,
UEI-IMD-FL-1999-0033,1999-07-12,1999-07-24,Karnataka,,122.0
UEI-IMD-FL-1999-0061,1999-07-15,1999-07-21,Maharashtra,,22.0
UEI-IMD-FL-1999-0014,1999-07-16,1999-07-22,Gujarat,,1.0
UEI-IMD-FL-1999-0047,1999-07-17,1999-07-31,Kerala,,19.0
UEI-IMD-FL-1999-0052,1999-07-18,1999-07-18,Madhya Pradesh,,6.0
UEI-IMD-FL-1999-0013,1999-07-19,1999-07-23,Gujarat,,4.0
UEI-IMD-FL-1999-0084,1999-07-20,1999-07-20,West Bengal,,
UEI-IMD-FL-1999-0068,1999-07-22,1999-08-07,Odisha,,14.0
UEI-IMD-FL-1999-0070,1999-07-22,1999-07-25,Rajasthan,,35.0
UEI-IMD-FL-1999-0076,1999-07-27,1999-07-30,Uttar Pradesh,,1.0
UEI-IMD-FL-1999-0053,1999-07-29,1999-07-31,Madhya Pradesh,,
UEI-IMD-FL-1999-0022,1999-07-30,1999-07-30,Jammu and Kashmir,,
UEI-IMD-FL-1999-0071,1999-07-30,1999-07-31,Rajasthan,,7.0
UEI-IMD-FL-1999-0015,1999-08-01,1999-08-31,Gujarat,,46.0
UEI-IMD-FL-1999-0034,1999-08-01,1999-08-02,Karnataka,,2.0
UEI-IMD-FL-1999-0048,1999-08-02,1999-08-02,Kerala,,3.0
UEI-IMD-FL-1999-0062,1999-08-03,1999-08-04,Maharashtra,,
UEI-IMD-FL-1999-0054,1999-08-05,1999-08-11,Madhya Pradesh,,3.0
UEI-IMD-FL-1999-0072,1999-08-05,1999-08-07,Rajasthan,,2.0
UEI-IMD-FL-1999-0085,1999-08-08,1999-08-14,West Bengal,,33.0
UEI-IMD-FL-1999-0063,1999-08-09,1999-08-09,Maharashtra,,55.0
UEI-IMD-FL-1999-0017,1999-08-10,1999-08-11,Himachal Pradesh,,10.0
UEI-IMD-FL-1999-0086,1999-08-15,1999-08-15,West Bengal,,
UEI-IMD-FL-1999-0087,1999-08-16,1999-08-16,West Bengal,,
UEI-IMD-FL-1999-0077,1999-08-17,1999-08-18,Uttar Pradesh,,86.0
UEI-IMD-FL-1999-0018,1999-08-19,1999-08-20,Himachal Pradesh,,
UEI-IMD-FL-1999-0088,1999-08-19,1999-08-19,West Bengal,,
UEI-IMD-FL-1999-0007,1999-08-22,1999-09-02,Assam,,2.0
UEI-IMD-FL-1999-0069,1999-08-22,1999-08-23,Rajasthan,,1.0
UEI-IMD-FL-1999-0089,1999-08-24,1999-08-24,West Bengal,,
UEI-IMD-FL-1999-0019,1999-08-25,1999-08-25,Himachal Pradesh,,
UEI-IMD-FL-1999-0090,1999-08-26,1999-08-26,West Bengal,,2.0
UEI-IMD-FL-1999-0091,1999-09-01,1999-09-07,West Bengal,,4.0
UEI-IMD-FL-1999-0065,1999-09-02,1999-09-04,Manipur,,12.0
UEI-IMD-FL-1999-0067,1999-09-02,1999-09-04,Nagaland,,
UEI-IMD-FL-1999-0008,1999-09-12,1999-09-13,Assam,,1.0
UEI-IMD-FL-1999-0020,1999-09-13,1999-09-13,Himachal Pradesh,,
UEI-IMD-FL-1999-0092,1999-09-14,1999-09-14,West Bengal,,
UEI-IMD-FL-1999-0055,1999-09-15,1999-09-20,Madhya Pradesh,,27.0
UEI-IMD-FL-1999-0021,1999-09-17,1999-09-17,Himachal Pradesh,,1.0
UEI-IMD-FL-1999-0064,1999-09-19,1999-09-22,Maharashtra,,3.0
UEI-IMD-FL-1999-0011,1999-09-22,1999-09-29,Bihar,,69.0
UEI-IMD-FL-1999-0093,1999-09-22,1999-09-26,West Bengal,,79.0
UEI-IMD-FL-1999-0078,1999-10-01,1999-10-03,Uttar Pradesh,,9.0
UEI-IMD-FL-1999-0035,1999-10-02,1999-10-03,Karnataka,,11.0
UEI-IMD-FL-1999-0094,1999-10-08,1999-10-14,West Bengal,,
UEI-IMD-FL-1999-0049,1999-10-09,1999-10-09,Kerala,,2.0
UEI-IMD-FL-1999-0036,1999-10-13,1999-10-13,Karnataka,,2.0
UEI-IMD-FL-1999-0037,1999-10-15,1999-10-15,Karnataka,,1.0
UEI-IMD-FL-1999-0009,1999-10-17,1999-10-19,Assam,,
UEI-IMD-FL-1999-0001,1999-10-18,1999-10-20,Andhra Pradesh,,5.0
UEI-IMD-FL-1999-0038,1999-10-18,1999-10-18,Karnataka,,
UEI-IMD-FL-1999-0050,1999-10-18,1999-10-22,Kerala,,21.0
UEI-IMD-FL-1999-0039,1999-10-22,1999-10-22,Karnataka,,1.0
UEI-IMD-FL-1999-0040,1999-10-24,1999-10-24,Karnataka,,1.0
UEI-IMD-FL-1999-0041,1999-10-26,1999-10-26,Karnataka,,5.0
UEI-IMD-FL-1999-0042,1999-10-27,1999-10-27,Karnataka,,
UEI-IMD-FL-1999-0074,1999-11-21,1999-11-23,Tamil Nadu,,17.0
UEI-IMD-FL-2000-0001,2000-02-21,2000-02-27,Andhra Pradesh,,
UEI-IMD-FL-2000-0108,2000-02-24,2000-02-27,Tamil Nadu,,6.0
UEI-IMD-FL-2000-0062,2000-04-08,2000-04-08,Kerala,,2.0
UEI-IMD-FL-2000-0008,2000-05-03,2000-05-03,Assam,,
UEI-IMD-FL-2000-0009,2000-05-03,2000-05-10,Assam,,3.0
UEI-IMD-FL-2000-0073,2000-05-07,2000-05-07,Maharashtra,,1.0
UEI-IMD-FL-2000-0010,2000-05-09,2000-05-13,Assam,,
UEI-IMD-FL-2000-0110,2000-05-14,2000-05-16,Uttar Pradesh,,
UEI-IMD-FL-2000-0098,2000-05-25,2000-05-25,Mizoram,,5.0
UEI-IMD-FL-2000-0011,2000-05-29,2000-05-31,Assam,,
UEI-IMD-FL-2000-0012,2000-06-01,2000-06-01,Assam,,
UEI-IMD-FL-2000-0074,2000-06-02,2000-06-03,Maharashtra,,
UEI-IMD-FL-2000-0013,2000-06-03,2000-06-03,Assam,,
UEI-IMD-FL-2000-0075,2000-06-04,2000-06-05,Maharashtra,,9.0
UEI-IMD-FL-2000-0035,2000-06-05,2000-06-07,Karnataka,,3.0
UEI-IMD-FL-2000-0014,2000-06-06,2000-06-07,Assam,,
UEI-IMD-FL-2000-0024,2000-06-08,2000-06-08,Haryana,,9.0
UEI-IMD-FL-2000-0026,2000-06-08,2000-06-12,Himachal Pradesh,,12.0
UEI-IMD-FL-2000-0036,2000-06-08,2000-06-08,Karnataka,,
UEI-IMD-FL-2000-0063,2000-06-08,2000-06-14,Kerala,,
UEI-IMD-FL-2000-0076,2000-06-08,2000-06-08,Maharashtra,,7.0
UEI-IMD-FL-2000-0077,2000-06-08,2000-06-08,Maharashtra,,4.0
UEI-IMD-FL-2000-0078,2000-06-08,2000-06-08,Maharashtra,,2.0
UEI-IMD-FL-2000-0079,2000-06-08,2000-06-08,Maharashtra,,1.0
UEI-IMD-FL-2000-0109,2000-06-08,2000-06-08,Tamil Nadu,,1.0
UEI-IMD-FL-2000-0111,2000-06-08,2000-06-14,Uttar Pradesh,,90.0
UEI-IMD-FL-2000-0037,2000-06-10,2000-06-12,Karnataka,,5.0
UEI-IMD-FL-2000-0005,2000-06-11,2000-06-16,Arunachal Pradesh,,26.0
UEI-IMD-FL-2000-0022,2000-06-11,2000-06-13,Goa,,
UEI-IMD-FL-2000-0015,2000-06-12,2000-06-30,Assam,,8.0
UEI-IMD-FL-2000-0027,2000-06-15,2000-06-15,Himachal Pradesh,,2.0
UEI-IMD-FL-2000-0064,2000-06-17,2000-06-17,Kerala,,
UEI-IMD-FL-2000-0006,2000-06-21,2000-06-24,Arunachal Pradesh,,
UEI-IMD-FL-2000-0028,2000-06-28,2000-06-28,Himachal Pradesh,,
UEI-IMD-FL-2000-0038,2000-06-29,2000-06-30,Karnataka,,
UEI-IMD-FL-2000-0016,2000-07-01,2000-07-07,Assam,,13.0
UEI-IMD-FL-2000-0039,2000-07-01,2000-07-01,Karnataka,,3.0
UEI-IMD-FL-2000-0065,2000-07-01,2000-07-01,Kerala,,1.0
UEI-IMD-FL-2000-0101,2000-07-01,2000-07-01,Punjab,,1.0
UEI-IMD-FL-2000-0069,2000-07-03,2000-07-05,Madhya Pradesh,,5.0
UEI-IMD-FL-2000-0080,2000-07-04,2000-07-04,Maharashtra,,2.0
UEI-IMD-FL-2000-0041,2000-07-05,2000-07-08,Karnataka,,
UEI-IMD-FL-2000-0040,2000-07-06,2000-07-07,Karnataka,,
UEI-IMD-FL-2000-0042,2000-07-07,2000-07-08,Karnataka,,
UEI-IMD-FL-2000-0066,2000-07-07,2000-07-10,Kerala,,63.0
UEI-IMD-FL-2000-0070,2000-07-07,2000-07-07,Madhya Pradesh,,1.0
UEI-IMD-FL-2000-0017,2000-07-08,2000-07-14,Assam,,14.0
UEI-IMD-FL-2000-0081,2000-07-08,2000-07-08,Maharashtra,,20.0
UEI-IMD-FL-2000-0082,2000-07-10,2000-07-10,Maharashtra,,
UEI-IMD-FL-2000-0112,2000-07-10,2000-07-10,Uttar Pradesh,,
UEI-IMD-FL-2000-0002,2000-07-11,2000-07-14,Andhra Pradesh,,37.0
UEI-IMD-FL-2000-0043,2000-07-11,2000-07-14,Karnataka,,
UEI-IMD-FL-2000-0023,2000-07-12,2000-07-15,Gujarat,,84.0
UEI-IMD-FL-2000-0083,2000-07-12,2000-07-12,Maharashtra,,66.0
UEI-IMD-FL-2000-0084,2000-07-12,2000-07-12,Maharashtra,,9.0
UEI-IMD-FL-2000-0085,2000-07-12,2000-07-12,Maharashtra,,
UEI-IMD-FL-2000-0086,2000-07-12,2000-07-12,Maharashtra,,
UEI-IMD-FL-2000-0087,2000-07-12,2000-07-12,Maharashtra,,
UEI-IMD-FL-2000-0044,2000-07-14,2000-07-14,Karnataka,,
UEI-IMD-FL-2000-0071,2000-07-14,2000-07-15,Madhya Pradesh,,
UEI-IMD-FL-2000-0103,2000-07-14,2000-07-16,Rajasthan,,26.0
UEI-IMD-FL-2000-0113,2000-07-14,2000-07-14,Uttar Pradesh,,
UEI-IMD-FL-2000-0029,2000-07-15,2000-07-19,Himachal Pradesh,,25.0
UEI-IMD-FL-2000-0102,2000-07-15,2000-07-21,Punjab,,1.0
UEI-IMD-FL-2000-0025,2000-07-17,2000-07-19,Haryana,,2.0
UEI-IMD-FL-2000-0088,2000-07-17,2000-07-21,Maharashtra,,15.0
UEI-IMD-FL-2000-0126,2000-07-18,2000-07-18,Punjab,,1.0
UEI-IMD-FL-2000-0104,2000-07-21,2000-07-23,Rajasthan,,2.0
UEI-IMD-FL-2000-0072,2000-07-22,2000-07-23,Madhya Pradesh,,6.0
UEI-IMD-FL-2000-0089,2000-07-24,2000-07-24,Maharashtra,,1.0
UEI-IMD-FL-2000-0114,2000-07-25,2000-07-27,Uttar Pradesh,,1.0
UEI-IMD-FL-2000-0030,2000-07-27,2000-08-03,Himachal Pradesh,,151.0
UEI-IMD-FL-2000-0018,2000-07-30,2000-07-31,Assam,,
UEI-IMD-FL-2000-0034,2000-07-30,2000-07-31,Jammu and Kashmir,,
UEI-IMD-FL-2000-0115,2000-07-31,2000-07-31,Uttar Pradesh,,8.0
UEI-IMD-FL-2000-0019,2000-08-01,2000-08-21,Assam,,31.0
UEI-IMD-FL-2000-0021,2000-08-01,2000-08-21,Bihar,,48.0
UEI-IMD-FL-2000-0045,2000-08-01,2000-08-01,Karnataka,,1.0
UEI-IMD-FL-2000-0046,2000-08-03,2000-08-03,Karnataka,,
UEI-IMD-FL-2000-0047,2000-08-03,2000-08-06,Karnataka,,1.0
UEI-IMD-FL-2000-0121,2000-08-05,2000-08-05,West Bengal,,9.0
UEI-IMD-FL-2000-0007,2000-08-06,2000-08-08,Arunachal Pradesh,,7.0
UEI-IMD-FL-2000-0116,2000-08-07,2000-08-07,Uttar Pradesh,,
UEI-IMD-FL-2000-0057,2000-08-08,2000-08-10,Karnataka,,
UEI-IMD-FL-2000-0067,2000-08-08,2000-08-08,Kerala,,
UEI-IMD-FL-2000-0095,2000-08-09,2000-08-09,Meghalaya,,
UEI-IMD-FL-2000-0122,2000-08-09,2000-08-09,West Bengal,,
UEI-IMD-FL-2000-0003,2000-08-10,2000-08-11,Andhra Pradesh,,9.0
UEI-IMD-FL-2000-0117,2000-08-10,2000-08-10,Uttar Pradesh,,62.0
UEI-IMD-FL-2000-0048,2000-08-13,2000-08-13,Karnataka,,
UEI-IMD-FL-2000-0105,2000-08-13,2000-08-13,Rajasthan,,
UEI-IMD-FL-2000-0118,2000-08-17,2000-08-17,Uttar Pradesh,,7.0
UEI-IMD-FL-2000-0004,2000-08-22,2000-08-23,Andhra Pradesh,,131.0
UEI-IMD-FL-2000-0068,2000-08-22,2000-08-28,Kerala,,37.0
UEI-IMD-FL-2000-0090,2000-08-22,2000-08-28,Maharashtra,,9.0
UEI-IMD-FL-2000-0099,2000-08-22,2000-08-22,Mizoram,,
UEI-IMD-FL-2000-0049,2000-08-23,2000-08-24,Karnataka,,
UEI-IMD-FL-2000-0107,2000-08-23,2000-08-23,Sikkim,,5.0
UEI-IMD-FL-2000-0050,2000-08-25,2000-08-26,Karnataka,,1.0
UEI-IMD-FL-2000-0031,2000-08-28,2000-08-28,Himachal Pradesh,,
UEI-IMD-FL-2000-0100,2000-08-28,2000-08-28,Nagaland,,
UEI-IMD-FL-2000-0051,2000-08-29,2000-08-29,Karnataka,,
UEI-IMD-FL-2000-0032,2000-08-30,2000-08-30,Himachal Pradesh,,2.0
UEI-IMD-FL-2000-0119,2000-08-30,2000-08-31,Uttar Pradesh,,33.0
UEI-IMD-FL-2000-0123,2000-09-01,2000-09-07,West Bengal,,
UEI-IMD-FL-2000-0033,2000-09-02,2000-09-05,Himachal Pradesh,,
UEI-IMD-FL-2000-0093,2000-09-02,2000-09-04,Manipur,,
UEI-IMD-FL-2000-0120,2000-09-08,2000-09-14,Uttar Pradesh,,24.0
UEI-IMD-FL-2000-0096,2000-09-09,2000-09-09,Meghalaya,,
UEI-IMD-FL-2000-0052,2000-09-14,2000-09-14,Karnataka,,
UEI-IMD-FL-2000-0124,2000-09-15,2000-10-14,West Bengal,,1258.0
UEI-IMD-FL-2000-0106,2000-09-20,2000-09-20,Rajasthan,,
UEI-IMD-FL-2000-0094,2000-09-21,2000-09-21,Manipur,,
UEI-IMD-FL-2000-0091,2000-09-25,2000-09-25,Maharashtra,,
UEI-IMD-FL-2000-0092,2000-09-27,2000-09-27,Maharashtra,,1.0
UEI-IMD-FL-2000-0053,2000-09-30,2000-09-30,Karnataka,,2.0
UEI-IMD-FL-2000-0054,2000-09-30,2000-10-02,Karnataka,,1.0
UEI-IMD-FL-2000-0055,2000-10-01,2000-10-01,Karnataka,,
UEI-IMD-FL-2000-0097,2000-10-02,2000-10-03,Meghalaya,,
UEI-IMD-FL-2000-0020,2000-10-05,2000-10-05,Assam,,6.0
UEI-IMD-FL-2000-0056,2000-10-08,2000-10-08,Karnataka,,4.0
UEI-IMD-FL-2000-0058,2000-10-09,2000-10-09,Karnataka,,2.0
UEI-IMD-FL-2000-0059,2000-10-22,2000-10-22,Karnataka,,
UEI-IMD-FL-2000-0060,2000-10-22,2000-10-22,Karnataka,,1.0
UEI-IMD-FL-2000-0061,2000-10-22,2000-10-22,Karnataka,,1.0
UEI-IMD-FL-2000-0125,2000-10-22,2000-10-28,West Bengal,,
UEI-IMD-FL-2001-0048,2001-04-07,2001-04-07,Kerala,,
UEI-IMD-FL-2001-0030,2001-04-16,2001-04-16,Karnataka,,5.0
UEI-IMD-FL-2001-0031,2001-04-19,2001-04-19,Karnataka,,
UEI-IMD-FL-2001-0002,2001-05-25,2001-05-25,Assam,,
UEI-IMD-FL-2001-0049,2001-05-26,2001-05-26,Kerala,,
UEI-IMD-FL-2001-0003,2001-06-01,2001-06-01,Assam,,5.0
UEI-IMD-FL-2001-0020,2001-06-01,2001-06-02,Himachal Pradesh,,
UEI-IMD-FL-2001-0013,2001-06-05,2001-06-05,Gujarat,,
UEI-IMD-FL-2001-0084,2001-06-05,2001-06-05,Meghalaya,,8.0
UEI-IMD-FL-2001-0096,2001-06-05,2001-06-06,Tripura,,
UEI-IMD-FL-2001-0004,2001-06-08,2001-06-21,Assam,,12.0
UEI-IMD-FL-2001-0050,2001-06-08,2001-06-08,Kerala,,1.0
UEI-IMD-FL-2001-0089,2001-06-09,2001-06-09,Rajasthan,,1.0
UEI-IMD-FL-2001-0104,2001-06-10,2001-06-13,West Bengal,,
UEI-IMD-FL-2001-0014,2001-06-11,2001-06-11,Gujarat,,
UEI-IMD-FL-2001-0021,2001-06-12,2001-06-12,Himachal Pradesh,,
UEI-IMD-FL-2001-0022,2001-06-13,2001-06-14,Himachal Pradesh,,
UEI-IMD-FL-2001-0055,2001-06-13,2001-06-13,"Madhya Pradesh,  Chhattisgarh",,5.0
UEI-IMD-FL-2001-0062,2001-06-13,2001-06-13,Maharashtra,,
UEI-IMD-FL-2001-0063,2001-06-14,2001-06-15,Maharashtra,,17.0
UEI-IMD-FL-2001-0015,2001-06-15,2001-06-15,Gujarat,,
UEI-IMD-FL-2001-0032,2001-06-15,2001-06-21,Karnataka,,
UEI-IMD-FL-2001-0051,2001-06-15,2001-06-21,Kerala,,5.0
UEI-IMD-FL-2001-0064,2001-06-16,2001-06-18,Maharashtra,,8.0
UEI-IMD-FL-2001-0065,2001-06-16,2001-06-18,Maharashtra,,21.0
UEI-IMD-FL-2001-0066,2001-06-16,2001-06-18,Maharashtra,,
UEI-IMD-FL-2001-0067,2001-06-16,2001-06-18,Maharashtra,,6.0
UEI-IMD-FL-2001-0090,2001-06-16,2001-06-18,Rajasthan,,
UEI-IMD-FL-2001-0091,2001-06-16,2001-06-18,Rajasthan,,
UEI-IMD-FL-2001-0092,2001-06-16,2001-06-18,Rajasthan,,4.0
UEI-IMD-FL-2001-0016,2001-06-18,2001-06-18,Gujarat,,
UEI-IMD-FL-2001-0103,2001-06-22,2001-06-22,West Bengal,,
UEI-IMD-FL-2001-0017,2001-06-29,2001-06-29,Gujarat,,1.0
UEI-IMD-FL-2001-0083,2001-06-30,2001-07-01,Manipur,,
UEI-IMD-FL-2001-0001,2001-07-01,2001-08-31,Arunachal Pradesh,,5.0
UEI-IMD-FL-2001-0005,2001-07-01,2001-07-07,Assam,,
UEI-IMD-FL-2001-0093,2001-07-01,2001-07-03,Rajasthan,,1.0
UEI-IMD-FL-2001-0023,2001-07-03,2001-07-03,Himachal Pradesh,,
UEI-IMD-FL-2001-0056,2001-07-03,2001-07-03,"Madhya Pradesh,  Chhattisgarh",,7.0
UEI-IMD-FL-2001-0098,2001-07-06,2001-07-06,Uttarakhand,,10.0
UEI-IMD-FL-2001-0033,2001-07-07,2001-07-07,Karnataka,,
UEI-IMD-FL-2001-0052,2001-07-08,2001-07-14,Kerala,,22.0
UEI-IMD-FL-2001-0086,2001-07-08,2001-07-21,Odisha,,99.0
UEI-IMD-FL-2001-0034,2001-07-09,2001-07-09,Karnataka,,
UEI-IMD-FL-2001-0068,2001-07-09,2001-07-09,Maharashtra,,
UEI-IMD-FL-2001-0069,2001-07-09,2001-07-10,Maharashtra,,
UEI-IMD-FL-2001-0070,2001-07-09,2001-07-10,Maharashtra,,2.0
UEI-IMD-FL-2001-0071,2001-07-09,2001-07-10,Maharashtra,,1.0
UEI-IMD-FL-2001-0057,2001-07-10,2001-07-10,"Madhya Pradesh,  Chhattisgarh",,40.0
UEI-IMD-FL-2001-0094,2001-07-10,2001-07-14,Rajasthan,,
UEI-IMD-FL-2001-0058,2001-07-11,2001-07-11,"Madhya Pradesh,  Chhattisgarh",,2.0
UEI-IMD-FL-2001-0072,2001-07-11,2001-07-11,Maharashtra,,
UEI-IMD-FL-2001-0073,2001-07-11,2001-07-11,Maharashtra,,
UEI-IMD-FL-2001-0006,2001-07-15,2001-08-07,Assam,,
UEI-IMD-FL-2001-0035,2001-07-15,2001-07-28,Karnataka,,2.0
UEI-IMD-FL-2001-0087,2001-07-16,2001-07-16,Punjab,,3.0
UEI-IMD-FL-2001-0099,2001-07-16,2001-07-16,Uttarakhand,,25.0
UEI-IMD-FL-2001-0059,2001-07-18,2001-07-18,"Madhya Pradesh,  Chhattisgarh",,5.0
UEI-IMD-FL-2001-0074,2001-07-18,2001-07-18,Maharashtra,,
UEI-IMD-FL-2001-0100,2001-07-18,2001-07-18,Uttarakhand,,26.0
UEI-IMD-FL-2001-0024,2001-07-22,2001-07-22,Himachal Pradesh,,
UEI-IMD-FL-2001-0105,2001-07-22,2001-07-22,West Bengal,,
UEI-IMD-FL-2001-0106,2001-07-28,2001-07-29,West Bengal,,
UEI-IMD-FL-2001-0025,2001-07-29,2001-07-30,Himachal Pradesh,,27.0
UEI-IMD-FL-2001-0085,2001-07-29,2001-07-29,Meghalaya,,
UEI-IMD-FL-2001-0101,2001-08-04,2001-08-04,"Uttar Pradesh, Uttarakhand",,
UEI-IMD-FL-2001-0036,2001-08-07,2001-08-07,Karnataka,,
UEI-IMD-FL-2001-0026,2001-08-08,2001-08-08,Himachal Pradesh,,
UEI-IMD-FL-2001-0107,2001-08-08,2001-08-14,West Bengal,,
UEI-IMD-FL-2001-0018,2001-08-10,2001-08-10,Gujarat,,12.0
UEI-IMD-FL-2001-0027,2001-08-10,2001-08-10,Himachal Pradesh,,5.0
UEI-IMD-FL-2001-0019,2001-08-11,2001-08-11,Gujarat,,1.0
UEI-IMD-FL-2001-0075,2001-08-11,2001-08-11,Maharashtra,,1.0
UEI-IMD-FL-2001-0028,2001-08-14,2001-08-14,Himachal Pradesh,,29.0
UEI-IMD-FL-2001-0088,2001-08-14,2001-08-14,Punjab,,6.0
UEI-IMD-FL-2001-0095,2001-08-14,2001-08-14,Rajasthan,,
UEI-IMD-FL-2001-0007,2001-08-15,2001-08-21,Assam,,
UEI-IMD-FL-2001-0060,2001-08-17,2001-08-17,"Madhya Pradesh,  Chhattisgarh",,1.0
UEI-IMD-FL-2001-0037,2001-08-20,2001-08-21,Karnataka,,5.0
UEI-IMD-FL-2001-0029,2001-08-22,2001-08-22,Himachal Pradesh,,2.0
UEI-IMD-FL-2001-0038,2001-08-26,2001-08-26,Karnataka,,3.0
UEI-IMD-FL-2001-0010,2001-09-01,2001-09-14,"Bihar, Jharkhand",,150.0
UEI-IMD-FL-2001-0102,2001-09-01,2001-09-14,"Uttar Pradesh, Uttarakhand",,212.0
UEI-IMD-FL-2001-0108,2001-09-01,2001-09-14,West Bengal,,
UEI-IMD-FL-2001-0008,2001-09-08,2001-09-21,Assam,,1.0
UEI-IMD-FL-2001-0076,2001-09-13,2001-09-13,Maharashtra,,
UEI-IMD-FL-2001-0039,2001-09-17,2001-09-17,Karnataka,,
UEI-IMD-FL-2001-0077,2001-09-19,2001-09-19,Maharashtra,,
UEI-IMD-FL-2001-0097,2001-09-19,2001-09-19,Tripura,,1.0
UEI-IMD-FL-2001-0078,2001-09-20,2001-09-20,Maharashtra,,
UEI-IMD-FL-2001-0040,2001-09-21,2001-09-21,Karnataka,,
UEI-IMD-FL-2001-0009,2001-09-22,2001-09-28,Assam,,
UEI-IMD-FL-2001-0041,2001-09-22,2001-09-22,Karnataka,,
UEI-IMD-FL-2001-0053,2001-09-22,2001-09-25,Kerala,,
UEI-IMD-FL-2001-0042,2001-09-23,2001-09-23,Karnataka,,3.0
UEI-IMD-FL-2001-0044,2001-09-25,2001-09-26,Karnataka,,1.0
UEI-IMD-FL-2001-0079,2001-10-01,2001-10-01,Maharashtra,,
UEI-IMD-FL-2001-0109,2001-10-01,2001-10-14,West Bengal,,2.0
UEI-IMD-FL-2001-0080,2001-10-03,2001-10-04,Maharashtra,,
UEI-IMD-FL-2001-0011,2001-10-05,2001-10-05,"Bihar, Jharkhand",,6.0
UEI-IMD-FL-2001-0081,2001-10-06,2001-10-09,Maharashtra,,3.0
UEI-IMD-FL-2001-0012,2001-10-08,2001-10-08,"Bihar, Jharkhand",,2.0
UEI-IMD-FL-2001-0045,2001-10-08,2001-10-21,Karnataka,,23.0
UEI-IMD-FL-2001-0061,2001-10-11,2001-10-11,"Madhya Pradesh,  Chhattisgarh",,1.0
UEI-IMD-FL-2001-0082,2001-10-17,2001-10-18,Maharashtra,,
UEI-IMD-FL-2001-0046,2001-11-06,2001-11-06,Karnataka,,
UEI-IMD-FL-2001-0054,2001-11-10,2001-11-10,Kerala,,40.0
UEI-IMD-FL-2001-0047,2001-11-15,2001-11-15,Karnataka,,
UEI-IMD-FL-2002-0055,2002-01-31,2002-02-02,Tamil Nadu,,11.0
UEI-IMD-FL-2002-0058,2002-02-12,2002-02-12,Uttar Pradesh,,16.0
UEI-IMD-FL-2002-0004,2002-05-08,2002-05-08,Assam,,
UEI-IMD-FL-2002-0005,2002-05-26,2002-05-26,Assam,,
UEI-IMD-FL-2002-0037,2002-06-08,2002-06-08,Maharashtra,,
UEI-IMD-FL-2002-0030,2002-06-11,2002-06-13,Kerala,,2.0
UEI-IMD-FL-2002-0025,2002-06-15,2002-06-15,Karnataka,,
UEI-IMD-FL-2002-0006,2002-06-16,2002-06-22,Assam,,
UEI-IMD-FL-2002-0026,2002-06-18,2002-06-18,Karnataka,,
UEI-IMD-FL-2002-0036,2002-06-18,2002-06-25,"Madhya Pradesh,  Chhattisgarh",,25.0
UEI-IMD-FL-2002-0050,2002-06-20,2002-06-20,Meghalaya,,
UEI-IMD-FL-2002-0038,2002-06-22,2002-06-28,Maharashtra,,94.0
UEI-IMD-FL-2002-0011,2002-06-25,2002-06-29,Gujarat,,58.0
UEI-IMD-FL-2002-0064,2002-06-25,2002-06-25,West Bengal,,1.0
UEI-IMD-FL-2002-0018,2002-06-26,2002-06-26,Himachal Pradesh,,5.0
UEI-IMD-FL-2002-0035,2002-06-27,2002-06-27,"Madhya Pradesh,  Chhattisgarh",,6.0
UEI-IMD-FL-2002-0007,2002-07-01,2002-08-19,Assam,,41.0
UEI-IMD-FL-2002-0051,2002-07-01,2002-07-01,Meghalaya,,1.0
UEI-IMD-FL-2002-0065,2002-07-02,2002-07-02,West Bengal,,
UEI-IMD-FL-2002-0008,2002-07-03,2002-07-03,"Bihar, Jharkhand",,
UEI-IMD-FL-2002-0031,2002-07-12,2002-07-12,Kerala,,1.0
UEI-IMD-FL-2002-0066,2002-07-22,2002-07-22,West Bengal,,1.0
UEI-IMD-FL-2002-0009,2002-07-25,2002-08-21,"Bihar, Jharkhand",,321.0
UEI-IMD-FL-2002-0054,2002-08-02,2002-08-02,Sikkim,,4.0
UEI-IMD-FL-2002-0019,2002-08-03,2002-08-03,Himachal Pradesh,,
UEI-IMD-FL-2002-0003,2002-08-04,2002-08-04,Arunachal Pradesh,,
UEI-IMD-FL-2002-0020,2002-08-04,2002-08-04,Himachal Pradesh,,
UEI-IMD-FL-2002-0039,2002-08-05,2002-08-07,Maharashtra,,10.0
UEI-IMD-FL-2002-0041,2002-08-07,2002-08-10,Maharashtra,,
UEI-IMD-FL-2002-0040,2002-08-09,2002-08-09,Maharashtra,,
UEI-IMD-FL-2002-0042,2002-08-11,2002-08-11,Maharashtra,,
UEI-IMD-FL-2002-0059,2002-08-11,2002-08-11,Uttarakhand,,33.0
UEI-IMD-FL-2002-0021,2002-08-12,2002-08-12,Himachal Pradesh,,
UEI-IMD-FL-2002-0014,2002-08-14,2002-08-14,Haryana,,3.0
UEI-IMD-FL-2002-0049,2002-08-14,2002-08-20,Manipur,,3.0
UEI-IMD-FL-2002-0015,2002-08-15,2002-08-15,Haryana,,
UEI-IMD-FL-2002-0022,2002-08-15,2002-08-15,Himachal Pradesh,,4.0
UEI-IMD-FL-2002-0032,2002-08-16,2002-08-16,Kerala,,3.0
UEI-IMD-FL-2002-0060,2002-08-20,2002-08-22,Uttar Pradesh,,4.0
UEI-IMD-FL-2002-0052,2002-08-21,2002-08-21,Mizoram,,
UEI-IMD-FL-2002-0012,2002-08-22,2002-08-28,Gujarat,,17.0
UEI-IMD-FL-2002-0043,2002-08-22,2002-08-24,Maharashtra,,15.0
UEI-IMD-FL-2002-0001,2002-08-23,2002-08-27,Andhra Pradesh,,4.0
UEI-IMD-FL-2002-0002,2002-08-26,2002-08-27,Andhra Pradesh,,3.0
UEI-IMD-FL-2002-0044,2002-09-01,2002-09-02,Maharashtra,,
UEI-IMD-FL-2002-0045,2002-09-01,2002-09-04,Maharashtra,,35.0
UEI-IMD-FL-2002-0046,2002-09-01,2002-09-04,Maharashtra,,
UEI-IMD-FL-2002-0013,2002-09-04,2002-09-05,Gujarat,,28.0
UEI-IMD-FL-2002-0047,2002-09-04,2002-09-04,Maharashtra,,5.0
UEI-IMD-FL-2002-0061,2002-09-07,2002-09-13,Uttar Pradesh,,10.0
UEI-IMD-FL-2002-0023,2002-09-11,2002-09-11,Himachal Pradesh,,
UEI-IMD-FL-2002-0062,2002-09-12,2002-09-12,Uttarakhand,,
UEI-IMD-FL-2002-0016,2002-09-13,2002-09-13,Haryana,,3.0
UEI-IMD-FL-2002-0024,2002-09-13,2002-09-13,Himachal Pradesh,,6.0
UEI-IMD-FL-2002-0053,2002-09-14,2002-09-15,Punjab,,2.0
UEI-IMD-FL-2002-0063,2002-09-14,2002-09-14,Uttar Pradesh,,11.0
UEI-IMD-FL-2002-0017,2002-09-15,2002-09-15,Haryana,,
UEI-IMD-FL-2002-0048,2002-09-15,2002-09-15,Maharashtra,,
UEI-IMD-FL-2002-0067,2002-09-20,2002-09-20,West Bengal,,
UEI-IMD-FL-2002-0010,2002-09-24,2002-09-25,"Bihar, Jharkhand",,
UEI-IMD-FL-2002-0027,2002-10-09,2002-10-13,Karnataka,,
UEI-IMD-FL-2002-0033,2002-10-12,2002-10-13,Kerala,,2.0
UEI-IMD-FL-2002-0028,2002-10-13,2002-10-13,Karnataka,,
UEI-IMD-FL-2002-0034,2002-10-13,2002-10-16,Kerala,,11.0
UEI-IMD-FL-2002-0029,2002-10-14,2002-10-16,Karnataka,,9.0
UEI-IMD-FL-2002-0056,2002-10-27,2002-10-31,Tamil Nadu,,20.0
UEI-IMD-FL-2002-0057,2002-11-01,2002-11-11,Tamil Nadu,,20.0
UEI-IMD-FL-2003-0002,2003-06-07,2003-06-07,Assam,,
UEI-IMD-FL-2003-0003,2003-06-08,2003-07-21,Assam,,38.0
UEI-IMD-FL-2003-0060,2003-06-11,2003-06-11,Maharashtra,,
UEI-IMD-FL-2003-0080,2003-06-14,2003-06-14,Rajasthan,,1.0
UEI-IMD-FL-2003-0013,2003-06-17,2003-06-17,Bihar,,
UEI-IMD-FL-2003-0020,2003-06-18,2003-06-18,Gujarat,,2.0
UEI-IMD-FL-2003-0045,2003-06-18,2003-06-24,Kerala,,6.0
UEI-IMD-FL-2003-0081,2003-06-18,2003-06-18,Rajasthan,,9.0
UEI-IMD-FL-2003-0061,2003-06-19,2003-06-21,Maharashtra,,1.0
UEI-IMD-FL-2003-0082,2003-06-19,2003-06-19,Rajasthan,,1.0
UEI-IMD-FL-2003-0037,2003-06-21,2003-06-24,Karnataka,,13.0
UEI-IMD-FL-2003-0014,2003-06-22,2003-07-07,Bihar,,25.0
UEI-IMD-FL-2003-0062,2003-06-22,2003-06-22,Maharashtra,,
UEI-IMD-FL-2003-0083,2003-06-22,2003-06-22,Rajasthan,,
UEI-IMD-FL-2003-0063,2003-06-23,2003-06-23,Maharashtra,,
UEI-IMD-FL-2003-0064,2003-06-24,2003-06-24,Maharashtra,,37.0
UEI-IMD-FL-2003-0092,2003-06-25,2003-06-25,Tamil Nadu,,
UEI-IMD-FL-2003-0052,2003-06-26,2003-06-26,Madhya Pradesh,,1.0
UEI-IMD-FL-2003-0065,2003-06-28,2003-06-29,Maharashtra,,4.0
UEI-IMD-FL-2003-0073,2003-06-30,2003-06-30,Meghalaya,,
UEI-IMD-FL-2003-0105,2003-07-02,2003-07-02,West Bengal,,
UEI-IMD-FL-2003-0046,2003-07-04,2003-07-04,Kerala,,1.0
UEI-IMD-FL-2003-0093,2003-07-04,2003-07-06,Uttarakhand,,5.0
UEI-IMD-FL-2003-0112,2003-07-05,2003-07-05,Delhi,,4.0
UEI-IMD-FL-2003-0047,2003-07-06,2003-07-06,Kerala,,4.0
UEI-IMD-FL-2003-0084,2003-07-06,2003-07-06,Rajasthan,,
UEI-IMD-FL-2003-0066,2003-07-07,2003-07-07,Maharashtra,,
UEI-IMD-FL-2003-0106,2003-07-07,2003-07-09,West Bengal,,26.0
UEI-IMD-FL-2003-0027,2003-07-08,2003-07-08,Himachal Pradesh,,
UEI-IMD-FL-2003-0113,2003-07-09,2003-07-11,Delhi,,4.0
UEI-IMD-FL-2003-0085,2003-07-10,2003-07-13,Rajasthan,,21.0
UEI-IMD-FL-2003-0095,2003-07-11,2003-07-14,Uttar Pradesh,,64.0
UEI-IMD-FL-2003-0023,2003-07-12,2003-07-12,Haryana,,4.0
UEI-IMD-FL-2003-0053,2003-07-14,2003-07-15,Madhya Pradesh,,
UEI-IMD-FL-2003-0048,2003-07-15,2003-07-15,Kerala,,
UEI-IMD-FL-2003-0086,2003-07-15,2003-07-21,Rajasthan,,30.0
UEI-IMD-FL-2003-0024,2003-07-16,2003-07-16,Haryana,,2.0
UEI-IMD-FL-2003-0028,2003-07-16,2003-07-16,Himachal Pradesh,,150.0
UEI-IMD-FL-2003-0038,2003-07-16,2003-07-16,Karnataka,,
UEI-IMD-FL-2003-0025,2003-07-17,2003-07-17,Haryana,,1.0
UEI-IMD-FL-2003-0001,2003-07-19,2003-07-20,Arunachal Pradesh,,2.0
UEI-IMD-FL-2003-0029,2003-07-20,2003-07-20,Himachal Pradesh,,
UEI-IMD-FL-2003-0054,2003-07-20,2003-07-20,Madhya Pradesh,,
UEI-IMD-FL-2003-0018,2003-07-21,2003-07-26,Chhattisgarh,,
UEI-IMD-FL-2003-0026,2003-07-21,2003-07-21,Haryana,,2.0
UEI-IMD-FL-2003-0096,2003-07-22,2003-07-22,Uttar Pradesh,,5.0
UEI-IMD-FL-2003-0030,2003-07-24,2003-07-24,Himachal Pradesh,,2.0
UEI-IMD-FL-2003-0021,2003-07-26,2003-07-26,Gujarat,,11.0
UEI-IMD-FL-2003-0031,2003-07-26,2003-07-26,Himachal Pradesh,,3.0
UEI-IMD-FL-2003-0055,2003-07-26,2003-07-26,Madhya Pradesh,,3.0
UEI-IMD-FL-2003-0107,2003-07-26,2003-07-26,West Bengal,,3.0
UEI-IMD-FL-2003-0087,2003-07-27,2003-07-27,Rajasthan,,
UEI-IMD-FL-2003-0067,2003-07-29,2003-07-29,Maharashtra,,
UEI-IMD-FL-2003-0088,2003-07-29,2003-07-29,Rajasthan,,
UEI-IMD-FL-2003-0032,2003-07-31,2003-07-31,Himachal Pradesh,,5.0
UEI-IMD-FL-2003-0015,2003-08-01,2003-08-14,Bihar,,75.0
UEI-IMD-FL-2003-0022,2003-08-01,2003-08-31,Gujarat,,76.0
UEI-IMD-FL-2003-0076,2003-08-01,2003-08-28,Odisha,,10.0
UEI-IMD-FL-2003-0033,2003-08-02,2003-08-02,Himachal Pradesh,,
UEI-IMD-FL-2003-0079,2003-08-02,2003-08-02,Punjab,,1.0
UEI-IMD-FL-2003-0034,2003-08-03,2003-08-03,Himachal Pradesh,,1.0
UEI-IMD-FL-2003-0035,2003-08-05,2003-08-05,Himachal Pradesh,,
UEI-IMD-FL-2003-0036,2003-08-07,2003-08-08,Himachal Pradesh,,
UEI-IMD-FL-2003-0056,2003-08-10,2003-08-10,Madhya Pradesh,,1.0
UEI-IMD-FL-2003-0089,2003-08-10,2003-08-10,Rajasthan,,
UEI-IMD-FL-2003-0097,2003-08-13,2003-08-14,Uttar Pradesh,,
UEI-IMD-FL-2003-0004,2003-08-15,2003-08-21,Assam,,
UEI-IMD-FL-2003-0075,2003-08-19,2003-08-19,Mizoram,,3.0
UEI-IMD-FL-2003-0039,2003-08-20,2003-08-22,Karnataka,,6.0
UEI-IMD-FL-2003-0098,2003-08-25,2003-08-25,Uttar Pradesh,,2.0
UEI-IMD-FL-2003-0090,2003-08-26,2003-08-28,Rajasthan,,8.0
UEI-IMD-FL-2003-0099,2003-08-26,2003-08-26,Uttar Pradesh,,1.0
UEI-IMD-FL-2003-0040,2003-08-27,2003-08-27,Karnataka,,
UEI-IMD-FL-2003-0019,2003-08-28,2003-08-28,Chhattisgarh,,
UEI-IMD-FL-2003-0005,2003-08-29,2003-08-29,Assam,,
UEI-IMD-FL-2003-0108,2003-08-29,2003-08-29,West Bengal,,
UEI-IMD-FL-2003-0057,2003-08-30,2003-08-30,Madhya Pradesh,,
UEI-IMD-FL-2003-0077,2003-09-01,2003-09-30,Odisha,,60.0
UEI-IMD-FL-2003-0006,2003-09-02,2003-09-02,Assam,,
UEI-IMD-FL-2003-0100,2003-09-02,2003-09-02,Uttar Pradesh,,2.0
UEI-IMD-FL-2003-0101,2003-09-03,2003-09-03,Uttar Pradesh,,3.0
UEI-IMD-FL-2003-0102,2003-09-04,2003-09-04,Uttar Pradesh,,65.0
UEI-IMD-FL-2003-0058,2003-09-08,2003-09-08,Madhya Pradesh,,10.0
UEI-IMD-FL-2003-0103,2003-09-08,2003-09-21,Uttar Pradesh,,172.0
UEI-IMD-FL-2003-0016,2003-09-09,2003-09-11,Bihar,,140.0
UEI-IMD-FL-2003-0109,2003-09-09,2003-09-10,West Bengal,,
UEI-IMD-FL-2003-0059,2003-09-10,2003-09-15,Madhya Pradesh,,35.0
UEI-IMD-FL-2003-0110,2003-09-15,2003-09-17,West Bengal,,
UEI-IMD-FL-2003-0094,2003-09-21,2003-09-21,Uttarakhand,,7.0
UEI-IMD-FL-2003-0007,2003-09-22,2003-09-22,Assam,,
UEI-IMD-FL-2003-0017,2003-09-22,2003-09-28,Bihar,,179.0
UEI-IMD-FL-2003-0091,2003-09-24,2003-09-24,Rajasthan,,
UEI-IMD-FL-2003-0104,2003-09-24,2003-09-24,Uttar Pradesh,,1.0
UEI-IMD-FL-2003-0068,2003-10-01,2003-10-01,Maharashtra,,
UEI-IMD-FL-2003-0078,2003-10-01,2003-10-14,Odisha,,32.0
UEI-IMD-FL-2003-0049,2003-10-02,2003-10-02,Kerala,,
UEI-IMD-FL-2003-0069,2003-10-02,2003-10-02,Maharashtra,,1.0
UEI-IMD-FL-2003-0041,2003-10-03,2003-10-06,Karnataka,,1.0
UEI-IMD-FL-2003-0008,2003-10-04,2003-10-04,Assam,,
UEI-IMD-FL-2003-0050,2003-10-05,2003-10-07,Kerala,,1.0
UEI-IMD-FL-2003-0070,2003-10-08,2003-10-08,Maharashtra,,4.0
UEI-IMD-FL-2003-0009,2003-10-09,2003-10-09,Assam,,2.0
UEI-IMD-FL-2003-0074,2003-10-09,2003-10-09,Meghalaya,,
UEI-IMD-FL-2003-0010,2003-10-11,2003-10-11,Assam,,
UEI-IMD-FL-2003-0042,2003-10-12,2003-10-13,Karnataka,,3.0
UEI-IMD-FL-2003-0111,2003-10-12,2003-10-12,West Bengal,,
UEI-IMD-FL-2003-0011,2003-10-15,2003-10-15,Assam,,
UEI-IMD-FL-2003-0043,2003-10-21,2003-10-21,Karnataka,,
UEI-IMD-FL-2003-0044,2003-10-23,2003-10-23,Karnataka,,
UEI-IMD-FL-2003-0051,2003-10-23,2003-10-23,Kerala,,
UEI-IMD-FL-2003-0012,2003-10-29,2003-10-29,Assam,,1.0
UEI-IMD-FL-2003-0071,2003-10-31,2003-10-31,Maharashtra,,
UEI-IMD-FL-2003-0072,2003-11-01,2003-11-02,Maharashtra,,
UEI-IMD-FL-2004-0005,2004-04-13,2004-04-13,Assam,,
UEI-IMD-FL-2004-0006,2004-04-20,2004-04-20,Assam,,5.0
UEI-IMD-FL-2004-0007,2004-05-13,2004-05-14,Assam,,
UEI-IMD-FL-2004-0008,2004-05-15,2004-05-17,Assam,,
UEI-IMD-FL-2004-0009,2004-05-19,2004-05-19,Assam,,2.0
UEI-IMD-FL-2004-0010,2004-05-22,2004-05-22,Assam,,
UEI-IMD-FL-2004-0011,2004-05-28,2004-05-28,Assam,,
UEI-IMD-FL-2004-0062,2004-05-29,2004-05-29,Uttarakhand,,
UEI-IMD-FL-2004-0063,2004-06-01,2004-06-01,Uttarakhand,,
UEI-IMD-FL-2004-0034,2004-06-04,2004-06-18,Kerala,,25.0
UEI-IMD-FL-2004-0021,2004-06-05,2004-06-06,Himachal Pradesh,,
UEI-IMD-FL-2004-0026,2004-06-06,2004-06-07,Karnataka,,4.0
UEI-IMD-FL-2004-0027,2004-06-11,2004-06-16,Karnataka,,3.0
UEI-IMD-FL-2004-0061,2004-06-17,2004-06-25,Tripura,,4.0
UEI-IMD-FL-2004-0042,2004-06-18,2004-06-18,Maharashtra,,1.0
UEI-IMD-FL-2004-0012,2004-06-21,2004-08-07,Assam,,248.0
UEI-IMD-FL-2004-0003,2004-06-22,2004-06-22,Arunachal Pradesh,,5.0
UEI-IMD-FL-2004-0015,2004-06-22,2004-06-22,Bihar,,30.0
UEI-IMD-FL-2004-0049,2004-06-22,2004-06-22,Mizoram,,6.0
UEI-IMD-FL-2004-0016,2004-07-01,2004-07-31,Bihar,,450.0
UEI-IMD-FL-2004-0043,2004-07-03,2004-07-03,Maharashtra,,
UEI-IMD-FL-2004-0035,2004-07-04,2004-07-04,Kerala,,
UEI-IMD-FL-2004-0052,2004-07-04,2004-07-04,Rajasthan,,1.0
UEI-IMD-FL-2004-0064,2004-07-06,2004-07-06,Uttarakhand,,31.0
UEI-IMD-FL-2004-0036,2004-07-07,2004-07-09,Kerala,,
UEI-IMD-FL-2004-0028,2004-07-08,2004-07-14,Karnataka,,15.0
UEI-IMD-FL-2004-0067,2004-07-08,2004-07-09,Uttar Pradesh,,8.0
UEI-IMD-FL-2004-0070,2004-07-08,2004-07-14,West Bengal,,5.0
UEI-IMD-FL-2004-0004,2004-07-10,2004-07-22,Arunachal Pradesh,,11.0
UEI-IMD-FL-2004-0047,2004-07-14,2004-07-14,Meghalaya,,
UEI-IMD-FL-2004-0050,2004-07-17,2004-07-22,Nagaland,,
UEI-IMD-FL-2004-0037,2004-07-19,2004-07-19,Kerala,,
UEI-IMD-FL-2004-0044,2004-07-26,2004-08-05,Maharashtra,,33.0
UEI-IMD-FL-2004-0065,2004-07-28,2004-07-28,Uttarakhand,,6.0
UEI-IMD-FL-2004-0001,2004-08-01,2004-08-04,Andhra Pradesh,,10.0
UEI-IMD-FL-2004-0018,2004-08-01,2004-08-14,Gujarat,,184.0
UEI-IMD-FL-2004-0029,2004-08-02,2004-08-08,Karnataka,,6.0
UEI-IMD-FL-2004-0019,2004-08-03,2004-08-03,Haryana,,2.0
UEI-IMD-FL-2004-0038,2004-08-03,2004-08-08,Kerala,,31.0
UEI-IMD-FL-2004-0040,2004-08-03,2004-08-03,Madhya Pradesh,,
UEI-IMD-FL-2004-0051,2004-08-03,2004-08-05,Punjab,,
UEI-IMD-FL-2004-0074,2004-08-03,2004-08-03,Punjab,,3.0
UEI-IMD-FL-2004-0017,2004-08-04,2004-08-04,Goa,,1.0
UEI-IMD-FL-2004-0041,2004-08-05,2004-08-05,Madhya Pradesh,,
UEI-IMD-FL-2004-0022,2004-08-07,2004-08-08,Himachal Pradesh,,
UEI-IMD-FL-2004-0020,2004-08-08,2004-08-08,Haryana,,10.0
UEI-IMD-FL-2004-0045,2004-08-11,2004-08-12,Maharashtra,,3.0
UEI-IMD-FL-2004-0053,2004-08-11,2004-08-12,Rajasthan,,6.0
UEI-IMD-FL-2004-0023,2004-08-12,2004-08-13,Himachal Pradesh,,2.0
UEI-IMD-FL-2004-0024,2004-08-16,2004-08-16,Himachal Pradesh,,
UEI-IMD-FL-2004-0054,2004-08-16,2004-08-16,Rajasthan,,6.0
UEI-IMD-FL-2004-0071,2004-08-16,2004-08-16,West Bengal,,
UEI-IMD-FL-2004-0025,2004-08-17,2004-08-17,Himachal Pradesh,,1.0
UEI-IMD-FL-2004-0075,2004-08-17,2004-08-17,Punjab,,
UEI-IMD-FL-2004-0068,2004-08-19,2004-08-21,Uttar Pradesh,,
UEI-IMD-FL-2004-0055,2004-08-22,2004-08-22,Rajasthan,,
UEI-IMD-FL-2004-0066,2004-08-26,2004-08-26,Uttarakhand,,8.0
UEI-IMD-FL-2004-0072,2004-09-08,2004-09-21,West Bengal,,17.0
UEI-IMD-FL-2004-0013,2004-09-09,2004-09-10,Assam,,3.0
UEI-IMD-FL-2004-0030,2004-09-14,2004-09-14,Karnataka,,1.0
UEI-IMD-FL-2004-0031,2004-09-20,2004-09-20,Karnataka,,3.0
UEI-IMD-FL-2004-0056,2004-09-20,2004-09-20,Tamil Nadu,,
UEI-IMD-FL-2004-0069,2004-09-21,2004-09-23,Uttar Pradesh,,84.0
UEI-IMD-FL-2004-0046,2004-09-28,2004-09-29,Maharashtra,,14.0
UEI-IMD-FL-2004-0032,2004-10-01,2004-10-01,Karnataka,,
UEI-IMD-FL-2004-0073,2004-10-01,2004-10-19,West Bengal,,18.0
UEI-IMD-FL-2004-0039,2004-10-04,2004-10-04,Kerala,,2.0
UEI-IMD-FL-2004-0014,2004-10-07,2004-10-25,Assam,,200.0
UEI-IMD-FL-2004-0048,2004-10-08,2004-10-10,Meghalaya,,9.0
UEI-IMD-FL-2004-0033,2004-10-19,2004-10-20,Karnataka,,3.0
UEI-IMD-FL-2004-0057,2004-10-30,2004-10-30,Tamil Nadu,,5.0
UEI-IMD-FL-2004-0058,2004-11-05,2004-11-05,Tamil Nadu,,
UEI-IMD-FL-2004-0002,2004-11-07,2004-11-07,Andhra Pradesh,,4.0
UEI-IMD-FL-2004-0059,2004-11-09,2004-11-09,Tamil Nadu,,2.0
UEI-IMD-FL-2004-0060,2004-11-23,2004-11-23,Tamil Nadu,,
UEI-IMD-FL-2005-0040,2005-01-03,2005-01-03,Karnataka,,
UEI-IMD-FL-2005-0096,2005-01-30,2005-01-31,Maharashtra,,
UEI-IMD-FL-2005-0066,2005-02-01,2005-02-01,Kerala,,2.0
UEI-IMD-FL-2005-0097,2005-02-01,2005-02-01,Maharashtra,,
UEI-IMD-FL-2005-0098,2005-02-07,2005-02-08,Maharashtra,,
UEI-IMD-FL-2005-0099,2005-03-09,2005-03-11,Maharashtra,,3.0
UEI-IMD-FL-2005-0028,2005-03-15,2005-03-21,Himachal Pradesh,,4.0
UEI-IMD-FL-2005-0067,2005-03-15,2005-03-15,Kerala,,
UEI-IMD-FL-2005-0023,2005-03-21,2005-03-21,Haryana,,
UEI-IMD-FL-2005-0068,2005-04-04,2005-04-04,Kerala,,
UEI-IMD-FL-2005-0069,2005-04-06,2005-04-06,Kerala,,
UEI-IMD-FL-2005-0136,2005-04-07,2005-04-07,Tamil Nadu,,27.0
UEI-IMD-FL-2005-0160,2005-04-10,2005-04-10,West Bengal,,4.0
UEI-IMD-FL-2005-0070,2005-04-12,2005-04-12,Kerala,,
UEI-IMD-FL-2005-0071,2005-04-15,2005-04-28,Kerala,,2.0
UEI-IMD-FL-2005-0041,2005-04-20,2005-04-20,Karnataka,,
UEI-IMD-FL-2005-0072,2005-05-02,2005-05-02,Kerala,,
UEI-IMD-FL-2005-0161,2005-05-04,2005-05-04,West Bengal,,11.0
UEI-IMD-FL-2005-0127,2005-05-08,2005-05-09,Rajasthan,,
UEI-IMD-FL-2005-0073,2005-05-17,2005-05-17,Kerala,,
UEI-IMD-FL-2005-0042,2005-05-21,2005-05-21,Karnataka,,
UEI-IMD-FL-2005-0007,2005-05-27,2005-05-27,Assam,,
UEI-IMD-FL-2005-0074,2005-05-29,2005-05-29,Kerala,,
UEI-IMD-FL-2005-0075,2005-06-01,2005-06-14,Kerala,,2.0
UEI-IMD-FL-2005-0043,2005-06-02,2005-06-02,Karnataka,,1.0
UEI-IMD-FL-2005-0044,2005-06-05,2005-06-05,Karnataka,,2.0
UEI-IMD-FL-2005-0008,2005-06-08,2005-06-21,Assam,,
UEI-IMD-FL-2005-0045,2005-06-10,2005-06-10,Karnataka,,7.0
UEI-IMD-FL-2005-0076,2005-06-15,2005-06-28,Kerala,,7.0
UEI-IMD-FL-2005-0046,2005-06-18,2005-06-18,Karnataka,,
UEI-IMD-FL-2005-0019,2005-06-22,2005-06-28,Gujarat,,202.0
UEI-IMD-FL-2005-0047,2005-06-22,2005-06-22,Karnataka,,2.0
UEI-IMD-FL-2005-0048,2005-06-22,2005-06-22,Karnataka,,
UEI-IMD-FL-2005-0100,2005-06-22,2005-06-28,Maharashtra,,
UEI-IMD-FL-2005-0090,2005-06-24,2005-06-27,Madhya Pradesh,,11.0
UEI-IMD-FL-2005-0029,2005-06-26,2005-06-26,Himachal Pradesh,,
UEI-IMD-FL-2005-0030,2005-06-26,2005-06-27,Himachal Pradesh,,6.0
UEI-IMD-FL-2005-0128,2005-06-27,2005-06-27,Rajasthan,,3.0
UEI-IMD-FL-2005-0146,2005-06-30,2005-06-30,Uttarakhand,,9.0
UEI-IMD-FL-2005-0077,2005-07-01,2005-07-01,Kerala,,1.0
UEI-IMD-FL-2005-0078,2005-07-01,2005-07-01,Kerala,,5.0
UEI-IMD-FL-2005-0079,2005-07-01,2005-07-01,Kerala,,
UEI-IMD-FL-2005-0101,2005-07-01,2005-07-01,Maharashtra,,
UEI-IMD-FL-2005-0102,2005-07-02,2005-07-02,Maharashtra,,
UEI-IMD-FL-2005-0049,2005-07-03,2005-07-03,Karnataka,,1.0
UEI-IMD-FL-2005-0121,2005-07-03,2005-07-03,Punjab,,
UEI-IMD-FL-2005-0091,2005-07-04,2005-07-04,Madhya Pradesh,,
UEI-IMD-FL-2005-0129,2005-07-05,2005-07-06,Rajasthan,,4.0
UEI-IMD-FL-2005-0162,2005-07-05,2005-07-05,West Bengal,,
UEI-IMD-FL-2005-0122,2005-07-06,2005-07-06,Punjab,,2.0
UEI-IMD-FL-2005-0147,2005-07-06,2005-07-06,"Uttar Pradesh, Uttarakhand",,23.0
UEI-IMD-FL-2005-0031,2005-07-07,2005-07-07,Himachal Pradesh,,
UEI-IMD-FL-2005-0080,2005-07-07,2005-07-07,Kerala,,
UEI-IMD-FL-2005-0103,2005-07-07,2005-07-07,Maharashtra,,
UEI-IMD-FL-2005-0123,2005-07-07,2005-07-07,Punjab,,
UEI-IMD-FL-2005-0009,2005-07-08,2005-07-28,Assam,,15.0
UEI-IMD-FL-2005-0020,2005-07-08,2005-07-28,Gujarat,,11.0
UEI-IMD-FL-2005-0024,2005-07-08,2005-07-08,Haryana,,
UEI-IMD-FL-2005-0025,2005-07-08,2005-07-21,Haryana,,1.0
UEI-IMD-FL-2005-0124,2005-07-08,2005-07-08,Punjab,,2.0
UEI-IMD-FL-2005-0001,2005-07-09,2005-07-09,Andhra Pradesh,,9.0
UEI-IMD-FL-2005-0125,2005-07-09,2005-07-09,Punjab,,
UEI-IMD-FL-2005-0163,2005-07-09,2005-07-10,West Bengal,,
UEI-IMD-FL-2005-0104,2005-07-10,2005-07-11,Maharashtra,,32.0
UEI-IMD-FL-2005-0092,2005-07-11,2005-07-11,Madhya Pradesh,,
UEI-IMD-FL-2005-0032,2005-07-12,2005-07-12,Himachal Pradesh,,
UEI-IMD-FL-2005-0130,2005-07-12,2005-07-12,Rajasthan,,3.0
UEI-IMD-FL-2005-0050,2005-07-13,2005-07-13,Karnataka,,
UEI-IMD-FL-2005-0051,2005-07-13,2005-07-13,Karnataka,,2.0
UEI-IMD-FL-2005-0126,2005-07-14,2005-07-14,Punjab,,
UEI-IMD-FL-2005-0131,2005-07-14,2005-07-14,Rajasthan,,3.0
UEI-IMD-FL-2005-0148,2005-07-14,2005-07-14,"Uttar Pradesh, Uttarakhand",,
UEI-IMD-FL-2005-0033,2005-07-15,2005-07-15,Himachal Pradesh,,
UEI-IMD-FL-2005-0052,2005-07-15,2005-07-21,Karnataka,,4.0
UEI-IMD-FL-2005-0034,2005-07-16,2005-07-16,Himachal Pradesh,,
UEI-IMD-FL-2005-0132,2005-07-16,2005-07-16,Rajasthan,,3.0
UEI-IMD-FL-2005-0133,2005-07-17,2005-07-17,Rajasthan,,1.0
UEI-IMD-FL-2005-0081,2005-07-20,2005-07-20,Kerala,,
UEI-IMD-FL-2005-0105,2005-07-21,2005-07-21,Maharashtra,,4.0
UEI-IMD-FL-2005-0149,2005-07-21,2005-07-21,"Uttar Pradesh, Uttarakhand",,
UEI-IMD-FL-2005-0053,2005-07-22,2005-07-28,Karnataka,,6.0
UEI-IMD-FL-2005-0082,2005-07-22,2005-07-28,Kerala,,28.0
UEI-IMD-FL-2005-0093,2005-07-22,2005-07-28,Madhya Pradesh,,37.0
UEI-IMD-FL-2005-0094,2005-07-22,2005-08-07,Madhya Pradesh,,16.0
UEI-IMD-FL-2005-0108,2005-07-22,2005-07-28,Maharashtra,,527.0
UEI-IMD-FL-2005-0150,2005-07-22,2005-07-22,Uttarakhand,,4.0
UEI-IMD-FL-2005-0002,2005-07-23,2005-07-25,Andhra Pradesh,,9.0
UEI-IMD-FL-2005-0018,2005-07-24,2005-07-26,Goa,,7.0
UEI-IMD-FL-2005-0106,2005-07-24,2005-07-24,Maharashtra,,1.0
UEI-IMD-FL-2005-0035,2005-07-26,2005-07-27,Himachal Pradesh,,
UEI-IMD-FL-2005-0107,2005-07-26,2005-07-27,Maharashtra,,273.0
UEI-IMD-FL-2005-0054,2005-07-27,2005-07-27,Karnataka,,
UEI-IMD-FL-2005-0055,2005-07-27,2005-07-27,Karnataka,,
UEI-IMD-FL-2005-0056,2005-07-27,2005-07-27,Karnataka,,
UEI-IMD-FL-2005-0036,2005-07-28,2005-07-28,Himachal Pradesh,,
UEI-IMD-FL-2005-0057,2005-07-28,2005-07-28,Karnataka,,
UEI-IMD-FL-2005-0058,2005-07-28,2005-07-28,Karnataka,,1.0
UEI-IMD-FL-2005-0026,2005-07-30,2005-07-30,Haryana,,
UEI-IMD-FL-2005-0021,2005-08-01,2005-08-05,Gujarat,,69.0
UEI-IMD-FL-2005-0059,2005-08-01,2005-08-01,Karnataka,,
UEI-IMD-FL-2005-0109,2005-08-01,2005-08-07,Maharashtra,,302.0
UEI-IMD-FL-2005-0119,2005-08-01,2005-08-01,Odisha,,5.0
UEI-IMD-FL-2005-0151,2005-08-03,2005-08-03,Uttarakhand,,11.0
UEI-IMD-FL-2005-0175,2005-08-03,2005-08-03,Punjab,,
UEI-IMD-FL-2005-0060,2005-08-05,2005-08-08,Karnataka,,
UEI-IMD-FL-2005-0134,2005-08-05,2005-08-05,Rajasthan,,
UEI-IMD-FL-2005-0152,2005-08-05,2005-08-05,Uttarakhand,,10.0
UEI-IMD-FL-2005-0037,2005-08-06,2005-08-06,Himachal Pradesh,,
UEI-IMD-FL-2005-0135,2005-08-06,2005-08-06,Rajasthan,,
UEI-IMD-FL-2005-0039,2005-08-07,2005-08-07,Jammu and Kashmir,,11.0
UEI-IMD-FL-2005-0110,2005-08-07,2005-08-08,Maharashtra,,3.0
UEI-IMD-FL-2005-0010,2005-08-08,2005-08-14,Assam,,43.0
UEI-IMD-FL-2005-0164,2005-08-08,2005-08-08,West Bengal,,15.0
UEI-IMD-FL-2005-0111,2005-08-10,2005-08-11,Maharashtra,,4.0
UEI-IMD-FL-2005-0165,2005-08-14,2005-08-14,West Bengal,,
UEI-IMD-FL-2005-0166,2005-08-16,2005-08-16,West Bengal,,
UEI-IMD-FL-2005-0011,2005-08-19,2005-08-19,Assam,,2.0
UEI-IMD-FL-2005-0012,2005-08-22,2005-08-22,Assam,,
UEI-IMD-FL-2005-0014,2005-08-22,2005-08-28,Assam,,15.0
UEI-IMD-FL-2005-0153,2005-08-22,2005-08-22,Uttar Pradesh,,5.0
UEI-IMD-FL-2005-0154,2005-08-22,2005-08-28,Uttar Pradesh,,89.0
UEI-IMD-FL-2005-0013,2005-08-23,2005-08-23,Assam,,
UEI-IMD-FL-2005-0006,2005-08-25,2005-08-28,Arunachal Pradesh,,1.0
UEI-IMD-FL-2005-0167,2005-08-26,2005-08-26,West Bengal,,3.0
UEI-IMD-FL-2005-0061,2005-08-28,2005-08-28,Karnataka,,3.0
UEI-IMD-FL-2005-0062,2005-08-28,2005-08-28,Karnataka,,
UEI-IMD-FL-2005-0155,2005-08-28,2005-08-29,Uttar Pradesh,,8.0
UEI-IMD-FL-2005-0015,2005-08-30,2005-08-30,Assam,,
UEI-IMD-FL-2005-0016,2005-09-01,2005-09-07,Assam,,
UEI-IMD-FL-2005-0022,2005-09-01,2005-09-28,Gujarat,,20.0
UEI-IMD-FL-2005-0112,2005-09-05,2005-09-05,Maharashtra,,
UEI-IMD-FL-2005-0113,2005-09-05,2005-09-05,Maharashtra,,2.0
UEI-IMD-FL-2005-0156,2005-09-05,2005-09-06,Uttarakhand,,
UEI-IMD-FL-2005-0114,2005-09-06,2005-09-06,Maharashtra,,
UEI-IMD-FL-2005-0083,2005-09-07,2005-09-07,Kerala,,
UEI-IMD-FL-2005-0115,2005-09-08,2005-09-14,Maharashtra,,11.0
UEI-IMD-FL-2005-0168,2005-09-13,2005-09-15,West Bengal,,2.0
UEI-IMD-FL-2005-0095,2005-09-15,2005-09-16,Madhya Pradesh,,
UEI-IMD-FL-2005-0038,2005-09-16,2005-09-17,Himachal Pradesh,,6.0
UEI-IMD-FL-2005-0157,2005-09-16,2005-09-16,Uttar Pradesh,,8.0
UEI-IMD-FL-2005-0027,2005-09-17,2005-09-17,Haryana,,
UEI-IMD-FL-2005-0169,2005-09-17,2005-09-19,West Bengal,,2.0
UEI-IMD-FL-2005-0170,2005-09-18,2005-09-18,West Bengal,,
UEI-IMD-FL-2005-0003,2005-09-19,2005-09-20,Andhra Pradesh,,6.0
UEI-IMD-FL-2005-0120,2005-09-19,2005-09-19,Odisha,,4.0
UEI-IMD-FL-2005-0116,2005-09-21,2005-09-21,Maharashtra,,
UEI-IMD-FL-2005-0117,2005-09-21,2005-09-21,Maharashtra,,2.0
UEI-IMD-FL-2005-0118,2005-09-22,2005-09-28,Maharashtra,,10.0
UEI-IMD-FL-2005-0158,2005-09-24,2005-09-24,Uttar Pradesh,,1.0
UEI-IMD-FL-2005-0159,2005-09-25,2005-09-25,"Uttar Pradesh, Uttarakhand",,18.0
UEI-IMD-FL-2005-0017,2005-09-26,2005-09-27,Assam,,
UEI-IMD-FL-2005-0084,2005-10-02,2005-10-02,Kerala,,
UEI-IMD-FL-2005-0085,2005-10-07,2005-10-07,Kerala,,
UEI-IMD-FL-2005-0086,2005-10-08,2005-10-14,Kerala,,1.0
UEI-IMD-FL-2005-0063,2005-10-09,2005-10-09,Karnataka,,
UEI-IMD-FL-2005-0004,2005-10-13,2005-10-15,Andhra Pradesh,,19.0
UEI-IMD-FL-2005-0137,2005-10-13,2005-10-13,Tamil Nadu,,2.0
UEI-IMD-FL-2005-0064,2005-10-15,2005-10-21,Karnataka,,13.0
UEI-IMD-FL-2005-0138,2005-10-15,2005-10-28,Tamil Nadu,,80.0
UEI-IMD-FL-2005-0171,2005-10-21,2005-10-21,West Bengal,,2.0
UEI-IMD-FL-2005-0065,2005-10-22,2005-10-28,Karnataka,,33.0
UEI-IMD-FL-2005-0087,2005-10-22,2005-10-23,Kerala,,
UEI-IMD-FL-2005-0172,2005-10-23,2005-10-23,West Bengal,,12.0
UEI-IMD-FL-2005-0173,2005-10-25,2005-10-26,West Bengal,,32.0
UEI-IMD-FL-2005-0005,2005-10-28,2005-10-28,Andhra Pradesh,,10.0
UEI-IMD-FL-2005-0174,2005-11-01,2005-11-01,West Bengal,,
UEI-IMD-FL-2005-0088,2005-11-08,2005-11-14,Kerala,,
UEI-IMD-FL-2005-0139,2005-11-09,2005-11-09,Tamil Nadu,,
UEI-IMD-FL-2005-0140,2005-11-22,2005-11-22,Tamil Nadu,,8.0
UEI-IMD-FL-2005-0141,2005-11-24,2005-11-24,Tamil Nadu,,
UEI-IMD-FL-2005-0142,2005-12-03,2005-12-04,Tamil Nadu,,6.0
UEI-IMD-FL-2005-0143,2005-12-06,2005-12-06,Tamil Nadu,,
UEI-IMD-FL-2005-0089,2005-12-08,2005-12-15,Kerala,,
UEI-IMD-FL-2005-0144,2005-12-08,2005-12-08,Tamil Nadu,,
UEI-IMD-FL-2005-0145,2005-12-11,2005-12-11,Tamil Nadu,,2.0
UEI-IMD-FL-2006-0046,2006-03-05,2006-03-05,Kerala,,
UEI-IMD-FL-2006-0090,2006-04-23,2006-04-23,Punjab,,
UEI-IMD-FL-2006-0102,2006-05-13,2006-05-13,Tamil Nadu,,
UEI-IMD-FL-2006-0091,2006-05-20,2006-05-20,Punjab,,
UEI-IMD-FL-2006-0072,2006-05-22,2006-05-22,Maharashtra,,1.0
UEI-IMD-FL-2006-0047,2006-05-23,2006-05-23,Kerala,,1.0
UEI-IMD-FL-2006-0025,2006-05-26,2006-05-26,Himachal Pradesh,,1.0
UEI-IMD-FL-2006-0041,2006-05-27,2006-05-30,Karnataka,,21.0
UEI-IMD-FL-2006-0048,2006-05-27,2006-05-29,Kerala,,2.0
UEI-IMD-FL-2006-0004,2006-05-30,2006-06-01,Assam,,
UEI-IMD-FL-2006-0073,2006-05-30,2006-06-02,Maharashtra,,38.0
UEI-IMD-FL-2006-0015,2006-06-01,2006-06-01,Gujarat,,4.0
UEI-IMD-FL-2006-0049,2006-06-01,2006-06-01,Kerala,,10.0
UEI-IMD-FL-2006-0074,2006-06-03,2006-06-03,Maharashtra,,6.0
UEI-IMD-FL-2006-0003,2006-06-04,2006-06-04,Arunachal Pradesh,,
UEI-IMD-FL-2006-0106,2006-06-07,2006-06-07,"Uttar Pradesh, Uttarakhand",,15.0
UEI-IMD-FL-2006-0005,2006-06-11,2006-06-17,Assam,,9.0
UEI-IMD-FL-2006-0075,2006-06-18,2006-06-20,Maharashtra,,18.0
UEI-IMD-FL-2006-0050,2006-06-23,2006-06-25,Kerala,,3.0
UEI-IMD-FL-2006-0092,2006-06-24,2006-06-24,Punjab,,
UEI-IMD-FL-2006-0026,2006-06-25,2006-06-25,Himachal Pradesh,,
UEI-IMD-FL-2006-0076,2006-06-25,2006-06-25,Maharashtra,,3.0
UEI-IMD-FL-2006-0006,2006-06-27,2006-06-27,Assam,,7.0
UEI-IMD-FL-2006-0051,2006-06-29,2006-06-29,Kerala,,
UEI-IMD-FL-2006-0052,2006-07-01,2006-07-03,Kerala,,1.0
UEI-IMD-FL-2006-0077,2006-07-01,2006-07-07,Maharashtra,,131.0
UEI-IMD-FL-2006-0087,2006-07-01,2006-07-31,Odisha,,36.0
UEI-IMD-FL-2006-0016,2006-07-04,2006-07-05,Gujarat,,9.0
UEI-IMD-FL-2006-0053,2006-07-04,2006-07-04,Kerala,,6.0
UEI-IMD-FL-2006-0054,2006-07-05,2006-07-06,Kerala,,
UEI-IMD-FL-2006-0064,2006-07-05,2006-07-05,"Madhya Pradesh,  Chhattisgarh",,2.0
UEI-IMD-FL-2006-0007,2006-07-08,2006-07-08,Assam,,1.0
UEI-IMD-FL-2006-0027,2006-07-09,2006-07-09,Himachal Pradesh,,
UEI-IMD-FL-2006-0021,2006-07-11,2006-07-12,Haryana,,
UEI-IMD-FL-2006-0028,2006-07-11,2006-07-12,Himachal Pradesh,,
UEI-IMD-FL-2006-0078,2006-07-11,2006-07-11,Maharashtra,,29.0
UEI-IMD-FL-2006-0012,2006-07-12,2006-07-12,Bihar,,
UEI-IMD-FL-2006-0042,2006-07-13,2006-07-13,Karnataka,,
UEI-IMD-FL-2006-0013,2006-07-14,2006-07-15,Bihar,,22.0
UEI-IMD-FL-2006-0079,2006-07-18,2006-07-19,Maharashtra,,32.0
UEI-IMD-FL-2006-0008,2006-07-19,2006-07-22,Assam,,
UEI-IMD-FL-2006-0022,2006-07-20,2006-07-20,Haryana,,
UEI-IMD-FL-2006-0029,2006-07-23,2006-07-28,Himachal Pradesh,,15.0
UEI-IMD-FL-2006-0023,2006-07-25,2006-07-26,Haryana,,
UEI-IMD-FL-2006-0093,2006-07-25,2006-07-26,Punjab,,2.0
UEI-IMD-FL-2006-0009,2006-07-26,2006-07-26,Assam,,
UEI-IMD-FL-2006-0043,2006-07-28,2006-07-28,Karnataka,,
UEI-IMD-FL-2006-0080,2006-07-28,2006-08-02,Maharashtra,,
UEI-IMD-FL-2006-0017,2006-07-29,2006-07-30,Gujarat,,15.0
UEI-IMD-FL-2006-0038,2006-07-29,2006-07-30,Jharkhand,,15.0
UEI-IMD-FL-2006-0096,2006-07-29,2006-07-29,Rajasthan,,1.0
UEI-IMD-FL-2006-0065,2006-07-31,2006-07-31,"Madhya Pradesh,  Chhattisgarh",,
UEI-IMD-FL-2006-0097,2006-07-31,2006-07-31,Rajasthan,,2.0
UEI-IMD-FL-2006-0044,2006-08-01,2006-08-01,Karnataka,,
UEI-IMD-FL-2006-0088,2006-08-01,2006-08-31,Odisha,,45.0
UEI-IMD-FL-2006-0098,2006-08-01,2006-08-01,Rajasthan,,
UEI-IMD-FL-2006-0030,2006-08-02,2006-08-04,Himachal Pradesh,,
UEI-IMD-FL-2006-0001,2006-08-05,2006-08-11,Andhra Pradesh,,200.0
UEI-IMD-FL-2006-0045,2006-08-05,2006-08-05,Karnataka,,
UEI-IMD-FL-2006-0081,2006-08-05,2006-08-09,Maharashtra,,149.0
UEI-IMD-FL-2006-0066,2006-08-06,2006-08-08,"Madhya Pradesh,  Chhattisgarh",,1.0
UEI-IMD-FL-2006-0018,2006-08-07,2006-08-07,Gujarat,,
UEI-IMD-FL-2006-0036,2006-08-07,2006-08-07,Jammu and Kashmir,,15.0
UEI-IMD-FL-2006-0067,2006-08-10,2006-08-10,"Madhya Pradesh,  Chhattisgarh",,38.0
UEI-IMD-FL-2006-0031,2006-08-12,2006-08-12,Himachal Pradesh,,
UEI-IMD-FL-2006-0055,2006-08-13,2006-08-13,Kerala,,
UEI-IMD-FL-2006-0068,2006-08-13,2006-08-20,"Madhya Pradesh,  Chhattisgarh",,158.0
UEI-IMD-FL-2006-0082,2006-08-15,2006-08-15,Maharashtra,,1.0
UEI-IMD-FL-2006-0019,2006-08-17,2006-08-17,Gujarat,,8.0
UEI-IMD-FL-2006-0032,2006-08-19,2006-08-19,Himachal Pradesh,,
UEI-IMD-FL-2006-0099,2006-08-19,2006-08-21,Rajasthan,,26.0
UEI-IMD-FL-2006-0024,2006-08-22,2006-08-28,Haryana,,
UEI-IMD-FL-2006-0083,2006-08-24,2006-08-24,Maharashtra,,
UEI-IMD-FL-2006-0100,2006-08-24,2006-09-01,Rajasthan,,440.0
UEI-IMD-FL-2006-0033,2006-08-26,2006-08-27,Himachal Pradesh,,
UEI-IMD-FL-2006-0069,2006-08-27,2006-08-28,"Madhya Pradesh,  Chhattisgarh",,3.0
UEI-IMD-FL-2006-0094,2006-08-27,2006-08-28,Punjab,,
UEI-IMD-FL-2006-0107,2006-08-30,2006-08-30,West Bengal,,
UEI-IMD-FL-2006-0070,2006-09-01,2006-09-01,"Madhya Pradesh,  Chhattisgarh",,9.0
UEI-IMD-FL-2006-0089,2006-09-01,2006-09-30,Odisha,,18.0
UEI-IMD-FL-2006-0034,2006-09-02,2006-09-02,Himachal Pradesh,,2.0
UEI-IMD-FL-2006-0095,2006-09-02,2006-09-02,Punjab,,1.0
UEI-IMD-FL-2006-0037,2006-09-03,2006-09-03,Jammu and Kashmir,,6.0
UEI-IMD-FL-2006-0071,2006-09-05,2006-09-06,"Madhya Pradesh,  Chhattisgarh",,
UEI-IMD-FL-2006-0101,2006-09-06,2006-09-07,Rajasthan,,
UEI-IMD-FL-2006-0108,2006-09-07,2006-09-09,West Bengal,,
UEI-IMD-FL-2006-0111,2006-09-08,2006-09-08,Punjab,,
UEI-IMD-FL-2006-0035,2006-09-09,2006-09-09,Himachal Pradesh,,
UEI-IMD-FL-2006-0084,2006-09-12,2006-09-17,Maharashtra,,12.0
UEI-IMD-FL-2006-0010,2006-09-13,2006-09-13,Assam,,
UEI-IMD-FL-2006-0011,2006-09-15,2006-09-15,Assam,,
UEI-IMD-FL-2006-0020,2006-09-18,2006-09-18,Gujarat,,4.0
UEI-IMD-FL-2006-0002,2006-09-19,2006-09-22,Andhra Pradesh,,61.0
UEI-IMD-FL-2006-0109,2006-09-19,2006-09-25,West Bengal,,84.0
UEI-IMD-FL-2006-0056,2006-09-22,2006-09-22,Kerala,,
UEI-IMD-FL-2006-0039,2006-09-23,2006-09-23,Jharkhand,,
UEI-IMD-FL-2006-0014,2006-09-24,2006-09-25,Bihar,,37.0
UEI-IMD-FL-2006-0057,2006-09-25,2006-09-27,Kerala,,2.0
UEI-IMD-FL-2006-0085,2006-09-27,2006-09-27,Maharashtra,,
UEI-IMD-FL-2006-0110,2006-09-28,2006-09-29,West Bengal,,5.0
UEI-IMD-FL-2006-0086,2006-10-02,2006-10-03,Maharashtra,,
UEI-IMD-FL-2006-0058,2006-10-18,2006-10-18,Kerala,,
UEI-IMD-FL-2006-0040,2006-10-20,2006-10-20,Jharkhand,,
UEI-IMD-FL-2006-0103,2006-10-22,2006-10-28,Tamil Nadu,,47.0
UEI-IMD-FL-2006-0059,2006-10-28,2006-10-29,Kerala,,2.0
UEI-IMD-FL-2006-0060,2006-11-04,2006-11-04,Kerala,,
UEI-IMD-FL-2006-0061,2006-11-08,2006-11-08,Kerala,,
UEI-IMD-FL-2006-0104,2006-11-09,2006-11-15,Tamil Nadu,,1.0
UEI-IMD-FL-2006-0105,2006-11-18,2006-11-18,Tamil Nadu,,7.0
UEI-IMD-FL-2006-0062,2006-11-21,2006-11-21,Kerala,,
UEI-IMD-FL-2006-0063,2006-11-25,2006-11-25,Kerala,,1.0
UEI-IMD-FL-2007-0031,2007-02-10,2007-02-10,Haryana,,
UEI-IMD-FL-2007-0035,2007-02-11,2007-02-12,Himachal Pradesh,,
UEI-IMD-FL-2007-0133,2007-02-11,2007-02-11,Uttar Pradesh,,4.0
UEI-IMD-FL-2007-0138,2007-02-14,2007-02-14,West Bengal,,
UEI-IMD-FL-2007-0077,2007-02-26,2007-02-26,Kerala,,2.0
UEI-IMD-FL-2007-0036,2007-03-01,2007-03-01,Himachal Pradesh,,
UEI-IMD-FL-2007-0037,2007-03-13,2007-03-13,Himachal Pradesh,,
UEI-IMD-FL-2007-0109,2007-03-14,2007-03-14,Punjab,,4.0
UEI-IMD-FL-2007-0051,2007-03-19,2007-03-22,Jammu and Kashmir,,2.0
UEI-IMD-FL-2007-0057,2007-04-21,2007-04-21,Karnataka,,
UEI-IMD-FL-2007-0078,2007-04-21,2007-04-21,Kerala,,
UEI-IMD-FL-2007-0058,2007-04-22,2007-04-22,Karnataka,,
UEI-IMD-FL-2007-0038,2007-05-01,2007-05-01,Himachal Pradesh,,
UEI-IMD-FL-2007-0039,2007-05-16,2007-05-16,Himachal Pradesh,,5.0
UEI-IMD-FL-2007-0118,2007-05-23,2007-05-26,Sikkim,,
UEI-IMD-FL-2007-0059,2007-05-27,2007-05-27,Karnataka,,3.0
UEI-IMD-FL-2007-0094,2007-06-01,2007-06-01,Maharashtra,,3.0
UEI-IMD-FL-2007-0119,2007-06-02,2007-06-02,Sikkim,,2.0
UEI-IMD-FL-2007-0079,2007-06-07,2007-06-07,Kerala,,
UEI-IMD-FL-2007-0080,2007-06-10,2007-06-10,Kerala,,
UEI-IMD-FL-2007-0129,2007-06-10,2007-06-10,Tripura,,1.0
UEI-IMD-FL-2007-0130,2007-06-12,2007-06-12,Tripura,,
UEI-IMD-FL-2007-0011,2007-06-13,2007-06-18,Assam,,
UEI-IMD-FL-2007-0021,2007-06-13,2007-06-13,Bihar,,19.0
UEI-IMD-FL-2007-0120,2007-06-13,2007-06-13,Sikkim,,
UEI-IMD-FL-2007-0040,2007-06-14,2007-06-14,Himachal Pradesh,,
UEI-IMD-FL-2007-0081,2007-06-14,2007-06-14,Kerala,,1.0
UEI-IMD-FL-2007-0032,2007-06-15,2007-06-15,Haryana,,2.0
UEI-IMD-FL-2007-0022,2007-06-16,2007-06-16,Bihar,,
UEI-IMD-FL-2007-0131,2007-06-17,2007-06-17,Tripura,,
UEI-IMD-FL-2007-0139,2007-06-17,2007-06-17,West Bengal,,6.0
UEI-IMD-FL-2007-0060,2007-06-18,2007-06-18,Karnataka,,
UEI-IMD-FL-2007-0061,2007-06-21,2007-06-24,Karnataka,,39.0
UEI-IMD-FL-2007-0082,2007-06-22,2007-06-28,Kerala,,77.0
UEI-IMD-FL-2007-0001,2007-06-23,2007-06-23,Andhra Pradesh,,50.0
UEI-IMD-FL-2007-0095,2007-06-24,2007-06-24,Maharashtra,,7.0
UEI-IMD-FL-2007-0062,2007-06-27,2007-06-27,Karnataka,,1.0
UEI-IMD-FL-2007-0121,2007-06-27,2007-06-27,Sikkim,,2.0
UEI-IMD-FL-2007-0083,2007-06-28,2007-06-29,Kerala,,
UEI-IMD-FL-2007-0115,2007-06-29,2007-06-29,Rajasthan,,2.0
UEI-IMD-FL-2007-0029,2007-06-30,2007-06-30,Chhattisgarh,,
UEI-IMD-FL-2007-0063,2007-06-30,2007-06-30,Karnataka,,
UEI-IMD-FL-2007-0096,2007-06-30,2007-06-30,Maharashtra,,16.0
UEI-IMD-FL-2007-0064,2007-07-01,2007-07-01,Karnataka,,1.0
UEI-IMD-FL-2007-0084,2007-07-01,2007-07-01,Kerala,,
UEI-IMD-FL-2007-0097,2007-07-01,2007-07-02,Maharashtra,,70.0
UEI-IMD-FL-2007-0110,2007-07-01,2007-07-01,Punjab,,2.0
UEI-IMD-FL-2007-0085,2007-07-02,2007-07-02,Kerala,,1.0
UEI-IMD-FL-2007-0030,2007-07-03,2007-07-03,Gujarat,,63.0
UEI-IMD-FL-2007-0140,2007-07-03,2007-07-11,West Bengal,,51.0
UEI-IMD-FL-2007-0052,2007-07-04,2007-07-04,Jharkhand,,15.0
UEI-IMD-FL-2007-0065,2007-07-04,2007-07-04,Karnataka,,2.0
UEI-IMD-FL-2007-0086,2007-07-04,2007-07-05,Kerala,,
UEI-IMD-FL-2007-0106,2007-07-04,2007-07-09,Odisha,,17.0
UEI-IMD-FL-2007-0098,2007-07-06,2007-07-06,Maharashtra,,5.0
UEI-IMD-FL-2007-0041,2007-07-08,2007-07-09,Himachal Pradesh,,4.0
UEI-IMD-FL-2007-0053,2007-07-08,2007-07-08,Jharkhand,,4.0
UEI-IMD-FL-2007-0066,2007-07-08,2007-07-08,Karnataka,,1.0
UEI-IMD-FL-2007-0099,2007-07-09,2007-07-10,Maharashtra,,9.0
UEI-IMD-FL-2007-0111,2007-07-09,2007-07-09,Punjab,,
UEI-IMD-FL-2007-0092,2007-07-10,2007-07-11,Madhya Pradesh,,42.0
UEI-IMD-FL-2007-0116,2007-07-10,2007-07-10,Rajasthan,,1.0
UEI-IMD-FL-2007-0012,2007-07-12,2007-07-13,Assam,,
UEI-IMD-FL-2007-0042,2007-07-12,2007-07-12,Himachal Pradesh,,2.0
UEI-IMD-FL-2007-0054,2007-07-13,2007-07-15,Jharkhand,,17.0
UEI-IMD-FL-2007-0067,2007-07-14,2007-07-15,Karnataka,,
UEI-IMD-FL-2007-0087,2007-07-14,2007-07-18,Kerala,,30.0
UEI-IMD-FL-2007-0033,2007-07-16,2007-07-17,Haryana,,
UEI-IMD-FL-2007-0122,2007-07-16,2007-07-18,Sikkim,,
UEI-IMD-FL-2007-0068,2007-07-18,2007-07-21,Karnataka,,
UEI-IMD-FL-2007-0013,2007-07-19,2007-07-19,Assam,,7.0
UEI-IMD-FL-2007-0043,2007-07-21,2007-07-21,Himachal Pradesh,,
UEI-IMD-FL-2007-0014,2007-07-22,2007-08-07,Assam,,40.0
UEI-IMD-FL-2007-0134,2007-07-22,2007-08-07,Uttar Pradesh,,
UEI-IMD-FL-2007-0023,2007-07-26,2007-07-26,Bihar,,7.0
UEI-IMD-FL-2007-0088,2007-07-26,2007-07-28,Kerala,,
UEI-IMD-FL-2007-0132,2007-07-26,2007-07-26,Tripura,,
UEI-IMD-FL-2007-0024,2007-07-29,2007-07-29,Bihar,,18.0
UEI-IMD-FL-2007-0069,2007-07-31,2007-07-31,Karnataka,,3.0
UEI-IMD-FL-2007-0002,2007-08-01,2007-08-02,Andhra Pradesh,,4.0
UEI-IMD-FL-2007-0025,2007-08-01,2007-08-14,Bihar,,68.0
UEI-IMD-FL-2007-0100,2007-08-01,2007-08-09,Maharashtra,,32.0
UEI-IMD-FL-2007-0055,2007-08-05,2007-08-10,Jharkhand,,10.0
UEI-IMD-FL-2007-0107,2007-08-05,2007-08-06,Odisha,,18.0
UEI-IMD-FL-2007-0044,2007-08-06,2007-08-08,Himachal Pradesh,,3.0
UEI-IMD-FL-2007-0003,2007-08-08,2007-08-08,Andhra Pradesh,,2.0
UEI-IMD-FL-2007-0045,2007-08-08,2007-08-14,Himachal Pradesh,,
UEI-IMD-FL-2007-0070,2007-08-08,2007-08-12,Karnataka,,28.0
UEI-IMD-FL-2007-0093,2007-08-09,2007-08-09,Madhya Pradesh,,
UEI-IMD-FL-2007-0046,2007-08-12,2007-08-12,Himachal Pradesh,,11.0
UEI-IMD-FL-2007-0047,2007-08-13,2007-08-13,Himachal Pradesh,,21.0
UEI-IMD-FL-2007-0141,2007-08-13,2007-08-13,West Bengal,,2.0
UEI-IMD-FL-2007-0048,2007-08-14,2007-08-14,Himachal Pradesh,,
UEI-IMD-FL-2007-0049,2007-08-16,2007-08-16,Himachal Pradesh,,2.0
UEI-IMD-FL-2007-0112,2007-08-16,2007-08-16,Punjab,,
UEI-IMD-FL-2007-0015,2007-08-17,2007-08-17,Assam,,2.0
UEI-IMD-FL-2007-0142,2007-08-17,2007-08-19,West Bengal,,4.0
UEI-IMD-FL-2007-0113,2007-08-19,2007-08-19,Punjab,,1.0
UEI-IMD-FL-2007-0135,2007-08-19,2007-08-19,Uttar Pradesh,,2.0
UEI-IMD-FL-2007-0136,2007-08-20,2007-08-20,Uttar Pradesh,,12.0
UEI-IMD-FL-2007-0137,2007-08-21,2007-08-21,Uttar Pradesh,,8.0
UEI-IMD-FL-2007-0056,2007-08-23,2007-08-26,Jharkhand,,23.0
UEI-IMD-FL-2007-0004,2007-08-24,2007-08-24,Andhra Pradesh,,
UEI-IMD-FL-2007-0123,2007-08-25,2007-08-25,Sikkim,,
UEI-IMD-FL-2007-0101,2007-08-26,2007-08-26,Maharashtra,,
UEI-IMD-FL-2007-0026,2007-08-27,2007-08-27,Bihar,,23.0
UEI-IMD-FL-2007-0005,2007-08-28,2007-08-28,Andhra Pradesh,,2.0
UEI-IMD-FL-2007-0016,2007-08-29,2007-08-29,Assam,,
UEI-IMD-FL-2007-0006,2007-09-01,2007-09-01,Andhra Pradesh,,
UEI-IMD-FL-2007-0017,2007-09-03,2007-09-10,Assam,,
UEI-IMD-FL-2007-0050,2007-09-06,2007-09-06,Himachal Pradesh,,15.0
UEI-IMD-FL-2007-0102,2007-09-07,2007-09-07,Maharashtra,,4.0
UEI-IMD-FL-2007-0124,2007-09-07,2007-09-11,Sikkim,,
UEI-IMD-FL-2007-0143,2007-09-07,2007-09-07,West Bengal,,5.0
UEI-IMD-FL-2007-0018,2007-09-09,2007-09-09,Assam,,
UEI-IMD-FL-2007-0027,2007-09-09,2007-09-09,Bihar,,9.0
UEI-IMD-FL-2007-0071,2007-09-09,2007-09-09,Karnataka,,2.0
UEI-IMD-FL-2007-0089,2007-09-09,2007-09-09,Kerala,,
UEI-IMD-FL-2007-0034,2007-09-12,2007-09-12,Haryana,,
UEI-IMD-FL-2007-0117,2007-09-12,2007-09-12,Rajasthan,,3.0
UEI-IMD-FL-2007-0103,2007-09-14,2007-09-15,Maharashtra,,3.0
UEI-IMD-FL-2007-0019,2007-09-15,2007-09-15,Assam,,
UEI-IMD-FL-2007-0020,2007-09-15,2007-09-15,Assam,,10.0
UEI-IMD-FL-2007-0007,2007-09-16,2007-09-24,Andhra Pradesh,,21.0
UEI-IMD-FL-2007-0072,2007-09-17,2007-09-20,Karnataka,,14.0
UEI-IMD-FL-2007-0114,2007-09-20,2007-09-20,Punjab,,
UEI-IMD-FL-2007-0108,2007-09-21,2007-09-24,Odisha,,39.0
UEI-IMD-FL-2007-0073,2007-09-22,2007-09-22,Karnataka,,3.0
UEI-IMD-FL-2007-0144,2007-09-23,2007-09-23,West Bengal,,5.0
UEI-IMD-FL-2007-0028,2007-09-26,2007-09-26,Bihar,,20.0
UEI-IMD-FL-2007-0145,2007-09-28,2007-09-30,West Bengal,,28.0
UEI-IMD-FL-2007-0104,2007-10-03,2007-10-11,Manipur,,
UEI-IMD-FL-2007-0008,2007-10-05,2007-10-05,Andhra Pradesh,,6.0
UEI-IMD-FL-2007-0009,2007-10-14,2007-10-14,Andhra Pradesh,,22.0
UEI-IMD-FL-2007-0105,2007-10-18,2007-10-18,Nagaland,,
UEI-IMD-FL-2007-0074,2007-10-20,2007-10-20,Karnataka,,7.0
UEI-IMD-FL-2007-0090,2007-10-21,2007-10-21,Kerala,,
UEI-IMD-FL-2007-0075,2007-10-22,2007-10-22,Karnataka,,2.0
UEI-IMD-FL-2007-0125,2007-10-24,2007-10-24,Tamil Nadu,,
UEI-IMD-FL-2007-0076,2007-10-25,2007-10-25,Karnataka,,3.0
UEI-IMD-FL-2007-0010,2007-10-28,2007-10-30,Andhra Pradesh,,21.0
UEI-IMD-FL-2007-0126,2007-10-29,2007-10-29,Tamil Nadu,,15.0
UEI-IMD-FL-2007-0091,2007-11-03,2007-11-09,Kerala,,
UEI-IMD-FL-2007-0127,2007-11-06,2007-11-06,Tamil Nadu,,6.0
UEI-IMD-FL-2007-0128,2007-12-19,2007-12-20,Tamil Nadu,,30.0
UEI-IMD-FL-2008-0062,2008-03-13,2008-03-24,Kerala,,16.0
UEI-IMD-FL-2008-0109,2008-03-13,2008-03-13,Tamil Nadu,,
UEI-IMD-FL-2008-0001,2008-03-21,2008-03-25,Andhra Pradesh,,8.0
UEI-IMD-FL-2008-0052,2008-03-26,2008-03-31,Karnataka,,
UEI-IMD-FL-2008-0033,2008-04-02,2008-04-06,Himachal Pradesh,,
UEI-IMD-FL-2008-0096,2008-04-05,2008-04-06,Punjab,,3.0
UEI-IMD-FL-2008-0063,2008-04-08,2008-04-11,Kerala,,
UEI-IMD-FL-2008-0009,2008-04-13,2008-04-13,Assam,,3.0
UEI-IMD-FL-2008-0034,2008-04-16,2008-04-16,Himachal Pradesh,,
UEI-IMD-FL-2008-0064,2008-04-23,2008-04-25,Kerala,,
UEI-IMD-FL-2008-0035,2008-05-23,2008-05-23,Himachal Pradesh,,1.0
UEI-IMD-FL-2008-0112,2008-05-23,2008-05-23,Uttar Pradesh,,2.0
UEI-IMD-FL-2008-0110,2008-05-25,2008-05-25,Tamil Nadu,,13.0
UEI-IMD-FL-2008-0010,2008-05-28,2008-05-28,Assam,,
UEI-IMD-FL-2008-0050,2008-06-01,2008-06-14,Jharkhand,,31.0
UEI-IMD-FL-2008-0053,2008-06-01,2008-06-02,Karnataka,,
UEI-IMD-FL-2008-0091,2008-06-01,2008-06-09,Odisha,,14.0
UEI-IMD-FL-2008-0119,2008-06-01,2008-08-28,Uttar Pradesh,,721.0
UEI-IMD-FL-2008-0073,2008-06-04,2008-06-04,Maharashtra,,
UEI-IMD-FL-2008-0011,2008-06-06,2008-06-06,Assam,,
UEI-IMD-FL-2008-0074,2008-06-06,2008-06-06,Maharashtra,,1.0
UEI-IMD-FL-2008-0075,2008-06-07,2008-06-09,Maharashtra,,10.0
UEI-IMD-FL-2008-0127,2008-06-08,2008-06-08,"Goa, Daman & Diu",,5.0
UEI-IMD-FL-2008-0036,2008-06-09,2008-06-09,Himachal Pradesh,,1.0
UEI-IMD-FL-2008-0037,2008-06-13,2008-06-13,Himachal Pradesh,,
UEI-IMD-FL-2008-0076,2008-06-13,2008-06-13,Maharashtra,,4.0
UEI-IMD-FL-2008-0097,2008-06-13,2008-06-16,Punjab,,3.0
UEI-IMD-FL-2008-0007,2008-06-14,2008-06-16,Arunachal Pradesh,,43.0
UEI-IMD-FL-2008-0012,2008-06-14,2008-06-16,Assam,,27.0
UEI-IMD-FL-2008-0024,2008-06-16,2008-06-16,Haryana,,2.0
UEI-IMD-FL-2008-0047,2008-06-16,2008-06-16,Jammu and Kashmir,,
UEI-IMD-FL-2008-0092,2008-06-16,2008-06-20,Odisha,,3.0
UEI-IMD-FL-2008-0021,2008-06-17,2008-06-24,Bihar,,6.0
UEI-IMD-FL-2008-0072,2008-06-18,2008-06-20,Madhya Pradesh,,3.0
UEI-IMD-FL-2008-0113,2008-06-18,2008-06-18,Uttar Pradesh,,2.0
UEI-IMD-FL-2008-0121,2008-06-20,2008-06-21,West Bengal,,25.0
UEI-IMD-FL-2008-0098,2008-06-21,2008-06-21,Punjab,,
UEI-IMD-FL-2008-0013,2008-06-23,2008-06-23,Assam,,
UEI-IMD-FL-2008-0099,2008-06-26,2008-06-29,Punjab,,
UEI-IMD-FL-2008-0038,2008-06-27,2008-06-29,Himachal Pradesh,,
UEI-IMD-FL-2008-0123,2008-06-29,2008-06-29,Punjab,,
UEI-IMD-FL-2008-0025,2008-06-30,2008-06-30,Haryana,,
UEI-IMD-FL-2008-0077,2008-07-01,2008-07-02,Maharashtra,,5.0
UEI-IMD-FL-2008-0100,2008-07-04,2008-07-04,Punjab,,
UEI-IMD-FL-2008-0114,2008-07-05,2008-07-07,Uttar Pradesh,,32.0
UEI-IMD-FL-2008-0014,2008-07-06,2008-07-06,Assam,,
UEI-IMD-FL-2008-0026,2008-07-06,2008-07-06,Haryana,,4.0
UEI-IMD-FL-2008-0048,2008-07-07,2008-07-07,Jammu and Kashmir,,3.0
UEI-IMD-FL-2008-0008,2008-07-08,2008-07-08,Arunachal Pradesh,,37.0
UEI-IMD-FL-2008-0065,2008-07-11,2008-07-15,Kerala,,1.0
UEI-IMD-FL-2008-0027,2008-07-12,2008-07-14,Haryana,,3.0
UEI-IMD-FL-2008-0101,2008-07-12,2008-07-12,Punjab,,
UEI-IMD-FL-2008-0039,2008-07-13,2008-07-13,Himachal Pradesh,,
UEI-IMD-FL-2008-0040,2008-07-13,2008-07-13,Himachal Pradesh,,
UEI-IMD-FL-2008-0054,2008-07-14,2008-07-15,Karnataka,,1.0
UEI-IMD-FL-2008-0015,2008-07-16,2008-07-16,Assam,,
UEI-IMD-FL-2008-0049,2008-07-16,2008-07-16,Jammu and Kashmir,,
UEI-IMD-FL-2008-0115,2008-07-17,2008-07-17,Uttarakhand,,10.0
UEI-IMD-FL-2008-0016,2008-07-19,2008-07-19,Assam,,
UEI-IMD-FL-2008-0046,2008-07-19,2008-07-20,Himachal Pradesh,,39.0
UEI-IMD-FL-2008-0116,2008-07-19,2008-07-19,Uttar Pradesh,,
UEI-IMD-FL-2008-0017,2008-07-20,2008-07-30,Assam,,1.0
UEI-IMD-FL-2008-0055,2008-07-20,2008-07-22,Karnataka,,3.0
UEI-IMD-FL-2008-0056,2008-07-25,2008-07-31,Karnataka,,3.0
UEI-IMD-FL-2008-0090,2008-07-25,2008-07-25,Meghalaya,,
UEI-IMD-FL-2008-0078,2008-07-26,2008-07-31,Maharashtra,,6.0
UEI-IMD-FL-2008-0066,2008-07-28,2008-07-30,Kerala,,1.0
UEI-IMD-FL-2008-0028,2008-07-31,2008-07-31,Haryana,,
UEI-IMD-FL-2008-0041,2008-07-31,2008-07-31,Himachal Pradesh,,
UEI-IMD-FL-2008-0042,2008-07-31,2008-07-31,Himachal Pradesh,,
UEI-IMD-FL-2008-0051,2008-08-01,2008-08-28,Jharkhand,,11.0
UEI-IMD-FL-2008-0058,2008-08-01,2008-08-28,Karnataka,,
UEI-IMD-FL-2008-0079,2008-08-03,2008-08-03,Maharashtra,,
UEI-IMD-FL-2008-0080,2008-08-04,2008-08-08,Maharashtra,,18.0
UEI-IMD-FL-2008-0043,2008-08-05,2008-08-08,Himachal Pradesh,,
UEI-IMD-FL-2008-0102,2008-08-05,2008-08-05,Punjab,,1.0
UEI-IMD-FL-2008-0124,2008-08-05,2008-08-05,Punjab,,
UEI-IMD-FL-2008-0093,2008-08-07,2008-08-07,Odisha,,2.0
UEI-IMD-FL-2008-0002,2008-08-08,2008-08-14,"Andhra Pradesh, Telangana",,66.0
UEI-IMD-FL-2008-0029,2008-08-08,2008-08-08,Haryana,,2.0
UEI-IMD-FL-2008-0103,2008-08-08,2008-08-08,Punjab,,
UEI-IMD-FL-2008-0081,2008-08-09,2008-08-14,Maharashtra,,35.0
UEI-IMD-FL-2008-0067,2008-08-10,2008-08-12,Kerala,,2.0
UEI-IMD-FL-2008-0125,2008-08-11,2008-08-11,Punjab,,
UEI-IMD-FL-2008-0104,2008-08-13,2008-08-18,Punjab,,26.0
UEI-IMD-FL-2008-0030,2008-08-14,2008-08-18,Haryana,,
UEI-IMD-FL-2008-0044,2008-08-14,2008-08-18,Himachal Pradesh,,
UEI-IMD-FL-2008-0003,2008-08-15,2008-08-16,Andhra Pradesh,,
UEI-IMD-FL-2008-0018,2008-08-15,2008-08-28,Assam,,3.0
UEI-IMD-FL-2008-0117,2008-08-17,2008-08-17,Uttar Pradesh,,16.0
UEI-IMD-FL-2008-0108,2008-08-19,2008-08-21,Rajasthan,,10.0
UEI-IMD-FL-2008-0118,2008-08-20,2008-08-20,Uttar Pradesh,,17.0
UEI-IMD-FL-2008-0105,2008-08-21,2008-08-21,Punjab,,
UEI-IMD-FL-2008-0022,2008-08-22,2008-09-14,Bihar,,131.0
UEI-IMD-FL-2008-0031,2008-08-22,2008-08-23,Haryana,,
UEI-IMD-FL-2008-0045,2008-08-22,2008-08-24,Himachal Pradesh,,
UEI-IMD-FL-2008-0106,2008-08-24,2008-08-24,Punjab,,1.0
UEI-IMD-FL-2008-0004,2008-08-25,2008-08-28,Andhra Pradesh,,
UEI-IMD-FL-2008-0057,2008-08-25,2008-08-31,Karnataka,,5.0
UEI-IMD-FL-2008-0082,2008-08-29,2008-08-29,Maharashtra,,
UEI-IMD-FL-2008-0068,2008-08-31,2008-08-31,Kerala,,
UEI-IMD-FL-2008-0122,2008-08-31,2008-08-31,West Bengal,,1.0
UEI-IMD-FL-2008-0019,2008-09-01,2008-09-14,Assam,,32.0
UEI-IMD-FL-2008-0059,2008-09-01,2008-09-07,Karnataka,,30.0
UEI-IMD-FL-2008-0069,2008-09-01,2008-09-05,Kerala,,1.0
UEI-IMD-FL-2008-0083,2008-09-02,2008-09-02,Maharashtra,,5.0
UEI-IMD-FL-2008-0126,2008-09-05,2008-09-05,Punjab,,
UEI-IMD-FL-2008-0070,2008-09-07,2008-09-08,Kerala,,
UEI-IMD-FL-2008-0089,2008-09-07,2008-09-07,Manipur,,
UEI-IMD-FL-2008-0094,2008-09-07,2008-09-07,Odisha,,2.0
UEI-IMD-FL-2008-0084,2008-09-12,2008-09-17,Maharashtra,,32.0
UEI-IMD-FL-2008-0095,2008-09-15,2008-09-28,Odisha,,140.0
UEI-IMD-FL-2008-0005,2008-09-16,2008-09-16,Andhra Pradesh,,
UEI-IMD-FL-2008-0023,2008-09-17,2008-09-18,Gujarat,,
UEI-IMD-FL-2008-0032,2008-09-19,2008-09-21,Haryana,,5.0
UEI-IMD-FL-2008-0085,2008-09-19,2008-09-19,Maharashtra,,
UEI-IMD-FL-2008-0107,2008-09-19,2008-09-21,Punjab,,1.0
UEI-IMD-FL-2008-0060,2008-09-20,2008-09-24,Karnataka,,2.0
UEI-IMD-FL-2008-0120,2008-09-25,2008-09-25,Uttar Pradesh,,
UEI-IMD-FL-2008-0006,2008-09-29,2008-09-29,Andhra Pradesh,,
UEI-IMD-FL-2008-0086,2008-10-05,2008-10-05,Maharashtra,,6.0
UEI-IMD-FL-2008-0061,2008-10-08,2008-10-08,Karnataka,,3.0
UEI-IMD-FL-2008-0071,2008-10-19,2008-10-27,Kerala,,6.0
UEI-IMD-FL-2008-0020,2008-10-27,2008-10-27,Assam,,
UEI-IMD-FL-2008-0087,2008-11-19,2008-11-19,Maharashtra,,
UEI-IMD-FL-2008-0111,2008-11-26,2008-11-28,Tamil Nadu,,
UEI-IMD-FL-2008-0088,2008-12-01,2008-12-01,Maharashtra,,
UEI-IMD-FL-2009-0044,2009-02-13,2009-02-13,Maharashtra,,
UEI-IMD-FL-2009-0062,2009-03-27,2009-03-27,Punjab,,
UEI-IMD-FL-2009-0002,2009-04-20,2009-04-20,Assam,,
UEI-IMD-FL-2009-0045,2009-05-14,2009-05-14,Maharashtra,,1.0
UEI-IMD-FL-2009-0022,2009-05-18,2009-05-18,Karnataka,,
UEI-IMD-FL-2009-0046,2009-05-18,2009-05-20,Maharashtra,,3.0
UEI-IMD-FL-2009-0023,2009-05-22,2009-05-23,Karnataka,,1.0
UEI-IMD-FL-2009-0034,2009-05-26,2009-05-26,Kerala,,
UEI-IMD-FL-2009-0083,2009-05-26,2009-05-26,West Bengal,,28.0
UEI-IMD-FL-2009-0003,2009-05-29,2009-05-29,Assam,,9.0
UEI-IMD-FL-2009-0004,2009-06-11,2009-06-16,Assam,,
UEI-IMD-FL-2009-0024,2009-06-11,2009-06-15,Karnataka,,
UEI-IMD-FL-2009-0047,2009-06-24,2009-06-29,Maharashtra,,3.0
UEI-IMD-FL-2009-0005,2009-06-27,2009-06-27,Assam,,1.0
UEI-IMD-FL-2009-0073,2009-06-30,2009-06-30,Uttar Pradesh,,8.0
UEI-IMD-FL-2009-0016,2009-07-01,2009-07-21,Gujarat,,58.0
UEI-IMD-FL-2009-0006,2009-07-02,2009-07-06,Assam,,
UEI-IMD-FL-2009-0025,2009-07-03,2009-07-08,Karnataka,,
UEI-IMD-FL-2009-0048,2009-07-03,2009-07-08,Maharashtra,,12.0
UEI-IMD-FL-2009-0035,2009-07-05,2009-07-05,Kerala,,5.0
UEI-IMD-FL-2009-0007,2009-07-10,2009-07-11,Assam,,
UEI-IMD-FL-2009-0036,2009-07-11,2009-07-12,Kerala,,
UEI-IMD-FL-2009-0021,2009-07-14,2009-07-14,Jammu and Kashmir,,1.0
UEI-IMD-FL-2009-0049,2009-07-14,2009-07-15,Maharashtra,,10.0
UEI-IMD-FL-2009-0060,2009-07-14,2009-07-30,Odisha,,56.0
UEI-IMD-FL-2009-0037,2009-07-15,2009-07-18,Kerala,,33.0
UEI-IMD-FL-2009-0026,2009-07-16,2009-07-16,Karnataka,,13.0
UEI-IMD-FL-2009-0063,2009-07-16,2009-07-16,Punjab,,
UEI-IMD-FL-2009-0038,2009-07-20,2009-07-22,Kerala,,7.0
UEI-IMD-FL-2009-0064,2009-07-22,2009-07-22,Punjab,,
UEI-IMD-FL-2009-0043,2009-07-23,2009-07-23,Madhya Pradesh,,28.0
UEI-IMD-FL-2009-0065,2009-07-28,2009-07-28,Punjab,,2.0
UEI-IMD-FL-2009-0074,2009-07-28,2009-07-28,Uttarakhand,,6.0
UEI-IMD-FL-2009-0008,2009-07-29,2009-07-29,Assam,,
UEI-IMD-FL-2009-0086,2009-07-29,2009-07-29,Delhi,,2.0
UEI-IMD-FL-2009-0017,2009-08-01,2009-08-31,Gujarat,,11.0
UEI-IMD-FL-2009-0009,2009-08-05,2009-08-05,Assam,,
UEI-IMD-FL-2009-0066,2009-08-05,2009-08-05,Punjab,,1.0
UEI-IMD-FL-2009-0020,2009-08-07,2009-08-07,Himachal Pradesh,,2.0
UEI-IMD-FL-2009-0076,2009-08-08,2009-08-08,Uttarakhand,,43.0
UEI-IMD-FL-2009-0010,2009-08-12,2009-08-13,Assam,,
UEI-IMD-FL-2009-0011,2009-08-16,2009-08-16,Assam,,4.0
UEI-IMD-FL-2009-0077,2009-08-19,2009-08-24,Uttar Pradesh,,25.0
UEI-IMD-FL-2009-0084,2009-08-20,2009-08-20,West Bengal,,
UEI-IMD-FL-2009-0012,2009-08-23,2009-08-24,Assam,,
UEI-IMD-FL-2009-0078,2009-08-26,2009-08-26,Uttar Pradesh,,8.0
UEI-IMD-FL-2009-0079,2009-08-28,2009-08-28,Uttar Pradesh,,2.0
UEI-IMD-FL-2009-0050,2009-08-30,2009-08-30,Maharashtra,,2.0
UEI-IMD-FL-2009-0075,2009-08-31,2009-08-31,Uttar Pradesh,,3.0
UEI-IMD-FL-2009-0015,2009-09-01,2009-09-01,Bihar,,39.0
UEI-IMD-FL-2009-0027,2009-09-05,2009-09-05,Karnataka,,
UEI-IMD-FL-2009-0051,2009-09-05,2009-09-05,Maharashtra,,11.0
UEI-IMD-FL-2009-0085,2009-09-05,2009-09-10,West Bengal,,7.0
UEI-IMD-FL-2009-0061,2009-09-07,2009-09-11,Odisha,,
UEI-IMD-FL-2009-0068,2009-09-09,2009-09-11,Rajasthan,,7.0
UEI-IMD-FL-2009-0019,2009-09-11,2009-09-12,Haryana,,6.0
UEI-IMD-FL-2009-0080,2009-09-11,2009-09-12,Uttar Pradesh,,16.0
UEI-IMD-FL-2009-0028,2009-09-13,2009-09-15,Karnataka,,4.0
UEI-IMD-FL-2009-0013,2009-09-16,2009-09-19,Assam,,
UEI-IMD-FL-2009-0069,2009-09-16,2009-09-16,Tamil Nadu,,5.0
UEI-IMD-FL-2009-0029,2009-09-18,2009-09-18,Karnataka,,
UEI-IMD-FL-2009-0039,2009-09-18,2009-09-18,Kerala,,1.0
UEI-IMD-FL-2009-0052,2009-09-20,2009-09-20,Maharashtra,,1.0
UEI-IMD-FL-2009-0030,2009-09-22,2009-09-23,Karnataka,,5.0
UEI-IMD-FL-2009-0070,2009-09-25,2009-09-25,Tamil Nadu,,2.0
UEI-IMD-FL-2009-0031,2009-09-29,2009-09-29,Karnataka,,
UEI-IMD-FL-2009-0032,2009-09-29,2009-10-03,Karnataka,,308.0
UEI-IMD-FL-2009-0001,2009-10-01,2009-10-07,Andhra Pradesh,,49.0
UEI-IMD-FL-2009-0018,2009-10-01,2009-10-07,Gujarat,,12.0
UEI-IMD-FL-2009-0033,2009-10-01,2009-10-07,Karnataka,,195.0
UEI-IMD-FL-2009-0053,2009-10-01,2009-10-06,Maharashtra,,34.0
UEI-IMD-FL-2009-0040,2009-10-03,2009-10-03,Kerala,,
UEI-IMD-FL-2009-0067,2009-10-04,2009-10-04,Punjab,,
UEI-IMD-FL-2009-0081,2009-10-06,2009-10-07,Uttar Pradesh,,24.0
UEI-IMD-FL-2009-0059,2009-10-07,2009-10-07,Mizoram,,3.0
UEI-IMD-FL-2009-0014,2009-10-08,2009-10-08,Assam,,
UEI-IMD-FL-2009-0082,2009-10-09,2009-10-09,Uttar Pradesh,,8.0
UEI-IMD-FL-2009-0058,2009-10-10,2009-10-10,Meghalaya,,4.0
UEI-IMD-FL-2009-0054,2009-10-30,2009-10-30,Maharashtra,,2.0
UEI-IMD-FL-2009-0071,2009-11-06,2009-11-11,Tamil Nadu,,49.0
UEI-IMD-FL-2009-0041,2009-11-07,2009-11-08,Kerala,,1.0
UEI-IMD-FL-2009-0055,2009-11-11,2009-11-11,Maharashtra,,10.0
UEI-IMD-FL-2009-0056,2009-11-12,2009-11-12,Maharashtra,,1.0
UEI-IMD-FL-2009-0072,2009-11-16,2009-11-16,Tamil Nadu,,5.0
UEI-IMD-FL-2009-0057,2009-11-18,2009-11-18,Maharashtra,,
UEI-IMD-FL-2009-0042,2009-12-27,2009-12-29,Kerala,,
UEI-IMD-FL-2010-0046,2010-02-09,2010-02-09,Jammu and Kashmir,,1.0
UEI-IMD-FL-2010-0082,2010-03-12,2010-03-14,Maharashtra,,2.0
UEI-IMD-FL-2010-0005,2010-03-27,2010-03-27,Assam,,
UEI-IMD-FL-2010-0002,2010-04-02,2010-04-02,Arunachal Pradesh,,7.0
UEI-IMD-FL-2010-0083,2010-04-16,2010-04-16,Maharashtra,,
UEI-IMD-FL-2010-0006,2010-04-20,2010-04-23,Assam,,
UEI-IMD-FL-2010-0003,2010-04-22,2010-04-22,Arunachal Pradesh,,12.0
UEI-IMD-FL-2010-0120,2010-05-01,2010-05-05,Tamil Nadu,,2.0
UEI-IMD-FL-2010-0064,2010-05-03,2010-05-03,Kerala,,
UEI-IMD-FL-2010-0007,2010-05-10,2010-05-16,Assam,,5.0
UEI-IMD-FL-2010-0055,2010-05-16,2010-05-16,Karnataka,,1.0
UEI-IMD-FL-2010-0121,2010-05-18,2010-05-18,Tamil Nadu,,
UEI-IMD-FL-2010-0056,2010-05-20,2010-05-20,Karnataka,,4.0
UEI-IMD-FL-2010-0008,2010-05-21,2010-05-21,Assam,,
UEI-IMD-FL-2010-0065,2010-05-29,2010-05-29,Kerala,,1.0
UEI-IMD-FL-2010-0133,2010-05-29,2010-05-29,Tripura,,1.0
UEI-IMD-FL-2010-0057,2010-05-30,2010-05-30,Karnataka,,3.0
UEI-IMD-FL-2010-0009,2010-06-01,2010-06-01,Assam,,
UEI-IMD-FL-2010-0010,2010-06-06,2010-06-09,Assam,,40.0
UEI-IMD-FL-2010-0111,2010-06-07,2010-06-09,Rajasthan,,
UEI-IMD-FL-2010-0117,2010-06-07,2010-06-08,Sikkim,,
UEI-IMD-FL-2010-0066,2010-06-08,2010-06-08,Kerala,,
UEI-IMD-FL-2010-0067,2010-06-11,2010-06-15,Kerala,,
UEI-IMD-FL-2010-0084,2010-06-11,2010-06-14,Maharashtra,,12.0
UEI-IMD-FL-2010-0011,2010-06-13,2010-06-13,Assam,,
UEI-IMD-FL-2010-0080,2010-06-13,2010-06-13,Madhya Pradesh,,1.0
UEI-IMD-FL-2010-0142,2010-06-15,2010-06-16,West Bengal,,6.0
UEI-IMD-FL-2010-0085,2010-06-16,2010-06-16,Maharashtra,,9.0
UEI-IMD-FL-2010-0012,2010-06-17,2010-06-17,Assam,,
UEI-IMD-FL-2010-0058,2010-06-17,2010-06-17,Karnataka,,1.0
UEI-IMD-FL-2010-0086,2010-06-18,2010-06-20,Maharashtra,,8.0
UEI-IMD-FL-2010-0013,2010-06-21,2010-06-21,Assam,,7.0
UEI-IMD-FL-2010-0087,2010-06-24,2010-06-26,Maharashtra,,8.0
UEI-IMD-FL-2010-0014,2010-06-26,2010-06-28,Assam,,
UEI-IMD-FL-2010-0088,2010-06-29,2010-07-01,Maharashtra,,9.0
UEI-IMD-FL-2010-0035,2010-07-01,2010-07-31,Gujarat,,90.0
UEI-IMD-FL-2010-0015,2010-07-02,2010-07-02,Assam,,
UEI-IMD-FL-2010-0081,2010-07-03,2010-07-03,Madhya Pradesh,,1.0
UEI-IMD-FL-2010-0089,2010-07-03,2010-07-03,Maharashtra,,4.0
UEI-IMD-FL-2010-0112,2010-07-04,2010-07-04,Rajasthan,,2.0
UEI-IMD-FL-2010-0135,2010-07-05,2010-07-05,Uttarakhand,,6.0
UEI-IMD-FL-2010-0016,2010-07-06,2010-07-07,Assam,,
UEI-IMD-FL-2010-0038,2010-07-07,2010-07-08,Haryana,,8.0
UEI-IMD-FL-2010-0090,2010-07-07,2010-07-08,Maharashtra,,1.0
UEI-IMD-FL-2010-0108,2010-07-07,2010-07-08,Punjab,,9.0
UEI-IMD-FL-2010-0122,2010-07-09,2010-07-09,Tamil Nadu,,1.0
UEI-IMD-FL-2010-0017,2010-07-10,2010-07-10,Assam,,
UEI-IMD-FL-2010-0143,2010-07-12,2010-07-12,West Bengal,,
UEI-IMD-FL-2010-0018,2010-07-19,2010-07-21,Assam,,
UEI-IMD-FL-2010-0068,2010-07-19,2010-07-19,Kerala,,
UEI-IMD-FL-2010-0144,2010-07-20,2010-07-20,West Bengal,,
UEI-IMD-FL-2010-0047,2010-07-21,2010-07-22,Jammu and Kashmir,,
UEI-IMD-FL-2010-0059,2010-07-21,2010-07-21,Karnataka,,1.0
UEI-IMD-FL-2010-0113,2010-07-22,2010-07-25,Rajasthan,,8.0
UEI-IMD-FL-2010-0031,2010-07-23,2010-07-26,Chhattisgarh,,8.0
UEI-IMD-FL-2010-0091,2010-07-23,2010-07-25,Maharashtra,,12.0
UEI-IMD-FL-2010-0106,2010-07-24,2010-07-25,Odisha,,7.0
UEI-IMD-FL-2010-0092,2010-07-26,2010-07-26,Maharashtra,,10.0
UEI-IMD-FL-2010-0060,2010-07-27,2010-07-31,Karnataka,,5.0
UEI-IMD-FL-2010-0118,2010-07-28,2010-07-28,Sikkim,,
UEI-IMD-FL-2010-0134,2010-07-28,2010-07-28,Tripura,,
UEI-IMD-FL-2010-0048,2010-07-30,2010-07-30,Jammu and Kashmir,,5.0
UEI-IMD-FL-2010-0019,2010-07-31,2010-07-31,Assam,,
UEI-IMD-FL-2010-0036,2010-08-01,2010-08-31,Gujarat,,85.0
UEI-IMD-FL-2010-0032,2010-08-02,2010-08-08,Chhattisgarh,,1.0
UEI-IMD-FL-2010-0093,2010-08-05,2010-08-06,Maharashtra,,1.0
UEI-IMD-FL-2010-0107,2010-08-05,2010-08-06,Odisha,,3.0
UEI-IMD-FL-2010-0049,2010-08-06,2010-08-06,Jammu and Kashmir,,150.0
UEI-IMD-FL-2010-0050,2010-08-08,2010-08-08,Jammu and Kashmir,,
UEI-IMD-FL-2010-0114,2010-08-08,2010-08-08,Rajasthan,,
UEI-IMD-FL-2010-0123,2010-08-08,2010-08-08,Tamil Nadu,,
UEI-IMD-FL-2010-0094,2010-08-09,2010-08-09,Maharashtra,,38.0
UEI-IMD-FL-2010-0051,2010-08-10,2010-08-10,Jammu and Kashmir,,
UEI-IMD-FL-2010-0145,2010-08-12,2010-08-13,West Bengal,,
UEI-IMD-FL-2010-0052,2010-08-13,2010-08-13,Jammu and Kashmir,,1.0
UEI-IMD-FL-2010-0115,2010-08-14,2010-08-18,Rajasthan,,11.0
UEI-IMD-FL-2010-0020,2010-08-17,2010-08-17,Assam,,
UEI-IMD-FL-2010-0095,2010-08-17,2010-08-20,Maharashtra,,11.0
UEI-IMD-FL-2010-0109,2010-08-17,2010-08-17,Punjab,,
UEI-IMD-FL-2010-0136,2010-08-18,2010-08-18,Uttarakhand,,18.0
UEI-IMD-FL-2010-0039,2010-08-19,2010-08-20,Haryana,,1.0
UEI-IMD-FL-2010-0040,2010-08-20,2010-08-22,Himachal Pradesh,,
UEI-IMD-FL-2010-0021,2010-08-21,2010-08-22,Assam,,
UEI-IMD-FL-2010-0061,2010-08-21,2010-08-21,Karnataka,,2.0
UEI-IMD-FL-2010-0119,2010-08-23,2010-08-23,Sikkim,,
UEI-IMD-FL-2010-0124,2010-08-23,2010-08-23,Tamil Nadu,,
UEI-IMD-FL-2010-0137,2010-08-24,2010-08-24,Uttar Pradesh,,
UEI-IMD-FL-2010-0028,2010-08-25,2010-08-25,Bihar,,2.0
UEI-IMD-FL-2010-0096,2010-08-25,2010-08-25,Maharashtra,,
UEI-IMD-FL-2010-0053,2010-08-26,2010-08-26,Jammu and Kashmir,,2.0
UEI-IMD-FL-2010-0062,2010-08-26,2010-08-26,Karnataka,,4.0
UEI-IMD-FL-2010-0110,2010-08-26,2010-08-26,Punjab,,
UEI-IMD-FL-2010-0022,2010-08-27,2010-08-27,Assam,,
UEI-IMD-FL-2010-0146,2010-08-27,2010-08-28,West Bengal,,1.0
UEI-IMD-FL-2010-0029,2010-08-28,2010-08-29,Bihar,,
UEI-IMD-FL-2010-0023,2010-08-30,2010-08-30,Assam,,
UEI-IMD-FL-2010-0063,2010-08-30,2010-08-30,Karnataka,,1.0
UEI-IMD-FL-2010-0097,2010-08-30,2010-08-30,Maharashtra,,4.0
UEI-IMD-FL-2010-0037,2010-09-01,2010-09-30,Gujarat,,70.0
UEI-IMD-FL-2010-0116,2010-09-02,2010-09-02,Rajasthan,,1.0
UEI-IMD-FL-2010-0024,2010-09-05,2010-09-09,Assam,,1.0
UEI-IMD-FL-2010-0041,2010-09-05,2010-09-05,Himachal Pradesh,,
UEI-IMD-FL-2010-0098,2010-09-05,2010-09-05,Maharashtra,,2.0
UEI-IMD-FL-2010-0138,2010-09-06,2010-09-06,Uttar Pradesh,,6.0
UEI-IMD-FL-2010-0033,2010-09-07,2010-09-08,Chhattisgarh,,14.0
UEI-IMD-FL-2010-0042,2010-09-08,2010-09-10,Himachal Pradesh,,1.0
UEI-IMD-FL-2010-0147,2010-09-08,2010-09-09,West Bengal,,
UEI-IMD-FL-2010-0004,2010-09-09,2010-09-10,Arunachal Pradesh,,8.0
UEI-IMD-FL-2010-0099,2010-09-09,2010-09-10,Maharashtra,,13.0
UEI-IMD-FL-2010-0043,2010-09-12,2010-09-13,Himachal Pradesh,,
UEI-IMD-FL-2010-0139,2010-09-12,2010-09-14,Uttar Pradesh,,7.0
UEI-IMD-FL-2010-0025,2010-09-14,2010-09-14,Assam,,
UEI-IMD-FL-2010-0105,2010-09-14,2010-09-14,Mizoram,,1.0
UEI-IMD-FL-2010-0044,2010-09-16,2010-09-16,Himachal Pradesh,,5.0
UEI-IMD-FL-2010-0100,2010-09-16,2010-09-16,Maharashtra,,1.0
UEI-IMD-FL-2010-0069,2010-09-17,2010-09-19,Kerala,,2.0
UEI-IMD-FL-2010-0030,2010-09-18,2010-09-19,Bihar,,
UEI-IMD-FL-2010-0140,2010-09-18,2010-09-19,Uttarakhand,,20.0
UEI-IMD-FL-2010-0101,2010-09-19,2010-09-19,Maharashtra,,
UEI-IMD-FL-2010-0141,2010-09-20,2010-09-21,Uttar Pradesh,,
UEI-IMD-FL-2010-0026,2010-09-21,2010-09-21,Assam,,
UEI-IMD-FL-2010-0045,2010-09-22,2010-09-24,Himachal Pradesh,,2.0
UEI-IMD-FL-2010-0102,2010-09-23,2010-09-30,Maharashtra,,5.0
UEI-IMD-FL-2010-0125,2010-09-23,2010-09-27,Tamil Nadu,,
UEI-IMD-FL-2010-0149,2010-09-23,2010-09-23,Delhi,,
UEI-IMD-FL-2010-0070,2010-09-24,2010-09-24,Kerala,,
UEI-IMD-FL-2010-0027,2010-09-27,2010-09-27,Assam,,
UEI-IMD-FL-2010-0071,2010-10-03,2010-10-08,Kerala,,20.0
UEI-IMD-FL-2010-0001,2010-10-04,2010-10-04,Andhra Pradesh,,14.0
UEI-IMD-FL-2010-0103,2010-10-04,2010-10-04,Maharashtra,,2.0
UEI-IMD-FL-2010-0148,2010-10-09,2010-10-10,West Bengal,,
UEI-IMD-FL-2010-0072,2010-10-18,2010-10-18,Kerala,,
UEI-IMD-FL-2010-0054,2010-10-22,2010-10-22,Jammu and Kashmir,,4.0
UEI-IMD-FL-2010-0073,2010-10-22,2010-10-22,Kerala,,
UEI-IMD-FL-2010-0074,2010-10-27,2010-10-29,Kerala,,3.0
UEI-IMD-FL-2010-0126,2010-11-07,2010-11-07,Tamil Nadu,,5.0
UEI-IMD-FL-2010-0075,2010-11-08,2010-11-08,Kerala,,
UEI-IMD-FL-2010-0104,2010-11-08,2010-11-21,Maharashtra,,
UEI-IMD-FL-2010-0076,2010-11-16,2010-11-16,Kerala,,1.0
UEI-IMD-FL-2010-0077,2010-11-20,2010-11-24,Kerala,,2.0
UEI-IMD-FL-2010-0127,2010-11-22,2010-11-23,Tamil Nadu,,100.0
UEI-IMD-FL-2010-0128,2010-11-25,2010-11-28,Tamil Nadu,,
UEI-IMD-FL-2010-0078,2010-11-27,2010-11-28,Kerala,,1.0
UEI-IMD-FL-2010-0129,2010-11-30,2010-11-30,Tamil Nadu,,
UEI-IMD-FL-2010-0130,2010-12-01,2010-12-03,Tamil Nadu,,12.0
UEI-IMD-FL-2010-0034,2010-12-08,2010-12-09,Chhattisgarh,,
UEI-IMD-FL-2010-0079,2010-12-08,2010-12-08,Kerala,,1.0
UEI-IMD-FL-2010-0131,2010-12-09,2010-12-09,Tamil Nadu,,
UEI-IMD-FL-2010-0132,2010-12-16,2010-12-20,Tamil Nadu,,
UEI-IMD-FL-2011-0035,2011-01-19,2011-01-19,Karnataka,,
UEI-IMD-FL-2011-0027,2011-02-14,2011-02-14,Jammu and Kashmir,,1.0
UEI-IMD-FL-2011-0079,2011-02-14,2011-02-14,Rajasthan,,1.0
UEI-IMD-FL-2011-0013,2011-02-20,2011-02-20,Chhattisgarh,,
UEI-IMD-FL-2011-0062,2011-02-23,2011-02-23,Maharashtra,,1.0
UEI-IMD-FL-2011-0063,2011-03-01,2011-03-01,Maharashtra,,
UEI-IMD-FL-2011-0028,2011-03-20,2011-03-20,Jammu and Kashmir,,
UEI-IMD-FL-2011-0029,2011-04-06,2011-04-06,Jammu and Kashmir,,
UEI-IMD-FL-2011-0064,2011-04-10,2011-04-11,Maharashtra,,
UEI-IMD-FL-2011-0040,2011-04-14,2011-04-14,Kerala,,
UEI-IMD-FL-2011-0030,2011-04-18,2011-04-18,Jammu and Kashmir,,5.0
UEI-IMD-FL-2011-0041,2011-04-21,2011-04-21,Kerala,,
UEI-IMD-FL-2011-0086,2011-04-21,2011-04-21,Tamil Nadu,,2.0
UEI-IMD-FL-2011-0036,2011-04-23,2011-04-23,Karnataka,,4.0
UEI-IMD-FL-2011-0065,2011-04-23,2011-04-24,Maharashtra,,
UEI-IMD-FL-2011-0042,2011-04-25,2011-04-25,Kerala,,
UEI-IMD-FL-2011-0043,2011-04-28,2011-04-30,Kerala,,1.0
UEI-IMD-FL-2011-0077,2011-05-21,2011-05-21,Punjab,,
UEI-IMD-FL-2011-0018,2011-05-28,2011-05-29,Himachal Pradesh,,
UEI-IMD-FL-2011-0019,2011-06-01,2011-06-01,Himachal Pradesh,,1.0
UEI-IMD-FL-2011-0044,2011-06-01,2011-06-03,Kerala,,1.0
UEI-IMD-FL-2011-0002,2011-06-04,2011-06-04,Assam,,
UEI-IMD-FL-2011-0045,2011-06-05,2011-06-08,Kerala,,4.0
UEI-IMD-FL-2011-0020,2011-06-08,2011-06-08,Himachal Pradesh,,
UEI-IMD-FL-2011-0066,2011-06-16,2011-06-18,Maharashtra,,8.0
UEI-IMD-FL-2011-0100,2011-06-16,2011-06-19,West Bengal,,5.0
UEI-IMD-FL-2011-0032,2011-06-17,2011-06-20,Jharkhand,,
UEI-IMD-FL-2011-0046,2011-06-17,2011-06-18,Kerala,,
UEI-IMD-FL-2011-0067,2011-06-23,2011-06-23,Maharashtra,,1.0
UEI-IMD-FL-2011-0101,2011-06-27,2011-06-27,West Bengal,,
UEI-IMD-FL-2011-0003,2011-06-28,2011-06-29,Assam,,
UEI-IMD-FL-2011-0047,2011-06-29,2011-06-29,Kerala,,
UEI-IMD-FL-2011-0057,2011-06-29,2011-06-29,Madhya Pradesh,,
UEI-IMD-FL-2011-0093,2011-06-29,2011-06-29,Uttar Pradesh,,7.0
UEI-IMD-FL-2011-0015,2011-07-01,2011-07-31,Gujarat,,58.0
UEI-IMD-FL-2011-0102,2011-07-01,2011-07-01,West Bengal,,
UEI-IMD-FL-2011-0004,2011-07-03,2011-07-05,Assam,,
UEI-IMD-FL-2011-0012,2011-07-04,2011-07-06,Bihar,,7.0
UEI-IMD-FL-2011-0006,2011-07-05,2011-07-06,Assam,,
UEI-IMD-FL-2011-0068,2011-07-08,2011-07-08,Maharashtra,,10.0
UEI-IMD-FL-2011-0021,2011-07-09,2011-07-09,Himachal Pradesh,,
UEI-IMD-FL-2011-0033,2011-07-11,2011-07-11,Jharkhand,,1.0
UEI-IMD-FL-2011-0005,2011-07-14,2011-07-20,Assam,,8.0
UEI-IMD-FL-2011-0048,2011-07-16,2011-07-20,Kerala,,4.0
UEI-IMD-FL-2011-0069,2011-07-16,2011-07-16,Maharashtra,,
UEI-IMD-FL-2011-0037,2011-07-17,2011-07-18,Karnataka,,3.0
UEI-IMD-FL-2011-0058,2011-07-17,2011-07-18,Madhya Pradesh,,3.0
UEI-IMD-FL-2011-0070,2011-07-18,2011-07-20,Maharashtra,,
UEI-IMD-FL-2011-0001,2011-07-19,2011-07-19,Arunachal Pradesh,,3.0
UEI-IMD-FL-2011-0080,2011-07-19,2011-07-19,Rajasthan,,
UEI-IMD-FL-2011-0022,2011-07-20,2011-07-21,Himachal Pradesh,,
UEI-IMD-FL-2011-0098,2011-07-21,2011-07-21,Uttarakhand,,2.0
UEI-IMD-FL-2011-0081,2011-07-27,2011-07-27,Rajasthan,,2.0
UEI-IMD-FL-2011-0016,2011-08-01,2011-08-31,Gujarat,,71.0
UEI-IMD-FL-2011-0059,2011-08-01,2011-08-01,Madhya Pradesh,,30.0
UEI-IMD-FL-2011-0071,2011-08-01,2011-08-01,Maharashtra,,
UEI-IMD-FL-2011-0038,2011-08-05,2011-08-05,Karnataka,,
UEI-IMD-FL-2011-0023,2011-08-06,2011-08-08,Himachal Pradesh,,
UEI-IMD-FL-2011-0049,2011-08-06,2011-08-07,Kerala,,1.0
UEI-IMD-FL-2011-0103,2011-08-07,2011-08-08,West Bengal,,1.0
UEI-IMD-FL-2011-0060,2011-08-08,2011-08-08,Madhya Pradesh,,
UEI-IMD-FL-2011-0024,2011-08-12,2011-08-16,Himachal Pradesh,,
UEI-IMD-FL-2011-0078,2011-08-12,2011-08-12,Punjab,,
UEI-IMD-FL-2011-0104,2011-08-14,2011-08-14,West Bengal,,
UEI-IMD-FL-2011-0094,2011-08-15,2011-08-15,Uttar Pradesh,,14.0
UEI-IMD-FL-2011-0007,2011-08-16,2011-08-23,Assam,,6.0
UEI-IMD-FL-2011-0084,2011-08-23,2011-08-23,Sikkim,,
UEI-IMD-FL-2011-0095,2011-08-23,2011-08-23,Uttar Pradesh,,
UEI-IMD-FL-2011-0099,2011-08-23,2011-08-23,Uttarakhand,,5.0
UEI-IMD-FL-2011-0082,2011-08-24,2011-08-24,Rajasthan,,5.0
UEI-IMD-FL-2011-0061,2011-08-25,2011-08-27,Madhya Pradesh,,
UEI-IMD-FL-2011-0025,2011-08-26,2011-08-27,Himachal Pradesh,,
UEI-IMD-FL-2011-0072,2011-08-27,2011-08-29,Maharashtra,,4.0
UEI-IMD-FL-2011-0050,2011-08-28,2011-09-04,Kerala,,2.0
UEI-IMD-FL-2011-0073,2011-08-29,2011-08-29,Maharashtra,,3.0
UEI-IMD-FL-2011-0085,2011-08-29,2011-08-29,Sikkim,,
UEI-IMD-FL-2011-0017,2011-09-01,2011-09-30,Gujarat,,36.0
UEI-IMD-FL-2011-0074,2011-09-03,2011-09-03,Maharashtra,,8.0
UEI-IMD-FL-2011-0105,2011-09-03,2011-09-03,West Bengal,,
UEI-IMD-FL-2011-0008,2011-09-04,2011-09-04,Assam,,
UEI-IMD-FL-2011-0083,2011-09-05,2011-09-05,Rajasthan,,2.0
UEI-IMD-FL-2011-0014,2011-09-06,2011-09-08,Chhattisgarh,,6.0
UEI-IMD-FL-2011-0039,2011-09-06,2011-09-07,Karnataka,,
UEI-IMD-FL-2011-0076,2011-09-08,2011-09-21,Odisha,,14.0
UEI-IMD-FL-2011-0107,2011-09-09,2011-09-09,Delhi,,1.0
UEI-IMD-FL-2011-0026,2011-09-12,2011-09-15,Himachal Pradesh,,1.0
UEI-IMD-FL-2011-0009,2011-09-15,2011-09-15,Assam,,
UEI-IMD-FL-2011-0031,2011-09-15,2011-09-16,Jammu and Kashmir,,1.0
UEI-IMD-FL-2011-0087,2011-09-16,2011-09-16,Tamil Nadu,,2.0
UEI-IMD-FL-2011-0106,2011-09-19,2011-09-19,West Bengal,,5.0
UEI-IMD-FL-2011-0075,2011-09-21,2011-09-21,Maharashtra,,3.0
UEI-IMD-FL-2011-0010,2011-09-23,2011-09-23,Assam,,4.0
UEI-IMD-FL-2011-0034,2011-09-23,2011-09-24,Jharkhand,,17.0
UEI-IMD-FL-2011-0011,2011-09-24,2011-09-25,Assam,,
UEI-IMD-FL-2011-0096,2011-09-25,2011-09-25,Uttar Pradesh,,
UEI-IMD-FL-2011-0051,2011-10-10,2011-10-10,Kerala,,
UEI-IMD-FL-2011-0052,2011-10-14,2011-10-17,Kerala,,2.0
UEI-IMD-FL-2011-0088,2011-10-16,2011-10-16,Tamil Nadu,,
UEI-IMD-FL-2011-0089,2011-10-20,2011-10-20,Tamil Nadu,,
UEI-IMD-FL-2011-0053,2011-10-21,2011-10-21,Kerala,,
UEI-IMD-FL-2011-0097,2011-10-26,2011-10-26,Uttar Pradesh,,
UEI-IMD-FL-2011-0090,2011-10-30,2011-10-30,Tamil Nadu,,
UEI-IMD-FL-2011-0054,2011-10-31,2011-11-08,Kerala,,
UEI-IMD-FL-2011-0091,2011-11-01,2011-11-09,Tamil Nadu,,70.0
UEI-IMD-FL-2011-0092,2011-11-24,2011-11-30,Tamil Nadu,,
UEI-IMD-FL-2011-0055,2011-11-26,2011-11-27,Kerala,,
UEI-IMD-FL-2011-0056,2011-12-31,2011-12-31,Kerala,,
UEI-IMD-FL-2012-0037,2012-02-18,2012-02-18,Jammu and Kashmir,,
UEI-IMD-FL-2012-0038,2012-02-22,2012-02-22,Jammu and Kashmir,,
UEI-IMD-FL-2012-0003,2012-04-07,2012-04-07,Andhra Pradesh,,1.0
UEI-IMD-FL-2012-0045,2012-04-07,2012-04-07,Kerala,,
UEI-IMD-FL-2012-0004,2012-04-09,2012-04-09,Andhra Pradesh,,
UEI-IMD-FL-2012-0046,2012-04-09,2012-04-09,Kerala,,
UEI-IMD-FL-2012-0047,2012-04-23,2012-04-23,Kerala,,2.0
UEI-IMD-FL-2012-0048,2012-04-24,2012-04-27,Kerala,,2.0
UEI-IMD-FL-2012-0012,2012-05-22,2012-05-22,Assam,,
UEI-IMD-FL-2012-0039,2012-05-22,2012-05-22,Jammu and Kashmir,,
UEI-IMD-FL-2012-0066,2012-05-24,2012-05-26,Punjab,,
UEI-IMD-FL-2012-0013,2012-06-04,2012-06-08,Assam,,
UEI-IMD-FL-2012-0075,2012-06-04,2012-06-04,Tripura,,1.0
UEI-IMD-FL-2012-0049,2012-06-06,2012-06-06,Kerala,,
UEI-IMD-FL-2012-0001,2012-06-07,2012-06-07,Andaman & Nicobar Islands,,
UEI-IMD-FL-2012-0061,2012-06-09,2012-06-09,Maharashtra,,
UEI-IMD-FL-2012-0014,2012-06-11,2012-06-18,Assam,,6.0
UEI-IMD-FL-2012-0050,2012-06-12,2012-06-12,Kerala,,40.0
UEI-IMD-FL-2012-0023,2012-06-18,2012-06-18,Bihar,,4.0
UEI-IMD-FL-2012-0015,2012-06-22,2012-06-30,Assam,,120.0
UEI-IMD-FL-2012-0010,2012-06-26,2012-06-29,Arunachal Pradesh,,
UEI-IMD-FL-2012-0002,2012-06-29,2012-06-29,Andaman & Nicobar Islands,,
UEI-IMD-FL-2012-0062,2012-06-29,2012-06-29,Maharashtra,,
UEI-IMD-FL-2012-0051,2012-07-02,2012-07-03,Kerala,,3.0
UEI-IMD-FL-2012-0016,2012-07-05,2012-07-05,Assam,,
UEI-IMD-FL-2012-0033,2012-07-07,2012-07-11,Himachal Pradesh,,3.0
UEI-IMD-FL-2012-0017,2012-07-10,2012-07-10,Assam,,3.0
UEI-IMD-FL-2012-0018,2012-07-15,2012-07-17,Assam,,
UEI-IMD-FL-2012-0079,2012-07-15,2012-07-15,West Bengal,,4.0
UEI-IMD-FL-2012-0005,2012-07-21,2012-07-21,Andhra Pradesh,,8.0
UEI-IMD-FL-2012-0025,2012-07-22,2012-07-22,Chhattisgarh,,
UEI-IMD-FL-2012-0052,2012-07-28,2012-07-28,Kerala,,
UEI-IMD-FL-2012-0019,2012-07-29,2012-07-29,Assam,,1.0
UEI-IMD-FL-2012-0063,2012-07-30,2012-07-30,Maharashtra,,
UEI-IMD-FL-2012-0028,2012-08-01,2012-08-31,Gujarat,,3.0
UEI-IMD-FL-2012-0026,2012-08-02,2012-08-02,Chhattisgarh,,1.0
UEI-IMD-FL-2012-0040,2012-08-02,2012-08-06,Jammu and Kashmir,,
UEI-IMD-FL-2012-0034,2012-08-03,2012-08-04,Himachal Pradesh,,
UEI-IMD-FL-2012-0053,2012-08-04,2012-08-08,Kerala,,14.0
UEI-IMD-FL-2012-0077,2012-08-04,2012-08-04,Uttarakhand,,7.0
UEI-IMD-FL-2012-0043,2012-08-06,2012-08-07,Karnataka,,4.0
UEI-IMD-FL-2012-0058,2012-08-07,2012-08-07,Madhya Pradesh,,3.0
UEI-IMD-FL-2012-0042,2012-08-14,2012-08-14,Jharkhand,,5.0
UEI-IMD-FL-2012-0035,2012-08-18,2012-08-19,Himachal Pradesh,,
UEI-IMD-FL-2012-0064,2012-08-18,2012-08-18,Maharashtra,,
UEI-IMD-FL-2012-0041,2012-08-19,2012-08-25,Jammu and Kashmir,,
UEI-IMD-FL-2012-0027,2012-08-20,2012-08-20,Chhattisgarh,,
UEI-IMD-FL-2012-0036,2012-08-20,2012-08-25,Himachal Pradesh,,6.0
UEI-IMD-FL-2012-0067,2012-08-20,2012-08-20,Punjab,,
UEI-IMD-FL-2012-0070,2012-08-21,2012-08-21,Rajasthan,,2.0
UEI-IMD-FL-2012-0020,2012-08-22,2012-08-24,Assam,,
UEI-IMD-FL-2012-0030,2012-08-22,2012-08-22,Haryana,,
UEI-IMD-FL-2012-0044,2012-08-25,2012-08-25,Karnataka,,1.0
UEI-IMD-FL-2012-0031,2012-08-28,2012-08-28,Haryana,,
UEI-IMD-FL-2012-0059,2012-08-28,2012-08-28,Madhya Pradesh,,
UEI-IMD-FL-2012-0029,2012-09-01,2012-09-30,Gujarat,,8.0
UEI-IMD-FL-2012-0071,2012-09-01,2012-09-01,Sikkim,,5.0
UEI-IMD-FL-2012-0060,2012-09-03,2012-09-05,Madhya Pradesh,,4.0
UEI-IMD-FL-2012-0006,2012-09-04,2012-09-04,Andhra Pradesh,,4.0
UEI-IMD-FL-2012-0055,2012-09-04,2012-09-04,Kerala,,
UEI-IMD-FL-2012-0021,2012-09-12,2012-09-12,Assam,,
UEI-IMD-FL-2012-0068,2012-09-12,2012-09-12,Punjab,,
UEI-IMD-FL-2012-0078,2012-09-13,2012-09-13,Uttarakhand,,7.0
UEI-IMD-FL-2012-0011,2012-09-15,2012-09-28,Arunachal Pradesh,,9.0
UEI-IMD-FL-2012-0022,2012-09-15,2012-09-28,Assam,,23.0
UEI-IMD-FL-2012-0032,2012-09-15,2012-09-16,Haryana,,
UEI-IMD-FL-2012-0065,2012-09-15,2012-09-21,Maharashtra,,
UEI-IMD-FL-2012-0069,2012-09-16,2012-09-16,Punjab,,
UEI-IMD-FL-2012-0076,2012-09-18,2012-09-18,Uttar Pradesh,,3.0
UEI-IMD-FL-2012-0024,2012-09-21,2012-09-21,Bihar,,
UEI-IMD-FL-2012-0072,2012-09-21,2012-09-21,Sikkim,,20.0
UEI-IMD-FL-2012-0007,2012-10-02,2012-10-03,Andhra Pradesh,,9.0
UEI-IMD-FL-2012-0073,2012-10-20,2012-10-21,Tamil Nadu,,
UEI-IMD-FL-2012-0080,2012-10-20,2012-10-21,Puducherry,,
UEI-IMD-FL-2012-0008,2012-11-01,2012-11-06,Andhra Pradesh,,50.0
UEI-IMD-FL-2012-0056,2012-11-01,2012-11-01,Kerala,,
UEI-IMD-FL-2012-0074,2012-11-01,2012-11-02,Tamil Nadu,,
UEI-IMD-FL-2012-0057,2012-11-11,2012-11-11,Kerala,,
UEI-IMD-FL-2012-0054,2012-11-17,2012-11-18,Kerala,,5.0
UEI-IMD-FL-2012-0009,2012-12-05,2012-12-05,Andhra Pradesh,,
UEI-IMD-FL-2013-0094,2013-02-11,2013-02-11,Maharashtra,,
UEI-IMD-FL-2013-0115,2013-02-16,2013-02-16,Rajasthan,,3.0
UEI-IMD-FL-2013-0095,2013-02-23,2013-02-23,Maharashtra,,1.0
UEI-IMD-FL-2013-0061,2013-03-09,2013-03-09,Kerala,,
UEI-IMD-FL-2013-0062,2013-03-12,2013-03-12,Kerala,,
UEI-IMD-FL-2013-0063,2013-03-26,2013-03-26,Kerala,,
UEI-IMD-FL-2013-0064,2013-03-29,2013-03-31,Kerala,,
UEI-IMD-FL-2013-0096,2013-04-17,2013-04-17,Maharashtra,,1.0
UEI-IMD-FL-2013-0097,2013-04-23,2013-04-23,Maharashtra,,
UEI-IMD-FL-2013-0065,2013-04-26,2013-04-28,Kerala,,
UEI-IMD-FL-2013-0066,2013-05-03,2013-05-07,Kerala,,
UEI-IMD-FL-2013-0067,2013-05-05,2013-05-05,Kerala,,
UEI-IMD-FL-2013-0109,2013-05-11,2013-05-11,Mizoram,,17.0
UEI-IMD-FL-2013-0011,2013-05-16,2013-05-16,Assam,,
UEI-IMD-FL-2013-0132,2013-05-24,2013-05-25,Andaman & Nicobar Islands,,1.0
UEI-IMD-FL-2013-0040,2013-05-26,2013-05-26,Jammu and Kashmir,,
UEI-IMD-FL-2013-0021,2013-05-27,2013-05-27,Bihar,,5.0
UEI-IMD-FL-2013-0012,2013-05-29,2013-05-29,Assam,,
UEI-IMD-FL-2013-0041,2013-05-29,2013-05-29,Jammu and Kashmir,,1.0
UEI-IMD-FL-2013-0052,2013-05-31,2013-05-31,Karnataka,,1.0
UEI-IMD-FL-2013-0068,2013-06-02,2013-06-06,Kerala,,
UEI-IMD-FL-2013-0053,2013-06-05,2013-06-05,Karnataka,,1.0
UEI-IMD-FL-2013-0098,2013-06-07,2013-06-07,Maharashtra,,
UEI-IMD-FL-2013-0069,2013-06-08,2013-06-08,Kerala,,
UEI-IMD-FL-2013-0070,2013-06-08,2013-06-16,Kerala,,
UEI-IMD-FL-2013-0116,2013-06-08,2013-06-08,Rajasthan,,6.0
UEI-IMD-FL-2013-0099,2013-06-09,2013-06-09,Maharashtra,,2.0
UEI-IMD-FL-2013-0054,2013-06-10,2013-06-18,Karnataka,,4.0
UEI-IMD-FL-2013-0071,2013-06-11,2013-06-26,Kerala,,7.0
UEI-IMD-FL-2013-0117,2013-06-11,2013-06-11,Rajasthan,,1.0
UEI-IMD-FL-2013-0124,2013-06-12,2013-06-12,Uttar Pradesh,,10.0
UEI-IMD-FL-2013-0001,2013-06-14,2013-06-14,Andhra Pradesh,,
UEI-IMD-FL-2013-0131,2013-06-14,2013-06-18,Uttarakhand,,5000.0
UEI-IMD-FL-2013-0032,2013-06-15,2013-06-21,Himachal Pradesh,,10.0
UEI-IMD-FL-2013-0100,2013-06-16,2013-06-18,Maharashtra,,6.0
UEI-IMD-FL-2013-0133,2013-06-16,2013-06-17,Delhi,,
UEI-IMD-FL-2013-0072,2013-06-17,2013-06-17,Kerala,,2.0
UEI-IMD-FL-2013-0125,2013-06-17,2013-06-17,Uttar Pradesh,,1.0
UEI-IMD-FL-2013-0022,2013-06-18,2013-06-18,Bihar,,1.0
UEI-IMD-FL-2013-0030,2013-06-18,2013-06-18,Gujarat,,3.0
UEI-IMD-FL-2013-0126,2013-06-19,2013-06-19,Uttar Pradesh,,2.0
UEI-IMD-FL-2013-0101,2013-06-22,2013-06-28,Maharashtra,,3.0
UEI-IMD-FL-2013-0073,2013-06-24,2013-06-27,Kerala,,
UEI-IMD-FL-2013-0074,2013-06-25,2013-06-29,Kerala,,2.0
UEI-IMD-FL-2013-0127,2013-06-25,2013-06-30,Uttar Pradesh,,12.0
UEI-IMD-FL-2013-0010,2013-06-26,2013-06-29,Arunachal Pradesh,,
UEI-IMD-FL-2013-0013,2013-06-26,2013-06-30,Assam,,
UEI-IMD-FL-2013-0090,2013-06-26,2013-06-27,Madhya Pradesh,,
UEI-IMD-FL-2013-0075,2013-06-27,2013-06-29,Kerala,,7.0
UEI-IMD-FL-2013-0076,2013-07-01,2013-07-04,Kerala,,
UEI-IMD-FL-2013-0055,2013-07-02,2013-07-05,Karnataka,,3.0
UEI-IMD-FL-2013-0102,2013-07-03,2013-07-03,Maharashtra,,5.0
UEI-IMD-FL-2013-0091,2013-07-04,2013-07-04,Madhya Pradesh,,
UEI-IMD-FL-2013-0014,2013-07-05,2013-07-12,Assam,,
UEI-IMD-FL-2013-0077,2013-07-05,2013-07-12,Kerala,,
UEI-IMD-FL-2013-0033,2013-07-06,2013-07-07,Himachal Pradesh,,1.0
UEI-IMD-FL-2013-0023,2013-07-11,2013-07-15,Bihar,,37.0
UEI-IMD-FL-2013-0078,2013-07-11,2013-07-11,Kerala,,
UEI-IMD-FL-2013-0079,2013-07-11,2013-07-13,Kerala,,1.0
UEI-IMD-FL-2013-0002,2013-07-12,2013-07-12,Andhra Pradesh,,12.0
UEI-IMD-FL-2013-0110,2013-07-12,2013-07-12,Nagaland,,
UEI-IMD-FL-2013-0027,2013-07-13,2013-07-13,Chhattisgarh,,
UEI-IMD-FL-2013-0092,2013-07-13,2013-07-16,Madhya Pradesh,,10.0
UEI-IMD-FL-2013-0103,2013-07-14,2013-07-19,Maharashtra,,30.0
UEI-IMD-FL-2013-0056,2013-07-15,2013-07-15,Karnataka,,
UEI-IMD-FL-2013-0128,2013-07-15,2013-07-15,Uttar Pradesh,,1.0
UEI-IMD-FL-2013-0003,2013-07-16,2013-07-25,Andhra Pradesh,,1.0
UEI-IMD-FL-2013-0034,2013-07-16,2013-07-20,Himachal Pradesh,,1.0
UEI-IMD-FL-2013-0015,2013-07-19,2013-07-19,Assam,,
UEI-IMD-FL-2013-0080,2013-07-19,2013-07-26,Kerala,,
UEI-IMD-FL-2013-0042,2013-07-20,2013-07-20,Jammu and Kashmir,,4.0
UEI-IMD-FL-2013-0057,2013-07-20,2013-07-20,Karnataka,,2.0
UEI-IMD-FL-2013-0081,2013-07-23,2013-07-23,Kerala,,4.0
UEI-IMD-FL-2013-0035,2013-07-24,2013-07-24,Himachal Pradesh,,
UEI-IMD-FL-2013-0104,2013-07-24,2013-07-24,Maharashtra,,
UEI-IMD-FL-2013-0058,2013-07-25,2013-07-25,Karnataka,,
UEI-IMD-FL-2013-0129,2013-07-26,2013-07-26,Uttar Pradesh,,2.0
UEI-IMD-FL-2013-0082,2013-07-29,2013-07-29,Kerala,,1.0
UEI-IMD-FL-2013-0028,2013-07-30,2013-07-31,Chhattisgarh,,2.0
UEI-IMD-FL-2013-0043,2013-07-30,2013-07-30,Jammu and Kashmir,,
UEI-IMD-FL-2013-0004,2013-07-31,2013-07-31,Andhra Pradesh,,2.0
UEI-IMD-FL-2013-0005,2013-08-01,2013-08-04,Andhra Pradesh,,4.0
UEI-IMD-FL-2013-0029,2013-08-01,2013-08-01,Chhattisgarh,,
UEI-IMD-FL-2013-0044,2013-08-01,2013-08-01,Jammu and Kashmir,,
UEI-IMD-FL-2013-0059,2013-08-01,2013-08-01,Karnataka,,1.0
UEI-IMD-FL-2013-0083,2013-08-01,2013-08-02,Kerala,,
UEI-IMD-FL-2013-0105,2013-08-01,2013-08-03,Maharashtra,,9.0
UEI-IMD-FL-2013-0036,2013-08-02,2013-08-06,Himachal Pradesh,,5.0
UEI-IMD-FL-2013-0084,2013-08-02,2013-08-06,Kerala,,
UEI-IMD-FL-2013-0111,2013-08-02,2013-08-02,Odisha,,2.0
UEI-IMD-FL-2013-0085,2013-08-04,2013-08-08,Kerala,,17.0
UEI-IMD-FL-2013-0060,2013-08-05,2013-08-05,Karnataka,,1.0
UEI-IMD-FL-2013-0024,2013-08-07,2013-08-07,Bihar,,5.0
UEI-IMD-FL-2013-0045,2013-08-09,2013-08-09,Jammu and Kashmir,,1.0
UEI-IMD-FL-2013-0016,2013-08-10,2013-08-13,Assam,,
UEI-IMD-FL-2013-0086,2013-08-10,2013-08-16,Kerala,,
UEI-IMD-FL-2013-0112,2013-08-10,2013-08-10,Odisha,,2.0
UEI-IMD-FL-2013-0037,2013-08-13,2013-08-19,Himachal Pradesh,,2.0
UEI-IMD-FL-2013-0046,2013-08-14,2013-08-14,Jammu and Kashmir,,12.0
UEI-IMD-FL-2013-0006,2013-08-16,2013-08-17,Andhra Pradesh,,2.0
UEI-IMD-FL-2013-0130,2013-08-17,2013-08-17,Uttar Pradesh,,15.0
UEI-IMD-FL-2013-0017,2013-08-18,2013-08-18,Assam,,
UEI-IMD-FL-2013-0025,2013-08-18,2013-08-18,Bihar,,2.0
UEI-IMD-FL-2013-0047,2013-08-19,2013-08-19,Jammu and Kashmir,,2.0
UEI-IMD-FL-2013-0050,2013-08-19,2013-08-19,Jharkhand,,2.0
UEI-IMD-FL-2013-0093,2013-08-23,2013-08-23,Madhya Pradesh,,
UEI-IMD-FL-2013-0113,2013-08-23,2013-08-23,Odisha,,1.0
UEI-IMD-FL-2013-0026,2013-08-26,2013-08-28,Bihar,,3.0
UEI-IMD-FL-2013-0018,2013-08-29,2013-08-29,Assam,,
UEI-IMD-FL-2013-0087,2013-09-01,2013-09-01,Kerala,,
UEI-IMD-FL-2013-0019,2013-09-07,2013-09-08,Assam,,
UEI-IMD-FL-2013-0038,2013-09-09,2013-09-09,Himachal Pradesh,,1.0
UEI-IMD-FL-2013-0048,2013-09-09,2013-09-09,Jammu and Kashmir,,2.0
UEI-IMD-FL-2013-0118,2013-09-11,2013-09-11,Tamil Nadu,,4.0
UEI-IMD-FL-2013-0088,2013-09-12,2013-09-12,Kerala,,
UEI-IMD-FL-2013-0007,2013-09-13,2013-09-13,Andhra Pradesh,,2.0
UEI-IMD-FL-2013-0049,2013-09-13,2013-09-13,Jammu and Kashmir,,1.0
UEI-IMD-FL-2013-0039,2013-09-15,2013-09-15,Himachal Pradesh,,
UEI-IMD-FL-2013-0114,2013-09-16,2013-09-16,Odisha,,1.0
UEI-IMD-FL-2013-0089,2013-09-17,2013-09-17,Kerala,,
UEI-IMD-FL-2013-0106,2013-09-19,2013-09-19,Maharashtra,,4.0
UEI-IMD-FL-2013-0031,2013-09-26,2013-10-02,Gujarat,,13.0
UEI-IMD-FL-2013-0107,2013-09-26,2013-09-26,Maharashtra,,8.0
UEI-IMD-FL-2013-0051,2013-10-02,2013-10-02,Jharkhand,,2.0
UEI-IMD-FL-2013-0020,2013-10-06,2013-10-06,Assam,,1.0
UEI-IMD-FL-2013-0008,2013-10-11,2013-10-14,Andhra Pradesh,,1.0
UEI-IMD-FL-2013-0108,2013-10-11,2013-10-11,Maharashtra,,5.0
UEI-IMD-FL-2013-0119,2013-10-15,2013-10-15,Tamil Nadu,,
UEI-IMD-FL-2013-0009,2013-10-20,2013-10-28,Andhra Pradesh,,53.0
UEI-IMD-FL-2013-0120,2013-10-20,2013-10-20,Tamil Nadu,,1.0
UEI-IMD-FL-2013-0121,2013-11-16,2013-11-16,Tamil Nadu,,11.0
UEI-IMD-FL-2013-0122,2013-11-25,2013-11-25,Tamil Nadu,,3.0
UEI-IMD-FL-2013-0134,2013-11-25,2013-11-25,Puducherry,,3.0
UEI-IMD-FL-2013-0123,2013-12-13,2013-12-13,Tamil Nadu,,1.0
UEI-IMD-FL-2014-0020,2014-01-22,2014-01-22,Jammu and Kashmir,,2.0
UEI-IMD-FL-2014-0056,2014-03-03,2014-03-04,Maharashtra,,
UEI-IMD-FL-2014-0041,2014-03-07,2014-03-09,Kerala,,
UEI-IMD-FL-2014-0026,2014-03-08,2014-03-10,Karnataka,,4.0
UEI-IMD-FL-2014-0077,2014-03-08,2014-03-08,Tamil Nadu,,
UEI-IMD-FL-2014-0057,2014-03-09,2014-03-09,Maharashtra,,
UEI-IMD-FL-2014-0042,2014-03-25,2014-03-25,Kerala,,
UEI-IMD-FL-2014-0043,2014-04-10,2014-04-16,Kerala,,6.0
UEI-IMD-FL-2014-0044,2014-04-19,2014-04-30,Kerala,,
UEI-IMD-FL-2014-0058,2014-04-19,2014-04-19,Maharashtra,,
UEI-IMD-FL-2014-0001,2014-05-02,2014-05-03,Andhra Pradesh,,
UEI-IMD-FL-2014-0045,2014-05-03,2014-05-09,Kerala,,4.0
UEI-IMD-FL-2014-0078,2014-05-06,2014-05-08,Tamil Nadu,,3.0
UEI-IMD-FL-2014-0027,2014-05-19,2014-05-20,Karnataka,,5.0
UEI-IMD-FL-2014-0079,2014-05-21,2014-05-21,Tamil Nadu,,2.0
UEI-IMD-FL-2014-0067,2014-05-27,2014-05-28,Odisha,,1.0
UEI-IMD-FL-2014-0028,2014-06-02,2014-06-06,Karnataka,,1.0
UEI-IMD-FL-2014-0046,2014-06-06,2014-06-06,Kerala,,
UEI-IMD-FL-2014-0059,2014-06-10,2014-06-10,Maharashtra,,2.0
UEI-IMD-FL-2014-0047,2014-06-12,2014-06-14,Kerala,,
UEI-IMD-FL-2014-0084,2014-06-19,2014-06-25,Tripura,,
UEI-IMD-FL-2014-0048,2014-06-21,2014-06-21,Kerala,,
UEI-IMD-FL-2014-0004,2014-06-22,2014-06-28,Assam,,8.0
UEI-IMD-FL-2014-0029,2014-06-28,2014-06-29,Karnataka,,2.0
UEI-IMD-FL-2014-0030,2014-07-04,2014-07-09,Karnataka,,4.0
UEI-IMD-FL-2014-0005,2014-07-08,2014-07-10,Assam,,
UEI-IMD-FL-2014-0049,2014-07-12,2014-07-15,Kerala,,9.0
UEI-IMD-FL-2014-0060,2014-07-13,2014-07-13,Maharashtra,,4.0
UEI-IMD-FL-2014-0006,2014-07-14,2014-07-19,Assam,,
UEI-IMD-FL-2014-0016,2014-07-15,2014-07-18,Himachal Pradesh,,1.0
UEI-IMD-FL-2014-0054,2014-07-15,2014-07-16,Madhya Pradesh,,7.0
UEI-IMD-FL-2014-0068,2014-07-19,2014-07-24,Odisha,,12.0
UEI-IMD-FL-2014-0055,2014-07-20,2014-07-25,Madhya Pradesh,,
UEI-IMD-FL-2014-0013,2014-07-22,2014-07-23,Chhattisgarh,,3.0
UEI-IMD-FL-2014-0007,2014-07-23,2014-07-30,Assam,,16.0
UEI-IMD-FL-2014-0017,2014-07-23,2014-07-30,Himachal Pradesh,,3.0
UEI-IMD-FL-2014-0061,2014-07-23,2014-07-28,Maharashtra,,
UEI-IMD-FL-2014-0021,2014-07-24,2014-07-24,Jammu and Kashmir,,
UEI-IMD-FL-2014-0069,2014-07-27,2014-07-30,Odisha,,3.0
UEI-IMD-FL-2014-0086,2014-07-27,2014-07-27,Uttarakhand,,6.0
UEI-IMD-FL-2014-0073,2014-07-29,2014-07-29,Rajasthan,,1.0
UEI-IMD-FL-2014-0014,2014-07-30,2014-07-30,Chhattisgarh,,
UEI-IMD-FL-2014-0022,2014-07-31,2014-07-31,Jammu and Kashmir,,
UEI-IMD-FL-2014-0031,2014-07-31,2014-07-31,Karnataka,,2.0
UEI-IMD-FL-2014-0062,2014-07-31,2014-07-31,Maharashtra,,1.0
UEI-IMD-FL-2014-0087,2014-07-31,2014-07-31,Uttarakhand,,5.0
UEI-IMD-FL-2014-0032,2014-08-01,2014-08-08,Karnataka,,4.0
UEI-IMD-FL-2014-0050,2014-08-01,2014-08-07,Kerala,,
UEI-IMD-FL-2014-0070,2014-08-03,2014-08-16,Odisha,,45.0
UEI-IMD-FL-2014-0074,2014-08-03,2014-08-03,Rajasthan,,2.0
UEI-IMD-FL-2014-0063,2014-08-05,2014-08-05,Maharashtra,,144.0
UEI-IMD-FL-2014-0064,2014-08-05,2014-08-06,Maharashtra,,3.0
UEI-IMD-FL-2014-0018,2014-08-06,2014-08-08,Himachal Pradesh,,1.0
UEI-IMD-FL-2014-0075,2014-08-11,2014-08-11,Rajasthan,,19.0
UEI-IMD-FL-2014-0088,2014-08-11,2014-08-11,Uttarakhand,,
UEI-IMD-FL-2014-0019,2014-08-13,2014-08-15,Himachal Pradesh,,9.0
UEI-IMD-FL-2014-0003,2014-08-14,2014-08-18,Arunachal Pradesh,,1.0
UEI-IMD-FL-2014-0010,2014-08-14,2014-08-27,Bihar,,19.0
UEI-IMD-FL-2014-0085,2014-08-14,2014-08-27,Uttar Pradesh,,82.0
UEI-IMD-FL-2014-0008,2014-08-15,2014-08-31,Assam,,
UEI-IMD-FL-2014-0051,2014-08-22,2014-08-24,Kerala,,4.0
UEI-IMD-FL-2014-0080,2014-08-22,2014-08-22,Tamil Nadu,,2.0
UEI-IMD-FL-2014-0033,2014-08-23,2014-08-31,Karnataka,,9.0
UEI-IMD-FL-2014-0034,2014-09-01,2014-09-01,Karnataka,,1.0
UEI-IMD-FL-2014-0052,2014-09-01,2014-09-03,Kerala,,
UEI-IMD-FL-2014-0035,2014-09-02,2014-09-02,Karnataka,,
UEI-IMD-FL-2014-0072,2014-09-04,2014-09-10,Punjab,,22.0
UEI-IMD-FL-2014-0071,2014-09-05,2014-09-09,Odisha,,3.0
UEI-IMD-FL-2014-0076,2014-09-05,2014-09-05,Rajasthan,,2.0
UEI-IMD-FL-2014-0002,2014-09-06,2014-09-09,Andhra Pradesh,,4.0
UEI-IMD-FL-2014-0082,2014-09-06,2014-09-09,Telangana,,4.0
UEI-IMD-FL-2014-0023,2014-09-08,2014-09-14,Jammu and Kashmir,,200.0
UEI-IMD-FL-2014-0065,2014-09-08,2014-09-09,Maharashtra,,1.0
UEI-IMD-FL-2014-0011,2014-09-14,2014-09-20,Bihar,,28.0
UEI-IMD-FL-2014-0009,2014-09-22,2014-09-30,Assam,,45.0
UEI-IMD-FL-2014-0066,2014-09-23,2014-09-30,Meghalaya,,45.0
UEI-IMD-FL-2014-0081,2014-09-23,2014-09-23,Tamil Nadu,,1.0
UEI-IMD-FL-2014-0036,2014-09-24,2014-09-24,Karnataka,,1.0
UEI-IMD-FL-2014-0053,2014-09-26,2014-09-26,Kerala,,
UEI-IMD-FL-2014-0037,2014-10-01,2014-10-01,Karnataka,,1.0
UEI-IMD-FL-2014-0038,2014-10-05,2014-10-09,Karnataka,,2.0
UEI-IMD-FL-2014-0025,2014-10-12,2014-10-14,Jharkhand,,
UEI-IMD-FL-2014-0015,2014-10-13,2014-10-15,Chhattisgarh,,6.0
UEI-IMD-FL-2014-0012,2014-10-14,2014-10-14,Bihar,,1.0
UEI-IMD-FL-2014-0039,2014-10-25,2014-10-25,Karnataka,,
UEI-IMD-FL-2014-0083,2014-10-27,2014-10-27,Telangana,,
UEI-IMD-FL-2014-0040,2014-10-28,2014-10-28,Karnataka,,1.0
UEI-IMD-FL-2014-0024,2014-11-09,2014-11-09,Jammu and Kashmir,,
UEI-IMD-FL-2015-0005,2015-02-19,2015-02-19,Assam,,2.0
UEI-IMD-FL-2015-0044,2015-03-03,2015-03-09,Kerala,,
UEI-IMD-FL-2015-0033,2015-03-06,2015-03-14,Karnataka,,1.0
UEI-IMD-FL-2015-0045,2015-03-13,2015-03-17,Kerala,,
UEI-IMD-FL-2015-0078,2015-03-14,2015-03-15,Rajasthan,,15.0
UEI-IMD-FL-2015-0025,2015-03-21,2015-03-21,Jammu and Kashmir,,1.0
UEI-IMD-FL-2015-0046,2015-03-27,2015-03-31,Kerala,,
UEI-IMD-FL-2015-0026,2015-03-30,2015-03-30,Jammu and Kashmir,,16.0
UEI-IMD-FL-2015-0018,2015-04-03,2015-04-04,Himachal Pradesh,,1.0
UEI-IMD-FL-2015-0027,2015-04-04,2015-04-04,Jammu and Kashmir,,24.0
UEI-IMD-FL-2015-0100,2015-04-04,2015-04-04,Uttar Pradesh,,12.0
UEI-IMD-FL-2015-0047,2015-04-06,2015-04-10,Kerala,,1.0
UEI-IMD-FL-2015-0034,2015-04-07,2015-04-12,Karnataka,,4.0
UEI-IMD-FL-2015-0048,2015-04-11,2015-04-16,Kerala,,5.0
UEI-IMD-FL-2015-0084,2015-04-12,2015-04-12,Tamil Nadu,,
UEI-IMD-FL-2015-0049,2015-04-19,2015-04-25,Kerala,,1.0
UEI-IMD-FL-2015-0085,2015-04-21,2015-04-21,Tamil Nadu,,1.0
UEI-IMD-FL-2015-0035,2015-04-22,2015-04-23,Karnataka,,1.0
UEI-IMD-FL-2015-0086,2015-04-25,2015-04-25,Tamil Nadu,,3.0
UEI-IMD-FL-2015-0050,2015-04-26,2015-04-30,Kerala,,
UEI-IMD-FL-2015-0051,2015-05-03,2015-05-05,Kerala,,
UEI-IMD-FL-2015-0036,2015-05-04,2015-05-11,Karnataka,,2.0
UEI-IMD-FL-2015-0052,2015-05-07,2015-05-09,Kerala,,
UEI-IMD-FL-2015-0053,2015-05-10,2015-05-14,Kerala,,
UEI-IMD-FL-2015-0087,2015-05-14,2015-05-14,Tamil Nadu,,3.0
UEI-IMD-FL-2015-0054,2015-05-15,2015-05-28,Kerala,,5.0
UEI-IMD-FL-2015-0088,2015-05-17,2015-05-19,Tamil Nadu,,11.0
UEI-IMD-FL-2015-0037,2015-05-27,2015-05-31,Karnataka,,1.0
UEI-IMD-FL-2015-0006,2015-06-01,2015-06-06,Assam,,
UEI-IMD-FL-2015-0067,2015-06-07,2015-06-16,Maharashtra,,17.0
UEI-IMD-FL-2015-0055,2015-06-08,2015-06-16,Kerala,,1.0
UEI-IMD-FL-2015-0007,2015-06-09,2015-06-17,Assam,,3.0
UEI-IMD-FL-2015-0004,2015-06-10,2015-06-10,Arunachal Pradesh,,2.0
UEI-IMD-FL-2015-0017,2015-06-13,2015-09-22,Gujarat,,70.0
UEI-IMD-FL-2015-0073,2015-06-17,2015-06-17,Meghalaya,,5.0
UEI-IMD-FL-2015-0089,2015-06-17,2015-06-17,Tamil Nadu,,1.0
UEI-IMD-FL-2015-0056,2015-06-19,2015-06-29,Kerala,,11.0
UEI-IMD-FL-2015-0001,2015-06-20,2015-06-21,Andhra Pradesh,,
UEI-IMD-FL-2015-0008,2015-06-20,2015-06-24,Assam,,1.0
UEI-IMD-FL-2015-0019,2015-06-20,2015-06-21,Himachal Pradesh,,1.0
UEI-IMD-FL-2015-0038,2015-06-20,2015-06-25,Karnataka,,8.0
UEI-IMD-FL-2015-0090,2015-06-21,2015-06-21,Tamil Nadu,,1.0
UEI-IMD-FL-2015-0068,2015-06-23,2015-06-23,Maharashtra,,6.0
UEI-IMD-FL-2015-0082,2015-07-01,2015-07-01,Sikkim,,18.0
UEI-IMD-FL-2015-0105,2015-07-01,2015-07-10,West Bengal,,48.0
UEI-IMD-FL-2015-0083,2015-07-05,2015-07-05,Sikkim,,41.0
UEI-IMD-FL-2015-0028,2015-07-06,2015-07-06,Jammu and Kashmir,,1.0
UEI-IMD-FL-2015-0029,2015-07-09,2015-07-16,Jammu and Kashmir,,13.0
UEI-IMD-FL-2015-0020,2015-07-10,2015-07-11,Himachal Pradesh,,
UEI-IMD-FL-2015-0039,2015-07-10,2015-07-20,Karnataka,,10.0
UEI-IMD-FL-2015-0101,2015-07-11,2015-07-12,Uttar Pradesh,,15.0
UEI-IMD-FL-2015-0009,2015-07-14,2015-07-17,Assam,,5.0
UEI-IMD-FL-2015-0021,2015-07-16,2015-07-17,Himachal Pradesh,,3.0
UEI-IMD-FL-2015-0091,2015-07-17,2015-07-17,Tamil Nadu,,1.0
UEI-IMD-FL-2015-0057,2015-07-18,2015-07-20,Kerala,,9.0
UEI-IMD-FL-2015-0065,2015-07-19,2015-07-21,Madhya Pradesh,,15.0
UEI-IMD-FL-2015-0069,2015-07-20,2015-07-20,Maharashtra,,2.0
UEI-IMD-FL-2015-0106,2015-07-20,2015-07-24,West Bengal,,5.0
UEI-IMD-FL-2015-0079,2015-07-22,2015-07-31,Rajasthan,,20.0
UEI-IMD-FL-2015-0014,2015-07-24,2015-07-24,Bihar,,2.0
UEI-IMD-FL-2015-0030,2015-07-24,2015-07-24,Jammu and Kashmir,,3.0
UEI-IMD-FL-2015-0031,2015-07-25,2015-07-31,Jammu and Kashmir,,4.0
UEI-IMD-FL-2015-0022,2015-07-26,2015-07-26,Himachal Pradesh,,3.0
UEI-IMD-FL-2015-0104,2015-07-26,2015-07-26,Uttarakhand,,1.0
UEI-IMD-FL-2015-0070,2015-07-28,2015-07-28,Maharashtra,,4.0
UEI-IMD-FL-2015-0071,2015-07-29,2015-07-29,Maharashtra,,9.0
UEI-IMD-FL-2015-0074,2015-08-01,2015-08-01,Odisha,,1.0
UEI-IMD-FL-2015-0080,2015-08-01,2015-08-05,Rajasthan,,41.0
UEI-IMD-FL-2015-0075,2015-08-02,2015-08-02,Odisha,,5.0
UEI-IMD-FL-2015-0072,2015-08-06,2015-08-14,Maharashtra,,8.0
UEI-IMD-FL-2015-0023,2015-08-08,2015-08-12,Himachal Pradesh,,6.0
UEI-IMD-FL-2015-0058,2015-08-12,2015-08-12,Kerala,,
UEI-IMD-FL-2015-0066,2015-08-13,2015-08-13,Madhya Pradesh,,1.0
UEI-IMD-FL-2015-0081,2015-08-16,2015-08-16,Rajasthan,,2.0
UEI-IMD-FL-2015-0010,2015-08-19,2015-08-23,Assam,,8.0
UEI-IMD-FL-2015-0024,2015-08-19,2015-08-19,Himachal Pradesh,,10.0
UEI-IMD-FL-2015-0011,2015-08-25,2015-08-31,Assam,,7.0
UEI-IMD-FL-2015-0012,2015-09-01,2015-09-12,Assam,,28.0
UEI-IMD-FL-2015-0077,2015-09-01,2015-09-30,Punjab,,11.0
UEI-IMD-FL-2015-0015,2015-09-03,2015-09-03,Chhattisgarh,,1.0
UEI-IMD-FL-2015-0040,2015-09-05,2015-09-07,Karnataka,,5.0
UEI-IMD-FL-2015-0059,2015-09-05,2015-09-06,Kerala,,
UEI-IMD-FL-2015-0099,2015-09-06,2015-09-12,Telangana,,5.0
UEI-IMD-FL-2015-0076,2015-09-14,2015-09-16,Odisha,,4.0
UEI-IMD-FL-2015-0016,2015-09-18,2015-09-22,Chhattisgarh,,2.0
UEI-IMD-FL-2015-0013,2015-09-23,2015-09-25,Assam,,
UEI-IMD-FL-2015-0032,2015-09-23,2015-09-23,Jammu and Kashmir,,
UEI-IMD-FL-2015-0060,2015-09-27,2015-09-28,Kerala,,
UEI-IMD-FL-2015-0041,2015-09-29,2015-09-29,Karnataka,,
UEI-IMD-FL-2015-0042,2015-10-01,2015-10-04,Karnataka,,4.0
UEI-IMD-FL-2015-0061,2015-10-08,2015-10-09,Kerala,,
UEI-IMD-FL-2015-0102,2015-10-28,2015-10-28,Uttar Pradesh,,2.0
UEI-IMD-FL-2015-0062,2015-10-30,2015-10-31,Kerala,,
UEI-IMD-FL-2015-0063,2015-11-01,2015-11-21,Kerala,,2.0
UEI-IMD-FL-2015-0043,2015-11-02,2015-11-02,Karnataka,,
UEI-IMD-FL-2015-0092,2015-11-09,2015-11-09,Tamil Nadu,,13.0
UEI-IMD-FL-2015-0093,2015-11-11,2015-11-13,Tamil Nadu,,25.0
UEI-IMD-FL-2015-0002,2015-11-15,2015-11-23,Andhra Pradesh,,88.0
UEI-IMD-FL-2015-0094,2015-11-18,2015-11-22,Tamil Nadu,,47.0
UEI-IMD-FL-2015-0095,2015-11-23,2015-11-23,Tamil Nadu,,50.0
UEI-IMD-FL-2015-0096,2015-11-28,2015-11-30,Tamil Nadu,,32.0
UEI-IMD-FL-2015-0097,2015-12-01,2015-12-03,Tamil Nadu,,17.0
UEI-IMD-FL-2015-0103,2015-12-01,2015-12-01,Uttar Pradesh,,5.0
UEI-IMD-FL-2015-0107,2015-12-02,2015-12-02,Puducherry,,2.0
UEI-IMD-FL-2015-0064,2015-12-08,2015-12-19,Kerala,,
UEI-IMD-FL-2015-0098,2015-12-08,2015-12-11,Tamil Nadu,,30.0
UEI-IMD-FL-2015-0003,2015-12-22,2015-12-22,Andhra Pradesh,,4.0
UEI-IMD-FL-2016-0117,2016-03-02,2016-03-02,Telangana,,
UEI-IMD-FL-2016-0121,2016-03-12,2016-03-12,Uttar Pradesh,,5.0
UEI-IMD-FL-2016-0076,2016-04-14,2016-04-14,Kerala,,2.0
UEI-IMD-FL-2016-0009,2016-04-21,2016-04-21,Assam,,42.0
UEI-IMD-FL-2016-0004,2016-04-22,2016-04-22,Arunachal Pradesh,,17.0
UEI-IMD-FL-2016-0005,2016-04-24,2016-04-27,Arunachal Pradesh,,
UEI-IMD-FL-2016-0010,2016-04-24,2016-04-27,Assam,,8.0
UEI-IMD-FL-2016-0126,2016-05-08,2016-05-08,Uttarakhand,,
UEI-IMD-FL-2016-0039,2016-05-10,2016-05-10,Himachal Pradesh,,5.0
UEI-IMD-FL-2016-0049,2016-05-12,2016-05-12,Jammu and Kashmir,,
UEI-IMD-FL-2016-0011,2016-05-17,2016-05-17,Assam,,11.0
UEI-IMD-FL-2016-0012,2016-05-18,2016-05-18,Assam,,
UEI-IMD-FL-2016-0023,2016-05-18,2016-05-18,Bihar,,
UEI-IMD-FL-2016-0120,2016-05-18,2016-05-18,Tripura,,
UEI-IMD-FL-2016-0091,2016-05-21,2016-05-21,Maharashtra,,2.0
UEI-IMD-FL-2016-0127,2016-05-22,2016-05-22,Uttarakhand,,10.0
UEI-IMD-FL-2016-0106,2016-05-23,2016-05-23,Mizoram,,3.0
UEI-IMD-FL-2016-0128,2016-05-28,2016-05-28,Uttarakhand,,5.0
UEI-IMD-FL-2016-0077,2016-05-31,2016-05-31,Kerala,,1.0
UEI-IMD-FL-2016-0038,2016-06-01,2016-09-28,Gujarat,,81.0
UEI-IMD-FL-2016-0032,2016-06-02,2016-06-03,Chhattisgarh,,
UEI-IMD-FL-2016-0092,2016-06-06,2016-06-06,Maharashtra,,2.0
UEI-IMD-FL-2016-0050,2016-06-07,2016-06-07,Jammu and Kashmir,,2.0
UEI-IMD-FL-2016-0078,2016-06-07,2016-06-09,Kerala,,2.0
UEI-IMD-FL-2016-0079,2016-06-10,2016-06-13,Kerala,,2.0
UEI-IMD-FL-2016-0115,2016-06-11,2016-06-13,Tamil Nadu,,3.0
UEI-IMD-FL-2016-0033,2016-06-12,2016-06-13,Chhattisgarh,,
UEI-IMD-FL-2016-0040,2016-06-15,2016-06-16,Himachal Pradesh,,
UEI-IMD-FL-2016-0080,2016-06-16,2016-06-19,Kerala,,
UEI-IMD-FL-2016-0013,2016-06-19,2016-06-25,Assam,,
UEI-IMD-FL-2016-0062,2016-06-20,2016-06-20,Karnataka,,1.0
UEI-IMD-FL-2016-0093,2016-06-20,2016-06-20,Maharashtra,,1.0
UEI-IMD-FL-2016-0063,2016-06-22,2016-06-22,Karnataka,,2.0
UEI-IMD-FL-2016-0094,2016-06-25,2016-06-25,Maharashtra,,2.0
UEI-IMD-FL-2016-0081,2016-06-26,2016-06-29,Kerala,,
UEI-IMD-FL-2016-0064,2016-06-27,2016-06-27,Karnataka,,1.0
UEI-IMD-FL-2016-0085,2016-06-30,2016-06-30,Madhya Pradesh,,
UEI-IMD-FL-2016-0006,2016-07-01,2016-07-01,Arunachal Pradesh,,10.0
UEI-IMD-FL-2016-0095,2016-07-01,2016-07-03,Maharashtra,,11.0
UEI-IMD-FL-2016-0122,2016-07-01,2016-07-03,Uttar Pradesh,,26.0
UEI-IMD-FL-2016-0082,2016-07-02,2016-07-02,Kerala,,
UEI-IMD-FL-2016-0014,2016-07-03,2016-07-07,Assam,,2.0
UEI-IMD-FL-2016-0041,2016-07-03,2016-07-04,Himachal Pradesh,,
UEI-IMD-FL-2016-0055,2016-07-03,2016-07-05,Jharkhand,,2.0
UEI-IMD-FL-2016-0065,2016-07-03,2016-07-06,Karnataka,,
UEI-IMD-FL-2016-0129,2016-07-03,2016-07-03,Uttarakhand,,20.0
UEI-IMD-FL-2016-0086,2016-07-06,2016-07-06,Madhya Pradesh,,6.0
UEI-IMD-FL-2016-0015,2016-07-07,2016-07-07,Assam,,2.0
UEI-IMD-FL-2016-0087,2016-07-07,2016-07-07,Madhya Pradesh,,3.0
UEI-IMD-FL-2016-0088,2016-07-08,2016-07-10,Madhya Pradesh,,11.0
UEI-IMD-FL-2016-0096,2016-07-08,2016-07-10,Maharashtra,,9.0
UEI-IMD-FL-2016-0042,2016-07-10,2016-07-17,Himachal Pradesh,,
UEI-IMD-FL-2016-0083,2016-07-10,2016-07-15,Kerala,,1.0
UEI-IMD-FL-2016-0066,2016-07-11,2016-07-12,Karnataka,,1.0
UEI-IMD-FL-2016-0097,2016-07-11,2016-07-12,Maharashtra,,1.0
UEI-IMD-FL-2016-0109,2016-07-11,2016-07-11,Rajasthan,,
UEI-IMD-FL-2016-0098,2016-07-12,2016-07-12,Maharashtra,,2.0
UEI-IMD-FL-2016-0016,2016-07-13,2016-07-18,Assam,,2.0
UEI-IMD-FL-2016-0001,2016-07-14,2016-07-14,Andhra Pradesh,,
UEI-IMD-FL-2016-0017,2016-07-14,2016-07-14,Assam,,2.0
UEI-IMD-FL-2016-0067,2016-07-15,2016-07-15,Karnataka,,
UEI-IMD-FL-2016-0110,2016-07-15,2016-07-15,Rajasthan,,
UEI-IMD-FL-2016-0130,2016-07-16,2016-07-17,Uttarakhand,,15.0
UEI-IMD-FL-2016-0123,2016-07-18,2016-07-18,Uttar Pradesh,,10.0
UEI-IMD-FL-2016-0132,2016-07-20,2016-07-20,West Bengal,,3.0
UEI-IMD-FL-2016-0018,2016-07-21,2016-07-31,Assam,,22.0
UEI-IMD-FL-2016-0131,2016-07-21,2016-07-23,Uttarakhand,,11.0
UEI-IMD-FL-2016-0068,2016-07-22,2016-07-22,Karnataka,,
UEI-IMD-FL-2016-0043,2016-07-23,2016-07-31,Himachal Pradesh,,2.0
UEI-IMD-FL-2016-0133,2016-07-24,2016-07-25,West Bengal,,4.0
UEI-IMD-FL-2016-0024,2016-07-25,2016-07-27,Bihar,,
UEI-IMD-FL-2016-0116,2016-07-26,2016-07-26,Tamil Nadu,,2.0
UEI-IMD-FL-2016-0051,2016-07-27,2016-07-27,Jammu and Kashmir,,3.0
UEI-IMD-FL-2016-0099,2016-07-28,2016-07-28,Maharashtra,,2.0
UEI-IMD-FL-2016-0111,2016-07-28,2016-07-28,Rajasthan,,
UEI-IMD-FL-2016-0069,2016-07-29,2016-07-29,Karnataka,,
UEI-IMD-FL-2016-0100,2016-07-30,2016-07-31,Maharashtra,,1.0
UEI-IMD-FL-2016-0124,2016-07-30,2016-07-30,Uttar Pradesh,,3.0
UEI-IMD-FL-2016-0070,2016-07-31,2016-07-31,Karnataka,,
UEI-IMD-FL-2016-0019,2016-08-01,2016-08-05,Assam,,3.0
UEI-IMD-FL-2016-0044,2016-08-01,2016-08-02,Himachal Pradesh,,1.0
UEI-IMD-FL-2016-0101,2016-08-01,2016-08-01,Maharashtra,,9.0
UEI-IMD-FL-2016-0034,2016-08-02,2016-08-02,Chhattisgarh,,1.0
UEI-IMD-FL-2016-0089,2016-08-02,2016-08-02,Madhya Pradesh,,4.0
UEI-IMD-FL-2016-0102,2016-08-02,2016-08-02,Maharashtra,,
UEI-IMD-FL-2016-0056,2016-08-03,2016-08-03,Jharkhand,,1.0
UEI-IMD-FL-2016-0103,2016-08-03,2016-08-03,Maharashtra,,
UEI-IMD-FL-2016-0108,2016-08-03,2016-08-08,Odisha,,2.0
UEI-IMD-FL-2016-0007,2016-08-05,2016-08-05,Arunachal Pradesh,,3.0
UEI-IMD-FL-2016-0045,2016-08-05,2016-08-07,Himachal Pradesh,,1.0
UEI-IMD-FL-2016-0052,2016-08-05,2016-08-05,Jammu and Kashmir,,5.0
UEI-IMD-FL-2016-0071,2016-08-05,2016-08-09,Karnataka,,
UEI-IMD-FL-2016-0053,2016-08-06,2016-08-07,Jammu and Kashmir,,2.0
UEI-IMD-FL-2016-0113,2016-08-06,2016-08-20,Rajasthan,,11.0
UEI-IMD-FL-2016-0112,2016-08-09,2016-08-13,Rajasthan,,
UEI-IMD-FL-2016-0046,2016-08-10,2016-08-12,Himachal Pradesh,,1.0
UEI-IMD-FL-2016-0025,2016-08-12,2016-08-12,Bihar,,
UEI-IMD-FL-2016-0057,2016-08-12,2016-08-12,Jharkhand,,4.0
UEI-IMD-FL-2016-0020,2016-08-13,2016-08-13,Assam,,2.0
UEI-IMD-FL-2016-0125,2016-08-16,2016-08-16,Uttar Pradesh,,8.0
UEI-IMD-FL-2016-0026,2016-08-17,2016-08-21,Bihar,,9.0
UEI-IMD-FL-2016-0047,2016-08-17,2016-08-18,Himachal Pradesh,,2.0
UEI-IMD-FL-2016-0134,2016-08-17,2016-08-17,West Bengal,,3.0
UEI-IMD-FL-2016-0072,2016-08-18,2016-08-18,Karnataka,,
UEI-IMD-FL-2016-0035,2016-08-19,2016-08-19,Chhattisgarh,,5.0
UEI-IMD-FL-2016-0090,2016-08-19,2016-08-20,Madhya Pradesh,,23.0
UEI-IMD-FL-2016-0059,2016-08-22,2016-08-23,Jharkhand,,
UEI-IMD-FL-2016-0027,2016-08-23,2016-08-25,Bihar,,
UEI-IMD-FL-2016-0135,2016-08-23,2016-08-29,West Bengal,,5.0
UEI-IMD-FL-2016-0054,2016-08-24,2016-08-24,Jammu and Kashmir,,3.0
UEI-IMD-FL-2016-0048,2016-08-25,2016-08-26,Himachal Pradesh,,5.0
UEI-IMD-FL-2016-0036,2016-08-26,2016-08-31,Chhattisgarh,,6.0
UEI-IMD-FL-2016-0028,2016-08-28,2016-08-28,Bihar,,
UEI-IMD-FL-2016-0029,2016-08-30,2016-08-30,Bihar,,
UEI-IMD-FL-2016-0118,2016-08-31,2016-08-31,Telangana,,
UEI-IMD-FL-2016-0003,2016-09-01,2016-09-30,Andhra Pradesh,,20.0
UEI-IMD-FL-2016-0021,2016-09-01,2016-09-07,Assam,,
UEI-IMD-FL-2016-0030,2016-09-01,2016-09-02,Bihar,,11.0
UEI-IMD-FL-2016-0119,2016-09-01,2016-09-30,Telangana,,49.0
UEI-IMD-FL-2016-0031,2016-09-03,2016-09-03,Bihar,,19.0
UEI-IMD-FL-2016-0060,2016-09-09,2016-09-12,Jharkhand,,1.0
UEI-IMD-FL-2016-0008,2016-09-11,2016-09-12,Arunachal Pradesh,,
UEI-IMD-FL-2016-0037,2016-09-11,2016-09-13,Chhattisgarh,,4.0
UEI-IMD-FL-2016-0022,2016-09-13,2016-09-16,Assam,,
UEI-IMD-FL-2016-0002,2016-09-15,2016-09-16,Andhra Pradesh,,
UEI-IMD-FL-2016-0073,2016-09-15,2016-09-16,Karnataka,,
UEI-IMD-FL-2016-0058,2016-09-16,2016-09-18,Jharkhand,,9.0
UEI-IMD-FL-2016-0084,2016-09-18,2016-09-18,Kerala,,6.0
UEI-IMD-FL-2016-0107,2016-09-18,2016-09-18,Mizoram,,5.0
UEI-IMD-FL-2016-0074,2016-09-22,2016-09-26,Karnataka,,
UEI-IMD-FL-2016-0104,2016-09-24,2016-09-26,Maharashtra,,2.0
UEI-IMD-FL-2016-0105,2016-10-02,2016-10-04,Maharashtra,,
UEI-IMD-FL-2016-0061,2016-10-09,2016-10-09,Jharkhand,,1.0
UEI-IMD-FL-2016-0114,2016-11-22,2016-11-30,Rajasthan,,
UEI-IMD-FL-2016-0075,2016-12-13,2016-12-14,Karnataka,,
UEI-IMD-FL-2017-0021,2017-01-06,2017-09-30,Gujarat,,288.0
UEI-IMD-FL-2017-0093,2017-02-06,2017-02-06,Nagaland,,2.0
UEI-IMD-FL-2017-0112,2017-02-06,2017-02-06,Tripura,,
UEI-IMD-FL-2017-0002,2017-02-22,2017-02-22,Assam,,3.0
UEI-IMD-FL-2017-0078,2017-03-05,2017-03-05,Maharashtra,,1.0
UEI-IMD-FL-2017-0065,2017-03-15,2017-03-16,Kerala,,
UEI-IMD-FL-2017-0110,2017-03-17,2017-03-17,Telangana,,
UEI-IMD-FL-2017-0003,2017-03-31,2017-03-31,Assam,,1.0
UEI-IMD-FL-2017-0004,2017-04-01,2017-04-02,Assam,,
UEI-IMD-FL-2017-0113,2017-04-06,2017-04-06,Tripura,,5.0
UEI-IMD-FL-2017-0033,2017-04-22,2017-04-22,Jammu & Kashmir,,2.0
UEI-IMD-FL-2017-0013,2017-05-09,2017-05-09,Bihar,,15.0
UEI-IMD-FL-2017-0040,2017-05-10,2017-05-10,Karnataka,,
UEI-IMD-FL-2017-0041,2017-05-18,2017-05-18,Karnataka,,
UEI-IMD-FL-2017-0120,2017-05-20,2017-05-20,Uttarakhand,,13.0
UEI-IMD-FL-2017-0096,2017-05-23,2017-05-23,Rajasthan,,1.0
UEI-IMD-FL-2017-0042,2017-05-24,2017-05-24,Karnataka,,3.0
UEI-IMD-FL-2017-0043,2017-05-27,2017-05-27,Karnataka,,1.0
UEI-IMD-FL-2017-0104,2017-05-28,2017-05-28,Tamil Nadu,,
UEI-IMD-FL-2017-0090,2017-05-29,2017-05-31,Manipur,,2.0
UEI-IMD-FL-2017-0066,2017-06-03,2017-06-03,Kerala,,
UEI-IMD-FL-2017-0067,2017-06-05,2017-06-05,Kerala,,
UEI-IMD-FL-2017-0022,2017-06-06,2017-06-06,Himachal Pradesh,,8.0
UEI-IMD-FL-2017-0044,2017-06-07,2017-06-07,Karnataka,,1.0
UEI-IMD-FL-2017-0045,2017-06-11,2017-06-12,Karnataka,,1.0
UEI-IMD-FL-2017-0005,2017-06-13,2017-06-15,Assam,,3.0
UEI-IMD-FL-2017-0114,2017-06-15,2017-06-19,Tripura,,
UEI-IMD-FL-2017-0046,2017-06-17,2017-06-17,Karnataka,,
UEI-IMD-FL-2017-0091,2017-06-17,2017-06-17,Meghalaya,,5.0
UEI-IMD-FL-2017-0006,2017-06-18,2017-06-20,Assam,,1.0
UEI-IMD-FL-2017-0023,2017-06-21,2017-06-21,Himachal Pradesh,,2.0
UEI-IMD-FL-2017-0034,2017-06-21,2017-06-21,Jammu & Kashmir,,
UEI-IMD-FL-2017-0047,2017-06-21,2017-06-27,Karnataka,,1.0
UEI-IMD-FL-2017-0079,2017-06-24,2017-06-24,Maharashtra,,2.0
UEI-IMD-FL-2017-0007,2017-06-26,2017-06-28,Assam,,
UEI-IMD-FL-2017-0080,2017-06-26,2017-06-26,Maharashtra,,
UEI-IMD-FL-2017-0024,2017-06-27,2017-06-27,Himachal Pradesh,,
UEI-IMD-FL-2017-0008,2017-07-01,2017-07-07,Assam,,14.0
UEI-IMD-FL-2017-0014,2017-07-01,2017-07-02,Bihar,,
UEI-IMD-FL-2017-0097,2017-07-01,2017-07-01,Rajasthan,,1.0
UEI-IMD-FL-2017-0015,2017-07-05,2017-07-05,Bihar,,
UEI-IMD-FL-2017-0111,2017-07-05,2017-07-05,Telangana,,
UEI-IMD-FL-2017-0116,2017-07-08,2017-07-08,Uttar Pradesh,,2.0
UEI-IMD-FL-2017-0009,2017-07-09,2017-07-13,Assam,,24.0
UEI-IMD-FL-2017-0001,2017-07-11,2017-07-11,Andhra Pradesh,,15.0
UEI-IMD-FL-2017-0016,2017-07-11,2017-07-13,Bihar,,4.0
UEI-IMD-FL-2017-0019,2017-07-11,2017-07-11,Chhattisgarh,,3.0
UEI-IMD-FL-2017-0117,2017-07-11,2017-07-11,Uttar Pradesh,,10.0
UEI-IMD-FL-2017-0025,2017-07-12,2017-07-12,Himachal Pradesh,,1.0
UEI-IMD-FL-2017-0098,2017-07-14,2017-07-14,Rajasthan,,1.0
UEI-IMD-FL-2017-0010,2017-07-15,2017-07-24,Assam,,27.0
UEI-IMD-FL-2017-0094,2017-07-15,2017-07-19,Odisha,,3.0
UEI-IMD-FL-2017-0026,2017-07-16,2017-07-16,Himachal Pradesh,,3.0
UEI-IMD-FL-2017-0081,2017-07-16,2017-07-16,Maharashtra,,1.0
UEI-IMD-FL-2017-0027,2017-07-17,2017-07-18,Himachal Pradesh,,2.0
UEI-IMD-FL-2017-0035,2017-07-17,2017-07-17,Jammu & Kashmir,,2.0
UEI-IMD-FL-2017-0082,2017-07-17,2017-07-17,Maharashtra,,1.0
UEI-IMD-FL-2017-0036,2017-07-18,2017-07-18,Jammu & Kashmir,,
UEI-IMD-FL-2017-0083,2017-07-18,2017-07-18,Maharashtra,,1.0
UEI-IMD-FL-2017-0048,2017-07-19,2017-07-19,Karnataka,,1.0
UEI-IMD-FL-2017-0084,2017-07-19,2017-07-19,Maharashtra,,1.0
UEI-IMD-FL-2017-0037,2017-07-20,2017-07-20,Jammu & Kashmir,,8.0
UEI-IMD-FL-2017-0049,2017-07-21,2017-07-21,Karnataka,,1.0
UEI-IMD-FL-2017-0122,2017-07-21,2017-07-31,West Bengal,,46.0
UEI-IMD-FL-2017-0099,2017-07-24,2017-07-28,Rajasthan,,17.0
UEI-IMD-FL-2017-0020,2017-07-29,2017-07-29,Chhattisgarh,,24.0
UEI-IMD-FL-2017-0100,2017-07-30,2017-07-30,Rajasthan,,3.0
UEI-IMD-FL-2017-0038,2017-08-02,2017-08-02,Jammu & Kashmir,,
UEI-IMD-FL-2017-0095,2017-08-02,2017-08-02,Odisha,,1.0
UEI-IMD-FL-2017-0068,2017-08-04,2017-08-04,Kerala,,1.0
UEI-IMD-FL-2017-0028,2017-08-05,2017-08-05,Himachal Pradesh,,1.0
UEI-IMD-FL-2017-0069,2017-08-06,2017-08-06,Kerala,,2.0
UEI-IMD-FL-2017-0030,2017-08-08,2017-08-09,Himachal Pradesh,,
UEI-IMD-FL-2017-0101,2017-08-08,2017-08-08,Rajasthan,,8.0
UEI-IMD-FL-2017-0123,2017-08-08,2017-08-14,West Bengal,,32.0
UEI-IMD-FL-2017-0085,2017-08-09,2017-08-10,Maharashtra,,
UEI-IMD-FL-2017-0011,2017-08-10,2017-08-21,Assam,,72.0
UEI-IMD-FL-2017-0050,2017-08-10,2017-08-11,Karnataka,,2.0
UEI-IMD-FL-2017-0017,2017-08-13,2017-08-15,Bihar,,74.0
UEI-IMD-FL-2017-0031,2017-08-13,2017-08-14,Himachal Pradesh,,46.0
UEI-IMD-FL-2017-0121,2017-08-13,2017-08-13,Uttarakhand,,1.0
UEI-IMD-FL-2017-0051,2017-08-14,2017-08-15,Karnataka,,2.0
UEI-IMD-FL-2017-0118,2017-08-14,2017-08-14,Uttar Pradesh,,16.0
UEI-IMD-FL-2017-0052,2017-08-17,2017-08-17,Karnataka,,
UEI-IMD-FL-2017-0032,2017-08-18,2017-08-20,Himachal Pradesh,,1.0
UEI-IMD-FL-2017-0086,2017-08-20,2017-08-20,Maharashtra,,5.0
UEI-IMD-FL-2017-0087,2017-08-21,2017-08-21,Maharashtra,,3.0
UEI-IMD-FL-2017-0018,2017-08-25,2017-08-25,Bihar,,12.0
UEI-IMD-FL-2017-0053,2017-08-26,2017-08-27,Karnataka,,2.0
UEI-IMD-FL-2017-0092,2017-08-26,2017-08-26,Mizoram,,
UEI-IMD-FL-2017-0054,2017-08-28,2017-08-28,Karnataka,,3.0
UEI-IMD-FL-2017-0070,2017-08-28,2017-08-28,Kerala,,
UEI-IMD-FL-2017-0055,2017-08-29,2017-08-30,Karnataka,,
UEI-IMD-FL-2017-0088,2017-08-29,2017-08-29,Maharashtra,,2.0
UEI-IMD-FL-2017-0089,2017-08-30,2017-08-30,Maharashtra,,15.0
UEI-IMD-FL-2017-0105,2017-09-01,2017-09-01,Tamil Nadu,,
UEI-IMD-FL-2017-0119,2017-09-04,2017-09-10,Uttar Pradesh,,110.0
UEI-IMD-FL-2017-0056,2017-09-05,2017-09-06,Karnataka,,5.0
UEI-IMD-FL-2017-0071,2017-09-05,2017-09-07,Kerala,,
UEI-IMD-FL-2017-0106,2017-09-06,2017-09-06,Tamil Nadu,,3.0
UEI-IMD-FL-2017-0012,2017-09-07,2017-09-11,Assam,,2.0
UEI-IMD-FL-2017-0057,2017-09-08,2017-09-10,Karnataka,,12.0
UEI-IMD-FL-2017-0072,2017-09-08,2017-09-10,Kerala,,6.0
UEI-IMD-FL-2017-0058,2017-09-13,2017-09-15,Karnataka,,5.0
UEI-IMD-FL-2017-0059,2017-09-17,2017-09-17,Karnataka,,1.0
UEI-IMD-FL-2017-0073,2017-09-17,2017-09-17,Kerala,,4.0
UEI-IMD-FL-2017-0074,2017-09-18,2017-09-19,Kerala,,5.0
UEI-IMD-FL-2017-0103,2017-09-20,2017-09-20,Sikkim,,3.0
UEI-IMD-FL-2017-0060,2017-09-26,2017-09-28,Karnataka,,4.0
UEI-IMD-FL-2017-0061,2017-09-29,2017-09-30,Karnataka,,2.0
UEI-IMD-FL-2017-0107,2017-10-04,2017-10-05,Tamil Nadu,,5.0
UEI-IMD-FL-2017-0062,2017-10-05,2017-10-08,Karnataka,,
UEI-IMD-FL-2017-0039,2017-10-09,2017-10-09,Jammu & Kashmir,,1.0
UEI-IMD-FL-2017-0108,2017-10-12,2017-10-12,Tamil Nadu,,2.0
UEI-IMD-FL-2017-0063,2017-10-13,2017-10-15,Karnataka,,10.0
UEI-IMD-FL-2017-0075,2017-10-22,2017-10-22,Kerala,,
UEI-IMD-FL-2017-0076,2017-11-02,2017-11-03,Kerala,,
UEI-IMD-FL-2017-0109,2017-11-02,2017-11-04,Tamil Nadu,,10.0
UEI-IMD-FL-2017-0077,2017-11-05,2017-11-06,Kerala,,
UEI-IMD-FL-2017-0115,2017-11-08,2017-11-08,Tripura,,3.0
UEI-IMD-FL-2017-0064,2017-12-01,2017-12-01,Karnataka,,
UEI-IMD-FL-2017-0102,2017-12-09,2017-12-09,Rajasthan,,2.0
UEI-IMD-FL-2018-0065,2018-01-08,2018-08-31,Nagaland,,12.0
UEI-IMD-FL-2018-0046,2018-02-12,2018-02-12,Maharashtra,,
UEI-IMD-FL-2018-0077,2018-03-14,2018-03-16,Tamil Nadu,,
UEI-IMD-FL-2018-0030,2018-03-18,2018-03-18,Kerala,,
UEI-IMD-FL-2018-0001,2018-03-19,2018-03-19,Andhra Pradesh,,
UEI-IMD-FL-2018-0082,2018-03-19,2018-03-19,Telangana,,
UEI-IMD-FL-2018-0084,2018-04-06,2018-04-06,Uttar Pradesh,,1.0
UEI-IMD-FL-2018-0085,2018-04-11,2018-04-11,Uttar Pradesh,,17.0
UEI-IMD-FL-2018-0047,2018-04-15,2018-04-15,Maharashtra,,
UEI-IMD-FL-2018-0031,2018-04-22,2018-04-22,Kerala,,
UEI-IMD-FL-2018-0002,2018-05-01,2018-05-01,Andhra Pradesh,,6.0
UEI-IMD-FL-2018-0014,2018-05-09,2018-05-09,Jammu & Kashmir,,
UEI-IMD-FL-2018-0022,2018-05-10,2018-05-10,Karnataka,,
UEI-IMD-FL-2018-0032,2018-05-13,2018-05-14,Kerala,,
UEI-IMD-FL-2018-0064,2018-05-13,2018-05-13,Mizoram,,1.0
UEI-IMD-FL-2018-0033,2018-05-16,2018-05-17,Kerala,,
UEI-IMD-FL-2018-0078,2018-05-20,2018-05-20,Tamil Nadu,,1.0
UEI-IMD-FL-2018-0083,2018-05-20,2018-05-20,Tripura,,6.0
UEI-IMD-FL-2018-0034,2018-05-21,2018-05-21,Kerala,,1.0
UEI-IMD-FL-2018-0048,2018-05-27,2018-05-27,Maharashtra,,1.0
UEI-IMD-FL-2018-0023,2018-05-29,2018-05-29,Karnataka,,1.0
UEI-IMD-FL-2018-0035,2018-05-29,2018-07-31,Kerala,,138.0
UEI-IMD-FL-2018-0049,2018-06-01,2018-06-02,Maharashtra,,
UEI-IMD-FL-2018-0024,2018-06-02,2018-06-02,Karnataka,,2.0
UEI-IMD-FL-2018-0025,2018-06-03,2018-06-04,Karnataka,,
UEI-IMD-FL-2018-0050,2018-06-06,2018-06-06,Maharashtra,,1.0
UEI-IMD-FL-2017-0029,2018-06-08,2018-06-08,Himachal Pradesh,,3.0
UEI-IMD-FL-2018-0026,2018-06-08,2018-06-11,Karnataka,,2.0
UEI-IMD-FL-2018-0086,2018-06-08,2018-06-08,Uttar Pradesh,,10.0
UEI-IMD-FL-2018-0051,2018-06-10,2018-06-10,Maharashtra,,5.0
UEI-IMD-FL-2018-0052,2018-06-11,2018-06-11,Maharashtra,,
UEI-IMD-FL-2018-0027,2018-06-12,2018-06-14,Karnataka,,
UEI-IMD-FL-2018-0005,2018-06-14,2018-06-29,Assam,,32.0
UEI-IMD-FL-2018-0041,2018-06-22,2018-06-22,Madhya Pradesh,,1.0
UEI-IMD-FL-2018-0009,2018-06-25,2018-06-26,Gujarat,,4.0
UEI-IMD-FL-2018-0053,2018-06-25,2018-06-25,Maharashtra,,8.0
UEI-IMD-FL-2018-0118,2018-06-25,2018-06-25,West Bengal,,1.0
UEI-IMD-FL-2018-0028,2018-06-28,2018-06-28,Karnataka,,
UEI-IMD-FL-2018-0070,2018-06-28,2018-06-28,Rajasthan,,4.0
UEI-IMD-FL-2018-0015,2018-07-03,2018-07-03,Jammu & Kashmir,,3.0
UEI-IMD-FL-2018-0054,2018-07-03,2018-07-03,Maharashtra,,1.0
UEI-IMD-FL-2018-0055,2018-07-07,2018-07-07,Maharashtra,,4.0
UEI-IMD-FL-2018-0056,2018-07-08,2018-07-08,Maharashtra,,3.0
UEI-IMD-FL-2018-0057,2018-07-10,2018-07-10,Maharashtra,,1.0
UEI-IMD-FL-2018-0058,2018-07-11,2018-07-11,Maharashtra,,4.0
UEI-IMD-FL-2018-0087,2018-07-11,2018-07-11,Uttar Pradesh,,7.0
UEI-IMD-FL-2018-0116,2018-07-11,2018-07-11,Uttarakhand,,7.0
UEI-IMD-FL-2018-0042,2018-07-12,2018-07-12,Madhya Pradesh,,1.0
UEI-IMD-FL-2018-0010,2018-07-13,2018-07-13,Gujarat,,1.0
UEI-IMD-FL-2018-0088,2018-07-13,2018-07-13,Uttar Pradesh,,1.0
UEI-IMD-FL-2018-0066,2018-07-15,2018-07-24,Odisha,,12.0
UEI-IMD-FL-2018-0011,2018-07-17,2018-07-17,Gujarat,,27.0
UEI-IMD-FL-2018-0043,2018-07-17,2018-07-17,Madhya Pradesh,,1.0
UEI-IMD-FL-2018-0059,2018-07-21,2018-07-21,Maharashtra,,
UEI-IMD-FL-2018-0016,2018-07-23,2018-07-25,Jammu & Kashmir,,
UEI-IMD-FL-2018-0119,2018-07-23,2018-07-23,West Bengal,,2.0
UEI-IMD-FL-2018-0071,2018-07-24,2018-07-24,Rajasthan,,4.0
UEI-IMD-FL-2018-0072,2018-07-25,2018-07-25,Rajasthan,,5.0
UEI-IMD-FL-2018-0089,2018-07-26,2018-07-26,Uttar Pradesh,,17.0
UEI-IMD-FL-2018-0090,2018-07-27,2018-07-27,Uttar Pradesh,,33.0
UEI-IMD-FL-2018-0091,2018-07-28,2018-07-28,Uttar Pradesh,,27.0
UEI-IMD-FL-2018-0006,2018-07-29,2018-07-31,Assam,,2.0
UEI-IMD-FL-2018-0092,2018-07-29,2018-07-29,Uttar Pradesh,,7.0
UEI-IMD-FL-2018-0093,2018-07-30,2018-07-30,Uttar Pradesh,,8.0
UEI-IMD-FL-2018-0094,2018-07-31,2018-07-31,Uttar Pradesh,,19.0
UEI-IMD-FL-2018-0007,2018-08-01,2018-08-31,Assam,,14.0
UEI-IMD-FL-2018-0029,2018-08-01,2018-08-22,Karnataka,,8.0
UEI-IMD-FL-2018-0036,2018-08-01,2018-08-30,Kerala,,339.0
UEI-IMD-FL-2018-0095,2018-08-01,2018-08-01,Uttar Pradesh,,13.0
UEI-IMD-FL-2018-0096,2018-08-02,2018-08-02,Uttar Pradesh,,11.0
UEI-IMD-FL-2018-0097,2018-08-03,2018-08-03,Uttar Pradesh,,10.0
UEI-IMD-FL-2018-0098,2018-08-04,2018-08-04,Uttar Pradesh,,8.0
UEI-IMD-FL-2018-0099,2018-08-05,2018-08-05,Uttar Pradesh,,13.0
UEI-IMD-FL-2018-0100,2018-08-06,2018-08-06,Uttar Pradesh,,2.0
UEI-IMD-FL-2018-0017,2018-08-09,2018-08-09,Jammu & Kashmir,,
UEI-IMD-FL-2018-0012,2018-08-12,2018-08-13,Himachal Pradesh,,16.0
UEI-IMD-FL-2018-0101,2018-08-12,2018-08-12,Uttar Pradesh,,5.0
UEI-IMD-FL-2018-0102,2018-08-13,2018-08-13,Uttar Pradesh,,9.0
UEI-IMD-FL-2018-0018,2018-08-14,2018-08-14,Jammu & Kashmir,,6.0
UEI-IMD-FL-2018-0067,2018-08-14,2018-08-20,Odisha,,9.0
UEI-IMD-FL-2018-0103,2018-08-14,2018-08-14,Uttar Pradesh,,2.0
UEI-IMD-FL-2018-0060,2018-08-17,2018-08-18,Maharashtra,,5.0
UEI-IMD-FL-2018-0061,2018-08-19,2018-08-19,Maharashtra,,1.0
UEI-IMD-FL-2018-0104,2018-08-19,2018-08-19,Uttar Pradesh,,4.0
UEI-IMD-FL-2018-0003,2018-08-20,2018-08-21,Andhra Pradesh,,4.0
UEI-IMD-FL-2018-0062,2018-08-20,2018-08-21,Maharashtra,,11.0
UEI-IMD-FL-2018-0073,2018-08-20,2018-08-20,Rajasthan,,4.0
UEI-IMD-FL-2018-0074,2018-08-22,2018-08-22,Rajasthan,,4.0
UEI-IMD-FL-2018-0105,2018-08-24,2018-08-24,Uttar Pradesh,,12.0
UEI-IMD-FL-2018-0106,2018-08-27,2018-08-27,Uttar Pradesh,,11.0
UEI-IMD-FL-2018-0107,2018-08-30,2018-08-30,Uttar Pradesh,,1.0
UEI-IMD-FL-2018-0117,2018-08-30,2018-08-30,Uttarakhand,,6.0
UEI-IMD-FL-2018-0008,2018-09-01,2018-09-30,Assam,,3.0
UEI-IMD-FL-2018-0108,2018-09-01,2018-09-01,Uttar Pradesh,,11.0
UEI-IMD-FL-2018-0109,2018-09-02,2018-09-02,Uttar Pradesh,,8.0
UEI-IMD-FL-2018-0044,2018-09-04,2018-09-04,Madhya Pradesh,,4.0
UEI-IMD-FL-2018-0110,2018-09-04,2018-09-04,Uttar Pradesh,,11.0
UEI-IMD-FL-2018-0111,2018-09-05,2018-09-05,Uttar Pradesh,,18.0
UEI-IMD-FL-2018-0112,2018-09-06,2018-09-06,Uttar Pradesh,,
UEI-IMD-FL-2018-0113,2018-09-07,2018-09-07,Uttar Pradesh,,2.0
UEI-IMD-FL-2018-0075,2018-09-08,2018-09-08,Rajasthan,,3.0
UEI-IMD-FL-2018-0076,2018-09-09,2018-09-09,Rajasthan,,2.0
UEI-IMD-FL-2018-0114,2018-09-09,2018-09-09,Uttar Pradesh,,6.0
UEI-IMD-FL-2018-0004,2018-09-14,2018-09-14,Arunachal Pradesh,,4.0
UEI-IMD-FL-2018-0079,2018-09-15,2018-09-15,Tamil Nadu,,
UEI-IMD-FL-2018-0045,2018-09-22,2018-09-22,Madhya Pradesh,,1.0
UEI-IMD-FL-2018-0013,2018-09-23,2018-09-23,Himachal Pradesh,,8.0
UEI-IMD-FL-2018-0068,2018-09-23,2018-09-23,Punjab,,6.0
UEI-IMD-FL-2018-0019,2018-09-24,2018-09-24,Jammu & Kashmir,,5.0
UEI-IMD-FL-2018-0069,2018-09-24,2018-09-24,Punjab,,7.0
UEI-IMD-FL-2018-0115,2018-09-24,2018-09-24,Uttar Pradesh,,4.0
UEI-IMD-FL-2018-0037,2018-10-21,2018-10-21,Kerala,,
UEI-IMD-FL-2018-0020,2018-11-03,2018-11-03,Jammu & Kashmir,,1.0
UEI-IMD-FL-2018-0021,2018-11-05,2018-11-05,Jammu & Kashmir,,3.0
UEI-IMD-FL-2018-0063,2018-11-07,2018-11-07,Manipur,,5.0
UEI-IMD-FL-2018-0038,2018-11-16,2018-11-16,Kerala,,
UEI-IMD-FL-2018-0039,2018-11-17,2018-11-17,Kerala,,
UEI-IMD-FL-2018-0080,2018-11-22,2018-11-22,Tamil Nadu,,3.0
UEI-IMD-FL-2018-0081,2018-11-24,2018-11-24,Tamil Nadu,,2.0
UEI-IMD-FL-2018-0040,2018-12-28,2018-12-28,Kerala,,
UEI-IMD-FL-2019-0032,2019-01-04,2019-01-04,Karnataka,,
UEI-IMD-FL-2019-0139,2019-01-04,2019-04-04,Tripura,,
UEI-IMD-FL-2019-0134,2019-01-05,2019-03-05,Tamil Nadu,,1.0
UEI-IMD-FL-2019-0001,2019-01-06,2019-06-30,Assam,,
UEI-IMD-FL-2019-0018,2019-01-08,2019-01-08,Gujarat,,5.0
UEI-IMD-FL-2019-0023,2019-01-08,2019-08-31,Gujarat,,73.0
UEI-IMD-FL-2019-0082,2019-01-08,2019-01-08,Madhya Pradesh,,1.0
UEI-IMD-FL-2019-0114,2019-01-08,2019-08-10,Odisha,,3.0
UEI-IMD-FL-2019-0024,2019-01-09,2019-09-30,Gujarat,,43.0
UEI-IMD-FL-2019-0031,2019-01-10,2019-02-10,Jharkhand,,5.0
UEI-IMD-FL-2019-0112,2019-01-10,2019-10-31,Maharashtra,,
UEI-IMD-FL-2019-0142,2019-01-22,2019-01-22,Uttar Pradesh,,
UEI-IMD-FL-2019-0143,2019-01-24,2019-01-24,Uttar Pradesh,,
UEI-IMD-FL-2019-0147,2019-02-06,2019-02-06,Uttarakhand,,1.0
UEI-IMD-FL-2019-0025,2019-02-21,2019-02-21,Himachal Pradesh,,
UEI-IMD-FL-2019-0144,2019-02-22,2019-02-22,Uttar Pradesh,,
UEI-IMD-FL-2019-0026,2019-02-25,2019-02-25,Himachal Pradesh,,
UEI-IMD-FL-2019-0161,2019-03-13,2019-03-13,Jammu & Kashmir,,
UEI-IMD-FL-2019-0162,2019-03-17,2019-03-17,Jammu & Kashmir,,2.0
UEI-IMD-FL-2019-0163,2019-03-23,2019-09-23,Jammu & Kashmir,,2.0
UEI-IMD-FL-2019-0164,2019-03-29,2019-03-29,Jammu & Kashmir,,1.0
UEI-IMD-FL-2019-0117,2019-04-17,2019-04-17,Punjab,,
UEI-IMD-FL-2019-0049,2019-04-19,2019-04-19,Kerala,,
UEI-IMD-FL-2019-0165,2019-04-22,2019-04-24,Jammu & Kashmir,,5.0
UEI-IMD-FL-2019-0050,2019-04-24,2019-04-26,Kerala,,3.0
UEI-IMD-FL-2019-0051,2019-04-28,2019-04-29,Kerala,,
UEI-IMD-FL-2019-0033,2019-05-06,2019-05-06,Karnataka,,
UEI-IMD-FL-2019-0166,2019-05-13,2019-05-13,Jammu & Kashmir,,2.0
UEI-IMD-FL-2019-0052,2019-05-16,2019-05-16,Kerala,,
UEI-IMD-FL-2019-0053,2019-05-19,2019-05-19,Kerala,,
UEI-IMD-FL-2019-0034,2019-05-21,2019-05-21,Karnataka,,
UEI-IMD-FL-2019-0089,2019-05-21,2019-05-21,Maharashtra,,1.0
UEI-IMD-FL-2019-0035,2019-05-22,2019-05-22,Karnataka,,3.0
UEI-IMD-FL-2019-0054,2019-05-24,2019-05-24,Kerala,,1.0
UEI-IMD-FL-2019-0140,2019-05-24,2019-05-26,Tripura,,
UEI-IMD-FL-2019-0130,2019-06-07,2019-07-10,Sikkim,,
UEI-IMD-FL-2019-0055,2019-06-09,2019-06-13,Kerala,,2.0
UEI-IMD-FL-2019-0056,2019-06-12,2019-06-12,Kerala,,
UEI-IMD-FL-2019-0167,2019-06-12,2019-06-12,Jammu & Kashmir,,
UEI-IMD-FL-2019-0057,2019-06-14,2019-06-14,Kerala,,
UEI-IMD-FL-2019-0058,2019-06-20,2019-06-20,Kerala,,
UEI-IMD-FL-2019-0148,2019-06-21,2019-06-21,Uttarakhand,,1.0
UEI-IMD-FL-2019-0036,2019-06-22,2019-06-22,Karnataka,,
UEI-IMD-FL-2019-0149,2019-06-23,2019-06-23,Uttarakhand,,
UEI-IMD-FL-2019-0090,2019-07-01,2019-07-01,Maharashtra,,12.0
UEI-IMD-FL-2019-0091,2019-07-02,2019-07-02,Maharashtra,,45.0
UEI-IMD-FL-2019-0150,2019-07-04,2019-07-04,Uttarakhand,,
UEI-IMD-FL-2019-0168,2019-07-05,2019-07-05,Jammu & Kashmir,,2.0
UEI-IMD-FL-2019-0037,2019-07-06,2019-07-07,Karnataka,,
UEI-IMD-FL-2019-0092,2019-07-07,2019-07-07,Maharashtra,,
UEI-IMD-FL-2019-0019,2019-07-08,2019-08-14,Gujarat,,16.0
UEI-IMD-FL-2019-0016,2019-07-09,2019-07-09,Chhattisgarh,,4.0
UEI-IMD-FL-2019-0158,2019-07-09,2019-07-09,West Bengal,,2.0
UEI-IMD-FL-2019-0169,2019-07-09,2019-07-09,Jammu & Kashmir,,1.0
UEI-IMD-FL-2019-0002,2019-07-10,2019-07-29,Assam,,88.0
UEI-IMD-FL-2019-0059,2019-07-10,2019-07-10,Kerala,,
UEI-IMD-FL-2019-0004,2019-07-11,2019-07-11,Bihar,,4.0
UEI-IMD-FL-2019-0005,2019-07-12,2019-07-14,Bihar,,63.0
UEI-IMD-FL-2019-0131,2019-07-13,2019-07-13,Sikkim,,
UEI-IMD-FL-2019-0027,2019-07-14,2019-07-14,Himachal Pradesh,,2.0
UEI-IMD-FL-2019-0159,2019-07-14,2019-07-14,West Bengal,,1.0
UEI-IMD-FL-2019-0006,2019-07-15,2019-07-18,Bihar,,98.0
UEI-IMD-FL-2019-0132,2019-07-15,2019-07-25,Sikkim,,
UEI-IMD-FL-2019-0141,2019-07-15,2019-07-15,Tripura,,2.0
UEI-IMD-FL-2019-0170,2019-07-15,2019-07-15,Jammu & Kashmir,,
UEI-IMD-FL-2019-0060,2019-07-18,2019-07-20,Kerala,,12.0
UEI-IMD-FL-2019-0038,2019-07-20,2019-07-20,Karnataka,,2.0
UEI-IMD-FL-2019-0007,2019-07-22,2019-07-22,Bihar,,15.0
UEI-IMD-FL-2019-0039,2019-07-24,2019-07-24,Karnataka,,1.0
UEI-IMD-FL-2019-0171,2019-07-24,2019-07-24,Jammu & Kashmir,,1.0
UEI-IMD-FL-2019-0120,2019-07-25,2019-07-29,Rajasthan,,14.0
UEI-IMD-FL-2019-0172,2019-07-25,2019-07-25,Jammu & Kashmir,,1.0
UEI-IMD-FL-2019-0173,2019-07-26,2019-07-26,Jammu & Kashmir,,1.0
UEI-IMD-FL-2019-0174,2019-07-27,2019-07-27,Jammu & Kashmir,,2.0
UEI-IMD-FL-2019-0061,2019-07-28,2019-07-28,Kerala,,
UEI-IMD-FL-2019-0093,2019-07-28,2019-07-28,Maharashtra,,5.0
UEI-IMD-FL-2019-0094,2019-07-31,2019-07-31,Maharashtra,,1.0
UEI-IMD-FL-2019-0121,2019-07-31,2019-07-31,Rajasthan,,1.0
UEI-IMD-FL-2019-0175,2019-07-31,2019-07-31,Jammu & Kashmir,,1.0
UEI-IMD-FL-2019-0003,2019-08-01,2019-08-16,Assam,,6.0
UEI-IMD-FL-2019-0008,2019-08-01,2019-08-01,Bihar,,1.0
UEI-IMD-FL-2019-0040,2019-08-01,2019-08-03,Karnataka,,
UEI-IMD-FL-2019-0095,2019-08-01,2019-08-01,Maharashtra,,
UEI-IMD-FL-2019-0118,2019-08-01,2019-08-26,Punjab,,12.0
UEI-IMD-FL-2019-0122,2019-08-01,2019-08-01,Rajasthan,,3.0
UEI-IMD-FL-2019-0160,2019-08-01,2019-09-30,West Bengal,,220.0
UEI-IMD-FL-2019-0096,2019-08-02,2019-08-02,Maharashtra,,1.0
UEI-IMD-FL-2019-0097,2019-08-03,2019-08-03,Maharashtra,,5.0
UEI-IMD-FL-2019-0176,2019-08-03,2019-08-03,Jammu & Kashmir,,
UEI-IMD-FL-2019-0062,2019-08-04,2019-08-06,Kerala,,
UEI-IMD-FL-2019-0098,2019-08-04,2019-08-04,Maharashtra,,5.0
UEI-IMD-FL-2019-0041,2019-08-05,2019-08-08,Karnataka,,10.0
UEI-IMD-FL-2019-0099,2019-08-05,2019-08-05,Maharashtra,,2.0
UEI-IMD-FL-2019-0123,2019-08-05,2019-08-05,Rajasthan,,2.0
UEI-IMD-FL-2019-0151,2019-08-06,2019-08-06,Uttarakhand,,
UEI-IMD-FL-2019-0063,2019-08-07,2019-08-07,Kerala,,
UEI-IMD-FL-2019-0100,2019-08-07,2019-08-08,Maharashtra,,22.0
UEI-IMD-FL-2019-0113,2019-08-07,2019-12-07,Mizoram,,5.0
UEI-IMD-FL-2019-0124,2019-08-07,2019-08-08,Rajasthan,,4.0
UEI-IMD-FL-2019-0028,2019-08-08,2019-08-08,Himachal Pradesh,,
UEI-IMD-FL-2019-0064,2019-08-08,2019-08-08,Kerala,,23.0
UEI-IMD-FL-2019-0152,2019-08-08,2019-08-09,Uttarakhand,,5.0
UEI-IMD-FL-2019-0065,2019-08-09,2019-08-09,Kerala,,19.0
UEI-IMD-FL-2019-0101,2019-08-09,2019-08-09,Maharashtra,,4.0
UEI-IMD-FL-2019-0042,2019-08-10,2019-08-11,Karnataka,,
UEI-IMD-FL-2019-0066,2019-08-10,2019-08-10,Kerala,,8.0
UEI-IMD-FL-2019-0067,2019-08-11,2019-08-14,Kerala,,2.0
UEI-IMD-FL-2019-0115,2019-08-11,2019-08-20,Odisha,,7.0
UEI-IMD-FL-2019-0153,2019-08-12,2019-08-12,Uttarakhand,,6.0
UEI-IMD-FL-2019-0009,2019-08-13,2019-08-13,Bihar,,4.0
UEI-IMD-FL-2019-0083,2019-08-13,2019-08-13,Madhya Pradesh,,3.0
UEI-IMD-FL-2019-0125,2019-08-14,2019-08-14,Rajasthan,,1.0
UEI-IMD-FL-2019-0126,2019-08-16,2019-08-19,Rajasthan,,35.0
UEI-IMD-FL-2019-0029,2019-08-17,2019-08-18,Himachal Pradesh,,24.0
UEI-IMD-FL-2019-0084,2019-08-18,2019-08-18,Madhya Pradesh,,5.0
UEI-IMD-FL-2019-0154,2019-08-18,2019-08-18,Uttarakhand,,19.0
UEI-IMD-FL-2019-0068,2019-08-19,2019-08-20,Kerala,,
UEI-IMD-FL-2019-0069,2019-08-22,2019-08-23,Kerala,,
UEI-IMD-FL-2019-0127,2019-08-27,2019-08-27,Rajasthan,,1.0
UEI-IMD-FL-2019-0085,2019-08-30,2019-08-30,Madhya Pradesh,,1.0
UEI-IMD-FL-2019-0102,2019-09-01,2019-09-01,Maharashtra,,2.0
UEI-IMD-FL-2019-0119,2019-09-01,2019-09-05,Punjab,,2.0
UEI-IMD-FL-2019-0155,2019-09-02,2019-09-02,Uttarakhand,,
UEI-IMD-FL-2019-0070,2019-09-03,2019-09-09,Kerala,,
UEI-IMD-FL-2019-0103,2019-09-04,2019-09-04,Maharashtra,,5.0
UEI-IMD-FL-2019-0104,2019-09-05,2019-09-05,Maharashtra,,4.0
UEI-IMD-FL-2019-0105,2019-09-06,2019-09-06,Maharashtra,,1.0
UEI-IMD-FL-2019-0156,2019-09-06,2019-09-08,Uttarakhand,,1.0
UEI-IMD-FL-2019-0043,2019-09-07,2019-09-07,Karnataka,,1.0
UEI-IMD-FL-2019-0017,2019-09-08,2019-09-08,Goa,,1.0
UEI-IMD-FL-2019-0020,2019-09-08,2019-09-08,Gujarat,,4.0
UEI-IMD-FL-2019-0086,2019-09-08,2019-09-08,Madhya Pradesh,,2.0
UEI-IMD-FL-2019-0087,2019-09-09,2019-09-09,Madhya Pradesh,,6.0
UEI-IMD-FL-2019-0106,2019-09-10,2019-09-10,Maharashtra,,
UEI-IMD-FL-2019-0071,2019-09-12,2019-09-12,Kerala,,
UEI-IMD-FL-2019-0128,2019-09-13,2019-09-13,Rajasthan,,2.0
UEI-IMD-FL-2019-0129,2019-09-16,2019-09-17,Rajasthan,,19.0
UEI-IMD-FL-2019-0133,2019-09-16,2019-09-16,Sikkim,,1.0
UEI-IMD-FL-2019-0010,2019-09-17,2019-09-17,Bihar,,17.0
UEI-IMD-FL-2019-0011,2019-09-18,2019-09-18,Bihar,,23.0
UEI-IMD-FL-2019-0044,2019-09-23,2019-09-24,Karnataka,,2.0
UEI-IMD-FL-2019-0107,2019-09-23,2019-09-23,Maharashtra,,1.0
UEI-IMD-FL-2019-0116,2019-09-23,2019-09-25,Odisha,,
UEI-IMD-FL-2019-0108,2019-09-24,2019-09-24,Maharashtra,,2.0
UEI-IMD-FL-2019-0109,2019-09-25,2019-09-25,Maharashtra,,4.0
UEI-IMD-FL-2019-0072,2019-09-26,2019-09-26,Kerala,,
UEI-IMD-FL-2019-0110,2019-09-26,2019-09-26,Maharashtra,,20.0
UEI-IMD-FL-2019-0145,2019-09-26,2019-09-26,Uttar Pradesh,,17.0
UEI-IMD-FL-2019-0157,2019-09-27,2019-09-27,Uttarakhand,,
UEI-IMD-FL-2019-0012,2019-09-28,2019-09-28,Bihar,,15.0
UEI-IMD-FL-2019-0088,2019-09-28,2019-09-28,Madhya Pradesh,,3.0
UEI-IMD-FL-2019-0013,2019-09-30,2019-09-30,Bihar,,13.0
UEI-IMD-FL-2019-0014,2019-10-01,2019-10-01,Bihar,,42.0
UEI-IMD-FL-2019-0015,2019-10-02,2019-10-03,Bihar,,11.0
UEI-IMD-FL-2019-0146,2019-10-02,2019-10-02,Uttar Pradesh,,1.0
UEI-IMD-FL-2019-0138,2019-10-04,2019-10-04,Telangana,,10.0
UEI-IMD-FL-2019-0045,2019-10-06,2019-10-06,Karnataka,,3.0
UEI-IMD-FL-2019-0021,2019-10-08,2019-10-08,Gujarat,,4.0
UEI-IMD-FL-2019-0111,2019-10-09,2019-10-09,Maharashtra,,3.0
UEI-IMD-FL-2019-0030,2019-10-15,2019-10-15,Himachal Pradesh,,
UEI-IMD-FL-2019-0046,2019-10-15,2019-10-15,Karnataka,,3.0
UEI-IMD-FL-2019-0073,2019-10-17,2019-10-17,Kerala,,
UEI-IMD-FL-2019-0047,2019-10-19,2019-10-21,Karnataka,,3.0
UEI-IMD-FL-2019-0074,2019-10-21,2019-10-21,Kerala,,1.0
UEI-IMD-FL-2019-0075,2019-10-22,2019-10-22,Kerala,,
UEI-IMD-FL-2019-0048,2019-10-25,2019-10-25,Karnataka,,2.0
UEI-IMD-FL-2019-0076,2019-10-30,2019-10-31,Kerala,,
UEI-IMD-FL-2019-0077,2019-11-01,2019-11-02,Kerala,,
UEI-IMD-FL-2019-0078,2019-11-10,2019-11-10,Kerala,,
UEI-IMD-FL-2019-0079,2019-11-11,2019-11-17,Kerala,,
UEI-IMD-FL-2019-0177,2019-11-19,2019-11-19,Jammu & Kashmir,,1.0
UEI-IMD-FL-2019-0080,2019-11-20,2019-11-20,Kerala,,3.0
UEI-IMD-FL-2019-0135,2019-11-30,2019-11-30,Tamil Nadu,,1.0
UEI-IMD-FL-2019-0136,2019-12-01,2019-12-01,Tamil Nadu,,1.0
UEI-IMD-FL-2019-0137,2019-12-02,2019-12-02,Tamil Nadu,,17.0
UEI-IMD-FL-2019-0081,2019-12-03,2019-12-03,Kerala,,
UEI-IMD-FL-2019-0022,2019-12-08,2019-12-08,Gujarat,,5.0
UEI-IMD-FL-2020-0037,2020-01-04,2020-04-30,Karnataka,,12.0
UEI-IMD-FL-2020-0038,2020-01-05,2020-05-31,Karnataka,,32.0
UEI-IMD-FL-2020-0022,2020-01-06,2020-07-07,Gujarat,,74.0
UEI-IMD-FL-2020-0039,2020-01-06,2020-06-30,Karnataka,,11.0
UEI-IMD-FL-2020-0040,2020-01-07,2020-07-31,Karnataka,,23.0
UEI-IMD-FL-2020-0119,2020-01-07,2020-07-07,Punjab,,2.0
UEI-IMD-FL-2020-0041,2020-01-08,2020-08-31,Karnataka,,43.0
UEI-IMD-FL-2020-0042,2020-01-09,2020-09-30,Karnataka,,22.0
UEI-IMD-FL-2020-0043,2020-01-10,2020-10-31,Karnataka,,5.0
UEI-IMD-FL-2020-0044,2020-02-01,2020-03-01,Kerala,,
UEI-IMD-FL-2020-0074,2020-02-03,2020-02-03,Maharashtra,,
UEI-IMD-FL-2020-0075,2020-03-01,2020-03-01,Maharashtra,,
UEI-IMD-FL-2020-0116,2020-03-07,2020-06-07,Nagaland,,7.0
UEI-IMD-FL-2020-0034,2020-03-14,2020-03-14,Jharkhand,,4.0
UEI-IMD-FL-2020-0141,2020-03-14,2020-03-14,West Bengal,,3.0
UEI-IMD-FL-2020-0145,2020-03-29,2020-03-29,Jammu & Kashmir,,
UEI-IMD-FL-2020-0035,2020-04-10,2020-04-10,Jharkhand,,
UEI-IMD-FL-2020-0146,2020-04-19,2020-04-19,Jammu & Kashmir,,2.0
UEI-IMD-FL-2020-0045,2020-04-24,2020-04-28,Kerala,,
UEI-IMD-FL-2020-0147,2020-04-27,2020-04-27,Jammu & Kashmir,,4.0
UEI-IMD-FL-2020-0148,2020-05-02,2020-05-02,Jammu & Kashmir,,2.0
UEI-IMD-FL-2020-0046,2020-05-03,2020-05-03,Kerala,,
UEI-IMD-FL-2020-0047,2020-05-07,2020-05-08,Kerala,,
UEI-IMD-FL-2020-0120,2020-05-08,2020-05-08,Rajasthan,,2.0
UEI-IMD-FL-2020-0076,2020-05-10,2020-05-10,Maharashtra,,
UEI-IMD-FL-2020-0048,2020-05-16,2020-05-18,Kerala,,
UEI-IMD-FL-2020-0049,2020-05-22,2020-05-22,Kerala,,
UEI-IMD-FL-2020-0125,2020-05-24,2020-05-24,Sikkim,,1.0
UEI-IMD-FL-2020-0009,2020-05-25,2020-05-25,Arunachal Pradesh,,3.0
UEI-IMD-FL-2020-0012,2020-05-25,2020-05-31,Assam,,6.0
UEI-IMD-FL-2020-0111,2020-05-25,2020-05-25,Meghalaya,,1.0
UEI-IMD-FL-2020-0013,2020-06-01,2020-06-30,Assam,,27.0
UEI-IMD-FL-2020-0142,2020-06-01,2020-07-07,West Bengal,,90.0
UEI-IMD-FL-2020-0050,2020-06-02,2020-06-05,Kerala,,
UEI-IMD-FL-2020-0149,2020-06-03,2020-06-03,Jammu & Kashmir,,
UEI-IMD-FL-2020-0126,2020-06-06,2020-06-06,Sikkim,,2.0
UEI-IMD-FL-2020-0150,2020-06-06,2020-06-06,Jammu & Kashmir,,
UEI-IMD-FL-2020-0036,2020-06-10,2020-06-10,Jharkhand,,
UEI-IMD-FL-2020-0020,2020-06-18,2020-06-18,Chhattisgarh,,
UEI-IMD-FL-2020-0077,2020-06-18,2020-06-18,Maharashtra,,1.0
UEI-IMD-FL-2020-0010,2020-06-23,2020-06-25,Arunachal Pradesh,,1.0
UEI-IMD-FL-2020-0134,2020-06-23,2020-06-23,Uttar Pradesh,,3.0
UEI-IMD-FL-2020-0029,2020-06-24,2020-09-30,Himachal Pradesh,,32.0
UEI-IMD-FL-2020-0135,2020-06-25,2020-06-26,Uttar Pradesh,,7.0
UEI-IMD-FL-2020-0127,2020-06-27,2020-06-29,Sikkim,,
UEI-IMD-FL-2020-0001,2020-06-28,2020-06-30,Andhra Pradesh,,2.0
UEI-IMD-FL-2020-0030,2020-06-28,2020-06-28,Himachal Pradesh,,2.0
UEI-IMD-FL-2020-0078,2020-06-28,2020-06-28,Maharashtra,,
UEI-IMD-FL-2020-0014,2020-07-01,2020-07-31,Assam,,81.0
UEI-IMD-FL-2020-0051,2020-07-03,2020-07-03,Kerala,,1.0
UEI-IMD-FL-2020-0079,2020-07-03,2020-07-04,Maharashtra,,
UEI-IMD-FL-2020-0080,2020-07-14,2020-07-16,Maharashtra,,
UEI-IMD-FL-2020-0138,2020-07-15,2020-07-15,Uttarakhand,,4.0
UEI-IMD-FL-2020-0081,2020-07-16,2020-07-16,Maharashtra,,4.0
UEI-IMD-FL-2020-0139,2020-07-18,2020-07-19,Uttarakhand,,3.0
UEI-IMD-FL-2020-0144,2020-07-19,2020-07-19,New Delhi,,1.0
UEI-IMD-FL-2020-0082,2020-07-20,2020-07-20,Maharashtra,,
UEI-IMD-FL-2020-0083,2020-07-20,2020-07-22,Maharashtra,,
UEI-IMD-FL-2020-0117,2020-07-23,2020-09-03,Odisha,,38.0
UEI-IMD-FL-2020-0084,2020-07-24,2020-07-28,Maharashtra,,
UEI-IMD-FL-2020-0018,2020-07-26,2020-07-26,Bihar,,27.0
UEI-IMD-FL-2020-0015,2020-08-01,2020-08-31,Assam,,4.0
UEI-IMD-FL-2020-0019,2020-08-01,2020-08-20,Bihar,,27.0
UEI-IMD-FL-2020-0085,2020-08-04,2020-08-06,Maharashtra,,2.0
UEI-IMD-FL-2020-0052,2020-08-05,2020-08-05,Kerala,,2.0
UEI-IMD-FL-2020-0053,2020-08-06,2020-08-06,Kerala,,65.0
UEI-IMD-FL-2020-0054,2020-08-06,2020-08-06,Kerala,,
UEI-IMD-FL-2020-0055,2020-08-07,2020-08-07,Kerala,,2.0
UEI-IMD-FL-2020-0143,2020-08-07,2020-08-07,West Bengal,,52.0
UEI-IMD-FL-2020-0056,2020-08-08,2020-08-08,Kerala,,
UEI-IMD-FL-2020-0136,2020-08-08,2020-08-08,Uttar Pradesh,,
UEI-IMD-FL-2020-0057,2020-08-09,2020-08-09,Kerala,,2.0
UEI-IMD-FL-2020-0151,2020-08-09,2020-08-09,Jammu & Kashmir,,1.0
UEI-IMD-FL-2020-0058,2020-08-10,2020-08-10,Kerala,,
UEI-IMD-FL-2020-0059,2020-08-11,2020-08-11,Kerala,,
UEI-IMD-FL-2020-0060,2020-08-12,2020-08-12,Kerala,,
UEI-IMD-FL-2020-0031,2020-08-14,2020-08-14,Himachal Pradesh,,2.0
UEI-IMD-FL-2020-0032,2020-08-14,2020-08-15,Himachal Pradesh,,
UEI-IMD-FL-2020-0086,2020-08-14,2020-08-15,Maharashtra,,
UEI-IMD-FL-2020-0121,2020-08-14,2020-08-14,Rajasthan,,5.0
UEI-IMD-FL-2020-0023,2020-08-15,2020-08-16,Gujarat,,7.0
UEI-IMD-FL-2020-0130,2020-08-15,2020-08-15,Telangana,,1.0
UEI-IMD-FL-2020-0122,2020-08-16,2020-08-16,Rajasthan,,7.0
UEI-IMD-FL-2020-0033,2020-08-18,2020-08-18,Himachal Pradesh,,2.0
UEI-IMD-FL-2020-0087,2020-08-18,2020-08-21,Maharashtra,,
UEI-IMD-FL-2020-0137,2020-08-18,2020-08-18,Uttar Pradesh,,14.0
UEI-IMD-FL-2020-0028,2020-08-19,2020-08-19,Haryana,,1.0
UEI-IMD-FL-2020-0123,2020-08-22,2020-08-22,Rajasthan,,4.0
UEI-IMD-FL-2020-0024,2020-08-24,2020-08-24,Gujarat,,9.0
UEI-IMD-FL-2020-0088,2020-08-24,2020-08-27,Maharashtra,,
UEI-IMD-FL-2020-0140,2020-08-25,2020-08-25,Uttarakhand,,1.0
UEI-IMD-FL-2020-0021,2020-08-26,2020-08-27,Chhattisgarh,,
UEI-IMD-FL-2020-0152,2020-08-26,2020-08-26,Jammu & Kashmir,,2.0
UEI-IMD-FL-2020-0153,2020-08-27,2020-08-27,Jammu & Kashmir,,2.0
UEI-IMD-FL-2020-0070,2020-08-28,2020-08-31,Madhya Pradesh,,10.0
UEI-IMD-FL-2020-0025,2020-08-29,2020-08-29,Gujarat,,12.0
UEI-IMD-FL-2020-0089,2020-08-29,2020-08-31,Maharashtra,,1.0
UEI-IMD-FL-2020-0026,2020-08-30,2020-08-30,Gujarat,,2.0
UEI-IMD-FL-2020-0016,2020-09-01,2020-09-30,Assam,,7.0
UEI-IMD-FL-2020-0090,2020-09-01,2020-09-01,Maharashtra,,
UEI-IMD-FL-2020-0002,2020-09-03,2020-09-03,Andhra Pradesh,,
UEI-IMD-FL-2020-0091,2020-09-03,2020-09-07,Maharashtra,,
UEI-IMD-FL-2020-0092,2020-09-05,2020-09-08,Maharashtra,,
UEI-IMD-FL-2020-0061,2020-09-06,2020-09-06,Kerala,,
UEI-IMD-FL-2020-0062,2020-09-06,2020-09-08,Kerala,,
UEI-IMD-FL-2020-0128,2020-09-06,2020-09-06,Sikkim,,
UEI-IMD-FL-2020-0093,2020-09-09,2020-09-09,Maharashtra,,
UEI-IMD-FL-2020-0063,2020-09-11,2020-09-11,Kerala,,
UEI-IMD-FL-2020-0094,2020-09-11,2020-09-17,Maharashtra,,
UEI-IMD-FL-2020-0071,2020-09-12,2020-09-14,Madhya Pradesh,,
UEI-IMD-FL-2020-0003,2020-09-13,2020-09-13,Andhra Pradesh,,1.0
UEI-IMD-FL-2020-0004,2020-09-14,2020-09-14,Andhra Pradesh,,3.0
UEI-IMD-FL-2020-0095,2020-09-15,2020-09-15,Maharashtra,,
UEI-IMD-FL-2020-0072,2020-09-19,2020-09-19,Madhya Pradesh,,
UEI-IMD-FL-2020-0096,2020-09-19,2020-09-24,Maharashtra,,10.0
UEI-IMD-FL-2020-0124,2020-09-19,2020-09-19,Rajasthan,,
UEI-IMD-FL-2020-0064,2020-09-20,2020-09-20,Kerala,,
UEI-IMD-FL-2020-0131,2020-09-20,2020-09-20,Telangana,,
UEI-IMD-FL-2020-0065,2020-09-21,2020-09-21,Kerala,,2.0
UEI-IMD-FL-2020-0066,2020-09-22,2020-09-22,Kerala,,1.0
UEI-IMD-FL-2020-0097,2020-09-22,2020-09-22,Maharashtra,,1.0
UEI-IMD-FL-2020-0112,2020-09-22,2020-09-22,Meghalaya,,5.0
UEI-IMD-FL-2020-0113,2020-09-22,2020-09-26,Meghalaya,,2.0
UEI-IMD-FL-2020-0067,2020-09-23,2020-09-23,Kerala,,
UEI-IMD-FL-2020-0073,2020-09-23,2020-09-23,Madhya Pradesh,,
UEI-IMD-FL-2020-0005,2020-09-25,2020-09-25,Andhra Pradesh,,1.0
UEI-IMD-FL-2020-0114,2020-09-25,2020-09-25,Meghalaya,,2.0
UEI-IMD-FL-2020-0132,2020-09-25,2020-09-25,Telangana,,1.0
UEI-IMD-FL-2020-0006,2020-09-26,2020-09-26,Andhra Pradesh,,1.0
UEI-IMD-FL-2020-0098,2020-09-26,2020-09-26,Maharashtra,,
UEI-IMD-FL-2020-0099,2020-09-28,2020-09-29,Maharashtra,,
UEI-IMD-FL-2020-0017,2020-10-01,2020-10-31,Assam,,4.0
UEI-IMD-FL-2020-0133,2020-10-01,2020-10-20,Telangana,,61.0
UEI-IMD-FL-2020-0100,2020-10-02,2020-10-02,Maharashtra,,
UEI-IMD-FL-2020-0129,2020-10-02,2020-10-02,Sikkim,,2.0
UEI-IMD-FL-2020-0011,2020-10-07,2020-10-07,Arunachal Pradesh,,8.0
UEI-IMD-FL-2020-0101,2020-10-07,2020-10-09,Maharashtra,,
UEI-IMD-FL-2020-0068,2020-10-09,2020-10-09,Kerala,,
UEI-IMD-FL-2020-0102,2020-10-10,2020-10-12,Maharashtra,,1.0
UEI-IMD-FL-2020-0103,2020-10-10,2020-10-15,Maharashtra,,
UEI-IMD-FL-2020-0007,2020-10-13,2020-10-14,Andhra Pradesh,,9.0
UEI-IMD-FL-2020-0104,2020-10-14,2020-10-14,Maharashtra,,7.0
UEI-IMD-FL-2020-0118,2020-10-14,2020-10-14,Odisha,,
UEI-IMD-FL-2020-0105,2020-10-15,2020-10-15,Maharashtra,,
UEI-IMD-FL-2020-0106,2020-10-15,2020-10-15,Maharashtra,,3.0
UEI-IMD-FL-2020-0107,2020-10-16,2020-10-16,Maharashtra,,29.0
UEI-IMD-FL-2020-0108,2020-10-17,2020-10-17,Maharashtra,,
UEI-IMD-FL-2020-0109,2020-10-18,2020-10-20,Maharashtra,,
UEI-IMD-FL-2020-0110,2020-10-20,2020-10-23,Maharashtra,,
UEI-IMD-FL-2020-0027,2020-10-22,2020-10-22,Gujarat,,2.0
UEI-IMD-FL-2020-0008,2020-10-24,2020-10-24,Andhra Pradesh,,3.0
UEI-IMD-FL-2020-0115,2020-10-25,2020-10-25,Meghalaya,,2.0
UEI-IMD-FL-2020-0069,2020-10-29,2020-10-29,Kerala,,1.0
UEI-IMD-FL-2021-0062,2021-01-03,2021-01-03,Kerala,,
UEI-IMD-FL-2021-0141,2021-01-07,2021-01-08,Maharashtra,,
UEI-IMD-FL-2021-0142,2021-01-07,2021-01-08,Maharashtra,,
UEI-IMD-FL-2021-0063,2021-01-10,2021-01-10,Kerala,,
UEI-IMD-FL-2021-0143,2021-01-30,2021-01-30,Maharashtra,,
UEI-IMD-FL-2021-0306,2021-02-07,2021-02-07,Uttarakhand,,70.0
UEI-IMD-FL-2021-0144,2021-02-17,2021-02-19,Maharashtra,,
UEI-IMD-FL-2021-0145,2021-02-18,2021-02-19,Maharashtra,,
UEI-IMD-FL-2021-0146,2021-02-19,2021-02-21,Maharashtra,,
UEI-IMD-FL-2021-0338,2021-02-21,2021-02-21,Puducherry,,1.0
UEI-IMD-FL-2021-0147,2021-03-19,2021-03-20,Maharashtra,,
UEI-IMD-FL-2021-0322,2021-03-26,2021-03-26,Jammu & Kashmir,,1.0
UEI-IMD-FL-2021-0323,2021-03-29,2021-03-29,Jammu & Kashmir,,
UEI-IMD-FL-2021-0064,2021-04-02,2021-04-02,Kerala,,
UEI-IMD-FL-2021-0047,2021-04-06,2021-04-06,Karnataka,,
UEI-IMD-FL-2021-0253,2021-04-09,2021-04-09,Sikkim,,
UEI-IMD-FL-2021-0065,2021-04-10,2021-04-10,Kerala,,
UEI-IMD-FL-2021-0048,2021-04-11,2021-04-12,Karnataka,,
UEI-IMD-FL-2021-0049,2021-04-11,2021-04-12,Karnataka,,1.0
UEI-IMD-FL-2021-0066,2021-04-11,2021-04-12,Kerala,,
UEI-IMD-FL-2021-0067,2021-04-13,2021-04-13,Kerala,,
UEI-IMD-FL-2021-0148,2021-04-14,2021-04-14,Maharashtra,,
UEI-IMD-FL-2021-0068,2021-04-18,2021-04-18,Kerala,,
UEI-IMD-FL-2021-0069,2021-04-19,2021-04-19,Kerala,,
UEI-IMD-FL-2021-0070,2021-04-20,2021-04-21,Kerala,,
UEI-IMD-FL-2021-0071,2021-04-22,2021-04-22,Kerala,,
UEI-IMD-FL-2021-0324,2021-05-06,2021-05-06,Jammu & Kashmir,,1.0
UEI-IMD-FL-2021-0149,2021-05-07,2021-05-07,Maharashtra,,
UEI-IMD-FL-2021-0325,2021-05-07,2021-05-07,Jammu & Kashmir,,
UEI-IMD-FL-2021-0150,2021-05-09,2021-05-09,Maharashtra,,
UEI-IMD-FL-2021-0151,2021-05-10,2021-05-30,Maharashtra,,
UEI-IMD-FL-2021-0313,2021-05-11,2021-05-11,West Bengal,,1.0
UEI-IMD-FL-2021-0072,2021-05-12,2021-05-12,Kerala,,
UEI-IMD-FL-2021-0073,2021-05-18,2021-05-18,Kerala,,
UEI-IMD-FL-2021-0074,2021-05-20,2021-05-20,Kerala,,
UEI-IMD-FL-2021-0075,2021-05-23,2021-05-25,Kerala,,3.0
UEI-IMD-FL-2021-0314,2021-05-26,2021-05-26,West Bengal,,
UEI-IMD-FL-2021-0307,2021-05-29,2021-05-29,Uttarakhand,,
UEI-IMD-FL-2021-0008,2021-06-01,2021-06-30,Assam,,
UEI-IMD-FL-2021-0152,2021-06-03,2021-06-03,Maharashtra,,3.0
UEI-IMD-FL-2021-0153,2021-06-03,2021-06-03,Maharashtra,,
UEI-IMD-FL-2021-0154,2021-06-03,2021-06-25,Maharashtra,,
UEI-IMD-FL-2021-0326,2021-06-03,2021-06-03,Jammu & Kashmir,,
UEI-IMD-FL-2021-0076,2021-06-05,2021-06-05,Kerala,,
UEI-IMD-FL-2021-0155,2021-06-09,2021-06-09,Maharashtra,,
UEI-IMD-FL-2021-0156,2021-06-09,2021-06-09,Maharashtra,,11.0
UEI-IMD-FL-2021-0254,2021-06-10,2021-06-10,Sikkim,,1.0
UEI-IMD-FL-2021-0077,2021-06-16,2021-06-17,Kerala,,
UEI-IMD-FL-2021-0255,2021-06-17,2021-06-17,Sikkim,,
UEI-IMD-FL-2021-0249,2021-06-20,2021-06-20,Rajasthan,,3.0
UEI-IMD-FL-2021-0078,2021-06-21,2021-06-25,Kerala,,
UEI-IMD-FL-2021-0031,2021-06-28,2021-06-28,Bihar,,
UEI-IMD-FL-2021-0157,2021-07-08,2021-07-08,Maharashtra,,
UEI-IMD-FL-2021-0158,2021-07-09,2021-07-09,Maharashtra,,2.0
UEI-IMD-FL-2021-0033,2021-07-10,2021-07-10,Gujarat,,
UEI-IMD-FL-2021-0159,2021-07-11,2021-07-11,Maharashtra,,2.0
UEI-IMD-FL-2021-0160,2021-07-11,2021-07-11,Maharashtra,,1.0
UEI-IMD-FL-2021-0308,2021-07-11,2021-07-11,Uttarakhand,,3.0
UEI-IMD-FL-2021-0309,2021-07-11,2021-07-11,Uttarakhand,,3.0
UEI-IMD-FL-2021-0037,2021-07-12,2021-07-12,Himachal Pradesh,,2.0
UEI-IMD-FL-2021-0038,2021-07-12,2021-07-12,Himachal Pradesh,,6.0
UEI-IMD-FL-2021-0161,2021-07-12,2021-07-12,Maharashtra,,
UEI-IMD-FL-2021-0162,2021-07-12,2021-07-12,Maharashtra,,2.0
UEI-IMD-FL-2021-0163,2021-07-12,2021-07-12,Maharashtra,,1.0
UEI-IMD-FL-2021-0164,2021-07-12,2021-07-12,Maharashtra,,
UEI-IMD-FL-2021-0327,2021-07-12,2021-07-12,Jammu & Kashmir,,
UEI-IMD-FL-2021-0165,2021-07-13,2021-07-15,Maharashtra,,3.0
UEI-IMD-FL-2021-0166,2021-07-13,2021-07-15,Maharashtra,,3.0
UEI-IMD-FL-2021-0079,2021-07-14,2021-07-15,Kerala,,1.0
UEI-IMD-FL-2021-0080,2021-07-17,2021-07-18,Kerala,,
UEI-IMD-FL-2021-0167,2021-07-17,2021-07-17,Maharashtra,,10.0
UEI-IMD-FL-2021-0168,2021-07-17,2021-07-17,Maharashtra,,22.0
UEI-IMD-FL-2021-0169,2021-07-17,2021-07-17,Maharashtra,,1.0
UEI-IMD-FL-2021-0170,2021-07-17,2021-07-17,Maharashtra,,
UEI-IMD-FL-2021-0171,2021-07-17,2021-07-17,Maharashtra,,
UEI-IMD-FL-2021-0258,2021-07-17,2021-07-17,Tamil Nadu,,1.0
UEI-IMD-FL-2021-0172,2021-07-18,2021-07-18,Maharashtra,,
UEI-IMD-FL-2021-0039,2021-07-19,2021-07-19,Himachal Pradesh,,4.0
UEI-IMD-FL-2021-0173,2021-07-19,2021-07-19,Maharashtra,,
UEI-IMD-FL-2021-0174,2021-07-19,2021-07-19,Maharashtra,,5.0
UEI-IMD-FL-2021-0287,2021-07-19,2021-07-19,Uttar Pradesh,,1.0
UEI-IMD-FL-2021-0288,2021-07-19,2021-07-19,Uttar Pradesh,,2.0
UEI-IMD-FL-2021-0310,2021-07-19,2021-07-19,Uttarakhand,,3.0
UEI-IMD-FL-2021-0321,2021-07-19,2021-07-19,Delhi,,4.0
UEI-IMD-FL-2021-0328,2021-07-19,2021-07-19,Jammu & Kashmir,,1.0
UEI-IMD-FL-2021-0175,2021-07-20,2021-07-20,Maharashtra,,
UEI-IMD-FL-2021-0081,2021-07-21,2021-07-21,Kerala,,
UEI-IMD-FL-2021-0035,2021-07-22,2021-07-22,Goa,,
UEI-IMD-FL-2021-0036,2021-07-22,2021-07-22,Goa,,1.0
UEI-IMD-FL-2021-0050,2021-07-22,2021-07-24,Karnataka,,2.0
UEI-IMD-FL-2021-0051,2021-07-22,2021-07-24,Karnataka,,1.0
UEI-IMD-FL-2021-0052,2021-07-22,2021-07-24,Karnataka,,1.0
UEI-IMD-FL-2021-0053,2021-07-22,2021-07-24,Karnataka,,1.0
UEI-IMD-FL-2021-0054,2021-07-22,2021-07-24,Karnataka,,4.0
UEI-IMD-FL-2021-0055,2021-07-22,2021-07-24,Karnataka,,
UEI-IMD-FL-2021-0130,2021-07-22,2021-07-22,Madhya Pradesh,,1.0
UEI-IMD-FL-2021-0176,2021-07-22,2021-07-22,Maharashtra,,2.0
UEI-IMD-FL-2021-0177,2021-07-22,2021-07-22,Maharashtra,,52.0
UEI-IMD-FL-2021-0178,2021-07-22,2021-07-22,Maharashtra,,3.0
UEI-IMD-FL-2021-0179,2021-07-22,2021-07-22,Maharashtra,,1.0
UEI-IMD-FL-2021-0180,2021-07-22,2021-07-22,Maharashtra,,2.0
UEI-IMD-FL-2021-0181,2021-07-22,2021-07-23,Maharashtra,,6.0
UEI-IMD-FL-2021-0182,2021-07-22,2021-07-22,Maharashtra,,
UEI-IMD-FL-2021-0183,2021-07-22,2021-07-22,Maharashtra,,4.0
UEI-IMD-FL-2021-0194,2021-07-22,2021-07-26,Maharashtra,,
UEI-IMD-FL-2021-0195,2021-07-22,2021-07-26,Maharashtra,,
UEI-IMD-FL-2021-0196,2021-07-22,2021-07-26,Maharashtra,,
UEI-IMD-FL-2021-0277,2021-07-22,2021-07-22,Telangana,,1.0
UEI-IMD-FL-2021-0184,2021-07-23,2021-07-23,Maharashtra,,6.0
UEI-IMD-FL-2021-0185,2021-07-23,2021-07-23,Maharashtra,,2.0
UEI-IMD-FL-2021-0186,2021-07-23,2021-07-23,Maharashtra,,2.0
UEI-IMD-FL-2021-0187,2021-07-23,2021-07-23,Maharashtra,,3.0
UEI-IMD-FL-2021-0188,2021-07-23,2021-07-23,Maharashtra,,2.0
UEI-IMD-FL-2021-0189,2021-07-23,2021-07-23,Maharashtra,,1.0
UEI-IMD-FL-2021-0190,2021-07-23,2021-07-23,Maharashtra,,4.0
UEI-IMD-FL-2021-0191,2021-07-23,2021-07-23,Maharashtra,,2.0
UEI-IMD-FL-2021-0131,2021-07-24,2021-07-24,Madhya Pradesh,,1.0
UEI-IMD-FL-2021-0040,2021-07-25,2021-07-25,Himachal Pradesh,,9.0
UEI-IMD-FL-2021-0192,2021-07-25,2021-07-25,Maharashtra,,1.0
UEI-IMD-FL-2021-0193,2021-07-26,2021-07-26,Maharashtra,,1.0
UEI-IMD-FL-2021-0041,2021-07-27,2021-07-27,Himachal Pradesh,,2.0
UEI-IMD-FL-2021-0042,2021-07-27,2021-07-27,Himachal Pradesh,,4.0
UEI-IMD-FL-2021-0043,2021-07-27,2021-07-27,Himachal Pradesh,,8.0
UEI-IMD-FL-2021-0329,2021-07-28,2021-07-28,Jammu & Kashmir,,
UEI-IMD-FL-2021-0330,2021-07-28,2021-07-28,Jammu & Kashmir,,7.0
UEI-IMD-FL-2021-0256,2021-07-29,2021-07-29,Sikkim,,1.0
UEI-IMD-FL-2021-0132,2021-07-30,2021-07-30,Madhya Pradesh,,
UEI-IMD-FL-2021-0331,2021-07-30,2021-07-30,Jammu & Kashmir,,
UEI-IMD-FL-2021-0133,2021-08-01,2021-08-07,Madhya Pradesh,,1.0
UEI-IMD-FL-2021-0134,2021-08-01,2021-08-07,Madhya Pradesh,,2.0
UEI-IMD-FL-2021-0135,2021-08-01,2021-08-07,Madhya Pradesh,,4.0
UEI-IMD-FL-2021-0136,2021-08-01,2021-08-07,Madhya Pradesh,,1.0
UEI-IMD-FL-2021-0137,2021-08-01,2021-08-07,Madhya Pradesh,,1.0
UEI-IMD-FL-2021-0138,2021-08-01,2021-08-07,Madhya Pradesh,,2.0
UEI-IMD-FL-2021-0139,2021-08-01,2021-08-07,Madhya Pradesh,,19.0
UEI-IMD-FL-2021-0289,2021-08-01,2021-08-09,Uttar Pradesh,,9.0
UEI-IMD-FL-2021-0332,2021-08-01,2021-08-01,Jammu & Kashmir,,
UEI-IMD-FL-2021-0315,2021-08-02,2021-08-03,West Bengal,,15.0
UEI-IMD-FL-2021-0044,2021-08-03,2021-08-03,Himachal Pradesh,,1.0
UEI-IMD-FL-2021-0082,2021-08-03,2021-08-03,Kerala,,
UEI-IMD-FL-2021-0250,2021-08-03,2021-08-03,Rajasthan,,2.0
UEI-IMD-FL-2021-0251,2021-08-05,2021-08-05,Rajasthan,,7.0
UEI-IMD-FL-2021-0252,2021-08-05,2021-08-05,Rajasthan,,2.0
UEI-IMD-FL-2021-0032,2021-08-07,2021-08-17,Bihar,,12.0
UEI-IMD-FL-2021-0045,2021-08-11,2021-08-11,Himachal Pradesh,,25.0
UEI-IMD-FL-2021-0014,2021-08-25,2021-08-31,Assam,,
UEI-IMD-FL-2021-0278,2021-08-28,2021-08-28,Telangana,,1.0
UEI-IMD-FL-2021-0311,2021-08-29,2021-08-29,Uttarakhand,,7.0
UEI-IMD-FL-2021-0009,2021-08-30,2021-08-30,Assam,,
UEI-IMD-FL-2021-0010,2021-08-30,2021-08-30,Assam,,1.0
UEI-IMD-FL-2021-0011,2021-08-30,2021-08-30,Assam,,1.0
UEI-IMD-FL-2021-0140,2021-08-30,2021-08-30,Madhya Pradesh,,2.0
UEI-IMD-FL-2021-0197,2021-08-30,2021-08-30,Maharashtra,,1.0
UEI-IMD-FL-2021-0198,2021-08-30,2021-08-30,Maharashtra,,2.0
UEI-IMD-FL-2021-0199,2021-08-30,2021-08-30,Maharashtra,,2.0
UEI-IMD-FL-2021-0279,2021-08-30,2021-08-30,Telangana,,1.0
UEI-IMD-FL-2021-0280,2021-08-30,2021-08-30,Telangana,,4.0
UEI-IMD-FL-2021-0281,2021-08-30,2021-08-30,Telangana,,2.0
UEI-IMD-FL-2021-0012,2021-08-31,2021-08-31,Assam,,
UEI-IMD-FL-2021-0013,2021-08-31,2021-08-31,Assam,,1.0
UEI-IMD-FL-2021-0200,2021-08-31,2021-08-31,Maharashtra,,
UEI-IMD-FL-2021-0201,2021-08-31,2021-08-31,Maharashtra,,1.0
UEI-IMD-FL-2021-0202,2021-08-31,2021-08-31,Maharashtra,,1.0
UEI-IMD-FL-2021-0203,2021-08-31,2021-08-31,Maharashtra,,2.0
UEI-IMD-FL-2021-0282,2021-08-31,2021-08-31,Telangana,,1.0
UEI-IMD-FL-2021-0015,2021-09-01,2021-09-01,Assam,,
UEI-IMD-FL-2021-0016,2021-09-01,2021-09-01,Assam,,1.0
UEI-IMD-FL-2021-0017,2021-09-01,2021-09-01,Assam,,1.0
UEI-IMD-FL-2021-0204,2021-09-01,2021-09-01,Maharashtra,,1.0
UEI-IMD-FL-2021-0214,2021-09-01,2021-09-10,Maharashtra,,
UEI-IMD-FL-2021-0215,2021-09-01,2021-09-10,Maharashtra,,
UEI-IMD-FL-2021-0018,2021-09-02,2021-09-02,Assam,,
UEI-IMD-FL-2021-0019,2021-09-02,2021-09-02,Assam,,1.0
UEI-IMD-FL-2021-0020,2021-09-02,2021-09-02,Assam,,1.0
UEI-IMD-FL-2021-0021,2021-09-03,2021-09-03,Assam,,
UEI-IMD-FL-2021-0022,2021-09-03,2021-09-03,Assam,,1.0
UEI-IMD-FL-2021-0023,2021-09-04,2021-09-04,Assam,,
UEI-IMD-FL-2021-0024,2021-09-04,2021-09-04,Assam,,3.0
UEI-IMD-FL-2021-0025,2021-09-05,2021-09-05,Assam,,
UEI-IMD-FL-2021-0026,2021-09-05,2021-09-05,Assam,,1.0
UEI-IMD-FL-2021-0001,2021-09-06,2021-09-06,Andhra Pradesh,,2.0
UEI-IMD-FL-2021-0027,2021-09-06,2021-09-06,Assam,,1.0
UEI-IMD-FL-2021-0028,2021-09-06,2021-09-06,Assam,,
UEI-IMD-FL-2021-0205,2021-09-06,2021-09-06,Maharashtra,,3.0
UEI-IMD-FL-2021-0206,2021-09-06,2021-09-06,Maharashtra,,
UEI-IMD-FL-2021-0283,2021-09-06,2021-09-06,Telangana,,
UEI-IMD-FL-2021-0284,2021-09-06,2021-09-06,Telangana,,2.0
UEI-IMD-FL-2021-0285,2021-09-06,2021-09-06,Telangana,,1.0
UEI-IMD-FL-2021-0029,2021-09-07,2021-09-07,Assam,,
UEI-IMD-FL-2021-0030,2021-09-07,2021-09-07,Assam,,1.0
UEI-IMD-FL-2021-0034,2021-09-07,2021-09-14,Gujarat,,7.0
UEI-IMD-FL-2021-0207,2021-09-07,2021-09-07,Maharashtra,,
UEI-IMD-FL-2021-0208,2021-09-07,2021-09-07,Maharashtra,,2.0
UEI-IMD-FL-2021-0209,2021-09-07,2021-09-07,Maharashtra,,1.0
UEI-IMD-FL-2021-0210,2021-09-07,2021-09-07,Maharashtra,,4.0
UEI-IMD-FL-2021-0211,2021-09-07,2021-09-07,Maharashtra,,2.0
UEI-IMD-FL-2021-0212,2021-09-07,2021-09-07,Maharashtra,,1.0
UEI-IMD-FL-2021-0213,2021-09-07,2021-09-07,Maharashtra,,2.0
UEI-IMD-FL-2021-0216,2021-09-08,2021-09-10,Maharashtra,,
UEI-IMD-FL-2021-0333,2021-09-09,2021-09-10,Jammu & Kashmir,,
UEI-IMD-FL-2021-0334,2021-09-11,2021-09-12,Jammu & Kashmir,,5.0
UEI-IMD-FL-2021-0246,2021-09-12,2021-09-13,Odisha,,
UEI-IMD-FL-2021-0247,2021-09-12,2021-09-13,Odisha,,2.0
UEI-IMD-FL-2021-0248,2021-09-12,2021-09-13,Odisha,,1.0
UEI-IMD-FL-2021-0335,2021-09-12,2021-09-12,Jammu & Kashmir,,1.0
UEI-IMD-FL-2021-0290,2021-09-14,2021-09-14,Uttar Pradesh,,1.0
UEI-IMD-FL-2021-0316,2021-09-14,2021-09-18,West Bengal,,10.0
UEI-IMD-FL-2021-0217,2021-09-15,2021-09-16,Maharashtra,,
UEI-IMD-FL-2021-0291,2021-09-15,2021-09-15,Uttar Pradesh,,1.0
UEI-IMD-FL-2021-0292,2021-09-15,2021-09-15,Uttar Pradesh,,2.0
UEI-IMD-FL-2021-0293,2021-09-15,2021-09-15,Uttar Pradesh,,
UEI-IMD-FL-2021-0294,2021-09-15,2021-09-15,Uttar Pradesh,,2.0
UEI-IMD-FL-2021-0295,2021-09-15,2021-09-15,Uttar Pradesh,,3.0
UEI-IMD-FL-2021-0296,2021-09-15,2021-09-15,Uttar Pradesh,,3.0
UEI-IMD-FL-2021-0297,2021-09-15,2021-09-15,Uttar Pradesh,,1.0
UEI-IMD-FL-2021-0298,2021-09-15,2021-09-15,Uttar Pradesh,,2.0
UEI-IMD-FL-2021-0299,2021-09-15,2021-09-17,Uttar Pradesh,,7.0
UEI-IMD-FL-2021-0300,2021-09-15,2021-09-17,Uttar Pradesh,,2.0
UEI-IMD-FL-2021-0259,2021-09-17,2021-09-17,Tamil Nadu,,1.0
UEI-IMD-FL-2021-0301,2021-09-17,2021-09-17,Uttar Pradesh,,1.0
UEI-IMD-FL-2021-0302,2021-09-17,2021-09-17,Uttar Pradesh,,1.0
UEI-IMD-FL-2021-0303,2021-09-17,2021-09-17,Uttar Pradesh,,1.0
UEI-IMD-FL-2021-0304,2021-09-17,2021-09-17,Uttar Pradesh,,1.0
UEI-IMD-FL-2021-0305,2021-09-18,2021-09-18,Uttar Pradesh,,2.0
UEI-IMD-FL-2021-0046,2021-09-20,2021-09-20,Himachal Pradesh,,
UEI-IMD-FL-2021-0218,2021-09-20,2021-09-21,Maharashtra,,
UEI-IMD-FL-2021-0219,2021-09-20,2021-09-21,Maharashtra,,2.0
UEI-IMD-FL-2021-0220,2021-09-23,2021-09-25,Maharashtra,,
UEI-IMD-FL-2021-0221,2021-09-26,2021-09-26,Maharashtra,,1.0
UEI-IMD-FL-2021-0083,2021-09-27,2021-09-28,Kerala,,
UEI-IMD-FL-2021-0222,2021-09-27,2021-09-30,Maharashtra,,
UEI-IMD-FL-2021-0223,2021-09-28,2021-09-28,Maharashtra,,
UEI-IMD-FL-2021-0224,2021-09-28,2021-09-28,Maharashtra,,10.0
UEI-IMD-FL-2021-0225,2021-09-28,2021-09-28,Maharashtra,,2.0
UEI-IMD-FL-2021-0226,2021-09-28,2021-09-28,Maharashtra,,1.0
UEI-IMD-FL-2021-0227,2021-09-28,2021-09-28,Maharashtra,,1.0
UEI-IMD-FL-2021-0228,2021-09-28,2021-09-28,Maharashtra,,1.0
UEI-IMD-FL-2021-0229,2021-09-28,2021-09-28,Maharashtra,,2.0
UEI-IMD-FL-2021-0230,2021-09-28,2021-09-28,Maharashtra,,2.0
UEI-IMD-FL-2021-0231,2021-09-28,2021-09-28,Maharashtra,,4.0
UEI-IMD-FL-2021-0317,2021-09-30,2021-09-30,West Bengal,,3.0
UEI-IMD-FL-2021-0336,2021-10-01,2021-10-01,Jammu & Kashmir,,2.0
UEI-IMD-FL-2021-0084,2021-10-02,2021-10-02,Kerala,,
UEI-IMD-FL-2021-0232,2021-10-02,2021-10-02,Maharashtra,,
UEI-IMD-FL-2021-0056,2021-10-03,2021-10-06,Karnataka,,7.0
UEI-IMD-FL-2021-0057,2021-10-03,2021-10-06,Karnataka,,1.0
UEI-IMD-FL-2021-0233,2021-10-03,2021-10-03,Maharashtra,,
UEI-IMD-FL-2021-0234,2021-10-04,2021-10-05,Maharashtra,,
UEI-IMD-FL-2021-0085,2021-10-05,2021-10-05,Kerala,,
UEI-IMD-FL-2021-0235,2021-10-06,2021-10-06,Maharashtra,,3.0
UEI-IMD-FL-2021-0236,2021-10-06,2021-10-06,Maharashtra,,
UEI-IMD-FL-2021-0286,2021-10-08,2021-10-08,Telangana,,2.0
UEI-IMD-FL-2021-0086,2021-10-09,2021-10-09,Kerala,,
UEI-IMD-FL-2021-0237,2021-10-09,2021-10-09,Maharashtra,,1.0
UEI-IMD-FL-2021-0238,2021-10-09,2021-10-09,Maharashtra,,1.0
UEI-IMD-FL-2021-0239,2021-10-09,2021-10-09,Maharashtra,,
UEI-IMD-FL-2021-0087,2021-10-11,2021-10-11,Kerala,,1.0
UEI-IMD-FL-2021-0088,2021-10-11,2021-10-11,Kerala,,2.0
UEI-IMD-FL-2021-0108,2021-10-11,2021-10-19,Kerala,,
UEI-IMD-FL-2021-0109,2021-10-11,2021-10-19,Kerala,,2.0
UEI-IMD-FL-2021-0110,2021-10-11,2021-10-19,Kerala,,2.0
UEI-IMD-FL-2021-0111,2021-10-11,2021-10-19,Kerala,,1.0
UEI-IMD-FL-2021-0089,2021-10-12,2021-10-12,Kerala,,
UEI-IMD-FL-2021-0090,2021-10-12,2021-10-12,Kerala,,
UEI-IMD-FL-2021-0091,2021-10-12,2021-10-12,Kerala,,
UEI-IMD-FL-2021-0092,2021-10-12,2021-10-12,Kerala,,
UEI-IMD-FL-2021-0093,2021-10-12,2021-10-12,Kerala,,1.0
UEI-IMD-FL-2021-0094,2021-10-12,2021-10-12,Kerala,,
UEI-IMD-FL-2021-0095,2021-10-12,2021-10-12,Kerala,,1.0
UEI-IMD-FL-2021-0096,2021-10-12,2021-10-12,Kerala,,
UEI-IMD-FL-2021-0097,2021-10-12,2021-10-12,Kerala,,
UEI-IMD-FL-2021-0098,2021-10-16,2021-10-16,Kerala,,
UEI-IMD-FL-2021-0099,2021-10-16,2021-10-16,Kerala,,
UEI-IMD-FL-2021-0100,2021-10-16,2021-10-16,Kerala,,
UEI-IMD-FL-2021-0101,2021-10-16,2021-10-16,Kerala,,11.0
UEI-IMD-FL-2021-0102,2021-10-16,2021-10-16,Kerala,,1.0
UEI-IMD-FL-2021-0103,2021-10-16,2021-10-16,Kerala,,14.0
UEI-IMD-FL-2021-0104,2021-10-16,2021-10-16,Kerala,,1.0
UEI-IMD-FL-2021-0105,2021-10-16,2021-10-16,Kerala,,2.0
UEI-IMD-FL-2021-0312,2021-10-16,2021-10-19,Uttarakhand,,52.0
UEI-IMD-FL-2021-0106,2021-10-17,2021-10-17,Kerala,,2.0
UEI-IMD-FL-2021-0257,2021-10-17,2021-10-20,Sikkim,,
UEI-IMD-FL-2021-0107,2021-10-18,2021-10-18,Kerala,,
UEI-IMD-FL-2021-0240,2021-10-18,2021-10-19,Maharashtra,,
UEI-IMD-FL-2021-0318,2021-10-19,2021-10-19,West Bengal,,1.0
UEI-IMD-FL-2021-0319,2021-10-19,2021-10-19,West Bengal,,1.0
UEI-IMD-FL-2021-0320,2021-10-19,2021-10-19,West Bengal,,2.0
UEI-IMD-FL-2021-0112,2021-10-20,2021-10-20,Kerala,,
UEI-IMD-FL-2021-0113,2021-10-20,2021-10-20,Kerala,,
UEI-IMD-FL-2021-0114,2021-10-20,2021-10-20,Kerala,,
UEI-IMD-FL-2021-0241,2021-10-20,2021-10-20,Maharashtra,,1.0
UEI-IMD-FL-2021-0115,2021-10-23,2021-10-23,Kerala,,
UEI-IMD-FL-2021-0116,2021-10-23,2021-10-23,Kerala,,
UEI-IMD-FL-2021-0337,2021-10-23,2021-10-23,Jammu & Kashmir,,3.0
UEI-IMD-FL-2021-0117,2021-11-02,2021-11-02,Kerala,,
UEI-IMD-FL-2021-0118,2021-11-05,2021-11-05,Kerala,,
UEI-IMD-FL-2021-0242,2021-11-05,2021-11-05,Maharashtra,,
UEI-IMD-FL-2021-0260,2021-11-06,2021-11-21,Tamil Nadu,,4.0
UEI-IMD-FL-2021-0261,2021-11-06,2021-11-21,Tamil Nadu,,
UEI-IMD-FL-2021-0262,2021-11-06,2021-11-21,Tamil Nadu,,
UEI-IMD-FL-2021-0263,2021-11-06,2021-11-21,Tamil Nadu,,
UEI-IMD-FL-2021-0264,2021-11-06,2021-11-21,Tamil Nadu,,
UEI-IMD-FL-2021-0265,2021-11-06,2021-11-21,Tamil Nadu,,
UEI-IMD-FL-2021-0266,2021-11-06,2021-11-21,Tamil Nadu,,
UEI-IMD-FL-2021-0267,2021-11-06,2021-11-21,Tamil Nadu,,
UEI-IMD-FL-2021-0268,2021-11-06,2021-11-21,Tamil Nadu,,
UEI-IMD-FL-2021-0269,2021-11-07,2021-11-07,Tamil Nadu,,1.0
UEI-IMD-FL-2021-0002,2021-11-08,2021-11-21,Andhra Pradesh,,7.0
UEI-IMD-FL-2021-0003,2021-11-08,2021-11-21,Andhra Pradesh,,13.0
UEI-IMD-FL-2021-0004,2021-11-08,2021-11-21,Andhra Pradesh,,13.0
UEI-IMD-FL-2021-0005,2021-11-08,2021-11-21,Andhra Pradesh,,3.0
UEI-IMD-FL-2021-0006,2021-11-08,2021-11-21,Andhra Pradesh,,
UEI-IMD-FL-2021-0007,2021-11-08,2021-11-21,Andhra Pradesh,,8.0
UEI-IMD-FL-2021-0123,2021-11-10,2021-11-15,Kerala,,
UEI-IMD-FL-2021-0124,2021-11-10,2021-11-15,Kerala,,1.0
UEI-IMD-FL-2021-0270,2021-11-10,2021-11-10,Tamil Nadu,,2.0
UEI-IMD-FL-2021-0119,2021-11-13,2021-11-13,Kerala,,
UEI-IMD-FL-2021-0120,2021-11-14,2021-11-14,Kerala,,1.0
UEI-IMD-FL-2021-0121,2021-11-14,2021-11-14,Kerala,,2.0
UEI-IMD-FL-2021-0122,2021-11-14,2021-11-14,Kerala,,1.0
UEI-IMD-FL-2021-0058,2021-11-15,2021-11-20,Karnataka,,6.0
UEI-IMD-FL-2021-0059,2021-11-15,2021-11-20,Karnataka,,1.0
UEI-IMD-FL-2021-0060,2021-11-15,2021-11-20,Karnataka,,1.0
UEI-IMD-FL-2021-0061,2021-11-15,2021-11-20,Karnataka,,7.0
UEI-IMD-FL-2021-0125,2021-11-15,2021-11-16,Kerala,,
UEI-IMD-FL-2021-0126,2021-11-15,2021-11-16,Kerala,,1.0
UEI-IMD-FL-2021-0127,2021-11-17,2021-11-17,Kerala,,1.0
UEI-IMD-FL-2021-0128,2021-11-17,2021-11-17,Kerala,,1.0
UEI-IMD-FL-2021-0271,2021-11-18,2021-11-18,Tamil Nadu,,9.0
UEI-IMD-FL-2021-0272,2021-11-19,2021-11-19,Tamil Nadu,,
UEI-IMD-FL-2021-0273,2021-11-19,2021-11-19,Tamil Nadu,,3.0
UEI-IMD-FL-2021-0274,2021-11-19,2021-11-19,Tamil Nadu,,3.0
UEI-IMD-FL-2021-0275,2021-11-21,2021-11-21,Tamil Nadu,,1.0
UEI-IMD-FL-2021-0129,2021-11-30,2021-11-30,Kerala,,
UEI-IMD-FL-2021-0243,2021-12-01,2021-12-02,Maharashtra,,
UEI-IMD-FL-2021-0244,2021-12-04,2021-12-04,Maharashtra,,
UEI-IMD-FL-2021-0245,2021-12-28,2021-12-28,Maharashtra,,
UEI-IMD-FL-2021-0276,2021-12-30,2021-12-30,Tamil Nadu,,3.0
UEI-IMD-FL-2022-0825,2022-01-01,2022-12-31,Rajasthan,,
UEI-IMD-FL-2022-1110,2022-01-05,2022-01-05,Jammu & Kashmir,,
UEI-IMD-FL-2022-1111,2022-01-05,2022-01-05,Jammu & Kashmir,,1.0
UEI-IMD-FL-2022-0578,2022-01-08,2022-01-08,Madhya Pradesh,,
UEI-IMD-FL-2022-0579,2022-01-08,2022-01-08,Madhya Pradesh,,
UEI-IMD-FL-2022-0597,2022-01-08,2022-01-11,Maharashtra,,
UEI-IMD-FL-2022-0598,2022-01-08,2022-01-11,Maharashtra,,
UEI-IMD-FL-2022-0599,2022-01-08,2022-01-11,Maharashtra,,
UEI-IMD-FL-2022-0600,2022-01-08,2022-01-11,Maharashtra,,
UEI-IMD-FL-2022-0601,2022-01-08,2022-01-11,Maharashtra,,
UEI-IMD-FL-2022-0602,2022-01-08,2022-01-11,Maharashtra,,
UEI-IMD-FL-2022-0603,2022-01-08,2022-01-11,Maharashtra,,
UEI-IMD-FL-2022-0604,2022-01-08,2022-01-11,Maharashtra,,
UEI-IMD-FL-2022-1112,2022-01-08,2022-01-08,Jammu & Kashmir,,
UEI-IMD-FL-2022-1113,2022-01-08,2022-01-08,Jammu & Kashmir,,
UEI-IMD-FL-2022-1114,2022-01-08,2022-01-08,Jammu & Kashmir,,
UEI-IMD-FL-2022-1115,2022-01-08,2022-01-08,Jammu & Kashmir,,
UEI-IMD-FL-2022-1116,2022-01-08,2022-01-08,Jammu & Kashmir,,
UEI-IMD-FL-2022-1117,2022-01-08,2022-01-08,Jammu & Kashmir,,
UEI-IMD-FL-2022-1118,2022-01-08,2022-01-08,Jammu & Kashmir,,
UEI-IMD-FL-2022-0605,2022-01-13,2022-01-13,Maharashtra,,
UEI-IMD-FL-2022-0606,2022-01-13,2022-01-13,Maharashtra,,
UEI-IMD-FL-2022-0607,2022-01-16,2022-01-16,Maharashtra,,
UEI-IMD-FL-2022-0439,2022-01-17,2022-01-17,Himachal Pradesh,,3.0
UEI-IMD-FL-2022-0608,2022-03-04,2022-03-04,Maharashtra,,
UEI-IMD-FL-2022-0609,2022-03-08,2022-03-09,Maharashtra,,
UEI-IMD-FL-2022-0610,2022-03-08,2022-03-09,Maharashtra,,
UEI-IMD-FL-2022-0611,2022-03-08,2022-03-09,Maharashtra,,
UEI-IMD-FL-2022-0612,2022-03-08,2022-03-09,Maharashtra,,
UEI-IMD-FL-2022-0535,2022-03-23,2022-03-23,Kerala,,
UEI-IMD-FL-2022-0536,2022-03-24,2022-03-24,Kerala,,
UEI-IMD-FL-2022-0537,2022-03-24,2022-03-24,Kerala,,
UEI-IMD-FL-2022-0538,2022-03-27,2022-03-27,Kerala,,
UEI-IMD-FL-2022-1105,2022-04-03,2022-04-04,West Bengal,,
UEI-IMD-FL-2022-1106,2022-04-03,2022-04-04,West Bengal,,
UEI-IMD-FL-2022-0613,2022-04-04,2022-04-05,Maharashtra,,
UEI-IMD-FL-2022-0614,2022-04-04,2022-04-05,Maharashtra,,
UEI-IMD-FL-2022-0751,2022-04-04,2022-04-04,Meghalaya,,2.0
UEI-IMD-FL-2022-0398,2022-04-05,2022-04-05,Goa,,
UEI-IMD-FL-2022-0011,2022-04-06,2022-04-06,Arunachal Pradesh,,
UEI-IMD-FL-2022-0399,2022-04-08,2022-04-10,Goa,,
UEI-IMD-FL-2022-0485,2022-04-14,2022-04-14,Karnataka,,1.0
UEI-IMD-FL-2022-0012,2022-04-17,2022-04-17,Arunachal Pradesh,,3.0
UEI-IMD-FL-2022-0400,2022-04-25,2022-04-28,Goa,,
UEI-IMD-FL-2022-0402,2022-04-25,2022-04-25,Goa,,
UEI-IMD-FL-2022-0401,2022-04-26,2022-04-26,Goa,,
UEI-IMD-FL-2022-0486,2022-05-01,2022-05-01,Karnataka,,
UEI-IMD-FL-2022-0487,2022-05-01,2022-05-01,Karnataka,,1.0
UEI-IMD-FL-2022-0001,2022-05-04,2022-05-04,Andhra Pradesh,,
UEI-IMD-FL-2022-0002,2022-05-04,2022-05-04,Andhra Pradesh,,
UEI-IMD-FL-2022-0488,2022-05-04,2022-05-04,Karnataka,,1.0
UEI-IMD-FL-2022-0826,2022-05-04,2022-05-04,Sikkim,,1.0
UEI-IMD-FL-2022-1119,2022-05-09,2022-05-09,Jammu & Kashmir,,3.0
UEI-IMD-FL-2022-0013,2022-05-10,2022-05-11,Arunachal Pradesh,,
UEI-IMD-FL-2022-0749,2022-05-11,2022-05-15,Manipur,,
UEI-IMD-FL-2022-0827,2022-05-11,2022-05-12,Sikkim,,
UEI-IMD-FL-2022-0828,2022-05-11,2022-05-12,Sikkim,,
UEI-IMD-FL-2022-0078,2022-05-12,2022-05-13,Assam,,
UEI-IMD-FL-2022-0079,2022-05-12,2022-05-13,Assam,,
UEI-IMD-FL-2022-0080,2022-05-12,2022-05-13,Assam,,
UEI-IMD-FL-2022-0081,2022-05-12,2022-05-13,Assam,,
UEI-IMD-FL-2022-0082,2022-05-12,2022-05-13,Assam,,
UEI-IMD-FL-2022-0083,2022-05-12,2022-05-13,Assam,,
UEI-IMD-FL-2022-0084,2022-05-12,2022-05-13,Assam,,
UEI-IMD-FL-2022-0085,2022-05-12,2022-05-13,Assam,,3.0
UEI-IMD-FL-2022-0086,2022-05-12,2022-05-13,Assam,,
UEI-IMD-FL-2022-0014,2022-05-13,2022-05-19,Arunachal Pradesh,,
UEI-IMD-FL-2022-0015,2022-05-13,2022-05-19,Arunachal Pradesh,,
UEI-IMD-FL-2022-0016,2022-05-13,2022-05-19,Arunachal Pradesh,,
UEI-IMD-FL-2022-0017,2022-05-13,2022-05-19,Arunachal Pradesh,,
UEI-IMD-FL-2022-0018,2022-05-13,2022-05-19,Arunachal Pradesh,,
UEI-IMD-FL-2022-0019,2022-05-13,2022-05-19,Arunachal Pradesh,,
UEI-IMD-FL-2022-0020,2022-05-13,2022-05-19,Arunachal Pradesh,,
UEI-IMD-FL-2022-0763,2022-05-13,2022-05-15,Nagaland,,
UEI-IMD-FL-2022-0764,2022-05-13,2022-05-15,Nagaland,,
UEI-IMD-FL-2022-0765,2022-05-13,2022-05-15,Nagaland,,
UEI-IMD-FL-2022-0766,2022-05-13,2022-05-15,Nagaland,,
UEI-IMD-FL-2022-0087,2022-05-14,2022-05-14,Assam,,
UEI-IMD-FL-2022-0088,2022-05-14,2022-05-14,Assam,,
UEI-IMD-FL-2022-0089,2022-05-14,2022-05-14,Assam,,
UEI-IMD-FL-2022-0090,2022-05-14,2022-05-14,Assam,,
UEI-IMD-FL-2022-0091,2022-05-14,2022-05-14,Assam,,
UEI-IMD-FL-2022-0752,2022-05-14,2022-05-14,Meghalaya,,1.0
UEI-IMD-FL-2022-0021,2022-05-15,2022-05-15,Arunachal Pradesh,,3.0
UEI-IMD-FL-2022-0092,2022-05-15,2022-05-15,Assam,,
UEI-IMD-FL-2022-0093,2022-05-15,2022-05-15,Assam,,
UEI-IMD-FL-2022-0094,2022-05-15,2022-05-15,Assam,,
UEI-IMD-FL-2022-0095,2022-05-15,2022-05-15,Assam,,2.0
UEI-IMD-FL-2022-0096,2022-05-15,2022-05-15,Assam,,
UEI-IMD-FL-2022-0097,2022-05-15,2022-05-15,Assam,,
UEI-IMD-FL-2022-0098,2022-05-15,2022-05-15,Assam,,
UEI-IMD-FL-2022-0099,2022-05-15,2022-05-15,Assam,,
UEI-IMD-FL-2022-0100,2022-05-15,2022-05-15,Assam,,
UEI-IMD-FL-2022-0101,2022-05-15,2022-05-15,Assam,,
UEI-IMD-FL-2022-0102,2022-05-15,2022-05-15,Assam,,
UEI-IMD-FL-2022-0103,2022-05-15,2022-05-15,Assam,,
UEI-IMD-FL-2022-0104,2022-05-15,2022-05-15,Assam,,
UEI-IMD-FL-2022-0105,2022-05-15,2022-05-15,Assam,,
UEI-IMD-FL-2022-0106,2022-05-15,2022-05-15,Assam,,
UEI-IMD-FL-2022-0107,2022-05-15,2022-05-15,Assam,,
UEI-IMD-FL-2022-0108,2022-05-15,2022-05-15,Assam,,
UEI-IMD-FL-2022-0109,2022-05-15,2022-05-15,Assam,,
UEI-IMD-FL-2022-0110,2022-05-15,2022-05-15,Assam,,
UEI-IMD-FL-2022-0111,2022-05-15,2022-05-15,Assam,,
UEI-IMD-FL-2022-1107,2022-05-15,2022-05-15,West Bengal,,
UEI-IMD-FL-2022-0022,2022-05-16,2022-05-16,Arunachal Pradesh,,5.0
UEI-IMD-FL-2022-0112,2022-05-16,2022-05-16,Assam,,
UEI-IMD-FL-2022-0113,2022-05-16,2022-05-16,Assam,,
UEI-IMD-FL-2022-0114,2022-05-16,2022-05-16,Assam,,
UEI-IMD-FL-2022-0115,2022-05-16,2022-05-16,Assam,,
UEI-IMD-FL-2022-0116,2022-05-16,2022-05-16,Assam,,
UEI-IMD-FL-2022-0117,2022-05-16,2022-05-16,Assam,,
UEI-IMD-FL-2022-0118,2022-05-16,2022-05-16,Assam,,
UEI-IMD-FL-2022-0119,2022-05-16,2022-05-16,Assam,,
UEI-IMD-FL-2022-0120,2022-05-16,2022-05-16,Assam,,
UEI-IMD-FL-2022-0121,2022-05-16,2022-05-16,Assam,,
UEI-IMD-FL-2022-0122,2022-05-16,2022-05-16,Assam,,
UEI-IMD-FL-2022-0123,2022-05-16,2022-05-16,Assam,,
UEI-IMD-FL-2022-0124,2022-05-16,2022-05-16,Assam,,
UEI-IMD-FL-2022-0125,2022-05-16,2022-05-16,Assam,,
UEI-IMD-FL-2022-0126,2022-05-16,2022-05-16,Assam,,
UEI-IMD-FL-2022-0127,2022-05-16,2022-05-16,Assam,,
UEI-IMD-FL-2022-0128,2022-05-16,2022-05-16,Assam,,
UEI-IMD-FL-2022-0129,2022-05-16,2022-05-16,Assam,,
UEI-IMD-FL-2022-0130,2022-05-16,2022-05-16,Assam,,
UEI-IMD-FL-2022-0131,2022-05-16,2022-05-16,Assam,,
UEI-IMD-FL-2022-0132,2022-05-16,2022-05-16,Assam,,
UEI-IMD-FL-2022-0133,2022-05-16,2022-05-16,Assam,,
UEI-IMD-FL-2022-0134,2022-05-16,2022-05-16,Assam,,
UEI-IMD-FL-2022-0135,2022-05-16,2022-05-16,Assam,,
UEI-IMD-FL-2022-0136,2022-05-16,2022-05-16,Assam,,
UEI-IMD-FL-2022-0137,2022-05-16,2022-05-16,Assam,,
UEI-IMD-FL-2022-0138,2022-05-16,2022-05-16,Assam,,1.0
UEI-IMD-FL-2022-0753,2022-05-16,2022-05-16,Meghalaya,,1.0
UEI-IMD-FL-2022-0754,2022-05-16,2022-05-16,Meghalaya,,1.0
UEI-IMD-FL-2022-0023,2022-05-17,2022-05-17,Arunachal Pradesh,,3.0
UEI-IMD-FL-2022-0139,2022-05-17,2022-05-17,Assam,,
UEI-IMD-FL-2022-0140,2022-05-17,2022-05-17,Assam,,
UEI-IMD-FL-2022-0141,2022-05-17,2022-05-17,Assam,,
UEI-IMD-FL-2022-0142,2022-05-17,2022-05-17,Assam,,
UEI-IMD-FL-2022-0143,2022-05-17,2022-05-17,Assam,,
UEI-IMD-FL-2022-0144,2022-05-17,2022-05-17,Assam,,
UEI-IMD-FL-2022-0145,2022-05-17,2022-05-17,Assam,,
UEI-IMD-FL-2022-0146,2022-05-17,2022-05-17,Assam,,1.0
UEI-IMD-FL-2022-0147,2022-05-17,2022-05-17,Assam,,
UEI-IMD-FL-2022-0148,2022-05-17,2022-05-17,Assam,,
UEI-IMD-FL-2022-0149,2022-05-17,2022-05-17,Assam,,
UEI-IMD-FL-2022-0150,2022-05-17,2022-05-17,Assam,,
UEI-IMD-FL-2022-0151,2022-05-17,2022-05-17,Assam,,
UEI-IMD-FL-2022-0152,2022-05-17,2022-05-17,Assam,,
UEI-IMD-FL-2022-0153,2022-05-17,2022-05-17,Assam,,
UEI-IMD-FL-2022-0154,2022-05-17,2022-05-17,Assam,,
UEI-IMD-FL-2022-0155,2022-05-17,2022-05-17,Assam,,
UEI-IMD-FL-2022-0156,2022-05-17,2022-05-17,Assam,,
UEI-IMD-FL-2022-0157,2022-05-17,2022-05-17,Assam,,
UEI-IMD-FL-2022-0158,2022-05-17,2022-05-17,Assam,,
UEI-IMD-FL-2022-0159,2022-05-17,2022-05-17,Assam,,
UEI-IMD-FL-2022-0160,2022-05-17,2022-05-17,Assam,,
UEI-IMD-FL-2022-0161,2022-05-17,2022-05-17,Assam,,
UEI-IMD-FL-2022-0162,2022-05-17,2022-05-17,Assam,,
UEI-IMD-FL-2022-0163,2022-05-17,2022-05-17,Assam,,
UEI-IMD-FL-2022-0164,2022-05-17,2022-05-17,Assam,,
UEI-IMD-FL-2022-0165,2022-05-17,2022-05-17,Assam,,
UEI-IMD-FL-2022-0492,2022-05-17,2022-05-20,Karnataka,,
UEI-IMD-FL-2022-0493,2022-05-17,2022-05-20,Karnataka,,
UEI-IMD-FL-2022-0494,2022-05-17,2022-05-20,Karnataka,,
UEI-IMD-FL-2022-0495,2022-05-17,2022-05-20,Karnataka,,
UEI-IMD-FL-2022-0496,2022-05-17,2022-05-20,Karnataka,,
UEI-IMD-FL-2022-0497,2022-05-17,2022-05-20,Karnataka,,
UEI-IMD-FL-2022-0498,2022-05-17,2022-05-20,Karnataka,,
UEI-IMD-FL-2022-0499,2022-05-17,2022-05-20,Karnataka,,
UEI-IMD-FL-2022-0500,2022-05-17,2022-05-20,Karnataka,,
UEI-IMD-FL-2022-0501,2022-05-17,2022-05-20,Karnataka,,
UEI-IMD-FL-2022-0502,2022-05-17,2022-05-20,Karnataka,,
UEI-IMD-FL-2022-0503,2022-05-17,2022-05-20,Karnataka,,
UEI-IMD-FL-2022-0539,2022-05-17,2022-05-17,Kerala,,1.0
UEI-IMD-FL-2022-0166,2022-05-18,2022-05-18,Assam,,
UEI-IMD-FL-2022-0167,2022-05-18,2022-05-18,Assam,,1.0
UEI-IMD-FL-2022-0489,2022-05-18,2022-05-18,Karnataka,,1.0
UEI-IMD-FL-2022-0540,2022-05-18,2022-05-18,Kerala,,1.0
UEI-IMD-FL-2022-0541,2022-05-18,2022-05-18,Kerala,,1.0
UEI-IMD-FL-2022-0829,2022-05-18,2022-05-18,Sikkim,,
UEI-IMD-FL-2022-0830,2022-05-18,2022-05-18,Sikkim,,1.0
UEI-IMD-FL-2022-0168,2022-05-19,2022-05-19,Assam,,
UEI-IMD-FL-2022-0169,2022-05-19,2022-05-19,Assam,,2.0
UEI-IMD-FL-2022-0170,2022-05-19,2022-05-19,Assam,,1.0
UEI-IMD-FL-2022-0171,2022-05-19,2022-05-19,Assam,,1.0
UEI-IMD-FL-2022-0384,2022-05-19,2022-05-21,Bihar,,1.0
UEI-IMD-FL-2022-0385,2022-05-19,2022-05-21,Bihar,,1.0
UEI-IMD-FL-2022-0386,2022-05-19,2022-05-21,Bihar,,1.0
UEI-IMD-FL-2022-0490,2022-05-19,2022-05-19,Karnataka,,1.0
UEI-IMD-FL-2022-0491,2022-05-19,2022-05-19,Karnataka,,
UEI-IMD-FL-2022-0755,2022-05-19,2022-05-19,Meghalaya,,1.0
UEI-IMD-FL-2022-0172,2022-05-20,2022-05-20,Assam,,
UEI-IMD-FL-2022-0173,2022-05-20,2022-05-20,Assam,,2.0
UEI-IMD-FL-2022-0174,2022-05-20,2022-05-20,Assam,,1.0
UEI-IMD-FL-2022-0175,2022-05-20,2022-05-20,Assam,,1.0
UEI-IMD-FL-2022-0542,2022-05-20,2022-05-20,Kerala,,1.0
UEI-IMD-FL-2022-0543,2022-05-20,2022-05-20,Kerala,,
UEI-IMD-FL-2022-0615,2022-05-20,2022-05-20,Maharashtra,,
UEI-IMD-FL-2022-0616,2022-05-20,2022-05-20,Maharashtra,,
UEI-IMD-FL-2022-0617,2022-05-20,2022-05-20,Maharashtra,,
UEI-IMD-FL-2022-0618,2022-05-20,2022-05-20,Maharashtra,,
UEI-IMD-FL-2022-0619,2022-05-20,2022-05-20,Maharashtra,,
UEI-IMD-FL-2022-0620,2022-05-20,2022-05-20,Maharashtra,,
UEI-IMD-FL-2022-0621,2022-05-20,2022-05-20,Maharashtra,,
UEI-IMD-FL-2022-0622,2022-05-20,2022-05-20,Maharashtra,,
UEI-IMD-FL-2022-0024,2022-05-21,2022-05-22,Arunachal Pradesh,,
UEI-IMD-FL-2022-0025,2022-05-21,2022-05-22,Arunachal Pradesh,,
UEI-IMD-FL-2022-0176,2022-05-21,2022-05-21,Assam,,
UEI-IMD-FL-2022-0177,2022-05-21,2022-05-21,Assam,,1.0
UEI-IMD-FL-2022-0178,2022-05-21,2022-05-21,Assam,,1.0
UEI-IMD-FL-2022-0179,2022-05-21,2022-05-21,Assam,,4.0
UEI-IMD-FL-2022-0180,2022-05-22,2022-05-22,Assam,,
UEI-IMD-FL-2022-0181,2022-05-22,2022-05-22,Assam,,1.0
UEI-IMD-FL-2022-0182,2022-05-22,2022-05-22,Assam,,
UEI-IMD-FL-2022-0183,2022-05-22,2022-05-22,Assam,,
UEI-IMD-FL-2022-0403,2022-05-22,2022-05-22,Goa,,
UEI-IMD-FL-2022-0440,2022-05-22,2022-05-22,Himachal Pradesh,,1.0
UEI-IMD-FL-2022-0184,2022-05-23,2022-05-23,Assam,,
UEI-IMD-FL-2022-0185,2022-05-23,2022-05-23,Assam,,1.0
UEI-IMD-FL-2022-0186,2022-05-23,2022-05-23,Assam,,1.0
UEI-IMD-FL-2022-0767,2022-05-23,2022-05-23,Nagaland,,1.0
UEI-IMD-FL-2022-0768,2022-05-23,2022-05-23,Nagaland,,1.0
UEI-IMD-FL-2022-0769,2022-05-23,2022-05-23,Nagaland,,1.0
UEI-IMD-FL-2022-0948,2022-05-23,2022-05-23,Uttar Pradesh,,4.0
UEI-IMD-FL-2022-0949,2022-05-23,2022-05-23,Uttar Pradesh,,1.0
UEI-IMD-FL-2022-0950,2022-05-23,2022-05-23,Uttar Pradesh,,1.0
UEI-IMD-FL-2022-0951,2022-05-23,2022-05-23,Uttar Pradesh,,2.0
UEI-IMD-FL-2022-0952,2022-05-23,2022-05-23,Uttar Pradesh,,4.0
UEI-IMD-FL-2022-0953,2022-05-23,2022-05-23,Uttar Pradesh,,
UEI-IMD-FL-2022-0026,2022-05-24,2022-05-24,Arunachal Pradesh,,
UEI-IMD-FL-2022-0187,2022-05-24,2022-05-24,Assam,,
UEI-IMD-FL-2022-0188,2022-05-24,2022-05-24,Assam,,1.0
UEI-IMD-FL-2022-0189,2022-05-24,2022-05-24,Assam,,1.0
UEI-IMD-FL-2022-0190,2022-05-24,2022-05-24,Assam,,
UEI-IMD-FL-2022-0191,2022-05-25,2022-05-25,Assam,,
UEI-IMD-FL-2022-0192,2022-05-25,2022-05-25,Assam,,2.0
UEI-IMD-FL-2022-0193,2022-05-25,2022-05-25,Assam,,
UEI-IMD-FL-2022-0027,2022-05-26,2022-05-26,Arunachal Pradesh,,
UEI-IMD-FL-2022-0028,2022-05-26,2022-05-26,Arunachal Pradesh,,
UEI-IMD-FL-2022-0029,2022-05-26,2022-05-26,Arunachal Pradesh,,
UEI-IMD-FL-2022-0194,2022-05-26,2022-05-26,Assam,,
UEI-IMD-FL-2022-0195,2022-05-27,2022-05-27,Assam,,
UEI-IMD-FL-2022-0196,2022-05-27,2022-05-27,Assam,,2.0
UEI-IMD-FL-2022-0197,2022-05-28,2022-05-28,Assam,,
UEI-IMD-FL-2022-0198,2022-05-28,2022-05-28,Assam,,
UEI-IMD-FL-2022-0199,2022-05-29,2022-05-29,Assam,,
UEI-IMD-FL-2022-0200,2022-05-29,2022-05-29,Assam,,2.0
UEI-IMD-FL-2022-0201,2022-05-29,2022-05-29,Assam,,2.0
UEI-IMD-FL-2022-0202,2022-05-29,2022-05-29,Assam,,
UEI-IMD-FL-2022-0441,2022-05-29,2022-05-29,Himachal Pradesh,,1.0
UEI-IMD-FL-2022-0442,2022-05-29,2022-05-29,Himachal Pradesh,,1.0
UEI-IMD-FL-2022-0443,2022-05-29,2022-05-29,Himachal Pradesh,,1.0
UEI-IMD-FL-2022-0203,2022-05-31,2022-05-31,Assam,,
UEI-IMD-FL-2022-0204,2022-05-31,2022-05-31,Assam,,2.0
UEI-IMD-FL-2022-0623,2022-05-31,2022-05-31,Maharashtra,,
UEI-IMD-FL-2022-0624,2022-05-31,2022-05-31,Maharashtra,,
UEI-IMD-FL-2022-0030,2022-06-02,2022-06-03,Arunachal Pradesh,,
UEI-IMD-FL-2022-0031,2022-06-02,2022-06-03,Arunachal Pradesh,,
UEI-IMD-FL-2022-0756,2022-06-09,2022-06-09,Meghalaya,,
UEI-IMD-FL-2022-0757,2022-06-09,2022-06-09,Meghalaya,,
UEI-IMD-FL-2022-0758,2022-06-09,2022-06-09,Meghalaya,,4.0
UEI-IMD-FL-2022-0759,2022-06-09,2022-06-09,Meghalaya,,
UEI-IMD-FL-2022-0404,2022-06-10,2022-06-10,Goa,,
UEI-IMD-FL-2022-0405,2022-06-10,2022-06-10,Goa,,
UEI-IMD-FL-2022-0625,2022-06-10,2022-06-10,Maharashtra,,
UEI-IMD-FL-2022-0406,2022-06-11,2022-06-11,Goa,,
UEI-IMD-FL-2022-0418,2022-06-12,2022-06-12,Gujarat,,3.0
UEI-IMD-FL-2022-0205,2022-06-13,2022-06-13,Assam,,
UEI-IMD-FL-2022-0206,2022-06-14,2022-06-14,Assam,,4.0
UEI-IMD-FL-2022-0207,2022-06-14,2022-06-14,Assam,,
UEI-IMD-FL-2022-0208,2022-06-14,2022-06-14,Assam,,1.0
UEI-IMD-FL-2022-0626,2022-06-14,2022-06-15,Maharashtra,,
UEI-IMD-FL-2022-0831,2022-06-14,2022-06-14,Sikkim,,1.0
UEI-IMD-FL-2022-0209,2022-06-15,2022-06-15,Assam,,
UEI-IMD-FL-2022-0210,2022-06-15,2022-06-15,Assam,,1.0
UEI-IMD-FL-2022-0211,2022-06-15,2022-06-15,Assam,,1.0
UEI-IMD-FL-2022-0832,2022-06-15,2022-06-17,Sikkim,,
UEI-IMD-FL-2022-0212,2022-06-16,2022-06-16,Assam,,2.0
UEI-IMD-FL-2022-0213,2022-06-16,2022-06-16,Assam,,
UEI-IMD-FL-2022-0214,2022-06-16,2022-06-16,Assam,,1.0
UEI-IMD-FL-2022-0215,2022-06-16,2022-06-16,Assam,,1.0
UEI-IMD-FL-2022-0216,2022-06-16,2022-06-16,Assam,,2.0
UEI-IMD-FL-2022-0217,2022-06-16,2022-06-16,Assam,,1.0
UEI-IMD-FL-2022-0218,2022-06-16,2022-06-16,Assam,,1.0
UEI-IMD-FL-2022-0219,2022-06-16,2022-06-16,Assam,,2.0
UEI-IMD-FL-2022-0220,2022-06-16,2022-06-16,Assam,,1.0
UEI-IMD-FL-2022-0407,2022-06-16,2022-06-16,Goa,,
UEI-IMD-FL-2022-0544,2022-06-16,2022-06-16,Kerala,,1.0
UEI-IMD-FL-2022-0760,2022-06-16,2022-06-16,Meghalaya,,
UEI-IMD-FL-2022-0761,2022-06-16,2022-06-16,Meghalaya,,4.0
UEI-IMD-FL-2022-0762,2022-06-16,2022-06-16,Meghalaya,,1.0
UEI-IMD-FL-2022-0833,2022-06-16,2022-06-16,Sikkim,,1.0
UEI-IMD-FL-2022-0839,2022-06-16,2022-06-17,Telangana,,
UEI-IMD-FL-2022-0840,2022-06-16,2022-06-17,Telangana,,
UEI-IMD-FL-2022-0841,2022-06-16,2022-06-17,Telangana,,
UEI-IMD-FL-2022-0842,2022-06-16,2022-06-17,Telangana,,
UEI-IMD-FL-2022-0843,2022-06-16,2022-06-17,Telangana,,
UEI-IMD-FL-2022-0844,2022-06-16,2022-06-17,Telangana,,
UEI-IMD-FL-2022-0845,2022-06-16,2022-06-17,Telangana,,
UEI-IMD-FL-2022-0221,2022-06-17,2022-06-17,Assam,,
UEI-IMD-FL-2022-0222,2022-06-17,2022-06-17,Assam,,2.0
UEI-IMD-FL-2022-0223,2022-06-17,2022-06-17,Assam,,1.0
UEI-IMD-FL-2022-0224,2022-06-17,2022-06-17,Assam,,1.0
UEI-IMD-FL-2022-0225,2022-06-17,2022-06-17,Assam,,1.0
UEI-IMD-FL-2022-0226,2022-06-17,2022-06-17,Assam,,
UEI-IMD-FL-2022-0227,2022-06-17,2022-06-17,Assam,,
UEI-IMD-FL-2022-0228,2022-06-17,2022-06-17,Assam,,
UEI-IMD-FL-2022-0229,2022-06-17,2022-06-17,Assam,,
UEI-IMD-FL-2022-0230,2022-06-17,2022-06-17,Assam,,
UEI-IMD-FL-2022-0032,2022-06-18,2022-06-18,Arunachal Pradesh,,3.0
UEI-IMD-FL-2022-0231,2022-06-18,2022-06-18,Assam,,1.0
UEI-IMD-FL-2022-0232,2022-06-18,2022-06-18,Assam,,2.0
UEI-IMD-FL-2022-0233,2022-06-18,2022-06-18,Assam,,
UEI-IMD-FL-2022-0234,2022-06-18,2022-06-18,Assam,,1.0
UEI-IMD-FL-2022-0235,2022-06-18,2022-06-18,Assam,,2.0
UEI-IMD-FL-2022-0236,2022-06-18,2022-06-18,Assam,,1.0
UEI-IMD-FL-2022-0237,2022-06-18,2022-06-18,Assam,,1.0
UEI-IMD-FL-2022-0238,2022-06-18,2022-06-18,Assam,,1.0
UEI-IMD-FL-2022-0239,2022-06-18,2022-06-18,Assam,,
UEI-IMD-FL-2022-0240,2022-06-18,2022-06-18,Assam,,
UEI-IMD-FL-2022-0241,2022-06-18,2022-06-18,Assam,,
UEI-IMD-FL-2022-0242,2022-06-18,2022-06-18,Assam,,
UEI-IMD-FL-2022-0243,2022-06-18,2022-06-18,Assam,,
UEI-IMD-FL-2022-0033,2022-06-19,2022-06-19,Arunachal Pradesh,,1.0
UEI-IMD-FL-2022-0034,2022-06-19,2022-06-19,Arunachal Pradesh,,1.0
UEI-IMD-FL-2022-0244,2022-06-19,2022-06-19,Assam,,3.0
UEI-IMD-FL-2022-0245,2022-06-19,2022-06-19,Assam,,
UEI-IMD-FL-2022-0246,2022-06-19,2022-06-19,Assam,,1.0
UEI-IMD-FL-2022-0247,2022-06-19,2022-06-19,Assam,,3.0
UEI-IMD-FL-2022-0248,2022-06-19,2022-06-19,Assam,,1.0
UEI-IMD-FL-2022-0249,2022-06-19,2022-06-19,Assam,,1.0
UEI-IMD-FL-2022-0250,2022-06-19,2022-06-19,Assam,,1.0
UEI-IMD-FL-2022-0251,2022-06-19,2022-06-19,Assam,,1.0
UEI-IMD-FL-2022-0252,2022-06-19,2022-06-19,Assam,,1.0
UEI-IMD-FL-2022-0253,2022-06-19,2022-06-19,Assam,,2.0
UEI-IMD-FL-2022-0254,2022-06-19,2022-06-19,Assam,,
UEI-IMD-FL-2022-0255,2022-06-19,2022-06-19,Assam,,
UEI-IMD-FL-2022-0256,2022-06-19,2022-06-19,Assam,,
UEI-IMD-FL-2022-0257,2022-06-19,2022-06-19,Assam,,
UEI-IMD-FL-2022-0781,2022-06-19,2022-06-19,Punjab,,3.0
UEI-IMD-FL-2022-0782,2022-06-19,2022-06-19,Punjab,,
UEI-IMD-FL-2022-0783,2022-06-19,2022-06-19,Punjab,,
UEI-IMD-FL-2022-0846,2022-06-19,2022-06-20,Telangana,,1.0
UEI-IMD-FL-2022-0847,2022-06-19,2022-06-20,Telangana,,
UEI-IMD-FL-2022-0848,2022-06-19,2022-06-20,Telangana,,
UEI-IMD-FL-2022-0849,2022-06-19,2022-06-20,Telangana,,
UEI-IMD-FL-2022-0850,2022-06-19,2022-06-20,Telangana,,1.0
UEI-IMD-FL-2022-0851,2022-06-19,2022-06-20,Telangana,,
UEI-IMD-FL-2022-0852,2022-06-19,2022-06-20,Telangana,,
UEI-IMD-FL-2022-1120,2022-06-19,2022-06-19,Jammu & Kashmir,,1.0
UEI-IMD-FL-2022-0258,2022-06-20,2022-06-20,Assam,,
UEI-IMD-FL-2022-0259,2022-06-20,2022-06-20,Assam,,1.0
UEI-IMD-FL-2022-0260,2022-06-20,2022-06-20,Assam,,3.0
UEI-IMD-FL-2022-0261,2022-06-20,2022-06-20,Assam,,1.0
UEI-IMD-FL-2022-0262,2022-06-20,2022-06-20,Assam,,1.0
UEI-IMD-FL-2022-0263,2022-06-20,2022-06-20,Assam,,1.0
UEI-IMD-FL-2022-0264,2022-06-20,2022-06-20,Assam,,
UEI-IMD-FL-2022-0265,2022-06-20,2022-06-20,Assam,,
UEI-IMD-FL-2022-0627,2022-06-20,2022-06-20,Maharashtra,,
UEI-IMD-FL-2022-0954,2022-06-20,2022-06-20,Uttar Pradesh,,1.0
UEI-IMD-FL-2022-0955,2022-06-20,2022-06-20,Uttar Pradesh,,
UEI-IMD-FL-2022-0035,2022-06-21,2022-06-21,Arunachal Pradesh,,
UEI-IMD-FL-2022-0036,2022-06-21,2022-06-21,Arunachal Pradesh,,
UEI-IMD-FL-2022-0266,2022-06-21,2022-06-21,Assam,,
UEI-IMD-FL-2022-0267,2022-06-21,2022-06-21,Assam,,3.0
UEI-IMD-FL-2022-0268,2022-06-21,2022-06-21,Assam,,4.0
UEI-IMD-FL-2022-0269,2022-06-21,2022-06-21,Assam,,2.0
UEI-IMD-FL-2022-0270,2022-06-21,2022-06-21,Assam,,3.0
UEI-IMD-FL-2022-0408,2022-06-21,2022-06-21,Goa,,
UEI-IMD-FL-2022-0271,2022-06-22,2022-06-22,Assam,,
UEI-IMD-FL-2022-0272,2022-06-22,2022-06-22,Assam,,1.0
UEI-IMD-FL-2022-0273,2022-06-22,2022-06-22,Assam,,2.0
UEI-IMD-FL-2022-0274,2022-06-22,2022-06-22,Assam,,2.0
UEI-IMD-FL-2022-0275,2022-06-22,2022-06-22,Assam,,1.0
UEI-IMD-FL-2022-0276,2022-06-22,2022-06-22,Assam,,1.0
UEI-IMD-FL-2022-0580,2022-06-22,2022-06-22,Madhya Pradesh,,1.0
UEI-IMD-FL-2022-0853,2022-06-22,2022-06-22,Telangana,,
UEI-IMD-FL-2022-0854,2022-06-22,2022-06-22,Telangana,,
UEI-IMD-FL-2022-0855,2022-06-22,2022-06-22,Telangana,,
UEI-IMD-FL-2022-0856,2022-06-22,2022-06-22,Telangana,,
UEI-IMD-FL-2022-0857,2022-06-22,2022-06-22,Telangana,,
UEI-IMD-FL-2022-0277,2022-06-23,2022-06-23,Assam,,
UEI-IMD-FL-2022-0278,2022-06-23,2022-06-23,Assam,,2.0
UEI-IMD-FL-2022-0279,2022-06-23,2022-06-23,Assam,,1.0
UEI-IMD-FL-2022-0280,2022-06-23,2022-06-23,Assam,,2.0
UEI-IMD-FL-2022-0281,2022-06-23,2022-06-23,Assam,,2.0
UEI-IMD-FL-2022-0282,2022-06-23,2022-06-23,Assam,,1.0
UEI-IMD-FL-2022-0283,2022-06-23,2022-06-23,Assam,,2.0
UEI-IMD-FL-2022-0956,2022-06-23,2022-06-23,Uttar Pradesh,,1.0
UEI-IMD-FL-2022-0284,2022-06-24,2022-06-24,Assam,,
UEI-IMD-FL-2022-0285,2022-06-24,2022-06-24,Assam,,1.0
UEI-IMD-FL-2022-0286,2022-06-24,2022-06-24,Assam,,1.0
UEI-IMD-FL-2022-0287,2022-06-24,2022-06-24,Assam,,1.0
UEI-IMD-FL-2022-0288,2022-06-24,2022-06-24,Assam,,1.0
UEI-IMD-FL-2022-0409,2022-06-24,2022-06-27,Goa,,
UEI-IMD-FL-2022-0410,2022-06-24,2022-06-27,Goa,,
UEI-IMD-FL-2022-0628,2022-06-24,2022-06-24,Maharashtra,,3.0
UEI-IMD-FL-2022-0957,2022-06-24,2022-06-24,Uttar Pradesh,,1.0
UEI-IMD-FL-2022-0289,2022-06-25,2022-06-25,Assam,,
UEI-IMD-FL-2022-0290,2022-06-25,2022-06-25,Assam,,1.0
UEI-IMD-FL-2022-0291,2022-06-25,2022-06-25,Assam,,1.0
UEI-IMD-FL-2022-0292,2022-06-25,2022-06-25,Assam,,1.0
UEI-IMD-FL-2022-0293,2022-06-25,2022-06-25,Assam,,
UEI-IMD-FL-2022-0294,2022-06-25,2022-06-25,Assam,,1.0
UEI-IMD-FL-2022-0295,2022-06-25,2022-06-25,Assam,,1.0
UEI-IMD-FL-2022-0296,2022-06-26,2022-06-26,Assam,,
UEI-IMD-FL-2022-0297,2022-06-26,2022-06-26,Assam,,5.0
UEI-IMD-FL-2022-0298,2022-06-26,2022-06-26,Assam,,1.0
UEI-IMD-FL-2022-0299,2022-06-26,2022-06-26,Assam,,1.0
UEI-IMD-FL-2022-0300,2022-06-26,2022-06-26,Assam,,1.0
UEI-IMD-FL-2022-0301,2022-06-27,2022-06-27,Assam,,
UEI-IMD-FL-2022-0302,2022-06-27,2022-06-27,Assam,,3.0
UEI-IMD-FL-2022-0303,2022-06-27,2022-06-27,Assam,,
UEI-IMD-FL-2022-0304,2022-06-27,2022-06-27,Assam,,1.0
UEI-IMD-FL-2022-0305,2022-06-27,2022-06-27,Assam,,1.0
UEI-IMD-FL-2022-0037,2022-06-28,2022-06-28,Arunachal Pradesh,,3.0
UEI-IMD-FL-2022-0038,2022-06-28,2022-06-28,Arunachal Pradesh,,1.0
UEI-IMD-FL-2022-0039,2022-06-28,2022-06-28,Arunachal Pradesh,,
UEI-IMD-FL-2022-0040,2022-06-28,2022-06-28,Arunachal Pradesh,,
UEI-IMD-FL-2022-0041,2022-06-28,2022-06-28,Arunachal Pradesh,,1.0
UEI-IMD-FL-2022-0306,2022-06-28,2022-06-28,Assam,,
UEI-IMD-FL-2022-0307,2022-06-28,2022-06-28,Assam,,1.0
UEI-IMD-FL-2022-0308,2022-06-28,2022-06-28,Assam,,1.0
UEI-IMD-FL-2022-0309,2022-06-28,2022-06-28,Assam,,2.0
UEI-IMD-FL-2022-0310,2022-06-28,2022-06-28,Assam,,2.0
UEI-IMD-FL-2022-0311,2022-06-28,2022-06-28,Assam,,1.0
UEI-IMD-FL-2022-0312,2022-06-28,2022-06-28,Assam,,1.0
UEI-IMD-FL-2022-0313,2022-06-28,2022-06-28,Assam,,1.0
UEI-IMD-FL-2022-0314,2022-06-28,2022-06-28,Assam,,1.0
UEI-IMD-FL-2022-0315,2022-06-28,2022-06-28,Assam,,1.0
UEI-IMD-FL-2022-0834,2022-06-28,2022-06-28,Sikkim,,3.0
UEI-IMD-FL-2022-0042,2022-06-29,2022-06-29,Arunachal Pradesh,,2.0
UEI-IMD-FL-2022-0043,2022-06-29,2022-06-29,Arunachal Pradesh,,
UEI-IMD-FL-2022-0044,2022-06-29,2022-06-29,Arunachal Pradesh,,
UEI-IMD-FL-2022-0045,2022-06-29,2022-06-29,Arunachal Pradesh,,
UEI-IMD-FL-2022-0046,2022-06-29,2022-06-29,Arunachal Pradesh,,
UEI-IMD-FL-2022-0047,2022-06-29,2022-06-29,Arunachal Pradesh,,
UEI-IMD-FL-2022-0316,2022-06-29,2022-06-29,Assam,,1.0
UEI-IMD-FL-2022-0317,2022-06-29,2022-06-29,Assam,,
UEI-IMD-FL-2022-0318,2022-06-29,2022-06-29,Assam,,1.0
UEI-IMD-FL-2022-0319,2022-06-29,2022-06-29,Assam,,1.0
UEI-IMD-FL-2022-0320,2022-06-29,2022-06-29,Assam,,1.0
UEI-IMD-FL-2022-0321,2022-06-29,2022-06-29,Assam,,2.0
UEI-IMD-FL-2022-0322,2022-06-29,2022-06-29,Assam,,1.0
UEI-IMD-FL-2022-0323,2022-06-29,2022-06-29,Assam,,2.0
UEI-IMD-FL-2022-0324,2022-06-29,2022-06-29,Assam,,
UEI-IMD-FL-2022-0444,2022-06-29,2022-06-30,Himachal Pradesh,,13.0
UEI-IMD-FL-2022-0445,2022-06-29,2022-06-30,Himachal Pradesh,,
UEI-IMD-FL-2022-0446,2022-06-29,2022-06-30,Himachal Pradesh,,
UEI-IMD-FL-2022-0447,2022-06-29,2022-06-30,Himachal Pradesh,,
UEI-IMD-FL-2022-0448,2022-06-29,2022-06-30,Himachal Pradesh,,
UEI-IMD-FL-2022-0449,2022-06-29,2022-06-30,Himachal Pradesh,,
UEI-IMD-FL-2022-0450,2022-06-29,2022-06-30,Himachal Pradesh,,
UEI-IMD-FL-2022-0451,2022-06-29,2022-06-30,Himachal Pradesh,,
UEI-IMD-FL-2022-0452,2022-06-29,2022-06-30,Himachal Pradesh,,
UEI-IMD-FL-2022-0958,2022-06-29,2022-06-30,Uttar Pradesh,,2.0
UEI-IMD-FL-2022-0959,2022-06-29,2022-06-30,Uttar Pradesh,,
UEI-IMD-FL-2022-0960,2022-06-29,2022-06-30,Uttar Pradesh,,1.0
UEI-IMD-FL-2022-0961,2022-06-29,2022-06-30,Uttar Pradesh,,
UEI-IMD-FL-2022-0048,2022-06-30,2022-06-30,Arunachal Pradesh,,
UEI-IMD-FL-2022-0049,2022-06-30,2022-06-30,Arunachal Pradesh,,
UEI-IMD-FL-2022-0050,2022-06-30,2022-06-30,Arunachal Pradesh,,
UEI-IMD-FL-2022-0325,2022-06-30,2022-06-30,Assam,,
UEI-IMD-FL-2022-0326,2022-06-30,2022-06-30,Assam,,2.0
UEI-IMD-FL-2022-0327,2022-06-30,2022-06-30,Assam,,6.0
UEI-IMD-FL-2022-0328,2022-06-30,2022-06-30,Assam,,1.0
UEI-IMD-FL-2022-0329,2022-06-30,2022-06-30,Assam,,1.0
UEI-IMD-FL-2022-0330,2022-06-30,2022-06-30,Assam,,1.0
UEI-IMD-FL-2022-0331,2022-06-30,2022-06-30,Assam,,3.0
UEI-IMD-FL-2022-0411,2022-06-30,2022-06-30,Goa,,
UEI-IMD-FL-2022-0750,2022-06-30,2022-06-30,Manipur,,56.0
UEI-IMD-FL-2022-0007,2022-07-01,2022-07-01,Andhra Pradesh,,
UEI-IMD-FL-2022-0008,2022-07-01,2022-07-01,Andhra Pradesh,,
UEI-IMD-FL-2022-0009,2022-07-01,2022-07-01,Andhra Pradesh,,
UEI-IMD-FL-2022-0051,2022-07-01,2022-07-08,Arunachal Pradesh,,
UEI-IMD-FL-2022-0052,2022-07-01,2022-07-08,Arunachal Pradesh,,
UEI-IMD-FL-2022-0053,2022-07-01,2022-07-08,Arunachal Pradesh,,
UEI-IMD-FL-2022-0054,2022-07-01,2022-07-08,Arunachal Pradesh,,
UEI-IMD-FL-2022-0055,2022-07-01,2022-07-08,Arunachal Pradesh,,
UEI-IMD-FL-2022-0056,2022-07-01,2022-07-08,Arunachal Pradesh,,
UEI-IMD-FL-2022-0057,2022-07-01,2022-07-08,Arunachal Pradesh,,
UEI-IMD-FL-2022-0058,2022-07-01,2022-07-08,Arunachal Pradesh,,
UEI-IMD-FL-2022-0332,2022-07-01,2022-07-01,Assam,,
UEI-IMD-FL-2022-0333,2022-07-01,2022-07-01,Assam,,1.0
UEI-IMD-FL-2022-0412,2022-07-01,2022-07-31,Goa,,
UEI-IMD-FL-2022-0413,2022-07-01,2022-07-31,Goa,,
UEI-IMD-FL-2022-0545,2022-07-01,2022-07-01,Kerala,,1.0
UEI-IMD-FL-2022-0629,2022-07-01,2022-07-01,Maharashtra,,1.0
UEI-IMD-FL-2022-0858,2022-07-01,2022-07-31,Telangana,,6.0
UEI-IMD-FL-2022-0859,2022-07-01,2022-07-01,Telangana,,
UEI-IMD-FL-2022-0962,2022-07-01,2022-07-01,Uttar Pradesh,,
UEI-IMD-FL-2022-0334,2022-07-02,2022-07-02,Assam,,
UEI-IMD-FL-2022-0335,2022-07-02,2022-07-02,Assam,,1.0
UEI-IMD-FL-2022-0336,2022-07-02,2022-07-02,Assam,,1.0
UEI-IMD-FL-2022-0337,2022-07-02,2022-07-02,Assam,,2.0
UEI-IMD-FL-2022-0338,2022-07-02,2022-07-02,Assam,,1.0
UEI-IMD-FL-2022-0546,2022-07-02,2022-07-02,Kerala,,1.0
UEI-IMD-FL-2022-0798,2022-07-02,2022-07-02,Rajasthan,,2.0
UEI-IMD-FL-2022-0339,2022-07-03,2022-07-03,Assam,,
UEI-IMD-FL-2022-0340,2022-07-03,2022-07-03,Assam,,1.0
UEI-IMD-FL-2022-0341,2022-07-04,2022-07-04,Assam,,
UEI-IMD-FL-2022-0342,2022-07-04,2022-07-04,Assam,,2.0
UEI-IMD-FL-2022-0343,2022-07-04,2022-07-04,Assam,,1.0
UEI-IMD-FL-2022-0344,2022-07-04,2022-07-04,Assam,,1.0
UEI-IMD-FL-2022-0504,2022-07-04,2022-07-04,Karnataka,,1.0
UEI-IMD-FL-2022-0505,2022-07-04,2022-07-04,Karnataka,,
UEI-IMD-FL-2022-0506,2022-07-04,2022-07-04,Karnataka,,
UEI-IMD-FL-2022-0547,2022-07-04,2022-07-04,Kerala,,1.0
UEI-IMD-FL-2022-0630,2022-07-04,2022-07-04,Maharashtra,,1.0
UEI-IMD-FL-2022-0860,2022-07-04,2022-07-04,Telangana,,1.0
UEI-IMD-FL-2022-0345,2022-07-05,2022-07-05,Assam,,
UEI-IMD-FL-2022-0346,2022-07-05,2022-07-05,Assam,,1.0
UEI-IMD-FL-2022-0347,2022-07-05,2022-07-05,Assam,,1.0
UEI-IMD-FL-2022-0414,2022-07-05,2022-07-05,Goa,,1.0
UEI-IMD-FL-2022-0548,2022-07-05,2022-07-05,Kerala,,1.0
UEI-IMD-FL-2022-0963,2022-07-05,2022-07-05,Uttar Pradesh,,1.0
UEI-IMD-FL-2022-0348,2022-07-06,2022-07-06,Assam,,
UEI-IMD-FL-2022-0349,2022-07-06,2022-07-06,Assam,,1.0
UEI-IMD-FL-2022-0453,2022-07-06,2022-07-06,Himachal Pradesh,,1.0
UEI-IMD-FL-2022-0454,2022-07-06,2022-07-06,Himachal Pradesh,,8.0
UEI-IMD-FL-2022-0455,2022-07-06,2022-07-06,Himachal Pradesh,,
UEI-IMD-FL-2022-0507,2022-07-06,2022-07-06,Karnataka,,3.0
UEI-IMD-FL-2022-0631,2022-07-06,2022-07-06,Maharashtra,,
UEI-IMD-FL-2022-0632,2022-07-06,2022-07-06,Maharashtra,,
UEI-IMD-FL-2022-0633,2022-07-06,2022-07-06,Maharashtra,,
UEI-IMD-FL-2022-0634,2022-07-06,2022-07-06,Maharashtra,,
UEI-IMD-FL-2022-0635,2022-07-06,2022-07-06,Maharashtra,,1.0
UEI-IMD-FL-2022-1121,2022-07-06,2022-07-06,Jammu & Kashmir,,
UEI-IMD-FL-2022-0350,2022-07-07,2022-07-07,Assam,,
UEI-IMD-FL-2022-0351,2022-07-07,2022-07-07,Assam,,1.0
UEI-IMD-FL-2022-0352,2022-07-07,2022-07-07,Assam,,1.0
UEI-IMD-FL-2022-0353,2022-07-07,2022-07-07,Assam,,
UEI-IMD-FL-2022-0456,2022-07-07,2022-07-07,Himachal Pradesh,,
UEI-IMD-FL-2022-0549,2022-07-07,2022-07-07,Kerala,,1.0
UEI-IMD-FL-2022-0861,2022-07-07,2022-07-07,Telangana,,
UEI-IMD-FL-2022-1122,2022-07-07,2022-07-07,Jammu & Kashmir,,1.0
UEI-IMD-FL-2022-0354,2022-07-08,2022-07-08,Assam,,1.0
UEI-IMD-FL-2022-0355,2022-07-08,2022-07-08,Assam,,
UEI-IMD-FL-2022-0356,2022-07-08,2022-07-08,Assam,,
UEI-IMD-FL-2022-0636,2022-07-08,2022-07-08,Maharashtra,,1.0
UEI-IMD-FL-2022-0799,2022-07-08,2022-07-08,Rajasthan,,2.0
UEI-IMD-FL-2022-0800,2022-07-08,2022-07-08,Rajasthan,,2.0
UEI-IMD-FL-2022-0862,2022-07-08,2022-07-08,Telangana,,
UEI-IMD-FL-2022-0863,2022-07-08,2022-07-08,Telangana,,2.0
UEI-IMD-FL-2022-1123,2022-07-08,2022-07-08,Jammu & Kashmir,,16.0
UEI-IMD-FL-2022-0357,2022-07-09,2022-07-09,Assam,,
UEI-IMD-FL-2022-0358,2022-07-09,2022-07-09,Assam,,2.0
UEI-IMD-FL-2022-0637,2022-07-09,2022-07-09,Maharashtra,,4.0
UEI-IMD-FL-2022-0638,2022-07-09,2022-07-09,Maharashtra,,
UEI-IMD-FL-2022-0639,2022-07-09,2022-07-09,Maharashtra,,
UEI-IMD-FL-2022-0640,2022-07-09,2022-07-09,Maharashtra,,
UEI-IMD-FL-2022-0641,2022-07-09,2022-07-09,Maharashtra,,1.0
UEI-IMD-FL-2022-0642,2022-07-09,2022-07-09,Maharashtra,,4.0
UEI-IMD-FL-2022-0864,2022-07-09,2022-07-09,Telangana,,
UEI-IMD-FL-2022-0865,2022-07-09,2022-07-09,Telangana,,
UEI-IMD-FL-2022-0866,2022-07-09,2022-07-09,Telangana,,
UEI-IMD-FL-2022-0867,2022-07-09,2022-07-09,Telangana,,
UEI-IMD-FL-2022-0868,2022-07-09,2022-07-14,Telangana,,
UEI-IMD-FL-2022-0869,2022-07-09,2022-10-25,Telangana,,4.0
UEI-IMD-FL-2022-0550,2022-07-10,2022-07-10,Kerala,,1.0
UEI-IMD-FL-2022-0643,2022-07-10,2022-07-10,Maharashtra,,2.0
UEI-IMD-FL-2022-0870,2022-07-10,2022-07-10,Telangana,,
UEI-IMD-FL-2022-0871,2022-07-10,2022-07-10,Telangana,,
UEI-IMD-FL-2022-0872,2022-07-10,2022-07-10,Telangana,,
UEI-IMD-FL-2022-0873,2022-07-10,2022-07-10,Telangana,,
UEI-IMD-FL-2022-0874,2022-07-10,2022-07-10,Telangana,,
UEI-IMD-FL-2022-0875,2022-07-10,2022-07-10,Telangana,,
UEI-IMD-FL-2022-0359,2022-07-11,2022-07-11,Assam,,
UEI-IMD-FL-2022-0387,2022-07-11,2022-07-11,Chhattisgarh,,
UEI-IMD-FL-2022-0388,2022-07-11,2022-07-11,Chhattisgarh,,1.0
UEI-IMD-FL-2022-0389,2022-07-11,2022-07-11,Chhattisgarh,,
UEI-IMD-FL-2022-0419,2022-07-11,2022-07-11,Gujarat,,7.0
UEI-IMD-FL-2022-0420,2022-07-11,2022-07-11,Gujarat,,
UEI-IMD-FL-2022-0421,2022-07-11,2022-07-11,Gujarat,,
UEI-IMD-FL-2022-0422,2022-07-11,2022-07-11,Gujarat,,
UEI-IMD-FL-2022-0423,2022-07-11,2022-07-11,Gujarat,,
UEI-IMD-FL-2022-0424,2022-07-11,2022-07-11,Gujarat,,
UEI-IMD-FL-2022-0425,2022-07-11,2022-07-11,Gujarat,,
UEI-IMD-FL-2022-0426,2022-07-11,2022-07-11,Gujarat,,
UEI-IMD-FL-2022-0427,2022-07-11,2022-07-11,Gujarat,,
UEI-IMD-FL-2022-0428,2022-07-11,2022-07-11,Gujarat,,
UEI-IMD-FL-2022-0429,2022-07-11,2022-07-11,Gujarat,,
UEI-IMD-FL-2022-0644,2022-07-11,2022-07-11,Maharashtra,,1.0
UEI-IMD-FL-2022-0645,2022-07-11,2022-07-11,Maharashtra,,2.0
UEI-IMD-FL-2022-0646,2022-07-11,2022-07-11,Maharashtra,,
UEI-IMD-FL-2022-0647,2022-07-11,2022-07-11,Maharashtra,,1.0
UEI-IMD-FL-2022-0648,2022-07-11,2022-07-11,Maharashtra,,
UEI-IMD-FL-2022-0649,2022-07-11,2022-07-11,Maharashtra,,
UEI-IMD-FL-2022-0876,2022-07-11,2022-07-11,Telangana,,
UEI-IMD-FL-2022-0877,2022-07-11,2022-07-11,Telangana,,
UEI-IMD-FL-2022-0878,2022-07-11,2022-07-11,Telangana,,
UEI-IMD-FL-2022-0879,2022-07-11,2022-07-11,Telangana,,
UEI-IMD-FL-2022-0360,2022-07-12,2022-07-12,Assam,,
UEI-IMD-FL-2022-0361,2022-07-12,2022-07-12,Assam,,1.0
UEI-IMD-FL-2022-0430,2022-07-12,2022-07-13,Gujarat,,14.0
UEI-IMD-FL-2022-0431,2022-07-12,2022-07-13,Gujarat,,
UEI-IMD-FL-2022-0432,2022-07-12,2022-07-13,Gujarat,,
UEI-IMD-FL-2022-0433,2022-07-12,2022-07-13,Gujarat,,
UEI-IMD-FL-2022-0434,2022-07-12,2022-07-13,Gujarat,,
UEI-IMD-FL-2022-0435,2022-07-12,2022-07-13,Gujarat,,
UEI-IMD-FL-2022-0436,2022-07-12,2022-07-13,Gujarat,,
UEI-IMD-FL-2022-0437,2022-07-12,2022-07-13,Gujarat,,
UEI-IMD-FL-2022-0438,2022-07-12,2022-07-13,Gujarat,,
UEI-IMD-FL-2022-0650,2022-07-12,2022-07-12,Maharashtra,,3.0
UEI-IMD-FL-2022-0651,2022-07-12,2022-07-12,Maharashtra,,6.0
UEI-IMD-FL-2022-0652,2022-07-12,2022-07-12,Maharashtra,,2.0
UEI-IMD-FL-2022-0653,2022-07-12,2022-07-12,Maharashtra,,4.0
UEI-IMD-FL-2022-0654,2022-07-12,2022-07-12,Maharashtra,,
UEI-IMD-FL-2022-0655,2022-07-12,2022-07-12,Maharashtra,,1.0
UEI-IMD-FL-2022-0880,2022-07-12,2022-07-12,Telangana,,
UEI-IMD-FL-2022-0881,2022-07-12,2022-07-12,Telangana,,1.0
UEI-IMD-FL-2022-0882,2022-07-12,2022-07-12,Telangana,,
UEI-IMD-FL-2022-0883,2022-07-12,2022-07-12,Telangana,,
UEI-IMD-FL-2022-0884,2022-07-12,2022-07-12,Telangana,,
UEI-IMD-FL-2022-0362,2022-07-13,2022-07-13,Assam,,
UEI-IMD-FL-2022-0363,2022-07-13,2022-07-13,Assam,,
UEI-IMD-FL-2022-0656,2022-07-13,2022-07-13,Maharashtra,,1.0
UEI-IMD-FL-2022-0657,2022-07-13,2022-07-13,Maharashtra,,2.0
UEI-IMD-FL-2022-0658,2022-07-13,2022-07-13,Maharashtra,,3.0
UEI-IMD-FL-2022-0659,2022-07-13,2022-07-13,Maharashtra,,4.0
UEI-IMD-FL-2022-0660,2022-07-13,2022-07-13,Maharashtra,,1.0
UEI-IMD-FL-2022-0661,2022-07-13,2022-07-13,Maharashtra,,1.0
UEI-IMD-FL-2022-0662,2022-07-13,2022-07-13,Maharashtra,,1.0
UEI-IMD-FL-2022-0770,2022-07-13,2022-07-13,Odisha,,
UEI-IMD-FL-2022-0801,2022-07-13,2022-07-13,Rajasthan,,1.0
UEI-IMD-FL-2022-0885,2022-07-13,2022-07-13,Telangana,,
UEI-IMD-FL-2022-0886,2022-07-13,2022-07-13,Telangana,,
UEI-IMD-FL-2022-0887,2022-07-13,2022-07-13,Telangana,,
UEI-IMD-FL-2022-0888,2022-07-13,2022-07-13,Telangana,,
UEI-IMD-FL-2022-0889,2022-07-13,2022-07-13,Telangana,,
UEI-IMD-FL-2022-0890,2022-07-13,2022-07-13,Telangana,,
UEI-IMD-FL-2022-0891,2022-07-13,2022-07-13,Telangana,,
UEI-IMD-FL-2022-0892,2022-07-13,2022-07-13,Telangana,,
UEI-IMD-FL-2022-0893,2022-07-13,2022-07-13,Telangana,,
UEI-IMD-FL-2022-1124,2022-07-13,2022-07-13,Jammu & Kashmir,,2.0
UEI-IMD-FL-2022-0364,2022-07-14,2022-07-14,Assam,,
UEI-IMD-FL-2022-0365,2022-07-14,2022-07-14,Assam,,1.0
UEI-IMD-FL-2022-0390,2022-07-14,2022-07-14,Chhattisgarh,,3.0
UEI-IMD-FL-2022-0391,2022-07-14,2022-07-14,Chhattisgarh,,1.0
UEI-IMD-FL-2022-0457,2022-07-14,2022-07-14,Himachal Pradesh,,1.0
UEI-IMD-FL-2022-0663,2022-07-14,2022-07-14,Maharashtra,,1.0
UEI-IMD-FL-2022-0664,2022-07-14,2022-07-14,Maharashtra,,
UEI-IMD-FL-2022-0665,2022-07-14,2022-07-14,Maharashtra,,1.0
UEI-IMD-FL-2022-0666,2022-07-14,2022-07-14,Maharashtra,,2.0
UEI-IMD-FL-2022-0667,2022-07-14,2022-07-14,Maharashtra,,
UEI-IMD-FL-2022-0668,2022-07-14,2022-07-14,Maharashtra,,
UEI-IMD-FL-2022-0802,2022-07-14,2022-07-17,Rajasthan,,5.0
UEI-IMD-FL-2022-0894,2022-07-14,2022-07-14,Telangana,,2.0
UEI-IMD-FL-2022-0895,2022-07-14,2022-07-14,Telangana,,
UEI-IMD-FL-2022-0896,2022-07-14,2022-07-14,Telangana,,
UEI-IMD-FL-2022-0897,2022-07-14,2022-07-14,Telangana,,
UEI-IMD-FL-2022-0898,2022-07-14,2022-07-14,Telangana,,
UEI-IMD-FL-2022-0899,2022-07-14,2022-07-14,Telangana,,
UEI-IMD-FL-2022-0900,2022-07-14,2022-07-14,Telangana,,
UEI-IMD-FL-2022-0901,2022-07-14,2022-07-14,Telangana,,2.0
UEI-IMD-FL-2022-0392,2022-07-15,2022-07-17,Chhattisgarh,,
UEI-IMD-FL-2022-0393,2022-07-15,2022-07-17,Chhattisgarh,,
UEI-IMD-FL-2022-0394,2022-07-15,2022-07-17,Chhattisgarh,,
UEI-IMD-FL-2022-0551,2022-07-15,2022-07-15,Kerala,,1.0
UEI-IMD-FL-2022-0669,2022-07-15,2022-07-15,Maharashtra,,
UEI-IMD-FL-2022-0670,2022-07-15,2022-07-15,Maharashtra,,
UEI-IMD-FL-2022-0671,2022-07-15,2022-07-15,Maharashtra,,
UEI-IMD-FL-2022-0672,2022-07-15,2022-07-15,Maharashtra,,
UEI-IMD-FL-2022-0673,2022-07-15,2022-07-15,Maharashtra,,
UEI-IMD-FL-2022-0902,2022-07-15,2022-07-17,Telangana,,
UEI-IMD-FL-2022-0903,2022-07-15,2022-07-17,Telangana,,
UEI-IMD-FL-2022-0904,2022-07-15,2022-07-17,Telangana,,
UEI-IMD-FL-2022-0905,2022-07-15,2022-07-17,Telangana,,
UEI-IMD-FL-2022-0906,2022-07-15,2022-07-17,Telangana,,
UEI-IMD-FL-2022-0907,2022-07-15,2022-07-17,Telangana,,
UEI-IMD-FL-2022-0908,2022-07-15,2022-07-17,Telangana,,
UEI-IMD-FL-2022-0059,2022-07-16,2022-07-16,Arunachal Pradesh,,
UEI-IMD-FL-2022-0552,2022-07-16,2022-07-16,Kerala,,4.0
UEI-IMD-FL-2022-0553,2022-07-16,2022-07-16,Kerala,,
UEI-IMD-FL-2022-0554,2022-07-16,2022-07-16,Kerala,,
UEI-IMD-FL-2022-0674,2022-07-16,2022-07-16,Maharashtra,,2.0
UEI-IMD-FL-2022-0675,2022-07-16,2022-07-16,Maharashtra,,
UEI-IMD-FL-2022-0366,2022-07-17,2022-07-17,Assam,,
UEI-IMD-FL-2022-0367,2022-07-17,2022-07-17,Assam,,1.0
UEI-IMD-FL-2022-0004,2022-07-18,2022-07-25,Andhra Pradesh,,1.0
UEI-IMD-FL-2022-0005,2022-07-18,2022-07-25,Andhra Pradesh,,5.0
UEI-IMD-FL-2022-0006,2022-07-18,2022-07-25,Andhra Pradesh,,1.0
UEI-IMD-FL-2022-0676,2022-07-18,2022-07-18,Maharashtra,,2.0
UEI-IMD-FL-2022-0677,2022-07-18,2022-07-18,Maharashtra,,13.0
UEI-IMD-FL-2022-0678,2022-07-18,2022-07-18,Maharashtra,,
UEI-IMD-FL-2022-0803,2022-07-18,2022-07-18,Rajasthan,,1.0
UEI-IMD-FL-2022-0368,2022-07-19,2022-07-19,Assam,,
UEI-IMD-FL-2022-0369,2022-07-19,2022-07-19,Assam,,1.0
UEI-IMD-FL-2022-0555,2022-07-19,2022-07-19,Kerala,,1.0
UEI-IMD-FL-2022-0679,2022-07-19,2022-07-19,Maharashtra,,2.0
UEI-IMD-FL-2022-0680,2022-07-19,2022-07-19,Maharashtra,,
UEI-IMD-FL-2022-0804,2022-07-19,2022-07-19,Rajasthan,,2.0
UEI-IMD-FL-2022-1098,2022-07-19,2022-07-19,Uttarakhand,,2.0
UEI-IMD-FL-2022-0556,2022-07-20,2022-07-20,Kerala,,1.0
UEI-IMD-FL-2022-0681,2022-07-20,2022-07-22,Maharashtra,,
UEI-IMD-FL-2022-0682,2022-07-20,2022-07-22,Maharashtra,,
UEI-IMD-FL-2022-0805,2022-07-20,2022-07-20,Rajasthan,,1.0
UEI-IMD-FL-2022-0806,2022-07-20,2022-07-20,Rajasthan,,1.0
UEI-IMD-FL-2022-1125,2022-07-20,2022-07-20,Jammu & Kashmir,,
UEI-IMD-FL-2022-1126,2022-07-20,2022-07-20,Jammu & Kashmir,,
UEI-IMD-FL-2022-1127,2022-07-20,2022-07-20,Jammu & Kashmir,,1.0
UEI-IMD-FL-2022-0964,2022-07-21,2022-07-21,Uttar Pradesh,,1.0
UEI-IMD-FL-2022-0508,2022-07-22,2022-07-23,Karnataka,,
UEI-IMD-FL-2022-0509,2022-07-22,2022-07-23,Karnataka,,
UEI-IMD-FL-2022-0510,2022-07-22,2022-07-22,Karnataka,,1.0
UEI-IMD-FL-2022-0909,2022-07-22,2022-07-22,Telangana,,2.0
UEI-IMD-FL-2022-0910,2022-07-23,2022-07-29,Telangana,,
UEI-IMD-FL-2022-0911,2022-07-23,2022-07-29,Telangana,,
UEI-IMD-FL-2022-0912,2022-07-23,2022-07-29,Telangana,,
UEI-IMD-FL-2022-0913,2022-07-23,2022-07-29,Telangana,,
UEI-IMD-FL-2022-0914,2022-07-23,2022-07-29,Telangana,,
UEI-IMD-FL-2022-0915,2022-07-23,2022-07-29,Telangana,,
UEI-IMD-FL-2022-0916,2022-07-23,2022-07-29,Telangana,,
UEI-IMD-FL-2022-0458,2022-07-24,2022-07-24,Himachal Pradesh,,
UEI-IMD-FL-2022-0807,2022-07-24,2022-07-24,Rajasthan,,1.0
UEI-IMD-FL-2022-0683,2022-07-25,2022-07-30,Maharashtra,,
UEI-IMD-FL-2022-0808,2022-07-25,2022-07-25,Rajasthan,,2.0
UEI-IMD-FL-2022-0809,2022-07-25,2022-07-25,Rajasthan,,5.0
UEI-IMD-FL-2022-0965,2022-07-25,2022-07-25,Uttar Pradesh,,2.0
UEI-IMD-FL-2022-0966,2022-07-25,2022-07-25,Uttar Pradesh,,1.0
UEI-IMD-FL-2022-0810,2022-07-26,2022-07-27,Rajasthan,,10.0
UEI-IMD-FL-2022-0967,2022-07-26,2022-07-26,Uttar Pradesh,,1.0
UEI-IMD-FL-2022-1128,2022-07-27,2022-07-27,Jammu & Kashmir,,1.0
UEI-IMD-FL-2022-0060,2022-07-28,2022-07-29,Arunachal Pradesh,,
UEI-IMD-FL-2022-0061,2022-07-28,2022-07-29,Arunachal Pradesh,,
UEI-IMD-FL-2022-0062,2022-07-28,2022-07-29,Arunachal Pradesh,,
UEI-IMD-FL-2022-0459,2022-07-28,2022-07-29,Himachal Pradesh,,
UEI-IMD-FL-2022-0557,2022-07-28,2022-07-28,Kerala,,1.0
UEI-IMD-FL-2022-0684,2022-07-28,2022-07-28,Maharashtra,,2.0
UEI-IMD-FL-2022-0811,2022-07-28,2022-07-28,Rajasthan,,3.0
UEI-IMD-FL-2022-0968,2022-07-28,2022-07-28,Uttar Pradesh,,
UEI-IMD-FL-2022-0969,2022-07-28,2022-07-28,Uttar Pradesh,,2.0
UEI-IMD-FL-2022-0970,2022-07-29,2022-07-29,Uttar Pradesh,,1.0
UEI-IMD-FL-2022-0971,2022-07-29,2022-07-29,Uttar Pradesh,,2.0
UEI-IMD-FL-2022-0972,2022-07-30,2022-07-30,Uttar Pradesh,,1.0
UEI-IMD-FL-2022-0973,2022-07-30,2022-07-30,Uttar Pradesh,,1.0
UEI-IMD-FL-2022-0974,2022-07-30,2022-07-30,Uttar Pradesh,,1.0
UEI-IMD-FL-2022-1129,2022-07-30,2022-07-30,Jammu & Kashmir,,2.0
UEI-IMD-FL-2022-1130,2022-07-30,2022-07-31,Jammu & Kashmir,,2.0
UEI-IMD-FL-2022-1131,2022-07-30,2022-07-31,Jammu & Kashmir,,
UEI-IMD-FL-2022-1132,2022-07-30,2022-07-31,Jammu & Kashmir,,
UEI-IMD-FL-2022-0460,2022-07-31,2022-07-31,Himachal Pradesh,,
UEI-IMD-FL-2022-1133,2022-07-31,2022-07-31,Jammu & Kashmir,,3.0
UEI-IMD-FL-2022-0415,2022-08-01,2022-08-08,Goa,,
UEI-IMD-FL-2022-0511,2022-08-01,2022-08-01,Karnataka,,2.0
UEI-IMD-FL-2022-0512,2022-08-01,2022-08-01,Karnataka,,4.0
UEI-IMD-FL-2022-0558,2022-08-01,2022-08-01,Kerala,,1.0
UEI-IMD-FL-2022-0559,2022-08-01,2022-08-01,Kerala,,1.0
UEI-IMD-FL-2022-0560,2022-08-01,2022-08-01,Kerala,,1.0
UEI-IMD-FL-2022-0561,2022-08-01,2022-08-01,Kerala,,4.0
UEI-IMD-FL-2022-0562,2022-08-01,2022-08-01,Kerala,,1.0
UEI-IMD-FL-2022-0563,2022-08-01,2022-08-01,Kerala,,
UEI-IMD-FL-2022-0564,2022-08-01,2022-08-01,Kerala,,3.0
UEI-IMD-FL-2022-0812,2022-08-01,2022-08-01,Rajasthan,,1.0
UEI-IMD-FL-2022-0975,2022-08-01,2022-08-01,Uttar Pradesh,,1.0
UEI-IMD-FL-2022-0063,2022-08-02,2022-08-04,Arunachal Pradesh,,
UEI-IMD-FL-2022-0064,2022-08-02,2022-08-04,Arunachal Pradesh,,
UEI-IMD-FL-2022-0065,2022-08-02,2022-08-04,Arunachal Pradesh,,
UEI-IMD-FL-2022-0066,2022-08-02,2022-08-04,Arunachal Pradesh,,
UEI-IMD-FL-2022-0565,2022-08-02,2022-08-02,Kerala,,
UEI-IMD-FL-2022-0566,2022-08-02,2022-08-02,Kerala,,1.0
UEI-IMD-FL-2022-0567,2022-08-02,2022-08-02,Kerala,,
UEI-IMD-FL-2022-0568,2022-08-02,2022-08-02,Kerala,,3.0
UEI-IMD-FL-2022-0569,2022-08-02,2022-08-02,Kerala,,
UEI-IMD-FL-2022-0570,2022-08-02,2022-08-02,Kerala,,1.0
UEI-IMD-FL-2022-0571,2022-08-02,2022-08-02,Kerala,,
UEI-IMD-FL-2022-0572,2022-08-02,2022-08-02,Kerala,,
UEI-IMD-FL-2022-0573,2022-08-02,2022-08-02,Kerala,,1.0
UEI-IMD-FL-2022-0574,2022-08-02,2022-08-02,Kerala,,
UEI-IMD-FL-2022-0575,2022-08-02,2022-08-02,Kerala,,
UEI-IMD-FL-2022-0917,2022-08-02,2022-08-04,Telangana,,
UEI-IMD-FL-2022-0918,2022-08-02,2022-08-04,Telangana,,
UEI-IMD-FL-2022-0919,2022-08-02,2022-08-04,Telangana,,
UEI-IMD-FL-2022-0920,2022-08-02,2022-08-04,Telangana,,
UEI-IMD-FL-2022-0976,2022-08-03,2022-08-03,Uttar Pradesh,,1.0
UEI-IMD-FL-2022-0513,2022-08-04,2022-08-04,Karnataka,,2.0
UEI-IMD-FL-2022-0581,2022-08-04,2022-08-04,Madhya Pradesh,,
UEI-IMD-FL-2022-0582,2022-08-04,2022-08-04,Madhya Pradesh,,
UEI-IMD-FL-2022-0685,2022-08-04,2022-08-07,Maharashtra,,9.0
UEI-IMD-FL-2022-0067,2022-08-05,2022-08-05,Arunachal Pradesh,,3.0
UEI-IMD-FL-2022-0977,2022-08-05,2022-08-05,Uttar Pradesh,,1.0
UEI-IMD-FL-2022-0686,2022-08-06,2022-08-10,Maharashtra,,
UEI-IMD-FL-2022-0978,2022-08-06,2022-08-06,Uttar Pradesh,,1.0
UEI-IMD-FL-2022-0583,2022-08-07,2022-08-07,Madhya Pradesh,,
UEI-IMD-FL-2022-0687,2022-08-07,2022-08-07,Maharashtra,,1.0
UEI-IMD-FL-2022-0979,2022-08-07,2022-08-07,Uttar Pradesh,,
UEI-IMD-FL-2022-0980,2022-08-07,2022-08-07,Uttar Pradesh,,1.0
UEI-IMD-FL-2022-1134,2022-08-07,2022-08-07,Jammu & Kashmir,,1.0
UEI-IMD-FL-2022-0068,2022-08-08,2022-08-08,Arunachal Pradesh,,1.0
UEI-IMD-FL-2022-0069,2022-08-08,2022-08-10,Arunachal Pradesh,,
UEI-IMD-FL-2022-0070,2022-08-08,2022-08-10,Arunachal Pradesh,,
UEI-IMD-FL-2022-0071,2022-08-08,2022-08-10,Arunachal Pradesh,,
UEI-IMD-FL-2022-0461,2022-08-08,2022-08-08,Himachal Pradesh,,1.0
UEI-IMD-FL-2022-0462,2022-08-08,2022-08-08,Himachal Pradesh,,2.0
UEI-IMD-FL-2022-0514,2022-08-08,2022-08-08,Karnataka,,
UEI-IMD-FL-2022-0688,2022-08-08,2022-08-08,Maharashtra,,4.0
UEI-IMD-FL-2022-0689,2022-08-08,2022-08-08,Maharashtra,,4.0
UEI-IMD-FL-2022-0690,2022-08-08,2022-08-08,Maharashtra,,3.0
UEI-IMD-FL-2022-0813,2022-08-08,2022-08-08,Rajasthan,,1.0
UEI-IMD-FL-2022-0921,2022-08-08,2022-08-10,Telangana,,
UEI-IMD-FL-2022-0922,2022-08-08,2022-08-10,Telangana,,
UEI-IMD-FL-2022-0923,2022-08-08,2022-08-10,Telangana,,
UEI-IMD-FL-2022-0924,2022-08-08,2022-08-10,Telangana,,
UEI-IMD-FL-2022-0981,2022-08-08,2022-08-08,Uttar Pradesh,,2.0
UEI-IMD-FL-2022-0982,2022-08-08,2022-08-08,Uttar Pradesh,,2.0
UEI-IMD-FL-2022-1135,2022-08-08,2022-08-08,Jammu & Kashmir,,2.0
UEI-IMD-FL-2022-0691,2022-08-09,2022-08-10,Maharashtra,,6.0
UEI-IMD-FL-2022-0692,2022-08-09,2022-08-10,Maharashtra,,
UEI-IMD-FL-2022-0693,2022-08-09,2022-08-10,Maharashtra,,
UEI-IMD-FL-2022-0694,2022-08-09,2022-08-10,Maharashtra,,1.0
UEI-IMD-FL-2022-0695,2022-08-09,2022-08-10,Maharashtra,,
UEI-IMD-FL-2022-0696,2022-08-09,2022-08-10,Maharashtra,,1.0
UEI-IMD-FL-2022-0697,2022-08-09,2022-08-10,Maharashtra,,8.0
UEI-IMD-FL-2022-0395,2022-08-10,2022-08-10,Chhattisgarh,,1.0
UEI-IMD-FL-2022-0396,2022-08-10,2022-08-10,Chhattisgarh,,1.0
UEI-IMD-FL-2022-0416,2022-08-10,2022-08-10,Goa,,1.0
UEI-IMD-FL-2022-0698,2022-08-10,2022-08-10,Maharashtra,,1.0
UEI-IMD-FL-2022-0814,2022-08-10,2022-08-10,Rajasthan,,1.0
UEI-IMD-FL-2022-0463,2022-08-11,2022-08-11,Himachal Pradesh,,2.0
UEI-IMD-FL-2022-0464,2022-08-11,2022-08-11,Himachal Pradesh,,
UEI-IMD-FL-2022-0465,2022-08-11,2022-08-11,Himachal Pradesh,,
UEI-IMD-FL-2022-1136,2022-08-11,2022-08-11,Jammu & Kashmir,,2.0
UEI-IMD-FL-2022-1137,2022-08-11,2022-08-11,Jammu & Kashmir,,2.0
UEI-IMD-FL-2022-0699,2022-08-12,2022-08-12,Maharashtra,,
UEI-IMD-FL-2022-0700,2022-08-12,2022-08-12,Maharashtra,,1.0
UEI-IMD-FL-2022-0983,2022-08-12,2022-08-12,Uttar Pradesh,,1.0
UEI-IMD-FL-2022-0771,2022-08-13,2022-08-14,Odisha,,
UEI-IMD-FL-2022-0772,2022-08-13,2022-08-14,Odisha,,
UEI-IMD-FL-2022-0773,2022-08-13,2022-08-14,Odisha,,1.0
UEI-IMD-FL-2022-0984,2022-08-14,2022-08-14,Uttar Pradesh,,2.0
UEI-IMD-FL-2022-0466,2022-08-15,2022-08-15,Himachal Pradesh,,2.0
UEI-IMD-FL-2022-0701,2022-08-16,2022-08-17,Maharashtra,,2.0
UEI-IMD-FL-2022-0815,2022-08-16,2022-08-16,Rajasthan,,1.0
UEI-IMD-FL-2022-0985,2022-08-16,2022-08-16,Uttar Pradesh,,1.0
UEI-IMD-FL-2022-0702,2022-08-17,2022-08-17,Maharashtra,,2.0
UEI-IMD-FL-2022-0774,2022-08-17,2022-08-17,Odisha,,2.0
UEI-IMD-FL-2022-0467,2022-08-19,2022-08-20,Himachal Pradesh,,
UEI-IMD-FL-2022-0468,2022-08-19,2022-08-20,Himachal Pradesh,,
UEI-IMD-FL-2022-0469,2022-08-19,2022-08-20,Himachal Pradesh,,
UEI-IMD-FL-2022-0470,2022-08-19,2022-08-20,Himachal Pradesh,,
UEI-IMD-FL-2022-0471,2022-08-19,2022-08-20,Himachal Pradesh,,
UEI-IMD-FL-2022-0472,2022-08-19,2022-08-20,Himachal Pradesh,,
UEI-IMD-FL-2022-0473,2022-08-19,2022-08-19,Himachal Pradesh,,2.0
UEI-IMD-FL-2022-0474,2022-08-19,2022-08-19,Himachal Pradesh,,8.0
UEI-IMD-FL-2022-0475,2022-08-19,2022-08-19,Himachal Pradesh,,14.0
UEI-IMD-FL-2022-0775,2022-08-19,2022-08-19,Odisha,,1.0
UEI-IMD-FL-2022-0776,2022-08-19,2022-08-19,Odisha,,1.0
UEI-IMD-FL-2022-0777,2022-08-19,2022-08-19,Odisha,,1.0
UEI-IMD-FL-2022-0778,2022-08-19,2022-08-19,Odisha,,2.0
UEI-IMD-FL-2022-1099,2022-08-19,2022-08-19,Uttarakhand,,
UEI-IMD-FL-2022-1100,2022-08-19,2022-08-19,Uttarakhand,,2.0
UEI-IMD-FL-2022-1101,2022-08-19,2022-08-19,Uttarakhand,,5.0
UEI-IMD-FL-2022-0476,2022-08-20,2022-08-20,Himachal Pradesh,,3.0
UEI-IMD-FL-2022-0482,2022-08-20,2022-08-20,Jharkhand,,2.0
UEI-IMD-FL-2022-0483,2022-08-20,2022-08-20,Jharkhand,,1.0
UEI-IMD-FL-2022-0703,2022-08-20,2022-08-20,Maharashtra,,
UEI-IMD-FL-2022-0816,2022-08-20,2022-08-20,Rajasthan,,1.0
UEI-IMD-FL-2022-0986,2022-08-20,2022-08-20,Uttar Pradesh,,2.0
UEI-IMD-FL-2022-0987,2022-08-20,2022-08-20,Uttar Pradesh,,1.0
UEI-IMD-FL-2022-0988,2022-08-20,2022-08-20,Uttar Pradesh,,2.0
UEI-IMD-FL-2022-0989,2022-08-20,2022-08-20,Uttar Pradesh,,1.0
UEI-IMD-FL-2022-0990,2022-08-20,2022-08-20,Uttar Pradesh,,
UEI-IMD-FL-2022-0991,2022-08-20,2022-08-20,Uttar Pradesh,,1.0
UEI-IMD-FL-2022-1138,2022-08-20,2022-08-20,Jammu & Kashmir,,2.0
UEI-IMD-FL-2022-0484,2022-08-21,2022-08-21,Jharkhand,,2.0
UEI-IMD-FL-2022-0779,2022-08-21,2022-08-21,Odisha,,2.0
UEI-IMD-FL-2022-0992,2022-08-21,2022-08-21,Uttar Pradesh,,1.0
UEI-IMD-FL-2022-0780,2022-08-22,2022-08-22,Odisha,,2.0
UEI-IMD-FL-2022-0817,2022-08-22,2022-08-22,Rajasthan,,1.0
UEI-IMD-FL-2022-0818,2022-08-22,2022-08-22,Rajasthan,,1.0
UEI-IMD-FL-2022-0819,2022-08-22,2022-08-22,Rajasthan,,
UEI-IMD-FL-2022-0820,2022-08-22,2022-08-22,Rajasthan,,
UEI-IMD-FL-2022-0821,2022-08-22,2022-08-22,Rajasthan,,
UEI-IMD-FL-2022-0822,2022-08-22,2022-08-22,Rajasthan,,2.0
UEI-IMD-FL-2022-0823,2022-08-23,2022-08-23,Rajasthan,,
UEI-IMD-FL-2022-0993,2022-08-25,2022-08-25,Uttar Pradesh,,2.0
UEI-IMD-FL-2022-0994,2022-08-25,2022-08-25,Uttar Pradesh,,1.0
UEI-IMD-FL-2022-0995,2022-08-27,2022-08-27,Uttar Pradesh,,1.0
UEI-IMD-FL-2022-1102,2022-08-28,2022-08-28,Uttarakhand,,3.0
UEI-IMD-FL-2022-0072,2022-08-29,2022-08-30,Arunachal Pradesh,,
UEI-IMD-FL-2022-0073,2022-08-29,2022-08-30,Arunachal Pradesh,,
UEI-IMD-FL-2022-0576,2022-08-29,2022-08-29,Kerala,,5.0
UEI-IMD-FL-2022-0925,2022-08-29,2022-08-29,Telangana,,
UEI-IMD-FL-2022-0996,2022-08-29,2022-08-29,Uttar Pradesh,,1.0
UEI-IMD-FL-2022-0997,2022-08-29,2022-08-29,Uttar Pradesh,,1.0
UEI-IMD-FL-2022-0998,2022-08-29,2022-08-29,Uttar Pradesh,,1.0
UEI-IMD-FL-2022-0515,2022-08-30,2022-08-31,Karnataka,,2.0
UEI-IMD-FL-2022-0516,2022-08-30,2022-08-31,Karnataka,,1.0
UEI-IMD-FL-2022-0517,2022-08-30,2022-08-31,Karnataka,,
UEI-IMD-FL-2022-0999,2022-08-30,2022-08-30,Uttar Pradesh,,
UEI-IMD-FL-2022-0518,2022-08-31,2022-08-31,Karnataka,,1.0
UEI-IMD-FL-2022-0931,2022-09-01,2022-09-30,Telangana,,
UEI-IMD-FL-2022-0397,2022-09-02,2022-09-02,Chhattisgarh,,
UEI-IMD-FL-2022-0519,2022-09-04,2022-09-05,Karnataka,,2.0
UEI-IMD-FL-2022-0577,2022-09-04,2022-09-04,Kerala,,2.0
UEI-IMD-FL-2022-0704,2022-09-04,2022-09-05,Maharashtra,,
UEI-IMD-FL-2022-0705,2022-09-04,2022-09-05,Maharashtra,,
UEI-IMD-FL-2022-0417,2022-09-06,2022-09-12,Goa,,
UEI-IMD-FL-2022-0520,2022-09-06,2022-09-06,Karnataka,,
UEI-IMD-FL-2022-0521,2022-09-06,2022-09-06,Karnataka,,1.0
UEI-IMD-FL-2022-0522,2022-09-06,2022-09-06,Karnataka,,
UEI-IMD-FL-2022-0523,2022-09-06,2022-09-06,Karnataka,,
UEI-IMD-FL-2022-0524,2022-09-06,2022-09-06,Karnataka,,
UEI-IMD-FL-2022-0706,2022-09-06,2022-09-06,Maharashtra,,
UEI-IMD-FL-2022-0525,2022-09-09,2022-09-09,Karnataka,,1.0
UEI-IMD-FL-2022-0526,2022-09-09,2022-09-09,Karnataka,,
UEI-IMD-FL-2022-0527,2022-09-09,2022-09-09,Karnataka,,
UEI-IMD-FL-2022-0528,2022-09-09,2022-09-09,Karnataka,,
UEI-IMD-FL-2022-0926,2022-09-10,2022-09-10,Telangana,,1.0
UEI-IMD-FL-2022-0529,2022-09-11,2022-09-11,Karnataka,,1.0
UEI-IMD-FL-2022-0707,2022-09-11,2022-09-11,Maharashtra,,
UEI-IMD-FL-2022-0708,2022-09-11,2022-09-14,Maharashtra,,2.0
UEI-IMD-FL-2022-0709,2022-09-11,2022-09-14,Maharashtra,,2.0
UEI-IMD-FL-2022-0710,2022-09-11,2022-09-14,Maharashtra,,1.0
UEI-IMD-FL-2022-0711,2022-09-11,2022-09-14,Maharashtra,,
UEI-IMD-FL-2022-0712,2022-09-11,2022-09-14,Maharashtra,,2.0
UEI-IMD-FL-2022-0713,2022-09-11,2022-09-14,Maharashtra,,
UEI-IMD-FL-2022-0714,2022-09-11,2022-09-14,Maharashtra,,
UEI-IMD-FL-2022-0715,2022-09-11,2022-09-14,Maharashtra,,
UEI-IMD-FL-2022-0716,2022-09-11,2022-09-14,Maharashtra,,
UEI-IMD-FL-2022-0717,2022-09-11,2022-09-14,Maharashtra,,2.0
UEI-IMD-FL-2022-0718,2022-09-11,2022-09-14,Maharashtra,,1.0
UEI-IMD-FL-2022-0719,2022-09-11,2022-09-14,Maharashtra,,
UEI-IMD-FL-2022-0720,2022-09-11,2022-09-14,Maharashtra,,4.0
UEI-IMD-FL-2022-0927,2022-09-11,2022-09-13,Telangana,,
UEI-IMD-FL-2022-0928,2022-09-11,2022-09-13,Telangana,,
UEI-IMD-FL-2022-0530,2022-09-12,2022-09-12,Karnataka,,
UEI-IMD-FL-2022-0531,2022-09-12,2022-09-12,Karnataka,,
UEI-IMD-FL-2022-0532,2022-09-12,2022-09-12,Karnataka,,1.0
UEI-IMD-FL-2022-0010,2022-09-13,2022-09-13,Andhra Pradesh,,
UEI-IMD-FL-2022-1000,2022-09-13,2022-09-13,Uttar Pradesh,,9.0
UEI-IMD-FL-2022-1001,2022-09-13,2022-09-13,Uttar Pradesh,,1.0
UEI-IMD-FL-2022-1002,2022-09-14,2022-09-14,Uttar Pradesh,,
UEI-IMD-FL-2022-1003,2022-09-14,2022-09-14,Uttar Pradesh,,1.0
UEI-IMD-FL-2022-0584,2022-09-15,2022-09-29,Madhya Pradesh,,
UEI-IMD-FL-2022-0585,2022-09-15,2022-09-29,Madhya Pradesh,,
UEI-IMD-FL-2022-0586,2022-09-15,2022-09-29,Madhya Pradesh,,
UEI-IMD-FL-2022-0587,2022-09-15,2022-09-29,Madhya Pradesh,,
UEI-IMD-FL-2022-0588,2022-09-15,2022-09-29,Madhya Pradesh,,
UEI-IMD-FL-2022-0589,2022-09-15,2022-09-29,Madhya Pradesh,,
UEI-IMD-FL-2022-0590,2022-09-15,2022-09-29,Madhya Pradesh,,
UEI-IMD-FL-2022-0591,2022-09-15,2022-09-29,Madhya Pradesh,,
UEI-IMD-FL-2022-0592,2022-09-15,2022-09-29,Madhya Pradesh,,
UEI-IMD-FL-2022-0593,2022-09-15,2022-09-29,Madhya Pradesh,,
UEI-IMD-FL-2022-0594,2022-09-15,2022-09-29,Madhya Pradesh,,
UEI-IMD-FL-2022-0595,2022-09-15,2022-09-29,Madhya Pradesh,,
UEI-IMD-FL-2022-0824,2022-09-15,2022-09-15,Rajasthan,,1.0
UEI-IMD-FL-2022-1004,2022-09-15,2022-09-15,Uttar Pradesh,,
UEI-IMD-FL-2022-1005,2022-09-15,2022-09-15,Uttar Pradesh,,
UEI-IMD-FL-2022-0370,2022-09-16,2022-09-16,Assam,,1.0
UEI-IMD-FL-2022-0721,2022-09-16,2022-09-16,Maharashtra,,1.0
UEI-IMD-FL-2022-1006,2022-09-16,2022-09-16,Uttar Pradesh,,2.0
UEI-IMD-FL-2022-1007,2022-09-16,2022-09-16,Uttar Pradesh,,1.0
UEI-IMD-FL-2022-1008,2022-09-16,2022-09-16,Uttar Pradesh,,2.0
UEI-IMD-FL-2022-1009,2022-09-16,2022-09-16,Uttar Pradesh,,
UEI-IMD-FL-2022-1010,2022-09-16,2022-09-16,Uttar Pradesh,,1.0
UEI-IMD-FL-2022-1011,2022-09-16,2022-09-16,Uttar Pradesh,,9.0
UEI-IMD-FL-2022-1012,2022-09-16,2022-09-16,Uttar Pradesh,,3.0
UEI-IMD-FL-2022-1013,2022-09-16,2022-09-16,Uttar Pradesh,,1.0
UEI-IMD-FL-2022-1014,2022-09-16,2022-09-16,Uttar Pradesh,,1.0
UEI-IMD-FL-2022-1015,2022-09-16,2022-09-16,Uttar Pradesh,,1.0
UEI-IMD-FL-2022-1016,2022-09-16,2022-09-16,Uttar Pradesh,,5.0
UEI-IMD-FL-2022-1017,2022-09-17,2022-09-17,Uttar Pradesh,,1.0
UEI-IMD-FL-2022-1018,2022-09-18,2022-09-18,Uttar Pradesh,,1.0
UEI-IMD-FL-2022-1019,2022-09-19,2022-09-19,Uttar Pradesh,,3.0
UEI-IMD-FL-2022-1020,2022-09-19,2022-09-19,Uttar Pradesh,,3.0
UEI-IMD-FL-2022-1021,2022-09-19,2022-09-19,Uttar Pradesh,,1.0
UEI-IMD-FL-2022-1022,2022-09-19,2022-09-19,Uttar Pradesh,,1.0
UEI-IMD-FL-2022-0722,2022-09-20,2022-09-21,Maharashtra,,
UEI-IMD-FL-2022-0723,2022-09-20,2022-09-21,Maharashtra,,
UEI-IMD-FL-2022-0724,2022-09-20,2022-09-21,Maharashtra,,2.0
UEI-IMD-FL-2022-1023,2022-09-20,2022-09-20,Uttar Pradesh,,2.0
UEI-IMD-FL-2022-1024,2022-09-21,2022-09-26,Uttar Pradesh,,1.0
UEI-IMD-FL-2022-1025,2022-09-21,2022-09-26,Uttar Pradesh,,1.0
UEI-IMD-FL-2022-1026,2022-09-21,2022-09-26,Uttar Pradesh,,1.0
UEI-IMD-FL-2022-1027,2022-09-21,2022-09-26,Uttar Pradesh,,
UEI-IMD-FL-2022-1028,2022-09-21,2022-09-26,Uttar Pradesh,,1.0
UEI-IMD-FL-2022-1029,2022-09-21,2022-09-26,Uttar Pradesh,,1.0
UEI-IMD-FL-2022-1030,2022-09-21,2022-09-26,Uttar Pradesh,,2.0
UEI-IMD-FL-2022-1031,2022-09-21,2022-09-26,Uttar Pradesh,,1.0
UEI-IMD-FL-2022-1032,2022-09-21,2022-09-26,Uttar Pradesh,,10.0
UEI-IMD-FL-2022-1033,2022-09-21,2022-09-26,Uttar Pradesh,,2.0
UEI-IMD-FL-2022-1034,2022-09-21,2022-09-26,Uttar Pradesh,,7.0
UEI-IMD-FL-2022-1035,2022-09-21,2022-09-26,Uttar Pradesh,,1.0
UEI-IMD-FL-2022-1036,2022-09-21,2022-09-26,Uttar Pradesh,,1.0
UEI-IMD-FL-2022-1037,2022-09-21,2022-09-26,Uttar Pradesh,,2.0
UEI-IMD-FL-2022-1038,2022-09-21,2022-09-26,Uttar Pradesh,,5.0
UEI-IMD-FL-2022-1039,2022-09-21,2022-09-26,Uttar Pradesh,,
UEI-IMD-FL-2022-1040,2022-09-21,2022-09-26,Uttar Pradesh,,1.0
UEI-IMD-FL-2022-1041,2022-09-21,2022-09-26,Uttar Pradesh,,2.0
UEI-IMD-FL-2022-1042,2022-09-21,2022-09-26,Uttar Pradesh,,2.0
UEI-IMD-FL-2022-1043,2022-09-21,2022-09-26,Uttar Pradesh,,2.0
UEI-IMD-FL-2022-1044,2022-09-21,2022-09-26,Uttar Pradesh,,2.0
UEI-IMD-FL-2022-1103,2022-09-22,2022-09-22,Uttarakhand,,
UEI-IMD-FL-2022-1104,2022-09-22,2022-09-22,Uttarakhand,,1.0
UEI-IMD-FL-2022-0725,2022-09-24,2022-09-24,Maharashtra,,1.0
UEI-IMD-FL-2022-0784,2022-09-24,2022-09-25,Punjab,,
UEI-IMD-FL-2022-0785,2022-09-24,2022-09-25,Punjab,,
UEI-IMD-FL-2022-0786,2022-09-24,2022-09-25,Punjab,,
UEI-IMD-FL-2022-0787,2022-09-24,2022-09-25,Punjab,,
UEI-IMD-FL-2022-0788,2022-09-24,2022-09-25,Punjab,,
UEI-IMD-FL-2022-0789,2022-09-24,2022-09-25,Punjab,,
UEI-IMD-FL-2022-0790,2022-09-24,2022-09-25,Punjab,,
UEI-IMD-FL-2022-0791,2022-09-24,2022-09-25,Punjab,,
UEI-IMD-FL-2022-0792,2022-09-24,2022-09-25,Punjab,,
UEI-IMD-FL-2022-0793,2022-09-24,2022-09-25,Punjab,,
UEI-IMD-FL-2022-0794,2022-09-24,2022-09-25,Punjab,,
UEI-IMD-FL-2022-0795,2022-09-24,2022-09-25,Punjab,,
UEI-IMD-FL-2022-0796,2022-09-24,2022-09-25,Punjab,,
UEI-IMD-FL-2022-0797,2022-09-24,2022-09-25,Punjab,,
UEI-IMD-FL-2022-0074,2022-09-25,2022-09-25,Arunachal Pradesh,,
UEI-IMD-FL-2022-0477,2022-09-25,2022-09-25,Himachal Pradesh,,3.0
UEI-IMD-FL-2022-0478,2022-09-25,2022-09-25,Himachal Pradesh,,
UEI-IMD-FL-2022-0479,2022-09-25,2022-09-25,Himachal Pradesh,,1.0
UEI-IMD-FL-2022-0480,2022-09-25,2022-09-25,Himachal Pradesh,,5.0
UEI-IMD-FL-2022-0481,2022-09-26,2022-09-26,Himachal Pradesh,,2.0
UEI-IMD-FL-2022-0929,2022-09-27,2022-09-29,Telangana,,
UEI-IMD-FL-2022-0930,2022-09-27,2022-09-29,Telangana,,
UEI-IMD-FL-2022-1045,2022-09-29,2022-09-29,Uttar Pradesh,,
UEI-IMD-FL-2022-1046,2022-09-29,2022-09-29,Uttar Pradesh,,1.0
UEI-IMD-FL-2022-0533,2022-10-01,2022-10-01,Karnataka,,4.0
UEI-IMD-FL-2022-1047,2022-10-03,2022-10-03,Uttar Pradesh,,1.0
UEI-IMD-FL-2022-0726,2022-10-05,2022-10-05,Maharashtra,,
UEI-IMD-FL-2022-0727,2022-10-05,2022-10-05,Maharashtra,,1.0
UEI-IMD-FL-2022-1048,2022-10-05,2022-10-05,Uttar Pradesh,,1.0
UEI-IMD-FL-2022-1049,2022-10-05,2022-10-05,Uttar Pradesh,,1.0
UEI-IMD-FL-2022-1108,2022-10-05,2022-10-05,West Bengal,,8.0
UEI-IMD-FL-2022-0728,2022-10-06,2022-10-08,Maharashtra,,
UEI-IMD-FL-2022-0729,2022-10-06,2022-10-08,Maharashtra,,
UEI-IMD-FL-2022-1050,2022-10-06,2022-10-06,Uttar Pradesh,,3.0
UEI-IMD-FL-2022-1051,2022-10-06,2022-10-06,Uttar Pradesh,,1.0
UEI-IMD-FL-2022-1052,2022-10-06,2022-10-06,Uttar Pradesh,,1.0
UEI-IMD-FL-2022-1053,2022-10-06,2022-10-06,Uttar Pradesh,,1.0
UEI-IMD-FL-2022-1054,2022-10-06,2022-10-06,Uttar Pradesh,,1.0
UEI-IMD-FL-2022-0932,2022-10-07,2022-10-07,Telangana,,
UEI-IMD-FL-2022-0933,2022-10-07,2022-10-07,Telangana,,
UEI-IMD-FL-2022-0934,2022-10-07,2022-10-07,Telangana,,
UEI-IMD-FL-2022-1055,2022-10-07,2022-10-07,Uttar Pradesh,,1.0
UEI-IMD-FL-2022-1056,2022-10-07,2022-10-07,Uttar Pradesh,,1.0
UEI-IMD-FL-2022-1057,2022-10-07,2022-10-07,Uttar Pradesh,,5.0
UEI-IMD-FL-2022-1058,2022-10-07,2022-10-07,Uttar Pradesh,,2.0
UEI-IMD-FL-2022-1059,2022-10-07,2022-10-07,Uttar Pradesh,,1.0
UEI-IMD-FL-2022-1060,2022-10-07,2022-10-07,Uttar Pradesh,,8.0
UEI-IMD-FL-2022-1061,2022-10-07,2022-10-07,Uttar Pradesh,,1.0
UEI-IMD-FL-2022-0935,2022-10-08,2022-10-08,Telangana,,
UEI-IMD-FL-2022-0936,2022-10-08,2022-10-08,Telangana,,1.0
UEI-IMD-FL-2022-1062,2022-10-08,2022-10-08,Uttar Pradesh,,1.0
UEI-IMD-FL-2022-1063,2022-10-08,2022-10-08,Uttar Pradesh,,2.0
UEI-IMD-FL-2022-1064,2022-10-08,2022-10-08,Uttar Pradesh,,1.0
UEI-IMD-FL-2022-1065,2022-10-08,2022-10-08,Uttar Pradesh,,1.0
UEI-IMD-FL-2022-1066,2022-10-08,2022-10-08,Uttar Pradesh,,3.0
UEI-IMD-FL-2022-0937,2022-10-09,2022-10-11,Telangana,,
UEI-IMD-FL-2022-0938,2022-10-09,2022-10-11,Telangana,,
UEI-IMD-FL-2022-0939,2022-10-09,2022-10-11,Telangana,,
UEI-IMD-FL-2022-0940,2022-10-09,2022-10-11,Telangana,,
UEI-IMD-FL-2022-1067,2022-10-09,2022-10-09,Uttar Pradesh,,2.0
UEI-IMD-FL-2022-1068,2022-10-09,2022-10-09,Uttar Pradesh,,1.0
UEI-IMD-FL-2022-1069,2022-10-09,2022-10-09,Uttar Pradesh,,1.0
UEI-IMD-FL-2022-1070,2022-10-09,2022-10-09,Uttar Pradesh,,1.0
UEI-IMD-FL-2022-1071,2022-10-09,2022-10-09,Uttar Pradesh,,2.0
UEI-IMD-FL-2022-1072,2022-10-09,2022-10-09,Uttar Pradesh,,1.0
UEI-IMD-FL-2022-1073,2022-10-09,2022-10-09,Uttar Pradesh,,
UEI-IMD-FL-2022-1074,2022-10-09,2022-10-09,Uttar Pradesh,,1.0
UEI-IMD-FL-2022-1075,2022-10-09,2022-10-09,Uttar Pradesh,,1.0
UEI-IMD-FL-2022-1109,2022-10-09,2022-10-09,Delhi,,3.0
UEI-IMD-FL-2022-0075,2022-10-10,2022-10-14,Arunachal Pradesh,,
UEI-IMD-FL-2022-0076,2022-10-10,2022-10-14,Arunachal Pradesh,,
UEI-IMD-FL-2022-0371,2022-10-10,2022-10-14,Assam,,
UEI-IMD-FL-2022-0372,2022-10-10,2022-10-14,Assam,,
UEI-IMD-FL-2022-0373,2022-10-10,2022-10-14,Assam,,
UEI-IMD-FL-2022-0374,2022-10-10,2022-10-14,Assam,,
UEI-IMD-FL-2022-0375,2022-10-10,2022-10-14,Assam,,
UEI-IMD-FL-2022-0376,2022-10-10,2022-10-14,Assam,,
UEI-IMD-FL-2022-0377,2022-10-10,2022-10-14,Assam,,
UEI-IMD-FL-2022-0378,2022-10-10,2022-10-14,Assam,,
UEI-IMD-FL-2022-0379,2022-10-10,2022-10-14,Assam,,
UEI-IMD-FL-2022-0380,2022-10-10,2022-10-14,Assam,,
UEI-IMD-FL-2022-0381,2022-10-10,2022-10-14,Assam,,
UEI-IMD-FL-2022-0382,2022-10-10,2022-10-14,Assam,,
UEI-IMD-FL-2022-0383,2022-10-10,2022-10-14,Assam,,
UEI-IMD-FL-2022-0730,2022-10-10,2022-10-14,Maharashtra,,
UEI-IMD-FL-2022-1076,2022-10-10,2022-10-10,Uttar Pradesh,,1.0
UEI-IMD-FL-2022-1077,2022-10-10,2022-10-10,Uttar Pradesh,,1.0
UEI-IMD-FL-2022-1078,2022-10-10,2022-10-10,Uttar Pradesh,,1.0
UEI-IMD-FL-2022-1079,2022-10-10,2022-10-10,Uttar Pradesh,,1.0
UEI-IMD-FL-2022-0534,2022-10-11,2022-10-11,Karnataka,,2.0
UEI-IMD-FL-2022-0596,2022-10-11,2022-10-11,Madhya Pradesh,,
UEI-IMD-FL-2022-1080,2022-10-11,2022-10-11,Uttar Pradesh,,2.0
UEI-IMD-FL-2022-1081,2022-10-11,2022-10-11,Uttar Pradesh,,1.0
UEI-IMD-FL-2022-1082,2022-10-11,2022-10-11,Uttar Pradesh,,1.0
UEI-IMD-FL-2022-1083,2022-10-11,2022-10-11,Uttar Pradesh,,1.0
UEI-IMD-FL-2022-1084,2022-10-12,2022-10-12,Uttar Pradesh,,1.0
UEI-IMD-FL-2022-1085,2022-10-12,2022-10-12,Uttar Pradesh,,3.0
UEI-IMD-FL-2022-1086,2022-10-12,2022-10-12,Uttar Pradesh,,
UEI-IMD-FL-2022-1087,2022-10-12,2022-10-12,Uttar Pradesh,,2.0
UEI-IMD-FL-2022-1088,2022-10-13,2022-10-13,Uttar Pradesh,,2.0
UEI-IMD-FL-2022-1089,2022-10-13,2022-10-13,Uttar Pradesh,,1.0
UEI-IMD-FL-2022-1090,2022-10-13,2022-10-13,Uttar Pradesh,,1.0
UEI-IMD-FL-2022-1091,2022-10-13,2022-10-13,Uttar Pradesh,,2.0
UEI-IMD-FL-2022-0941,2022-10-14,2022-10-14,Telangana,,
UEI-IMD-FL-2022-0942,2022-10-14,2022-10-14,Telangana,,1.0
UEI-IMD-FL-2022-0943,2022-10-15,2022-10-15,Telangana,,
UEI-IMD-FL-2022-0944,2022-10-15,2022-10-15,Telangana,,
UEI-IMD-FL-2022-1092,2022-10-15,2022-10-15,Uttar Pradesh,,2.0
UEI-IMD-FL-2022-0077,2022-10-17,2022-10-17,Arunachal Pradesh,,2.0
UEI-IMD-FL-2022-0731,2022-10-17,2022-10-19,Maharashtra,,
UEI-IMD-FL-2022-0732,2022-10-17,2022-10-19,Maharashtra,,
UEI-IMD-FL-2022-0733,2022-10-17,2022-10-19,Maharashtra,,
UEI-IMD-FL-2022-0734,2022-10-17,2022-10-19,Maharashtra,,
UEI-IMD-FL-2022-0735,2022-10-17,2022-10-19,Maharashtra,,
UEI-IMD-FL-2022-0736,2022-10-17,2022-10-19,Maharashtra,,
UEI-IMD-FL-2022-0737,2022-10-17,2022-10-19,Maharashtra,,
UEI-IMD-FL-2022-0738,2022-10-17,2022-10-19,Maharashtra,,
UEI-IMD-FL-2022-0739,2022-10-17,2022-10-19,Maharashtra,,
UEI-IMD-FL-2022-0740,2022-10-17,2022-10-19,Maharashtra,,
UEI-IMD-FL-2022-0741,2022-10-17,2022-10-19,Maharashtra,,
UEI-IMD-FL-2022-0742,2022-10-17,2022-10-19,Maharashtra,,2.0
UEI-IMD-FL-2022-0743,2022-10-17,2022-10-19,Maharashtra,,
UEI-IMD-FL-2022-0744,2022-10-17,2022-10-19,Maharashtra,,
UEI-IMD-FL-2022-1093,2022-10-17,2022-10-17,Uttar Pradesh,,1.0
UEI-IMD-FL-2022-1094,2022-10-18,2022-10-18,Uttar Pradesh,,1.0
UEI-IMD-FL-2022-0945,2022-10-19,2022-10-19,Telangana,,
UEI-IMD-FL-2022-0745,2022-10-20,2022-10-20,Maharashtra,,
UEI-IMD-FL-2022-0746,2022-10-20,2022-10-20,Maharashtra,,3.0
UEI-IMD-FL-2022-0747,2022-10-20,2022-10-20,Maharashtra,,
UEI-IMD-FL-2022-0748,2022-10-20,2022-10-20,Maharashtra,,
UEI-IMD-FL-2022-1095,2022-10-20,2022-10-20,Uttar Pradesh,,1.0
UEI-IMD-FL-2022-0835,2022-10-21,2022-10-21,Tamil Nadu,,1.0
UEI-IMD-FL-2022-0946,2022-10-21,2022-10-21,Telangana,,
UEI-IMD-FL-2022-1096,2022-10-21,2022-10-21,Uttar Pradesh,,1.0
UEI-IMD-FL-2022-1097,2022-10-28,2022-10-28,Uttar Pradesh,,2.0
UEI-IMD-FL-2022-0836,2022-11-01,2022-11-01,Tamil Nadu,,2.0
UEI-IMD-FL-2022-0837,2022-11-01,2022-11-01,Tamil Nadu,,
UEI-IMD-FL-2022-0838,2022-11-01,2022-11-01,Tamil Nadu,,
UEI-IMD-FL-2022-0947,2022-11-01,2022-11-30,Telangana,,1.0
UEI-IMD-FL-2022-1139,2022-11-15,2022-11-15,Jammu & Kashmir,,1.0
UEI-IMD-FL-2023-0601,2023-01-15,2023-01-15,Jammu & Kashmir,,1.0
UEI-IMD-FL-2023-0602,2023-02-19,2023-02-19,Jammu & Kashmir,,
UEI-IMD-FL-2023-0357,2023-03-06,2023-03-09,Madhya Pradesh,,
UEI-IMD-FL-2023-0358,2023-03-06,2023-03-09,Madhya Pradesh,,
UEI-IMD-FL-2023-0359,2023-03-06,2023-03-09,Madhya Pradesh,,
UEI-IMD-FL-2023-0360,2023-03-06,2023-03-09,Madhya Pradesh,,
UEI-IMD-FL-2023-0603,2023-03-07,2023-03-07,Jammu & Kashmir,,1.0
UEI-IMD-FL-2023-0410,2023-03-14,2023-03-17,Maharashtra,,
UEI-IMD-FL-2023-0411,2023-03-14,2023-03-17,Maharashtra,,
UEI-IMD-FL-2023-0412,2023-03-14,2023-03-17,Maharashtra,,
UEI-IMD-FL-2023-0413,2023-03-14,2023-03-17,Maharashtra,,
UEI-IMD-FL-2023-0414,2023-03-14,2023-03-17,Maharashtra,,
UEI-IMD-FL-2023-0415,2023-03-14,2023-03-17,Maharashtra,,
UEI-IMD-FL-2023-0541,2023-03-15,2023-03-16,Telangana,,
UEI-IMD-FL-2023-0542,2023-03-15,2023-03-16,Telangana,,
UEI-IMD-FL-2023-0543,2023-03-15,2023-03-16,Telangana,,
UEI-IMD-FL-2023-0544,2023-03-15,2023-03-16,Telangana,,
UEI-IMD-FL-2023-0545,2023-03-15,2023-03-16,Telangana,,
UEI-IMD-FL-2023-0258,2023-03-17,2023-03-17,Gujarat,,1.0
UEI-IMD-FL-2023-0361,2023-03-17,2023-03-19,Madhya Pradesh,,
UEI-IMD-FL-2023-0362,2023-03-17,2023-03-19,Madhya Pradesh,,
UEI-IMD-FL-2023-0363,2023-03-17,2023-03-19,Madhya Pradesh,,
UEI-IMD-FL-2023-0364,2023-03-17,2023-03-19,Madhya Pradesh,,
UEI-IMD-FL-2023-0365,2023-03-17,2023-03-19,Madhya Pradesh,,
UEI-IMD-FL-2023-0366,2023-03-17,2023-03-19,Madhya Pradesh,,
UEI-IMD-FL-2023-0367,2023-03-17,2023-03-19,Madhya Pradesh,,
UEI-IMD-FL-2023-0368,2023-03-17,2023-03-19,Madhya Pradesh,,
UEI-IMD-FL-2023-0369,2023-03-17,2023-03-19,Madhya Pradesh,,
UEI-IMD-FL-2023-0370,2023-03-17,2023-03-19,Madhya Pradesh,,
UEI-IMD-FL-2023-0371,2023-03-17,2023-03-19,Madhya Pradesh,,
UEI-IMD-FL-2023-0372,2023-03-17,2023-03-19,Madhya Pradesh,,
UEI-IMD-FL-2023-0373,2023-03-17,2023-03-19,Madhya Pradesh,,
UEI-IMD-FL-2023-0374,2023-03-17,2023-03-19,Madhya Pradesh,,
UEI-IMD-FL-2023-0375,2023-03-17,2023-03-19,Madhya Pradesh,,
UEI-IMD-FL-2023-0376,2023-03-17,2023-03-19,Madhya Pradesh,,
UEI-IMD-FL-2023-0377,2023-03-17,2023-03-19,Madhya Pradesh,,
UEI-IMD-FL-2023-0378,2023-03-17,2023-03-19,Madhya Pradesh,,
UEI-IMD-FL-2023-0379,2023-03-17,2023-03-19,Madhya Pradesh,,
UEI-IMD-FL-2023-0380,2023-03-17,2023-03-19,Madhya Pradesh,,
UEI-IMD-FL-2023-0381,2023-03-17,2023-03-19,Madhya Pradesh,,
UEI-IMD-FL-2023-0382,2023-03-17,2023-03-19,Madhya Pradesh,,
UEI-IMD-FL-2023-0383,2023-03-17,2023-03-19,Madhya Pradesh,,
UEI-IMD-FL-2023-0554,2023-03-17,2023-03-18,Uttar Pradesh,,5.0
UEI-IMD-FL-2023-0251,2023-03-19,2023-03-20,Chhattisgarh,,
UEI-IMD-FL-2023-0252,2023-03-19,2023-03-20,Chhattisgarh,,
UEI-IMD-FL-2023-0253,2023-03-19,2023-03-20,Chhattisgarh,,
UEI-IMD-FL-2023-0254,2023-03-19,2023-03-20,Chhattisgarh,,
UEI-IMD-FL-2023-0416,2023-03-19,2023-03-19,Maharashtra,,
UEI-IMD-FL-2023-0417,2023-03-19,2023-03-19,Maharashtra,,
UEI-IMD-FL-2023-0418,2023-03-19,2023-03-19,Maharashtra,,
UEI-IMD-FL-2023-0001,2023-03-27,2023-03-27,Arunachal Pradesh,,1.0
UEI-IMD-FL-2023-0604,2023-04-03,2023-04-03,Jammu & Kashmir,,
UEI-IMD-FL-2023-0419,2023-04-07,2023-04-07,Maharashtra,,
UEI-IMD-FL-2023-0420,2023-04-07,2023-04-07,Maharashtra,,
UEI-IMD-FL-2023-0421,2023-04-07,2023-04-07,Maharashtra,,
UEI-IMD-FL-2023-0422,2023-04-07,2023-04-07,Maharashtra,,
UEI-IMD-FL-2023-0423,2023-04-07,2023-04-07,Maharashtra,,
UEI-IMD-FL-2023-0424,2023-04-07,2023-04-07,Maharashtra,,
UEI-IMD-FL-2023-0425,2023-04-07,2023-04-07,Maharashtra,,
UEI-IMD-FL-2023-0426,2023-04-07,2023-04-07,Maharashtra,,
UEI-IMD-FL-2023-0427,2023-04-07,2023-04-07,Maharashtra,,
UEI-IMD-FL-2023-0428,2023-04-07,2023-04-07,Maharashtra,,
UEI-IMD-FL-2023-0429,2023-04-09,2023-04-09,Maharashtra,,1.0
UEI-IMD-FL-2023-0430,2023-04-09,2023-04-10,Maharashtra,,
UEI-IMD-FL-2023-0431,2023-04-09,2023-04-10,Maharashtra,,
UEI-IMD-FL-2023-0432,2023-04-09,2023-04-10,Maharashtra,,
UEI-IMD-FL-2023-0433,2023-04-09,2023-04-10,Maharashtra,,
UEI-IMD-FL-2023-0434,2023-04-09,2023-04-10,Maharashtra,,
UEI-IMD-FL-2023-0435,2023-04-15,2023-04-15,Maharashtra,,
UEI-IMD-FL-2023-0498,2023-04-22,2023-04-22,Mizoram,,
UEI-IMD-FL-2023-0255,2023-04-25,2023-04-25,Chhattisgarh,,
UEI-IMD-FL-2023-0605,2023-04-27,2023-04-27,Jammu & Kashmir,,
UEI-IMD-FL-2023-0436,2023-04-28,2023-04-28,Maharashtra,,1.0
UEI-IMD-FL-2023-0555,2023-05-01,2023-05-01,Uttar Pradesh,,
UEI-IMD-FL-2023-0499,2023-05-06,2023-05-06,Mizoram,,8.0
UEI-IMD-FL-2023-0606,2023-05-06,2023-05-06,Jammu & Kashmir,,2.0
UEI-IMD-FL-2023-0336,2023-05-21,2023-05-21,Karnataka,,2.0
UEI-IMD-FL-2023-0607,2023-05-23,2023-05-23,Jammu & Kashmir,,1.0
UEI-IMD-FL-2023-0608,2023-05-25,2023-05-25,Jammu & Kashmir,,4.0
UEI-IMD-FL-2023-0002,2023-06-01,2023-06-01,Arunachal Pradesh,,
UEI-IMD-FL-2023-0609,2023-06-01,2023-06-01,Jammu & Kashmir,,
UEI-IMD-FL-2023-0003,2023-06-02,2023-06-02,Arunachal Pradesh,,
UEI-IMD-FL-2023-0610,2023-06-02,2023-06-02,Jammu & Kashmir,,
UEI-IMD-FL-2023-0486,2023-06-03,2023-06-03,Meghalaya,,2.0
UEI-IMD-FL-2023-0487,2023-06-10,2023-06-19,Meghalaya,,
UEI-IMD-FL-2023-0488,2023-06-10,2023-06-19,Meghalaya,,
UEI-IMD-FL-2023-0489,2023-06-10,2023-06-19,Meghalaya,,
UEI-IMD-FL-2023-0490,2023-06-10,2023-06-19,Meghalaya,,
UEI-IMD-FL-2023-0491,2023-06-10,2023-06-19,Meghalaya,,
UEI-IMD-FL-2023-0492,2023-06-10,2023-06-19,Meghalaya,,
UEI-IMD-FL-2023-0493,2023-06-10,2023-06-19,Meghalaya,,
UEI-IMD-FL-2023-0494,2023-06-11,2023-06-11,Meghalaya,,1.0
UEI-IMD-FL-2023-0004,2023-06-12,2023-06-12,Arunachal Pradesh,,
UEI-IMD-FL-2023-0005,2023-06-12,2023-06-12,Arunachal Pradesh,,
UEI-IMD-FL-2023-0006,2023-06-14,2023-06-15,Arunachal Pradesh,,
UEI-IMD-FL-2023-0007,2023-06-14,2023-06-15,Arunachal Pradesh,,
UEI-IMD-FL-2023-0538,2023-06-15,2023-06-15,Sikkim,,1.0
UEI-IMD-FL-2023-0495,2023-06-16,2023-06-16,Meghalaya,,1.0
UEI-IMD-FL-2023-0013,2023-06-17,2023-06-17,Assam,,1.0
UEI-IMD-FL-2023-0496,2023-06-17,2023-06-17,Meghalaya,,2.0
UEI-IMD-FL-2023-0497,2023-06-17,2023-06-17,Meghalaya,,3.0
UEI-IMD-FL-2023-0539,2023-06-17,2023-06-17,Sikkim,,
UEI-IMD-FL-2023-0540,2023-06-17,2023-06-17,Sikkim,,
UEI-IMD-FL-2023-0513,2023-06-18,2023-06-18,Rajasthan,,1.0
UEI-IMD-FL-2023-0514,2023-06-18,2023-06-18,Rajasthan,,3.0
UEI-IMD-FL-2023-0008,2023-06-19,2023-06-19,Arunachal Pradesh,,
UEI-IMD-FL-2023-0009,2023-06-19,2023-06-19,Arunachal Pradesh,,
UEI-IMD-FL-2023-0010,2023-06-19,2023-06-19,Arunachal Pradesh,,4.0
UEI-IMD-FL-2023-0515,2023-06-19,2023-06-19,Rajasthan,,1.0
UEI-IMD-FL-2023-0516,2023-06-19,2023-06-19,Rajasthan,,1.0
UEI-IMD-FL-2023-0517,2023-06-19,2023-06-19,Rajasthan,,1.0
UEI-IMD-FL-2023-0518,2023-06-19,2023-06-19,Rajasthan,,4.0
UEI-IMD-FL-2023-0519,2023-06-20,2023-06-20,Rajasthan,,9.0
UEI-IMD-FL-2023-0014,2023-06-21,2023-06-21,Assam,,
UEI-IMD-FL-2023-0015,2023-06-21,2023-06-21,Assam,,
UEI-IMD-FL-2023-0016,2023-06-21,2023-06-21,Assam,,
UEI-IMD-FL-2023-0017,2023-06-21,2023-06-21,Assam,,
UEI-IMD-FL-2023-0018,2023-06-21,2023-06-21,Assam,,
UEI-IMD-FL-2023-0019,2023-06-21,2023-06-21,Assam,,
UEI-IMD-FL-2023-0020,2023-06-21,2023-06-21,Assam,,
UEI-IMD-FL-2023-0021,2023-06-21,2023-06-21,Assam,,
UEI-IMD-FL-2023-0022,2023-06-21,2023-06-21,Assam,,
UEI-IMD-FL-2023-0023,2023-06-21,2023-06-21,Assam,,
UEI-IMD-FL-2023-0024,2023-06-21,2023-06-21,Assam,,
UEI-IMD-FL-2023-0025,2023-06-21,2023-06-21,Assam,,
UEI-IMD-FL-2023-0026,2023-06-21,2023-06-21,Assam,,
UEI-IMD-FL-2023-0027,2023-06-21,2023-06-21,Assam,,
UEI-IMD-FL-2023-0028,2023-06-21,2023-06-21,Assam,,
UEI-IMD-FL-2023-0029,2023-06-21,2023-06-21,Assam,,
UEI-IMD-FL-2023-0030,2023-06-21,2023-06-21,Assam,,
UEI-IMD-FL-2023-0031,2023-06-21,2023-06-21,Assam,,
UEI-IMD-FL-2023-0032,2023-06-21,2023-06-21,Assam,,
UEI-IMD-FL-2023-0033,2023-06-21,2023-06-21,Assam,,
UEI-IMD-FL-2023-0034,2023-06-21,2023-06-21,Assam,,
UEI-IMD-FL-2023-0035,2023-06-21,2023-06-21,Assam,,1.0
UEI-IMD-FL-2023-0520,2023-06-21,2023-06-21,Rajasthan,,1.0
UEI-IMD-FL-2023-0521,2023-06-21,2023-06-21,Rajasthan,,2.0
UEI-IMD-FL-2023-0036,2023-06-22,2023-06-22,Assam,,
UEI-IMD-FL-2023-0037,2023-06-22,2023-06-22,Assam,,
UEI-IMD-FL-2023-0038,2023-06-22,2023-06-22,Assam,,
UEI-IMD-FL-2023-0039,2023-06-22,2023-06-22,Assam,,
UEI-IMD-FL-2023-0040,2023-06-22,2023-06-22,Assam,,
UEI-IMD-FL-2023-0041,2023-06-22,2023-06-22,Assam,,
UEI-IMD-FL-2023-0042,2023-06-22,2023-06-22,Assam,,
UEI-IMD-FL-2023-0043,2023-06-22,2023-06-22,Assam,,
UEI-IMD-FL-2023-0044,2023-06-22,2023-06-22,Assam,,
UEI-IMD-FL-2023-0045,2023-06-22,2023-06-22,Assam,,
UEI-IMD-FL-2023-0046,2023-06-22,2023-06-22,Assam,,
UEI-IMD-FL-2023-0047,2023-06-22,2023-06-22,Assam,,
UEI-IMD-FL-2023-0048,2023-06-22,2023-06-22,Assam,,
UEI-IMD-FL-2023-0049,2023-06-22,2023-06-22,Assam,,
UEI-IMD-FL-2023-0050,2023-06-22,2023-06-22,Assam,,
UEI-IMD-FL-2023-0051,2023-06-22,2023-06-22,Assam,,
UEI-IMD-FL-2023-0052,2023-06-22,2023-06-22,Assam,,1.0
UEI-IMD-FL-2023-0053,2023-06-22,2023-06-22,Assam,,
UEI-IMD-FL-2023-0054,2023-06-22,2023-06-22,Assam,,
UEI-IMD-FL-2023-0011,2023-06-23,2023-06-23,Arunachal Pradesh,,4.0
UEI-IMD-FL-2023-0055,2023-06-23,2023-06-23,Assam,,
UEI-IMD-FL-2023-0056,2023-06-23,2023-06-23,Assam,,
UEI-IMD-FL-2023-0057,2023-06-23,2023-06-23,Assam,,
UEI-IMD-FL-2023-0058,2023-06-23,2023-06-23,Assam,,
UEI-IMD-FL-2023-0059,2023-06-23,2023-06-23,Assam,,
UEI-IMD-FL-2023-0060,2023-06-23,2023-06-23,Assam,,
UEI-IMD-FL-2023-0061,2023-06-23,2023-06-23,Assam,,
UEI-IMD-FL-2023-0062,2023-06-23,2023-06-23,Assam,,
UEI-IMD-FL-2023-0063,2023-06-23,2023-06-23,Assam,,
UEI-IMD-FL-2023-0064,2023-06-23,2023-06-23,Assam,,
UEI-IMD-FL-2023-0065,2023-06-23,2023-06-23,Assam,,
UEI-IMD-FL-2023-0066,2023-06-23,2023-06-23,Assam,,
UEI-IMD-FL-2023-0067,2023-06-23,2023-06-23,Assam,,
UEI-IMD-FL-2023-0068,2023-06-23,2023-06-23,Assam,,1.0
UEI-IMD-FL-2023-0069,2023-06-23,2023-06-23,Assam,,
UEI-IMD-FL-2023-0070,2023-06-24,2023-06-24,Assam,,
UEI-IMD-FL-2023-0071,2023-06-24,2023-06-24,Assam,,
UEI-IMD-FL-2023-0072,2023-06-24,2023-06-24,Assam,,
UEI-IMD-FL-2023-0073,2023-06-24,2023-06-24,Assam,,
UEI-IMD-FL-2023-0074,2023-06-24,2023-06-24,Assam,,
UEI-IMD-FL-2023-0075,2023-06-24,2023-06-24,Assam,,
UEI-IMD-FL-2023-0076,2023-06-24,2023-06-24,Assam,,
UEI-IMD-FL-2023-0077,2023-06-24,2023-06-24,Assam,,
UEI-IMD-FL-2023-0078,2023-06-24,2023-06-24,Assam,,
UEI-IMD-FL-2023-0079,2023-06-24,2023-06-24,Assam,,
UEI-IMD-FL-2023-0080,2023-06-24,2023-06-24,Assam,,
UEI-IMD-FL-2023-0081,2023-06-24,2023-06-24,Assam,,
UEI-IMD-FL-2023-0082,2023-06-24,2023-06-24,Assam,,
UEI-IMD-FL-2023-0083,2023-06-24,2023-06-24,Assam,,
UEI-IMD-FL-2023-0084,2023-06-24,2023-06-24,Assam,,
UEI-IMD-FL-2023-0285,2023-06-24,2023-06-25,Himachal Pradesh,,1.0
UEI-IMD-FL-2023-0286,2023-06-24,2023-06-25,Himachal Pradesh,,
UEI-IMD-FL-2023-0287,2023-06-24,2023-06-25,Himachal Pradesh,,
UEI-IMD-FL-2023-0288,2023-06-24,2023-06-25,Himachal Pradesh,,
UEI-IMD-FL-2023-0289,2023-06-24,2023-06-25,Himachal Pradesh,,1.0
UEI-IMD-FL-2023-0290,2023-06-24,2023-06-25,Himachal Pradesh,,
UEI-IMD-FL-2023-0291,2023-06-24,2023-06-25,Himachal Pradesh,,
UEI-IMD-FL-2023-0292,2023-06-24,2023-06-25,Himachal Pradesh,,4.0
UEI-IMD-FL-2023-0437,2023-06-24,2023-06-24,Maharashtra,,
UEI-IMD-FL-2023-0085,2023-06-25,2023-06-25,Assam,,
UEI-IMD-FL-2023-0086,2023-06-25,2023-06-25,Assam,,
UEI-IMD-FL-2023-0087,2023-06-25,2023-06-25,Assam,,2.0
UEI-IMD-FL-2023-0088,2023-06-25,2023-06-25,Assam,,
UEI-IMD-FL-2023-0089,2023-06-25,2023-06-25,Assam,,
UEI-IMD-FL-2023-0090,2023-06-25,2023-06-25,Assam,,
UEI-IMD-FL-2023-0091,2023-06-25,2023-06-25,Assam,,
UEI-IMD-FL-2023-0092,2023-06-25,2023-06-25,Assam,,
UEI-IMD-FL-2023-0093,2023-06-25,2023-06-25,Assam,,
UEI-IMD-FL-2023-0094,2023-06-25,2023-06-25,Assam,,
UEI-IMD-FL-2023-0095,2023-06-25,2023-06-25,Assam,,
UEI-IMD-FL-2023-0273,2023-06-25,2023-06-25,Haryana,,
UEI-IMD-FL-2023-0438,2023-06-25,2023-06-26,Maharashtra,,
UEI-IMD-FL-2023-0439,2023-06-25,2023-06-26,Maharashtra,,
UEI-IMD-FL-2023-0574,2023-06-25,2023-06-25,Uttarakhand,,1.0
UEI-IMD-FL-2023-0575,2023-06-25,2023-06-25,Uttarakhand,,1.0
UEI-IMD-FL-2023-0096,2023-06-26,2023-06-26,Assam,,
UEI-IMD-FL-2023-0097,2023-06-26,2023-06-26,Assam,,
UEI-IMD-FL-2023-0098,2023-06-26,2023-06-26,Assam,,1.0
UEI-IMD-FL-2023-0099,2023-06-26,2023-06-26,Assam,,
UEI-IMD-FL-2023-0100,2023-06-26,2023-06-26,Assam,,
UEI-IMD-FL-2023-0101,2023-06-26,2023-06-26,Assam,,
UEI-IMD-FL-2023-0102,2023-06-26,2023-06-26,Assam,,
UEI-IMD-FL-2023-0103,2023-06-26,2023-06-26,Assam,,
UEI-IMD-FL-2023-0104,2023-06-26,2023-06-26,Assam,,
UEI-IMD-FL-2023-0105,2023-06-26,2023-06-26,Assam,,
UEI-IMD-FL-2023-0106,2023-06-26,2023-06-26,Assam,,
UEI-IMD-FL-2023-0257,2023-06-26,2023-06-26,Chhattisgarh,,1.0
UEI-IMD-FL-2023-0522,2023-06-26,2023-06-26,Rajasthan,,3.0
UEI-IMD-FL-2023-0012,2023-06-27,2023-06-29,Arunachal Pradesh,,
UEI-IMD-FL-2023-0107,2023-06-27,2023-06-27,Assam,,
UEI-IMD-FL-2023-0108,2023-06-27,2023-06-27,Assam,,
UEI-IMD-FL-2023-0109,2023-06-27,2023-06-27,Assam,,
UEI-IMD-FL-2023-0110,2023-06-27,2023-06-27,Assam,,
UEI-IMD-FL-2023-0111,2023-06-27,2023-06-27,Assam,,
UEI-IMD-FL-2023-0112,2023-06-27,2023-06-27,Assam,,1.0
UEI-IMD-FL-2023-0113,2023-06-27,2023-06-27,Assam,,
UEI-IMD-FL-2023-0114,2023-06-27,2023-06-27,Assam,,
UEI-IMD-FL-2023-0115,2023-06-27,2023-06-27,Assam,,
UEI-IMD-FL-2023-0116,2023-06-27,2023-06-27,Assam,,
UEI-IMD-FL-2023-0117,2023-06-27,2023-06-27,Assam,,
UEI-IMD-FL-2023-0118,2023-06-27,2023-06-27,Assam,,
UEI-IMD-FL-2023-0523,2023-06-27,2023-06-27,Rajasthan,,1.0
UEI-IMD-FL-2023-0440,2023-06-28,2023-06-28,Maharashtra,,2.0
UEI-IMD-FL-2023-0441,2023-06-28,2023-06-28,Maharashtra,,2.0
UEI-IMD-FL-2023-0442,2023-06-28,2023-06-28,Maharashtra,,1.0
UEI-IMD-FL-2023-0443,2023-06-28,2023-06-28,Maharashtra,,1.0
UEI-IMD-FL-2023-0444,2023-06-29,2023-06-29,Maharashtra,,1.0
UEI-IMD-FL-2023-0397,2023-07-01,2023-07-01,Madhya Pradesh,,1.0
UEI-IMD-FL-2023-0398,2023-07-02,2023-07-02,Madhya Pradesh,,1.0
UEI-IMD-FL-2023-0348,2023-07-03,2023-07-07,Kerala,,
UEI-IMD-FL-2023-0349,2023-07-03,2023-07-07,Kerala,,
UEI-IMD-FL-2023-0350,2023-07-03,2023-07-07,Kerala,,
UEI-IMD-FL-2023-0351,2023-07-03,2023-07-07,Kerala,,
UEI-IMD-FL-2023-0352,2023-07-03,2023-07-07,Kerala,,
UEI-IMD-FL-2023-0353,2023-07-03,2023-07-07,Kerala,,19.0
UEI-IMD-FL-2023-0250,2023-07-04,2023-07-04,Bihar,,1.0
UEI-IMD-FL-2023-0119,2023-07-05,2023-07-05,Assam,,
UEI-IMD-FL-2023-0120,2023-07-05,2023-07-05,Assam,,
UEI-IMD-FL-2023-0121,2023-07-05,2023-07-05,Assam,,
UEI-IMD-FL-2023-0122,2023-07-05,2023-07-05,Assam,,
UEI-IMD-FL-2023-0123,2023-07-05,2023-07-05,Assam,,
UEI-IMD-FL-2023-0124,2023-07-05,2023-07-05,Assam,,
UEI-IMD-FL-2023-0337,2023-07-05,2023-07-05,Karnataka,,
UEI-IMD-FL-2023-0338,2023-07-05,2023-07-05,Karnataka,,
UEI-IMD-FL-2023-0339,2023-07-05,2023-07-05,Karnataka,,2.0
UEI-IMD-FL-2023-0340,2023-07-05,2023-07-05,Karnataka,,
UEI-IMD-FL-2023-0341,2023-07-05,2023-07-05,Karnataka,,
UEI-IMD-FL-2023-0342,2023-07-05,2023-07-05,Karnataka,,
UEI-IMD-FL-2023-0503,2023-07-05,2023-07-11,Punjab,,7.0
UEI-IMD-FL-2023-0504,2023-07-05,2023-07-11,Punjab,,
UEI-IMD-FL-2023-0505,2023-07-05,2023-07-11,Punjab,,
UEI-IMD-FL-2023-0506,2023-07-05,2023-07-11,Punjab,,
UEI-IMD-FL-2023-0507,2023-07-05,2023-07-11,Punjab,,
UEI-IMD-FL-2023-0508,2023-07-05,2023-07-11,Punjab,,
UEI-IMD-FL-2023-0509,2023-07-05,2023-07-11,Punjab,,
UEI-IMD-FL-2023-0510,2023-07-05,2023-07-11,Punjab,,
UEI-IMD-FL-2023-0511,2023-07-05,2023-07-11,Punjab,,1.0
UEI-IMD-FL-2023-0512,2023-07-05,2023-07-11,Punjab,,
UEI-IMD-FL-2023-0293,2023-07-06,2023-07-06,Himachal Pradesh,,1.0
UEI-IMD-FL-2023-0294,2023-07-06,2023-07-06,Himachal Pradesh,,
UEI-IMD-FL-2023-0524,2023-07-07,2023-07-07,Rajasthan,,1.0
UEI-IMD-FL-2023-0556,2023-07-07,2023-07-09,Uttar Pradesh,,2.0
UEI-IMD-FL-2023-0557,2023-07-07,2023-07-09,Uttar Pradesh,,4.0
UEI-IMD-FL-2023-0558,2023-07-07,2023-07-09,Uttar Pradesh,,5.0
UEI-IMD-FL-2023-0559,2023-07-07,2023-07-09,Uttar Pradesh,,2.0
UEI-IMD-FL-2023-0274,2023-07-08,2023-07-11,Haryana,,7.0
UEI-IMD-FL-2023-0275,2023-07-08,2023-07-11,Haryana,,
UEI-IMD-FL-2023-0276,2023-07-08,2023-07-11,Haryana,,
UEI-IMD-FL-2023-0277,2023-07-08,2023-07-11,Haryana,,
UEI-IMD-FL-2023-0278,2023-07-08,2023-07-11,Haryana,,
UEI-IMD-FL-2023-0279,2023-07-08,2023-07-11,Haryana,,
UEI-IMD-FL-2023-0280,2023-07-08,2023-07-11,Haryana,,
UEI-IMD-FL-2023-0281,2023-07-08,2023-07-11,Haryana,,
UEI-IMD-FL-2023-0282,2023-07-08,2023-07-11,Haryana,,
UEI-IMD-FL-2023-0283,2023-07-08,2023-07-11,Haryana,,
UEI-IMD-FL-2023-0295,2023-07-09,2023-07-11,Himachal Pradesh,,18.0
UEI-IMD-FL-2023-0296,2023-07-09,2023-07-11,Himachal Pradesh,,1.0
UEI-IMD-FL-2023-0297,2023-07-09,2023-07-11,Himachal Pradesh,,1.0
UEI-IMD-FL-2023-0298,2023-07-09,2023-07-11,Himachal Pradesh,,
UEI-IMD-FL-2023-0299,2023-07-09,2023-07-11,Himachal Pradesh,,
UEI-IMD-FL-2023-0300,2023-07-09,2023-07-11,Himachal Pradesh,,11.0
UEI-IMD-FL-2023-0301,2023-07-09,2023-07-11,Himachal Pradesh,,
UEI-IMD-FL-2023-0302,2023-07-09,2023-07-11,Himachal Pradesh,,
UEI-IMD-FL-2023-0576,2023-07-09,2023-07-09,Uttarakhand,,3.0
UEI-IMD-FL-2023-0577,2023-07-09,2023-07-09,Uttarakhand,,2.0
UEI-IMD-FL-2023-0596,2023-07-09,2023-07-09,Chandigarh,,1.0
UEI-IMD-FL-2023-0598,2023-07-09,2023-07-09,Delhi,,2.0
UEI-IMD-FL-2023-0599,2023-07-09,2023-07-09,Delhi,,
UEI-IMD-FL-2023-0600,2023-07-09,2023-07-09,Delhi,,
UEI-IMD-FL-2023-0611,2023-07-09,2023-07-09,Jammu & Kashmir,,2.0
UEI-IMD-FL-2023-0612,2023-07-09,2023-07-09,Jammu & Kashmir,,2.0
UEI-IMD-FL-2023-0622,2023-07-09,2023-07-09,Ladakh,,5.0
UEI-IMD-FL-2023-0354,2023-07-10,2023-07-10,Kerala,,2.0
UEI-IMD-FL-2023-0399,2023-07-10,2023-07-10,Madhya Pradesh,,3.0
UEI-IMD-FL-2023-0578,2023-07-10,2023-07-10,Uttarakhand,,4.0
UEI-IMD-FL-2023-0613,2023-07-10,2023-07-10,Jammu & Kashmir,,
UEI-IMD-FL-2023-0560,2023-07-11,2023-07-11,Uttar Pradesh,,1.0
UEI-IMD-FL-2023-0579,2023-07-11,2023-07-11,Uttarakhand,,5.0
UEI-IMD-FL-2023-0580,2023-07-11,2023-07-11,Uttarakhand,,3.0
UEI-IMD-FL-2023-0446,2023-07-12,2023-07-12,Maharashtra,,1.0
UEI-IMD-FL-2023-0561,2023-07-12,2023-07-15,Uttar Pradesh,,4.0
UEI-IMD-FL-2023-0562,2023-07-12,2023-07-15,Uttar Pradesh,,1.0
UEI-IMD-FL-2023-0563,2023-07-12,2023-07-15,Uttar Pradesh,,1.0
UEI-IMD-FL-2023-0564,2023-07-12,2023-07-15,Uttar Pradesh,,21.0
UEI-IMD-FL-2023-0595,2023-07-13,2023-07-13,West Bengal,,2.0
UEI-IMD-FL-2023-0400,2023-07-14,2023-07-14,Madhya Pradesh,,
UEI-IMD-FL-2023-0401,2023-07-14,2023-07-14,Madhya Pradesh,,
UEI-IMD-FL-2023-0402,2023-07-14,2023-07-14,Madhya Pradesh,,
UEI-IMD-FL-2023-0403,2023-07-14,2023-07-14,Madhya Pradesh,,
UEI-IMD-FL-2023-0404,2023-07-14,2023-07-14,Madhya Pradesh,,
UEI-IMD-FL-2023-0614,2023-07-15,2023-07-15,Jammu & Kashmir,,2.0
UEI-IMD-FL-2023-0615,2023-07-15,2023-07-15,Jammu & Kashmir,,1.0
UEI-IMD-FL-2023-0125,2023-07-16,2023-07-16,Assam,,
UEI-IMD-FL-2023-0126,2023-07-16,2023-07-16,Assam,,
UEI-IMD-FL-2023-0127,2023-07-16,2023-07-16,Assam,,
UEI-IMD-FL-2023-0128,2023-07-16,2023-07-16,Assam,,
UEI-IMD-FL-2023-0129,2023-07-16,2023-07-16,Assam,,
UEI-IMD-FL-2023-0130,2023-07-16,2023-07-16,Assam,,
UEI-IMD-FL-2023-0131,2023-07-16,2023-07-16,Assam,,
UEI-IMD-FL-2023-0132,2023-07-16,2023-07-16,Assam,,
UEI-IMD-FL-2023-0133,2023-07-16,2023-07-16,Assam,,
UEI-IMD-FL-2023-0134,2023-07-16,2023-07-16,Assam,,
UEI-IMD-FL-2023-0135,2023-07-16,2023-07-16,Assam,,
UEI-IMD-FL-2023-0136,2023-07-16,2023-07-16,Assam,,
UEI-IMD-FL-2023-0137,2023-07-16,2023-07-16,Assam,,
UEI-IMD-FL-2023-0138,2023-07-16,2023-07-16,Assam,,
UEI-IMD-FL-2023-0139,2023-07-16,2023-07-16,Assam,,
UEI-IMD-FL-2023-0140,2023-07-16,2023-07-16,Assam,,1.0
UEI-IMD-FL-2023-0141,2023-07-16,2023-07-16,Assam,,
UEI-IMD-FL-2023-0303,2023-07-16,2023-07-16,Himachal Pradesh,,1.0
UEI-IMD-FL-2023-0565,2023-07-16,2023-07-16,Uttar Pradesh,,1.0
UEI-IMD-FL-2023-0566,2023-07-16,2023-07-16,Uttar Pradesh,,1.0
UEI-IMD-FL-2023-0567,2023-07-16,2023-07-16,Uttar Pradesh,,1.0
UEI-IMD-FL-2023-0568,2023-07-16,2023-07-16,Uttar Pradesh,,1.0
UEI-IMD-FL-2023-0581,2023-07-16,2023-07-16,Uttarakhand,,5.0
UEI-IMD-FL-2023-0582,2023-07-16,2023-07-16,Uttarakhand,,
UEI-IMD-FL-2023-0583,2023-07-17,2023-07-17,Uttarakhand,,
UEI-IMD-FL-2023-0142,2023-07-18,2023-07-18,Assam,,
UEI-IMD-FL-2023-0143,2023-07-18,2023-07-18,Assam,,
UEI-IMD-FL-2023-0144,2023-07-18,2023-07-18,Assam,,
UEI-IMD-FL-2023-0145,2023-07-18,2023-07-18,Assam,,
UEI-IMD-FL-2023-0146,2023-07-18,2023-07-18,Assam,,
UEI-IMD-FL-2023-0147,2023-07-18,2023-07-18,Assam,,
UEI-IMD-FL-2023-0148,2023-07-18,2023-07-18,Assam,,
UEI-IMD-FL-2023-0149,2023-07-18,2023-07-18,Assam,,
UEI-IMD-FL-2023-0150,2023-07-18,2023-07-18,Assam,,
UEI-IMD-FL-2023-0151,2023-07-18,2023-07-18,Assam,,
UEI-IMD-FL-2023-0152,2023-07-18,2023-07-18,Assam,,
UEI-IMD-FL-2023-0153,2023-07-18,2023-07-18,Assam,,
UEI-IMD-FL-2023-0154,2023-07-18,2023-07-18,Assam,,
UEI-IMD-FL-2023-0155,2023-07-18,2023-07-18,Assam,,1.0
UEI-IMD-FL-2023-0259,2023-07-18,2023-07-18,Gujarat,,
UEI-IMD-FL-2023-0260,2023-07-18,2023-07-18,Gujarat,,
UEI-IMD-FL-2023-0261,2023-07-18,2023-07-18,Gujarat,,
UEI-IMD-FL-2023-0262,2023-07-18,2023-07-18,Gujarat,,
UEI-IMD-FL-2023-0304,2023-07-18,2023-07-18,Himachal Pradesh,,3.0
UEI-IMD-FL-2023-0447,2023-07-18,2023-07-18,Maharashtra,,
UEI-IMD-FL-2023-0448,2023-07-18,2023-07-18,Maharashtra,,
UEI-IMD-FL-2023-0616,2023-07-18,2023-07-18,Jammu & Kashmir,,
UEI-IMD-FL-2023-0263,2023-07-19,2023-07-19,Gujarat,,
UEI-IMD-FL-2023-0264,2023-07-19,2023-07-19,Gujarat,,
UEI-IMD-FL-2023-0265,2023-07-19,2023-07-19,Gujarat,,
UEI-IMD-FL-2023-0266,2023-07-19,2023-07-19,Gujarat,,
UEI-IMD-FL-2023-0449,2023-07-19,2023-07-19,Maharashtra,,
UEI-IMD-FL-2023-0450,2023-07-19,2023-07-19,Maharashtra,,
UEI-IMD-FL-2023-0451,2023-07-19,2023-07-19,Maharashtra,,1.0
UEI-IMD-FL-2023-0452,2023-07-19,2023-07-19,Maharashtra,,
UEI-IMD-FL-2023-0453,2023-07-19,2023-07-19,Maharashtra,,1.0
UEI-IMD-FL-2023-0454,2023-07-19,2023-07-19,Maharashtra,,
UEI-IMD-FL-2023-0455,2023-07-19,2023-07-19,Maharashtra,,
UEI-IMD-FL-2023-0456,2023-07-19,2023-07-19,Maharashtra,,
UEI-IMD-FL-2023-0457,2023-07-19,2023-07-19,Maharashtra,,1.0
UEI-IMD-FL-2023-0458,2023-07-19,2023-07-19,Maharashtra,,1.0
UEI-IMD-FL-2023-0459,2023-07-19,2023-07-19,Maharashtra,,27.0
UEI-IMD-FL-2023-0569,2023-07-19,2023-07-19,Uttar Pradesh,,1.0
UEI-IMD-FL-2023-0570,2023-07-19,2023-07-19,Uttar Pradesh,,1.0
UEI-IMD-FL-2023-0571,2023-07-19,2023-07-19,Uttar Pradesh,,1.0
UEI-IMD-FL-2023-0617,2023-07-19,2023-07-19,Jammu & Kashmir,,8.0
UEI-IMD-FL-2023-0460,2023-07-20,2023-07-20,Maharashtra,,
UEI-IMD-FL-2023-0461,2023-07-20,2023-07-20,Maharashtra,,1.0
UEI-IMD-FL-2023-0462,2023-07-20,2023-07-20,Maharashtra,,1.0
UEI-IMD-FL-2023-0525,2023-07-20,2023-07-20,Rajasthan,,1.0
UEI-IMD-FL-2023-0529,2023-07-20,2023-07-20,Rajasthan,,1.0
UEI-IMD-FL-2023-0267,2023-07-21,2023-07-23,Gujarat,,
UEI-IMD-FL-2023-0268,2023-07-21,2023-07-23,Gujarat,,
UEI-IMD-FL-2023-0269,2023-07-21,2023-07-23,Gujarat,,
UEI-IMD-FL-2023-0270,2023-07-21,2023-07-23,Gujarat,,
UEI-IMD-FL-2023-0271,2023-07-21,2023-07-23,Gujarat,,
UEI-IMD-FL-2023-0272,2023-07-21,2023-07-23,Gujarat,,1.0
UEI-IMD-FL-2023-0463,2023-07-21,2023-07-22,Maharashtra,,1.0
UEI-IMD-FL-2023-0464,2023-07-21,2023-07-22,Maharashtra,,3.0
UEI-IMD-FL-2023-0465,2023-07-21,2023-07-22,Maharashtra,,1.0
UEI-IMD-FL-2023-0466,2023-07-21,2023-07-22,Maharashtra,,
UEI-IMD-FL-2023-0467,2023-07-21,2023-07-22,Maharashtra,,
UEI-IMD-FL-2023-0468,2023-07-21,2023-07-22,Maharashtra,,1.0
UEI-IMD-FL-2023-0469,2023-07-21,2023-07-22,Maharashtra,,1.0
UEI-IMD-FL-2023-0470,2023-07-21,2023-07-22,Maharashtra,,
UEI-IMD-FL-2023-0471,2023-07-21,2023-07-22,Maharashtra,,4.0
UEI-IMD-FL-2023-0597,2023-07-21,2023-07-21,Dadar&Nagar Haveli,,2.0
UEI-IMD-FL-2023-0305,2023-07-22,2023-07-22,Himachal Pradesh,,2.0
UEI-IMD-FL-2023-0306,2023-07-22,2023-07-22,Himachal Pradesh,,3.0
UEI-IMD-FL-2023-0546,2023-07-22,2023-07-29,Telangana,,1.0
UEI-IMD-FL-2023-0547,2023-07-22,2023-07-29,Telangana,,3.0
UEI-IMD-FL-2023-0548,2023-07-22,2023-07-29,Telangana,,2.0
UEI-IMD-FL-2023-0549,2023-07-22,2023-07-29,Telangana,,3.0
UEI-IMD-FL-2023-0550,2023-07-22,2023-07-29,Telangana,,2.0
UEI-IMD-FL-2023-0551,2023-07-22,2023-07-29,Telangana,,2.0
UEI-IMD-FL-2023-0552,2023-07-22,2023-07-29,Telangana,,16.0
UEI-IMD-FL-2023-0553,2023-07-22,2023-07-29,Telangana,,
UEI-IMD-FL-2023-0343,2023-07-23,2023-07-23,Karnataka,,
UEI-IMD-FL-2023-0344,2023-07-23,2023-07-23,Karnataka,,1.0
UEI-IMD-FL-2023-0355,2023-07-23,2023-07-23,Kerala,,1.0
UEI-IMD-FL-2023-0356,2023-07-23,2023-07-23,Kerala,,2.0
UEI-IMD-FL-2023-0472,2023-07-23,2023-07-23,Maharashtra,,
UEI-IMD-FL-2023-0473,2023-07-23,2023-07-23,Maharashtra,,
UEI-IMD-FL-2023-0474,2023-07-23,2023-07-23,Maharashtra,,
UEI-IMD-FL-2023-0475,2023-07-23,2023-07-23,Maharashtra,,
UEI-IMD-FL-2023-0618,2023-07-23,2023-07-23,Jammu & Kashmir,,1.0
UEI-IMD-FL-2023-0526,2023-07-24,2023-07-24,Rajasthan,,1.0
UEI-IMD-FL-2023-0527,2023-07-24,2023-07-24,Rajasthan,,1.0
UEI-IMD-FL-2023-0345,2023-07-25,2023-07-25,Karnataka,,4.0
UEI-IMD-FL-2023-0346,2023-07-25,2023-07-25,Karnataka,,
UEI-IMD-FL-2023-0347,2023-07-25,2023-07-25,Karnataka,,
UEI-IMD-FL-2023-0619,2023-07-25,2023-07-25,Jammu & Kashmir,,2.0
UEI-IMD-FL-2023-0476,2023-07-26,2023-07-26,Maharashtra,,1.0
UEI-IMD-FL-2023-0528,2023-07-26,2023-07-26,Rajasthan,,1.0
UEI-IMD-FL-2023-0256,2023-07-27,2023-07-27,Chhattisgarh,,
UEI-IMD-FL-2023-0477,2023-07-27,2023-07-27,Maharashtra,,
UEI-IMD-FL-2023-0478,2023-07-27,2023-07-27,Maharashtra,,1.0
UEI-IMD-FL-2023-0479,2023-07-27,2023-07-27,Maharashtra,,1.0
UEI-IMD-FL-2023-0480,2023-07-27,2023-07-27,Maharashtra,,2.0
UEI-IMD-FL-2023-0481,2023-07-27,2023-07-27,Maharashtra,,2.0
UEI-IMD-FL-2023-0482,2023-07-27,2023-07-27,Maharashtra,,1.0
UEI-IMD-FL-2023-0483,2023-07-27,2023-07-27,Maharashtra,,2.0
UEI-IMD-FL-2023-0484,2023-07-27,2023-07-27,Maharashtra,,
UEI-IMD-FL-2023-0284,2023-07-28,2023-07-28,Haryana,,
UEI-IMD-FL-2023-0620,2023-07-28,2023-07-28,Jammu & Kashmir,,1.0
UEI-IMD-FL-2023-0405,2023-07-30,2023-07-30,Madhya Pradesh,,3.0
UEI-IMD-FL-2023-0406,2023-07-30,2023-07-30,Madhya Pradesh,,
UEI-IMD-FL-2023-0407,2023-07-30,2023-07-30,Madhya Pradesh,,
UEI-IMD-FL-2023-0408,2023-07-30,2023-07-30,Madhya Pradesh,,
UEI-IMD-FL-2023-0409,2023-07-30,2023-07-30,Madhya Pradesh,,
UEI-IMD-FL-2023-0530,2023-07-30,2023-07-30,Rajasthan,,1.0
UEI-IMD-FL-2023-0531,2023-07-30,2023-07-30,Rajasthan,,1.0
UEI-IMD-FL-2023-0572,2023-08-04,2023-08-04,Uttar Pradesh,,2.0
UEI-IMD-FL-2023-0584,2023-08-04,2023-08-04,Uttarakhand,,10.0
UEI-IMD-FL-2023-0585,2023-08-06,2023-08-06,Uttarakhand,,2.0
UEI-IMD-FL-2023-0156,2023-08-07,2023-08-07,Assam,,
UEI-IMD-FL-2023-0157,2023-08-07,2023-08-07,Assam,,
UEI-IMD-FL-2023-0158,2023-08-07,2023-08-07,Assam,,1.0
UEI-IMD-FL-2023-0159,2023-08-07,2023-08-07,Assam,,
UEI-IMD-FL-2023-0160,2023-08-07,2023-08-07,Assam,,
UEI-IMD-FL-2023-0573,2023-08-07,2023-08-07,Uttar Pradesh,,2.0
UEI-IMD-FL-2023-0586,2023-08-07,2023-08-07,Uttarakhand,,3.0
UEI-IMD-FL-2023-0307,2023-08-09,2023-08-09,Himachal Pradesh,,5.0
UEI-IMD-FL-2023-0587,2023-08-09,2023-08-09,Uttarakhand,,7.0
UEI-IMD-FL-2023-0161,2023-08-10,2023-08-10,Assam,,
UEI-IMD-FL-2023-0162,2023-08-10,2023-08-10,Assam,,
UEI-IMD-FL-2023-0163,2023-08-10,2023-08-10,Assam,,
UEI-IMD-FL-2023-0164,2023-08-10,2023-08-10,Assam,,1.0
UEI-IMD-FL-2023-0165,2023-08-10,2023-08-10,Assam,,
UEI-IMD-FL-2023-0166,2023-08-10,2023-08-10,Assam,,
UEI-IMD-FL-2023-0167,2023-08-10,2023-08-10,Assam,,
UEI-IMD-FL-2023-0588,2023-08-10,2023-08-10,Uttarakhand,,1.0
UEI-IMD-FL-2023-0589,2023-08-10,2023-08-10,Uttarakhand,,5.0
UEI-IMD-FL-2023-0308,2023-08-11,2023-08-11,Himachal Pradesh,,7.0
UEI-IMD-FL-2023-0168,2023-08-12,2023-08-12,Assam,,
UEI-IMD-FL-2023-0169,2023-08-12,2023-08-12,Assam,,
UEI-IMD-FL-2023-0170,2023-08-12,2023-08-12,Assam,,
UEI-IMD-FL-2023-0171,2023-08-12,2023-08-12,Assam,,
UEI-IMD-FL-2023-0172,2023-08-12,2023-08-12,Assam,,
UEI-IMD-FL-2023-0173,2023-08-12,2023-08-12,Assam,,
UEI-IMD-FL-2023-0174,2023-08-12,2023-08-12,Assam,,1.0
UEI-IMD-FL-2023-0175,2023-08-12,2023-08-12,Assam,,
UEI-IMD-FL-2023-0176,2023-08-13,2023-08-13,Assam,,
UEI-IMD-FL-2023-0177,2023-08-13,2023-08-13,Assam,,
UEI-IMD-FL-2023-0178,2023-08-13,2023-08-13,Assam,,
UEI-IMD-FL-2023-0179,2023-08-13,2023-08-13,Assam,,
UEI-IMD-FL-2023-0180,2023-08-13,2023-08-13,Assam,,
UEI-IMD-FL-2023-0181,2023-08-13,2023-08-13,Assam,,
UEI-IMD-FL-2023-0182,2023-08-13,2023-08-13,Assam,,
UEI-IMD-FL-2023-0183,2023-08-13,2023-08-13,Assam,,2.0
UEI-IMD-FL-2023-0309,2023-08-13,2023-08-13,Himachal Pradesh,,1.0
UEI-IMD-FL-2023-0310,2023-08-13,2023-08-13,Himachal Pradesh,,2.0
UEI-IMD-FL-2023-0311,2023-08-13,2023-08-13,Himachal Pradesh,,
UEI-IMD-FL-2023-0312,2023-08-13,2023-08-13,Himachal Pradesh,,
UEI-IMD-FL-2023-0313,2023-08-13,2023-08-13,Himachal Pradesh,,1.0
UEI-IMD-FL-2023-0314,2023-08-13,2023-08-13,Himachal Pradesh,,7.0
UEI-IMD-FL-2023-0315,2023-08-13,2023-08-13,Himachal Pradesh,,3.0
UEI-IMD-FL-2023-0316,2023-08-13,2023-08-13,Himachal Pradesh,,3.0
UEI-IMD-FL-2023-0317,2023-08-13,2023-08-13,Himachal Pradesh,,14.0
UEI-IMD-FL-2023-0321,2023-08-13,2023-08-17,Himachal Pradesh,,
UEI-IMD-FL-2023-0322,2023-08-13,2023-08-17,Himachal Pradesh,,
UEI-IMD-FL-2023-0323,2023-08-13,2023-08-17,Himachal Pradesh,,
UEI-IMD-FL-2023-0324,2023-08-13,2023-08-17,Himachal Pradesh,,
UEI-IMD-FL-2023-0325,2023-08-13,2023-08-17,Himachal Pradesh,,
UEI-IMD-FL-2023-0318,2023-08-14,2023-08-14,Himachal Pradesh,,22.0
UEI-IMD-FL-2023-0319,2023-08-14,2023-08-14,Himachal Pradesh,,2.0
UEI-IMD-FL-2023-0590,2023-08-14,2023-08-14,Uttarakhand,,4.0
UEI-IMD-FL-2023-0591,2023-08-14,2023-08-14,Uttarakhand,,4.0
UEI-IMD-FL-2023-0320,2023-08-15,2023-08-15,Himachal Pradesh,,2.0
UEI-IMD-FL-2023-0592,2023-08-15,2023-08-15,Uttarakhand,,
UEI-IMD-FL-2023-0621,2023-08-18,2023-08-19,Jammu & Kashmir,,8.0
UEI-IMD-FL-2023-0485,2023-08-19,2023-08-19,Maharashtra,,1.0
UEI-IMD-FL-2023-0500,2023-08-20,2023-08-21,Odisha,,2.0
UEI-IMD-FL-2023-0501,2023-08-20,2023-08-21,Odisha,,1.0
UEI-IMD-FL-2023-0502,2023-08-20,2023-08-21,Odisha,,1.0
UEI-IMD-FL-2023-0384,2023-08-21,2023-08-21,Madhya Pradesh,,1.0
UEI-IMD-FL-2023-0385,2023-08-21,2023-08-21,Madhya Pradesh,,1.0
UEI-IMD-FL-2023-0593,2023-08-21,2023-08-21,Uttarakhand,,5.0
UEI-IMD-FL-2023-0326,2023-08-23,2023-08-24,Himachal Pradesh,,
UEI-IMD-FL-2023-0327,2023-08-23,2023-08-24,Himachal Pradesh,,
UEI-IMD-FL-2023-0328,2023-08-23,2023-08-24,Himachal Pradesh,,
UEI-IMD-FL-2023-0329,2023-08-23,2023-08-24,Himachal Pradesh,,
UEI-IMD-FL-2023-0330,2023-08-23,2023-08-24,Himachal Pradesh,,
UEI-IMD-FL-2023-0331,2023-08-23,2023-08-24,Himachal Pradesh,,
UEI-IMD-FL-2023-0332,2023-08-23,2023-08-24,Himachal Pradesh,,
UEI-IMD-FL-2023-0333,2023-08-23,2023-08-24,Himachal Pradesh,,
UEI-IMD-FL-2023-0334,2023-08-23,2023-08-23,Himachal Pradesh,,5.0
UEI-IMD-FL-2023-0335,2023-08-23,2023-08-23,Himachal Pradesh,,2.0
UEI-IMD-FL-2023-0594,2023-08-23,2023-08-23,Uttarakhand,,1.0
UEI-IMD-FL-2023-0635,2023-08-25,2023-08-25,Sikkim,,1.0
UEI-IMD-FL-2023-0636,2023-08-25,2023-08-25,West Bengal,,1.0
UEI-IMD-FL-2023-0633,2023-08-26,2023-08-26,Uttarakhand,,2.0
UEI-IMD-FL-2023-0184,2023-08-27,2023-08-27,Assam,,
UEI-IMD-FL-2023-0185,2023-08-27,2023-08-27,Assam,,
UEI-IMD-FL-2023-0186,2023-08-27,2023-08-27,Assam,,
UEI-IMD-FL-2023-0187,2023-08-27,2023-08-27,Assam,,
UEI-IMD-FL-2023-0188,2023-08-27,2023-08-27,Assam,,
UEI-IMD-FL-2023-0189,2023-08-27,2023-08-27,Assam,,
UEI-IMD-FL-2023-0190,2023-08-27,2023-08-27,Assam,,
UEI-IMD-FL-2023-0191,2023-08-27,2023-08-27,Assam,,
UEI-IMD-FL-2023-0192,2023-08-27,2023-08-27,Assam,,
UEI-IMD-FL-2023-0193,2023-08-27,2023-08-27,Assam,,
UEI-IMD-FL-2023-0194,2023-08-27,2023-08-27,Assam,,
UEI-IMD-FL-2023-0195,2023-08-27,2023-08-27,Assam,,
UEI-IMD-FL-2023-0196,2023-08-27,2023-08-27,Assam,,
UEI-IMD-FL-2023-0197,2023-08-27,2023-08-27,Assam,,1.0
UEI-IMD-FL-2023-0198,2023-08-27,2023-08-27,Assam,,
UEI-IMD-FL-2023-0199,2023-08-27,2023-08-27,Assam,,
UEI-IMD-FL-2023-0200,2023-08-27,2023-08-27,Assam,,
UEI-IMD-FL-2023-0201,2023-08-30,2023-08-30,Assam,,
UEI-IMD-FL-2023-0202,2023-08-30,2023-08-30,Assam,,
UEI-IMD-FL-2023-0203,2023-08-30,2023-08-30,Assam,,
UEI-IMD-FL-2023-0204,2023-08-30,2023-08-30,Assam,,
UEI-IMD-FL-2023-0205,2023-08-30,2023-08-30,Assam,,
UEI-IMD-FL-2023-0206,2023-08-30,2023-08-30,Assam,,
UEI-IMD-FL-2023-0207,2023-08-30,2023-08-30,Assam,,
UEI-IMD-FL-2023-0208,2023-08-30,2023-08-30,Assam,,
UEI-IMD-FL-2023-0209,2023-08-30,2023-08-30,Assam,,
UEI-IMD-FL-2023-0210,2023-08-30,2023-08-30,Assam,,1.0
UEI-IMD-FL-2023-0211,2023-08-30,2023-08-30,Assam,,
UEI-IMD-FL-2023-0212,2023-08-30,2023-08-30,Assam,,
UEI-IMD-FL-2023-0213,2023-08-30,2023-08-30,Assam,,
UEI-IMD-FL-2023-0214,2023-08-30,2023-08-30,Assam,,
UEI-IMD-FL-2023-0215,2023-08-30,2023-08-30,Assam,,
UEI-IMD-FL-2023-0216,2023-08-30,2023-08-30,Assam,,
UEI-IMD-FL-2023-0217,2023-08-30,2023-08-30,Assam,,
UEI-IMD-FL-2023-0218,2023-08-30,2023-08-30,Assam,,
UEI-IMD-FL-2023-0219,2023-08-30,2023-08-30,Assam,,
UEI-IMD-FL-2023-0220,2023-09-01,2023-09-01,Assam,,
UEI-IMD-FL-2023-0221,2023-09-01,2023-09-01,Assam,,
UEI-IMD-FL-2023-0222,2023-09-01,2023-09-01,Assam,,
UEI-IMD-FL-2023-0223,2023-09-01,2023-09-01,Assam,,1.0
UEI-IMD-FL-2023-0224,2023-09-01,2023-09-01,Assam,,
UEI-IMD-FL-2023-0225,2023-09-01,2023-09-01,Assam,,
UEI-IMD-FL-2023-0226,2023-09-01,2023-09-01,Assam,,
UEI-IMD-FL-2023-0227,2023-09-01,2023-09-01,Assam,,
UEI-IMD-FL-2023-0228,2023-09-01,2023-09-01,Assam,,
UEI-IMD-FL-2023-0229,2023-09-01,2023-09-01,Assam,,
UEI-IMD-FL-2023-0230,2023-09-01,2023-09-01,Assam,,
UEI-IMD-FL-2023-0231,2023-09-01,2023-09-01,Assam,,
UEI-IMD-FL-2023-0232,2023-09-01,2023-09-01,Assam,,
UEI-IMD-FL-2023-0233,2023-09-01,2023-09-01,Assam,,
UEI-IMD-FL-2023-0234,2023-09-01,2023-09-01,Assam,,
UEI-IMD-FL-2023-0235,2023-09-01,2023-09-01,Assam,,
UEI-IMD-FL-2023-0236,2023-09-01,2023-09-01,Assam,,
UEI-IMD-FL-2023-0237,2023-09-01,2023-09-01,Assam,,
UEI-IMD-FL-2023-0238,2023-09-02,2023-09-02,Assam,,
UEI-IMD-FL-2023-0239,2023-09-02,2023-09-02,Assam,,
UEI-IMD-FL-2023-0240,2023-09-02,2023-09-02,Assam,,
UEI-IMD-FL-2023-0241,2023-09-02,2023-09-02,Assam,,
UEI-IMD-FL-2023-0242,2023-09-02,2023-09-02,Assam,,
UEI-IMD-FL-2023-0243,2023-09-02,2023-09-02,Assam,,
UEI-IMD-FL-2023-0244,2023-09-02,2023-09-02,Assam,,
UEI-IMD-FL-2023-0245,2023-09-02,2023-09-02,Assam,,
UEI-IMD-FL-2023-0246,2023-09-02,2023-09-02,Assam,,
UEI-IMD-FL-2023-0247,2023-09-02,2023-09-02,Assam,,
UEI-IMD-FL-2023-0248,2023-09-02,2023-09-02,Assam,,
UEI-IMD-FL-2023-0249,2023-09-02,2023-09-02,Assam,,
UEI-IMD-FL-2023-0532,2023-09-07,2023-09-07,Rajasthan,,3.0
UEI-IMD-FL-2023-0533,2023-09-07,2023-09-07,Rajasthan,,1.0
UEI-IMD-FL-2023-0534,2023-09-07,2023-09-07,Rajasthan,,2.0
UEI-IMD-FL-2023-0535,2023-09-07,2023-09-07,Rajasthan,,2.0
UEI-IMD-FL-2023-0536,2023-09-07,2023-09-07,Rajasthan,,1.0
UEI-IMD-FL-2023-0630,2023-09-08,2023-09-08,Gujarat,,2.0
UEI-IMD-FL-2023-0631,2023-09-09,2023-09-09,Maharashtra,,1.0
UEI-IMD-FL-2023-0632,2023-09-10,2023-09-10,Mizoram,,1.0
UEI-IMD-FL-2023-0637,2023-09-10,2023-09-11,Uttar Pradesh,,
UEI-IMD-FL-2023-0638,2023-09-10,2023-09-11,Uttar Pradesh,,
UEI-IMD-FL-2023-0639,2023-09-10,2023-09-11,Uttar Pradesh,,
UEI-IMD-FL-2023-0640,2023-09-10,2023-09-11,Uttar Pradesh,,1.0
UEI-IMD-FL-2023-0641,2023-09-10,2023-09-11,Uttar Pradesh,,1.0
UEI-IMD-FL-2023-0642,2023-09-10,2023-09-11,Uttar Pradesh,,
UEI-IMD-FL-2023-0643,2023-09-10,2023-09-11,Uttar Pradesh,,
UEI-IMD-FL-2023-0644,2023-09-10,2023-09-11,Uttar Pradesh,,2.0
UEI-IMD-FL-2023-0645,2023-09-10,2023-09-11,Uttar Pradesh,,
UEI-IMD-FL-2023-0646,2023-09-10,2023-09-11,Uttar Pradesh,,1.0
UEI-IMD-FL-2023-0647,2023-09-10,2023-09-11,Uttar Pradesh,,
UEI-IMD-FL-2023-0648,2023-09-10,2023-09-11,Uttar Pradesh,,
UEI-IMD-FL-2023-0649,2023-09-10,2023-09-11,Uttar Pradesh,,
UEI-IMD-FL-2023-0650,2023-09-10,2023-09-11,Uttar Pradesh,,
UEI-IMD-FL-2023-0651,2023-09-10,2023-09-11,Uttar Pradesh,,
UEI-IMD-FL-2023-0652,2023-09-10,2023-09-11,Uttar Pradesh,,
UEI-IMD-FL-2023-0653,2023-09-10,2023-09-11,Uttar Pradesh,,
UEI-IMD-FL-2023-0634,2023-09-12,2023-09-12,Jammu & Kashmir,,4.0
UEI-IMD-FL-2023-0537,2023-10-07,2023-10-07,Rajasthan,,1.0
