uei,district,start,end,year,month,duration_days,deaths
UEI-IMD-FL-1968-0003,Kasaragod,1968-01-07,1968-07-30,1968,1,30.0,
UEI-IMD-FL-1968-0003,Kannur,1968-01-07,1968-07-30,1968,1,30.0,
UEI-IMD-FL-1968-0003,Wayanad,1968-01-07,1968-07-30,1968,1,30.0,
UEI-IMD-FL-1968-0003,Kozhikode,1968-01-07,1968-07-30,1968,1,30.0,
UEI-IMD-FL-1968-0003,Malappuram,1968-01-07,1968-07-30,1968,1,30.0,
UEI-IMD-FL-1968-0003,Palakkad,1968-01-07,1968-07-30,1968,1,30.0,
UEI-IMD-FL-1968-0003,Thrissur,1968-01-07,1968-07-30,1968,1,30.0,
UEI-IMD-FL-1968-0003,Ernakulam,1968-01-07,1968-07-30,1968,1,30.0,
UEI-IMD-FL-1968-0003,Idukki,1968-01-07,1968-07-30,1968,1,30.0,
UEI-IMD-FL-1968-0003,Kottayam,1968-01-07,1968-07-30,1968,1,30.0,
UEI-IMD-FL-1968-0003,Alappuzha,1968-01-07,1968-07-30,1968,1,30.0,
UEI-IMD-FL-1968-0003,Pathanamthitta,1968-01-07,1968-07-30,1968,1,30.0,
UEI-IMD-FL-1968-0003,Kollam,1968-01-07,1968-07-30,1968,1,30.0,
UEI-IMD-FL-1968-0003,Thiruvananthapuram,1968-01-07,1968-07-30,1968,1,30.0,
UEI-IMD-FL-1969-0002,Kasaragod,1969-07-15,1969-07-22,1969,7,8.0,
UEI-IMD-FL-1969-0002,Kannur,1969-07-15,1969-07-22,1969,7,8.0,
UEI-IMD-FL-1969-0002,Wayanad,1969-07-15,1969-07-22,1969,7,8.0,
UEI-IMD-FL-1969-0002,Kozhikode,1969-07-15,1969-07-22,1969,7,8.0,
UEI-IMD-FL-1969-0002,Malappuram,1969-07-15,1969-07-22,1969,7,8.0,
UEI-IMD-FL-1969-0002,Palakkad,1969-07-15,1969-07-22,1969,7,8.0,
UEI-IMD-FL-1969-0002,Thrissur,1969-07-15,1969-07-22,1969,7,8.0,
UEI-IMD-FL-1969-0002,Ernakulam,1969-07-15,1969-07-22,1969,7,8.0,
UEI-IMD-FL-1969-0002,Idukki,1969-07-15,1969-07-22,1969,7,8.0,
UEI-IMD-FL-1969-0002,Kottayam,1969-07-15,1969-07-22,1969,7,8.0,
UEI-IMD-FL-1969-0002,Alappuzha,1969-07-15,1969-07-22,1969,7,8.0,
UEI-IMD-FL-1969-0002,Pathanamthitta,1969-07-15,1969-07-22,1969,7,8.0,
UEI-IMD-FL-1969-0002,Kollam,1969-07-15,1969-07-22,1969,7,8.0,
UEI-IMD-FL-1969-0002,Thiruvananthapuram,1969-07-15,1969-07-22,1969,7,8.0,
UEI-IMD-FL-1971-0002,Thrissur,1971-05-08,1971-05-14,1971,5,7.0,
UEI-IMD-FL-1974-0005,Kasaragod,1974-07-22,1974-07-28,1974,7,7.0,
UEI-IMD-FL-1974-0005,Kannur,1974-07-22,1974-07-28,1974,7,7.0,
UEI-IMD-FL-1974-0005,Wayanad,1974-07-22,1974-07-28,1974,7,7.0,
UEI-IMD-FL-1974-0005,Kozhikode,1974-07-22,1974-07-28,1974,7,7.0,
UEI-IMD-FL-1974-0005,Malappuram,1974-07-22,1974-07-28,1974,7,7.0,
UEI-IMD-FL-1974-0005,Palakkad,1974-07-22,1974-07-28,1974,7,7.0,
UEI-IMD-FL-1974-0005,Thrissur,1974-07-22,1974-07-28,1974,7,7.0,
UEI-IMD-FL-1974-0005,Ernakulam,1974-07-22,1974-07-28,1974,7,7.0,
UEI-IMD-FL-1974-0005,Idukki,1974-07-22,1974-07-28,1974,7,7.0,
UEI-IMD-FL-1974-0005,Kottayam,1974-07-22,1974-07-28,1974,7,7.0,
UEI-IMD-FL-1974-0005,Alappuzha,1974-07-22,1974-07-28,1974,7,7.0,
UEI-IMD-FL-1974-0005,Pathanamthitta,1974-07-22,1974-07-28,1974,7,7.0,
UEI-IMD-FL-1975-0025,Kasaragod,1975-06-15,1975-06-30,1975,6,16.0,
UEI-IMD-FL-1975-0025,Kannur,1975-06-15,1975-06-30,1975,6,16.0,
UEI-IMD-FL-1975-0025,Wayanad,1975-06-15,1975-06-30,1975,6,16.0,
UEI-IMD-FL-1975-0025,Kozhikode,1975-06-15,1975-06-30,1975,6,16.0,
UEI-IMD-FL-1975-0025,Malappuram,1975-06-15,1975-06-30,1975,6,16.0,
UEI-IMD-FL-1975-0025,Palakkad,1975-06-15,1975-06-30,1975,6,16.0,
UEI-IMD-FL-1975-0025,Thrissur,1975-06-15,1975-06-30,1975,6,16.0,
UEI-IMD-FL-1975-0025,Ernakulam,1975-06-15,1975-06-30,1975,6,16.0,
UEI-IMD-FL-1975-0025,Idukki,1975-06-15,1975-06-30,1975,6,16.0,
UEI-IMD-FL-1975-0025,Kottayam,1975-06-15,1975-06-30,1975,6,16.0,
UEI-IMD-FL-1975-0025,Alappuzha,1975-06-15,1975-06-30,1975,6,16.0,
UEI-IMD-FL-1975-0025,Pathanamthitta,1975-06-15,1975-06-30,1975,6,16.0,
UEI-IMD-FL-1975-0025,Kollam,1975-06-15,1975-06-30,1975,6,16.0,
UEI-IMD-FL-1975-0025,Thiruvananthapuram,1975-06-15,1975-06-30,1975,6,16.0,
UEI-IMD-FL-1975-0026,Thrissur,1975-11-01,1975-11-07,1975,11,7.0,4.0
UEI-IMD-FL-1975-0026,Kottayam,1975-11-01,1975-11-07,1975,11,7.0,4.0
UEI-IMD-FL-1975-0026,Alappuzha,1975-11-01,1975-11-07,1975,11,7.0,4.0
UEI-IMD-FL-1975-0026,Kollam,1975-11-01,1975-11-07,1975,11,7.0,4.0
UEI-IMD-FL-1975-0026,Thiruvananthapuram,1975-11-01,1975-11-07,1975,11,7.0,4.0
UEI-IMD-FL-1976-0026,Kozhikode,1976-07-22,1976-07-28,1976,7,7.0,20.0
UEI-IMD-FL-1976-0026,Thrissur,1976-07-22,1976-07-28,1976,7,7.0,20.0
UEI-IMD-FL-1976-0026,Ernakulam,1976-07-22,1976-07-28,1976,7,7.0,20.0
UEI-IMD-FL-1976-0026,Kottayam,1976-07-22,1976-07-28,1976,7,7.0,20.0
UEI-IMD-FL-1976-0026,Thiruvananthapuram,1976-07-22,1976-07-28,1976,7,7.0,20.0
UEI-IMD-FL-1978-0032,Kannur,1978-01-11,1978-07-11,1978,1,7.0,44.0
UEI-IMD-FL-1978-0032,Malappuram,1978-01-11,1978-07-11,1978,1,7.0,44.0
UEI-IMD-FL-1978-0032,Thrissur,1978-01-11,1978-07-11,1978,1,7.0,44.0
UEI-IMD-FL-1978-0032,Alappuzha,1978-01-11,1978-07-11,1978,1,7.0,44.0
UEI-IMD-FL-1978-0032,Kollam,1978-01-11,1978-07-11,1978,1,7.0,44.0
UEI-IMD-FL-1978-0032,Thiruvananthapuram,1978-01-11,1978-07-11,1978,1,7.0,44.0
UEI-IMD-FL-1979-0021,Alappuzha,1979-06-10,1979-06-19,1979,6,10.0,
UEI-IMD-FL-1979-0022,Ernakulam,1979-06-14,1979-06-14,1979,6,1.0,
UEI-IMD-FL-1979-0023,Kannur,1979-07-02,1979-07-02,1979,7,1.0,4.0
UEI-IMD-FL-1979-0024,Kozhikode,1979-07-29,1979-07-31,1979,7,3.0,
UEI-IMD-FL-1979-0025,Kannur,1979-08-01,1979-08-03,1979,8,3.0,3.0
UEI-IMD-FL-1979-0025,Kozhikode,1979-08-01,1979-08-03,1979,8,3.0,3.0
UEI-IMD-FL-1979-0026,Kannur,1979-08-06,1979-08-07,1979,8,2.0,
UEI-IMD-FL-1979-0027,Palakkad,1979-11-15,1979-11-19,1979,11,5.0,
UEI-IMD-FL-1980-0021,Kannur,1980-06-15,1980-06-21,1980,6,7.0,3.0
UEI-IMD-FL-1980-0021,Kozhikode,1980-06-15,1980-06-21,1980,6,7.0,3.0
UEI-IMD-FL-1980-0021,Malappuram,1980-06-15,1980-06-21,1980,6,7.0,3.0
UEI-IMD-FL-1980-0021,Kollam,1980-06-15,1980-06-21,1980,6,7.0,3.0
UEI-IMD-FL-1980-0021,Thiruvananthapuram,1980-06-15,1980-06-21,1980,6,7.0,3.0
UEI-IMD-FL-1980-0022,Palakkad,1980-06-22,1980-06-28,1980,6,7.0,
UEI-IMD-FL-1980-0023,Kannur,1980-07-01,1980-07-14,1980,7,14.0,8.0
UEI-IMD-FL-1980-0023,Kozhikode,1980-07-01,1980-07-14,1980,7,14.0,8.0
UEI-IMD-FL-1980-0023,Malappuram,1980-07-01,1980-07-14,1980,7,14.0,8.0
UEI-IMD-FL-1980-0023,Palakkad,1980-07-01,1980-07-14,1980,7,14.0,8.0
UEI-IMD-FL-1980-0023,Thrissur,1980-07-01,1980-07-14,1980,7,14.0,8.0
UEI-IMD-FL-1980-0023,Kottayam,1980-07-01,1980-07-14,1980,7,14.0,8.0
UEI-IMD-FL-1980-0023,Alappuzha,1980-07-01,1980-07-14,1980,7,14.0,8.0
UEI-IMD-FL-1980-0024,Kozhikode,1980-08-22,1980-08-28,1980,8,7.0,2.0
UEI-IMD-FL-1980-0024,Thrissur,1980-08-22,1980-08-28,1980,8,7.0,2.0
UEI-IMD-FL-1980-0024,Alappuzha,1980-08-22,1980-08-28,1980,8,7.0,2.0
UEI-IMD-FL-1980-0024,Kollam,1980-08-22,1980-08-28,1980,8,7.0,2.0
UEI-IMD-FL-1980-0024,Thiruvananthapuram,1980-08-22,1980-08-28,1980,8,7.0,2.0
UEI-IMD-FL-1980-0025,Kottayam,1980-09-22,1980-09-28,1980,9,7.0,
UEI-IMD-FL-1980-0026,Kozhikode,1980-10-01,1980-10-07,1980,10,7.0,
UEI-IMD-FL-1981-0031,Kannur,1981-01-06,1981-06-07,1981,1,7.0,39.0
UEI-IMD-FL-1981-0031,Kozhikode,1981-01-06,1981-06-07,1981,1,7.0,39.0
UEI-IMD-FL-1981-0031,Malappuram,1981-01-06,1981-06-07,1981,1,7.0,39.0
UEI-IMD-FL-1981-0031,Thrissur,1981-01-06,1981-06-07,1981,1,7.0,39.0
UEI-IMD-FL-1981-0031,Ernakulam,1981-01-06,1981-06-07,1981,1,7.0,39.0
UEI-IMD-FL-1981-0031,Kottayam,1981-01-06,1981-06-07,1981,1,7.0,39.0
UEI-IMD-FL-1981-0031,Alappuzha,1981-01-06,1981-06-07,1981,1,7.0,39.0
UEI-IMD-FL-1981-0031,Kollam,1981-01-06,1981-06-07,1981,1,7.0,39.0
UEI-IMD-FL-1981-0032,Kozhikode,1981-06-08,1981-06-08,1981,6,1.0,
UEI-IMD-FL-1981-0032,Malappuram,1981-06-08,1981-06-08,1981,6,1.0,
UEI-IMD-FL-1981-0032,Thrissur,1981-06-08,1981-06-08,1981,6,1.0,
UEI-IMD-FL-1981-0032,Kollam,1981-06-08,1981-06-08,1981,6,1.0,
UEI-IMD-FL-1981-0033,Alappuzha,1981-06-14,1981-06-14,1981,6,1.0,2.0
UEI-IMD-FL-1981-0034,Idukki,1981-07-27,1981-07-27,1981,7,1.0,
UEI-IMD-FL-1981-0035,Kozhikode,1981-08-17,1981-08-17,1981,8,1.0,1.0
UEI-IMD-FL-1981-0036,Alappuzha,1981-09-15,1981-09-28,1981,9,14.0,
UEI-IMD-FL-1982-0021,Kannur,1982-07-30,1982-08-04,1982,7,6.0,
UEI-IMD-FL-1982-0022,Kozhikode,1982-08-01,1982-08-03,1982,8,3.0,
UEI-IMD-FL-1983-0046,Malappuram,1983-07-23,1983-07-23,1983,7,1.0,3.0
UEI-IMD-FL-1983-0047,Ernakulam,1983-08-10,1983-08-17,1983,8,8.0,
UEI-IMD-FL-1983-0048,Palakkad,1983-11-02,1983-11-02,1983,11,1.0,
UEI-IMD-FL-1984-0035,Malappuram,1984-04-23,1984-04-23,1984,4,1.0,3.0
UEI-IMD-FL-1984-0036,Wayanad,1984-06-15,1984-06-15,1984,6,1.0,8.0
UEI-IMD-FL-1984-0036,Kottayam,1984-06-15,1984-06-15,1984,6,1.0,8.0
UEI-IMD-FL-1984-0037,Kozhikode,1984-06-16,1984-06-16,1984,6,1.0,4.0
UEI-IMD-FL-1984-0037,Palakkad,1984-06-16,1984-06-16,1984,6,1.0,4.0
UEI-IMD-FL-1984-0038,Kannur,1984-06-17,1984-06-17,1984,6,1.0,6.0
UEI-IMD-FL-1984-0038,Malappuram,1984-06-17,1984-06-17,1984,6,1.0,6.0
UEI-IMD-FL-1984-0038,Alappuzha,1984-06-17,1984-06-17,1984,6,1.0,6.0
UEI-IMD-FL-1984-0039,Ernakulam,1984-06-17,1984-06-28,1984,6,12.0,17.0
UEI-IMD-FL-1984-0040,Alappuzha,1984-06-18,1984-06-18,1984,6,1.0,
UEI-IMD-FL-1984-0041,Wayanad,1984-07-01,1984-07-03,1984,7,3.0,16.0
UEI-IMD-FL-1984-0042,Alappuzha,1984-10-05,1984-10-05,1984,10,1.0,2.0
UEI-IMD-FL-1984-0043,Kozhikode,1984-10-06,1984-10-08,1984,10,3.0,17.0
UEI-IMD-FL-1985-0029,Kozhikode,1985-06-15,1985-06-15,1985,6,1.0,2.0
UEI-IMD-FL-1985-0030,Idukki,1985-06-24,1985-06-28,1985,6,5.0,28.0
UEI-IMD-FL-1985-0031,Kannur,1985-06-25,1985-06-29,1985,6,5.0,16.0
UEI-IMD-FL-1985-0031,Kozhikode,1985-06-25,1985-06-29,1985,6,5.0,16.0
UEI-IMD-FL-1985-0031,Palakkad,1985-06-25,1985-06-29,1985,6,5.0,16.0
UEI-IMD-FL-1985-0031,Thrissur,1985-06-25,1985-06-29,1985,6,5.0,16.0
UEI-IMD-FL-1985-0031,Kottayam,1985-06-25,1985-06-29,1985,6,5.0,16.0
UEI-IMD-FL-1985-0031,Alappuzha,1985-06-25,1985-06-29,1985,6,5.0,16.0
UEI-IMD-FL-1985-0032,Thiruvananthapuram,1985-07-14,1985-07-14,1985,7,1.0,
UEI-IMD-FL-1986-0039,Kozhikode,1986-04-05,1986-04-05,1986,4,1.0,
UEI-IMD-FL-1986-0039,Thiruvananthapuram,1986-04-05,1986-04-05,1986,4,1.0,
UEI-IMD-FL-1986-0040,Thiruvananthapuram,1986-12-03,1986-12-03,1986,12,1.0,3.0
UEI-IMD-FL-1986-0041,Thiruvananthapuram,1986-06-18,1986-06-18,1986,6,1.0,1.0
UEI-IMD-FL-1986-0042,Kollam,1986-06-24,1986-06-24,1986,6,1.0,3.0
UEI-IMD-FL-1986-0043,Kannur,1986-01-08,1986-08-14,1986,1,14.0,28.0
UEI-IMD-FL-1986-0043,Ernakulam,1986-01-08,1986-08-14,1986,1,14.0,28.0
UEI-IMD-FL-1986-0043,Idukki,1986-01-08,1986-08-14,1986,1,14.0,28.0
UEI-IMD-FL-1986-0043,Kottayam,1986-01-08,1986-08-14,1986,1,14.0,28.0
UEI-IMD-FL-1986-0043,Alappuzha,1986-01-08,1986-08-14,1986,1,14.0,28.0
UEI-IMD-FL-1986-0043,Kollam,1986-01-08,1986-08-14,1986,1,14.0,28.0
UEI-IMD-FL-1987-0021,Ernakulam,1987-06-18,1987-06-18,1987,6,1.0,3.0
UEI-IMD-FL-1987-0022,Idukki,1987-10-13,1987-10-13,1987,10,1.0,
UEI-IMD-FL-1987-0023,Kozhikode,1987-11-09,1987-11-09,1987,11,1.0,2.0
UEI-IMD-FL-1987-0024,Thrissur,1987-12-01,1987-12-01,1987,12,1.0,
UEI-IMD-FL-1987-0025,Thiruvananthapuram,1987-12-05,1987-12-05,1987,12,1.0,
UEI-IMD-FL-1987-0026,Kozhikode,1987-12-17,1987-12-17,1987,12,1.0,
UEI-IMD-FL-1988-0045,Ernakulam,1988-04-17,1988-04-17,1988,4,1.0,
UEI-IMD-FL-1988-0046,Malappuram,1988-05-06,1988-05-06,1988,5,1.0,
UEI-IMD-FL-1988-0047,Idukki,1988-07-18,1988-07-18,1988,7,1.0,
UEI-IMD-FL-1988-0048,Idukki,1988-07-21,1988-07-21,1988,7,1.0,
UEI-IMD-FL-1988-0049,Kannur,1988-07-23,1988-07-23,1988,7,1.0,
UEI-IMD-FL-1988-0050,Malappuram,1988-08-25,1988-08-25,1988,8,1.0,6.0
UEI-IMD-FL-1988-0051,Idukki,1988-09-15,1988-09-15,1988,9,1.0,
UEI-IMD-FL-1988-0052,Kollam,1988-09-22,1988-09-22,1988,9,1.0,
UEI-IMD-FL-1989-0027,Thrissur,1989-06-08,1989-06-14,1989,6,7.0,
UEI-IMD-FL-1989-0027,Alappuzha,1989-06-08,1989-06-14,1989,6,7.0,
UEI-IMD-FL-1989-0028,Kasaragod,1989-06-09,1989-06-09,1989,6,1.0,
UEI-IMD-FL-1989-0029,Kasaragod,1989-06-11,1989-06-11,1989,6,1.0,
UEI-IMD-FL-1989-0030,Idukki,1989-06-11,1989-06-12,1989,6,2.0,1.0
UEI-IMD-FL-1989-0030,Kottayam,1989-06-11,1989-06-12,1989,6,2.0,1.0
UEI-IMD-FL-1989-0031,Idukki,1989-07-16,1989-07-16,1989,7,1.0,
UEI-IMD-FL-1989-0032,Pathanamthitta,1989-07-18,1989-07-18,1989,7,1.0,
UEI-IMD-FL-1989-0033,Thiruvananthapuram,1989-07-21,1989-07-21,1989,7,1.0,
UEI-IMD-FL-1989-0034,Kozhikode,1989-07-21,1989-07-22,1989,7,2.0,17.0
UEI-IMD-FL-1989-0034,Malappuram,1989-07-21,1989-07-22,1989,7,2.0,17.0
UEI-IMD-FL-1989-0034,Palakkad,1989-07-21,1989-07-22,1989,7,2.0,17.0
UEI-IMD-FL-1989-0034,Ernakulam,1989-07-21,1989-07-22,1989,7,2.0,17.0
UEI-IMD-FL-1989-0034,Idukki,1989-07-21,1989-07-22,1989,7,2.0,17.0
UEI-IMD-FL-1989-0034,Alappuzha,1989-07-21,1989-07-22,1989,7,2.0,17.0
UEI-IMD-FL-1990-0030,Kozhikode,1990-05-26,1990-05-26,1990,5,1.0,
UEI-IMD-FL-1990-0031,Kannur,1990-07-03,1990-07-03,1990,7,1.0,
UEI-IMD-FL-1990-0031,Kozhikode,1990-07-03,1990-07-03,1990,7,1.0,
UEI-IMD-FL-1990-0032,Thiruvananthapuram,1990-11-03,1990-11-03,1990,11,1.0,
UEI-IMD-FL-1991-0041,Kollam,1991-03-09,1991-03-09,1991,3,1.0,
UEI-IMD-FL-1991-0042,Kozhikode,1991-05-21,1991-05-21,1991,5,1.0,
UEI-IMD-FL-1991-0043,Ernakulam,1991-06-03,1991-06-03,1991,6,1.0,
UEI-IMD-FL-1991-0044,Kasaragod,1991-06-06,1991-06-06,1991,6,1.0,22.0
UEI-IMD-FL-1991-0044,Wayanad,1991-06-06,1991-06-06,1991,6,1.0,22.0
UEI-IMD-FL-1991-0044,Kozhikode,1991-06-06,1991-06-06,1991,6,1.0,22.0
UEI-IMD-FL-1991-0044,Palakkad,1991-06-06,1991-06-06,1991,6,1.0,22.0
UEI-IMD-FL-1991-0044,Idukki,1991-06-06,1991-06-06,1991,6,1.0,22.0
UEI-IMD-FL-1991-0044,Kottayam,1991-06-06,1991-06-06,1991,6,1.0,22.0
UEI-IMD-FL-1991-0044,Alappuzha,1991-06-06,1991-06-06,1991,6,1.0,22.0
UEI-IMD-FL-1991-0044,Pathanamthitta,1991-06-06,1991-06-06,1991,6,1.0,22.0
UEI-IMD-FL-1991-0044,Kollam,1991-06-06,1991-06-06,1991,6,1.0,22.0
UEI-IMD-FL-1991-0044,Thiruvananthapuram,1991-06-06,1991-06-06,1991,6,1.0,22.0
UEI-IMD-FL-1991-0045,Kozhikode,1991-06-09,1991-06-09,1991,6,1.0,8.0
UEI-IMD-FL-1991-0045,Alappuzha,1991-06-09,1991-06-09,1991,6,1.0,8.0
UEI-IMD-FL-1991-0046,Ernakulam,1991-06-19,1991-06-19,1991,6,1.0,
UEI-IMD-FL-1991-0046,Thiruvananthapuram,1991-06-19,1991-06-19,1991,6,1.0,
UEI-IMD-FL-1991-0047,Kannur,1991-07-07,1991-07-07,1991,7,1.0,
UEI-IMD-FL-1991-0047,Palakkad,1991-07-07,1991-07-07,1991,7,1.0,
UEI-IMD-FL-1991-0047,Kollam,1991-07-07,1991-07-07,1991,7,1.0,
UEI-IMD-FL-1991-0047,Thiruvananthapuram,1991-07-07,1991-07-07,1991,7,1.0,
UEI-IMD-FL-1992-0025,Ernakulam,1992-05-18,1992-05-19,1992,5,2.0,5.0
UEI-IMD-FL-1992-0025,Alappuzha,1992-05-18,1992-05-19,1992,5,2.0,5.0
UEI-IMD-FL-1992-0026,Kasaragod,1992-06-08,1992-06-09,1992,6,2.0,7.0
UEI-IMD-FL-1992-0026,Kannur,1992-06-08,1992-06-09,1992,6,2.0,7.0
UEI-IMD-FL-1992-0026,Wayanad,1992-06-08,1992-06-09,1992,6,2.0,7.0
UEI-IMD-FL-1992-0026,Kozhikode,1992-06-08,1992-06-09,1992,6,2.0,7.0
UEI-IMD-FL-1992-0026,Malappuram,1992-06-08,1992-06-09,1992,6,2.0,7.0
UEI-IMD-FL-1992-0026,Palakkad,1992-06-08,1992-06-09,1992,6,2.0,7.0
UEI-IMD-FL-1992-0026,Thrissur,1992-06-08,1992-06-09,1992,6,2.0,7.0
UEI-IMD-FL-1992-0026,Ernakulam,1992-06-08,1992-06-09,1992,6,2.0,7.0
UEI-IMD-FL-1992-0026,Idukki,1992-06-08,1992-06-09,1992,6,2.0,7.0
UEI-IMD-FL-1992-0026,Kottayam,1992-06-08,1992-06-09,1992,6,2.0,7.0
UEI-IMD-FL-1992-0026,Alappuzha,1992-06-08,1992-06-09,1992,6,2.0,7.0
UEI-IMD-FL-1992-0026,Pathanamthitta,1992-06-08,1992-06-09,1992,6,2.0,7.0
UEI-IMD-FL-1992-0026,Kollam,1992-06-08,1992-06-09,1992,6,2.0,7.0
UEI-IMD-FL-1992-0026,Thiruvananthapuram,1992-06-08,1992-06-09,1992,6,2.0,7.0
UEI-IMD-FL-1992-0027,Kasaragod,1992-07-02,1992-07-02,1992,7,1.0,55.0
UEI-IMD-FL-1992-0027,Kannur,1992-07-02,1992-07-02,1992,7,1.0,55.0
UEI-IMD-FL-1992-0027,Wayanad,1992-07-02,1992-07-02,1992,7,1.0,55.0
UEI-IMD-FL-1992-0027,Kozhikode,1992-07-02,1992-07-02,1992,7,1.0,55.0
UEI-IMD-FL-1992-0027,Malappuram,1992-07-02,1992-07-02,1992,7,1.0,55.0
UEI-IMD-FL-1992-0027,Palakkad,1992-07-02,1992-07-02,1992,7,1.0,55.0
UEI-IMD-FL-1992-0027,Thrissur,1992-07-02,1992-07-02,1992,7,1.0,55.0
UEI-IMD-FL-1992-0027,Ernakulam,1992-07-02,1992-07-02,1992,7,1.0,55.0
UEI-IMD-FL-1992-0027,Idukki,1992-07-02,1992-07-02,1992,7,1.0,55.0
UEI-IMD-FL-1992-0027,Kottayam,1992-07-02,1992-07-02,1992,7,1.0,55.0
UEI-IMD-FL-1992-0027,Alappuzha,1992-07-02,1992-07-02,1992,7,1.0,55.0
UEI-IMD-FL-1992-0027,Pathanamthitta,1992-07-02,1992-07-02,1992,7,1.0,55.0
UEI-IMD-FL-1992-0027,Kollam,1992-07-02,1992-07-02,1992,7,1.0,55.0
UEI-IMD-FL-1992-0027,Thiruvananthapuram,1992-07-02,1992-07-02,1992,7,1.0,55.0
UEI-IMD-FL-1992-0028,Alappuzha,1992-07-16,1992-07-16,1992,7,1.0,9.0
UEI-IMD-FL-1992-0028,Kollam,1992-07-16,1992-07-16,1992,7,1.0,9.0
UEI-IMD-FL-1992-0029,Ernakulam,1992-07-27,1992-07-28,1992,7,2.0,1.0
UEI-IMD-FL-1992-0030,Thiruvananthapuram,1992-07-28,1992-07-28,1992,7,1.0,
UEI-IMD-FL-1992-0031,Kollam,1992-07-31,1992-07-31,1992,7,1.0,1.0
UEI-IMD-FL-1992-0032,Kollam,1992-08-02,1992-08-02,1992,8,1.0,
UEI-IMD-FL-1992-0033,Kozhikode,1992-08-08,1992-08-08,1992,8,1.0,4.0
UEI-IMD-FL-1992-0033,Kollam,1992-08-08,1992-08-08,1992,8,1.0,4.0
UEI-IMD-FL-1992-0034,Alappuzha,1992-10-10,1992-10-11,1992,10,2.0,79.0
UEI-IMD-FL-1992-0034,Pathanamthitta,1992-10-10,1992-10-11,1992,10,2.0,79.0
UEI-IMD-FL-1992-0034,Kollam,1992-10-10,1992-10-11,1992,10,2.0,79.0
UEI-IMD-FL-1992-0034,Thiruvananthapuram,1992-10-10,1992-10-11,1992,10,2.0,79.0
UEI-IMD-FL-1993-0022,Thrissur,1993-01-06,1993-01-06,1993,1,1.0,1.0
UEI-IMD-FL-1993-0022,Ernakulam,1993-01-06,1993-01-06,1993,1,1.0,1.0
UEI-IMD-FL-1993-0022,Idukki,1993-01-06,1993-01-06,1993,1,1.0,1.0
UEI-IMD-FL-1993-0022,Alappuzha,1993-01-06,1993-01-06,1993,1,1.0,1.0
UEI-IMD-FL-1993-0022,Pathanamthitta,1993-01-06,1993-01-06,1993,1,1.0,1.0
UEI-IMD-FL-1993-0022,Kollam,1993-01-06,1993-01-06,1993,1,1.0,1.0
UEI-IMD-FL-1993-0022,Thiruvananthapuram,1993-01-06,1993-01-06,1993,1,1.0,1.0
UEI-IMD-FL-1993-0023,Alappuzha,1993-06-13,1993-06-13,1993,6,1.0,
UEI-IMD-FL-1993-0024,Thiruvananthapuram,1993-06-18,1993-06-18,1993,6,1.0,
UEI-IMD-FL-1993-0025,Kottayam,1993-07-03,1993-07-03,1993,7,1.0,
UEI-IMD-FL-1993-0026,Kollam,1993-07-18,1993-07-18,1993,7,1.0,1.0
UEI-IMD-FL-1993-0027,Kollam,1993-07-22,1993-07-22,1993,7,1.0,
UEI-IMD-FL-1993-0028,Kannur,1993-07-26,1993-07-26,1993,7,1.0,2.0
UEI-IMD-FL-1993-0028,Thiruvananthapuram,1993-07-26,1993-07-26,1993,7,1.0,2.0
UEI-IMD-FL-1993-0029,Malappuram,1993-07-27,1993-07-27,1993,7,1.0,2.0
UEI-IMD-FL-1993-0030,Thiruvananthapuram,1993-07-28,1993-07-28,1993,7,1.0,
UEI-IMD-FL-1993-0031,Kottayam,1993-10-06,1993-10-06,1993,10,1.0,3.0
UEI-IMD-FL-1993-0032,Malappuram,1993-10-08,1993-10-08,1993,10,1.0,10.0
UEI-IMD-FL-1993-0033,Palakkad,1993-10-09,1993-10-09,1993,10,1.0,
UEI-IMD-FL-1993-0034,Alappuzha,1993-10-11,1993-10-11,1993,10,1.0,
UEI-IMD-FL-1993-0035,Idukki,1993-10-11,1993-11-11,1993,10,2.0,3.0
UEI-IMD-FL-1993-0035,Kollam,1993-10-11,1993-11-11,1993,10,2.0,3.0
UEI-IMD-FL-1993-0035,Thiruvananthapuram,1993-10-11,1993-11-11,1993,10,2.0,3.0
UEI-IMD-FL-1994-0038,Palakkad,1994-05-28,1994-05-28,1994,5,1.0,1.0
UEI-IMD-FL-1994-0039,Kasaragod,1994-06-01,1994-06-14,1994,6,14.0,30.0
UEI-IMD-FL-1994-0039,Kozhikode,1994-06-01,1994-06-14,1994,6,14.0,30.0
UEI-IMD-FL-1994-0039,Malappuram,1994-06-01,1994-06-14,1994,6,14.0,30.0
UEI-IMD-FL-1994-0039,Palakkad,1994-06-01,1994-06-14,1994,6,14.0,30.0
UEI-IMD-FL-1994-0039,Thrissur,1994-06-01,1994-06-14,1994,6,14.0,30.0
UEI-IMD-FL-1994-0039,Ernakulam,1994-06-01,1994-06-14,1994,6,14.0,30.0
UEI-IMD-FL-1994-0039,Idukki,1994-06-01,1994-06-14,1994,6,14.0,30.0
UEI-IMD-FL-1994-0039,Kottayam,1994-06-01,1994-06-14,1994,6,14.0,30.0
UEI-IMD-FL-1994-0039,Alappuzha,1994-06-01,1994-06-14,1994,6,14.0,30.0
UEI-IMD-FL-1994-0039,Pathanamthitta,1994-06-01,1994-06-14,1994,6,14.0,30.0
UEI-IMD-FL-1994-0039,Kollam,1994-06-01,1994-06-14,1994,6,14.0,30.0
UEI-IMD-FL-1994-0039,Thiruvananthapuram,1994-06-01,1994-06-14,1994,6,14.0,30.0
UEI-IMD-FL-1994-0040,Kasaragod,1994-07-11,1994-07-11,1994,7,1.0,
UEI-IMD-FL-1994-0041,Malappuram,1994-07-14,1994-07-15,1994,7,2.0,12.0
UEI-IMD-FL-1994-0041,Idukki,1994-07-14,1994-07-15,1994,7,2.0,12.0
UEI-IMD-FL-1994-0042,Kozhikode,1994-07-14,1994-07-16,1994,7,3.0,14.0
UEI-IMD-FL-1994-0042,Malappuram,1994-07-14,1994-07-16,1994,7,3.0,14.0
UEI-IMD-FL-1994-0042,Palakkad,1994-07-14,1994-07-16,1994,7,3.0,14.0
UEI-IMD-FL-1994-0042,Thrissur,1994-07-14,1994-07-16,1994,7,3.0,14.0
UEI-IMD-FL-1994-0042,Ernakulam,1994-07-14,1994-07-16,1994,7,3.0,14.0
UEI-IMD-FL-1994-0042,Idukki,1994-07-14,1994-07-16,1994,7,3.0,14.0
UEI-IMD-FL-1994-0042,Alappuzha,1994-07-14,1994-07-16,1994,7,3.0,14.0
UEI-IMD-FL-1994-0043,Kannur,1994-07-15,1994-07-15,1994,7,1.0,4.0
UEI-IMD-FL-1994-0043,Kozhikode,1994-07-15,1994-07-15,1994,7,1.0,4.0
UEI-IMD-FL-1994-0043,Malappuram,1994-07-15,1994-07-15,1994,7,1.0,4.0
UEI-IMD-FL-1994-0043,Thrissur,1994-07-15,1994-07-15,1994,7,1.0,4.0
UEI-IMD-FL-1994-0043,Thiruvananthapuram,1994-07-15,1994-07-15,1994,7,1.0,4.0
UEI-IMD-FL-1994-0044,Thrissur,1994-07-23,1994-07-23,1994,7,1.0,
UEI-IMD-FL-1994-0045,Kasaragod,1994-07-31,1994-07-31,1994,7,1.0,
UEI-IMD-FL-1994-0045,Kozhikode,1994-07-31,1994-07-31,1994,7,1.0,
UEI-IMD-FL-1994-0045,Palakkad,1994-07-31,1994-07-31,1994,7,1.0,
UEI-IMD-FL-1994-0045,Pathanamthitta,1994-07-31,1994-07-31,1994,7,1.0,
UEI-IMD-FL-1994-0045,Kollam,1994-07-31,1994-07-31,1994,7,1.0,
UEI-IMD-FL-1994-0045,Thiruvananthapuram,1994-07-31,1994-07-31,1994,7,1.0,
UEI-IMD-FL-1994-0046,Thrissur,1994-08-01,1994-08-01,1994,8,1.0,
UEI-IMD-FL-1994-0046,Alappuzha,1994-08-01,1994-08-01,1994,8,1.0,
UEI-IMD-FL-1994-0046,Thiruvananthapuram,1994-08-01,1994-08-01,1994,8,1.0,
UEI-IMD-FL-1994-0047,Ernakulam,1994-08-02,1994-08-02,1994,8,1.0,3.0
UEI-IMD-FL-1994-0047,Idukki,1994-08-02,1994-08-02,1994,8,1.0,3.0
UEI-IMD-FL-1994-0047,Kottayam,1994-08-02,1994-08-02,1994,8,1.0,3.0
UEI-IMD-FL-1994-0047,Kollam,1994-08-02,1994-08-02,1994,8,1.0,3.0
UEI-IMD-FL-1994-0047,Thiruvananthapuram,1994-08-02,1994-08-02,1994,8,1.0,3.0
UEI-IMD-FL-1994-0048,Kasaragod,1994-08-03,1994-08-09,1994,8,7.0,
UEI-IMD-FL-1994-0048,Kannur,1994-08-03,1994-08-09,1994,8,7.0,
UEI-IMD-FL-1994-0048,Thrissur,1994-08-03,1994-08-09,1994,8,7.0,
UEI-IMD-FL-1994-0048,Ernakulam,1994-08-03,1994-08-09,1994,8,7.0,
UEI-IMD-FL-1994-0048,Idukki,1994-08-03,1994-08-09,1994,8,7.0,
UEI-IMD-FL-1994-0048,Kottayam,1994-08-03,1994-08-09,1994,8,7.0,
UEI-IMD-FL-1994-0048,Alappuzha,1994-08-03,1994-08-09,1994,8,7.0,
UEI-IMD-FL-1994-0048,Pathanamthitta,1994-08-03,1994-08-09,1994,8,7.0,
UEI-IMD-FL-1994-0048,Kollam,1994-08-03,1994-08-09,1994,8,7.0,
UEI-IMD-FL-1994-0048,Thiruvananthapuram,1994-08-03,1994-08-09,1994,8,7.0,
UEI-IMD-FL-1994-0049,Kannur,1994-09-22,1994-09-22,1994,9,1.0,1.0
UEI-IMD-FL-1994-0050,Kollam,1994-10-03,1994-10-06,1994,10,4.0,10.0
UEI-IMD-FL-1994-0050,Thiruvananthapuram,1994-10-03,1994-10-06,1994,10,4.0,10.0
UEI-IMD-FL-1994-0051,Idukki,1994-10-11,1994-10-11,1994,10,1.0,1.0
UEI-IMD-FL-1994-0052,Kozhikode,1994-10-16,1994-10-16,1994,10,1.0,
UEI-IMD-FL-1994-0053,Kollam,1994-10-24,1994-10-24,1994,10,1.0,
UEI-IMD-FL-1995-0040,Pathanamthitta,1995-03-28,1995-03-28,1995,3,1.0,
UEI-IMD-FL-1995-0041,Kollam,1995-05-07,1995-05-08,1995,5,2.0,
UEI-IMD-FL-1995-0042,Ernakulam,1995-05-07,1995-05-09,1995,5,3.0,3.0
UEI-IMD-FL-1995-0042,Idukki,1995-05-07,1995-05-09,1995,5,3.0,3.0
UEI-IMD-FL-1995-0042,Thiruvananthapuram,1995-05-07,1995-05-09,1995,5,3.0,3.0
UEI-IMD-FL-1995-0043,Kottayam,1995-05-07,1995-05-10,1995,5,4.0,2.0
UEI-IMD-FL-1995-0043,Alappuzha,1995-05-07,1995-05-10,1995,5,4.0,2.0
UEI-IMD-FL-1995-0044,Kozhikode,1995-05-07,1995-05-11,1995,5,5.0,
UEI-IMD-FL-1995-0044,Pathanamthitta,1995-05-07,1995-05-11,1995,5,5.0,
UEI-IMD-FL-1995-0045,Kasaragod,1995-06-13,1995-06-17,1995,6,5.0,2.0
UEI-IMD-FL-1995-0045,Kozhikode,1995-06-13,1995-06-17,1995,6,5.0,2.0
UEI-IMD-FL-1995-0045,Malappuram,1995-06-13,1995-06-17,1995,6,5.0,2.0
UEI-IMD-FL-1995-0045,Ernakulam,1995-06-13,1995-06-17,1995,6,5.0,2.0
UEI-IMD-FL-1995-0045,Idukki,1995-06-13,1995-06-17,1995,6,5.0,2.0
UEI-IMD-FL-1995-0045,Kottayam,1995-06-13,1995-06-17,1995,6,5.0,2.0
UEI-IMD-FL-1995-0045,Kollam,1995-06-13,1995-06-17,1995,6,5.0,2.0
UEI-IMD-FL-1995-0045,Thiruvananthapuram,1995-06-13,1995-06-17,1995,6,5.0,2.0
UEI-IMD-FL-1995-0046,Kasaragod,1995-06-29,1995-06-29,1995,6,1.0,
UEI-IMD-FL-1995-0047,Kasaragod,1995-07-05,1995-07-12,1995,7,8.0,
UEI-IMD-FL-1995-0047,Kozhikode,1995-07-05,1995-07-12,1995,7,8.0,
UEI-IMD-FL-1995-0047,Idukki,1995-07-05,1995-07-12,1995,7,8.0,
UEI-IMD-FL-1995-0048,Malappuram,1995-07-14,1995-07-18,1995,7,5.0,
UEI-IMD-FL-1995-0048,Idukki,1995-07-14,1995-07-18,1995,7,5.0,
UEI-IMD-FL-1995-0048,Kottayam,1995-07-14,1995-07-18,1995,7,5.0,
UEI-IMD-FL-1995-0049,Kasaragod,1995-07-21,1995-07-26,1995,7,6.0,
UEI-IMD-FL-1995-0049,Kannur,1995-07-21,1995-07-26,1995,7,6.0,
UEI-IMD-FL-1995-0049,Kottayam,1995-07-21,1995-07-26,1995,7,6.0,
UEI-IMD-FL-1995-0050,Kannur,1995-08-04,1995-08-04,1995,8,1.0,
UEI-IMD-FL-1995-0051,Wayanad,1995-09-02,1995-09-03,1995,9,2.0,2.0
UEI-IMD-FL-1995-0051,Idukki,1995-09-02,1995-09-03,1995,9,2.0,2.0
UEI-IMD-FL-1995-0051,Alappuzha,1995-09-02,1995-09-03,1995,9,2.0,2.0
UEI-IMD-FL-1995-0052,Kozhikode,1995-10-07,1995-10-07,1995,10,1.0,1.0
UEI-IMD-FL-1995-0052,Thiruvananthapuram,1995-10-07,1995-10-07,1995,10,1.0,1.0
UEI-IMD-FL-1995-0053,Wayanad,1995-10-15,1995-10-28,1995,10,14.0,
UEI-IMD-FL-1995-0053,Malappuram,1995-10-15,1995-10-28,1995,10,14.0,
UEI-IMD-FL-1995-0053,Alappuzha,1995-10-15,1995-10-28,1995,10,14.0,
UEI-IMD-FL-1995-0053,Kollam,1995-10-15,1995-10-28,1995,10,14.0,
UEI-IMD-FL-1995-0053,Thiruvananthapuram,1995-10-15,1995-10-28,1995,10,14.0,
UEI-IMD-FL-1995-0054,Idukki,1995-10-18,1995-10-19,1995,10,2.0,
UEI-IMD-FL-1995-0054,Thiruvananthapuram,1995-10-18,1995-10-19,1995,10,2.0,
UEI-IMD-FL-1996-0050,Kottayam,1996-03-06,1996-03-06,1996,3,1.0,
UEI-IMD-FL-1996-0051,Thiruvananthapuram,1996-06-13,1996-06-13,1996,6,1.0,
UEI-IMD-FL-1996-0052,Kasaragod,1996-06-14,1996-06-15,1996,6,2.0,1.0
UEI-IMD-FL-1996-0052,Kannur,1996-06-14,1996-06-15,1996,6,2.0,1.0
UEI-IMD-FL-1996-0052,Wayanad,1996-06-14,1996-06-15,1996,6,2.0,1.0
UEI-IMD-FL-1996-0052,Kozhikode,1996-06-14,1996-06-15,1996,6,2.0,1.0
UEI-IMD-FL-1996-0052,Malappuram,1996-06-14,1996-06-15,1996,6,2.0,1.0
UEI-IMD-FL-1996-0052,Thrissur,1996-06-14,1996-06-15,1996,6,2.0,1.0
UEI-IMD-FL-1996-0052,Ernakulam,1996-06-14,1996-06-15,1996,6,2.0,1.0
UEI-IMD-FL-1996-0052,Idukki,1996-06-14,1996-06-15,1996,6,2.0,1.0
UEI-IMD-FL-1996-0052,Kottayam,1996-06-14,1996-06-15,1996,6,2.0,1.0
UEI-IMD-FL-1996-0052,Alappuzha,1996-06-14,1996-06-15,1996,6,2.0,1.0
UEI-IMD-FL-1996-0053,Kasaragod,1996-06-16,1996-06-22,1996,6,7.0,24.0
UEI-IMD-FL-1996-0053,Kannur,1996-06-16,1996-06-22,1996,6,7.0,24.0
UEI-IMD-FL-1996-0053,Wayanad,1996-06-16,1996-06-22,1996,6,7.0,24.0
UEI-IMD-FL-1996-0053,Kozhikode,1996-06-16,1996-06-22,1996,6,7.0,24.0
UEI-IMD-FL-1996-0053,Malappuram,1996-06-16,1996-06-22,1996,6,7.0,24.0
UEI-IMD-FL-1996-0053,Palakkad,1996-06-16,1996-06-22,1996,6,7.0,24.0
UEI-IMD-FL-1996-0053,Thrissur,1996-06-16,1996-06-22,1996,6,7.0,24.0
UEI-IMD-FL-1996-0053,Ernakulam,1996-06-16,1996-06-22,1996,6,7.0,24.0
UEI-IMD-FL-1996-0053,Idukki,1996-06-16,1996-06-22,1996,6,7.0,24.0
UEI-IMD-FL-1996-0053,Kottayam,1996-06-16,1996-06-22,1996,6,7.0,24.0
UEI-IMD-FL-1996-0053,Alappuzha,1996-06-16,1996-06-22,1996,6,7.0,24.0
UEI-IMD-FL-1996-0053,Pathanamthitta,1996-06-16,1996-06-22,1996,6,7.0,24.0
UEI-IMD-FL-1996-0053,Kollam,1996-06-16,1996-06-22,1996,6,7.0,24.0
UEI-IMD-FL-1996-0053,Thiruvananthapuram,1996-06-16,1996-06-22,1996,6,7.0,24.0
UEI-IMD-FL-1996-0054,Thiruvananthapuram,1996-06-17,1996-06-17,1996,6,1.0,
UEI-IMD-FL-1996-0055,Kozhikode,1996-06-20,1996-06-20,1996,6,1.0,2.0
UEI-IMD-FL-1996-0055,Thiruvananthapuram,1996-06-20,1996-06-20,1996,6,1.0,2.0
UEI-IMD-FL-1996-0056,Idukki,1996-07-20,1996-07-21,1996,7,2.0,
UEI-IMD-FL-1996-0056,Pathanamthitta,1996-07-20,1996-07-21,1996,7,2.0,
UEI-IMD-FL-1996-0057,Kozhikode,1996-07-24,1996-07-24,1996,7,1.0,
UEI-IMD-FL-1996-0057,Idukki,1996-07-24,1996-07-24,1996,7,1.0,
UEI-IMD-FL-1996-0058,Thiruvananthapuram,1996-08-08,1996-08-08,1996,8,1.0,
UEI-IMD-FL-1996-0059,Idukki,1996-08-12,1996-08-12,1996,8,1.0,
UEI-IMD-FL-1996-0060,Kottayam,1996-08-23,1996-08-23,1996,8,1.0,
UEI-IMD-FL-1996-0061,Idukki,1996-09-11,1996-09-11,1996,9,1.0,
UEI-IMD-FL-1997-0040,Kottayam,1997-05-07,1997-05-07,1997,5,1.0,
UEI-IMD-FL-1997-0041,Ernakulam,1997-06-30,1997-06-30,1997,6,1.0,
UEI-IMD-FL-1997-0042,Kasaragod,1997-07-01,1997-07-12,1997,7,12.0,30.0
UEI-IMD-FL-1997-0042,Kannur,1997-07-01,1997-07-12,1997,7,12.0,30.0
UEI-IMD-FL-1997-0042,Kozhikode,1997-07-01,1997-07-12,1997,7,12.0,30.0
UEI-IMD-FL-1997-0042,Malappuram,1997-07-01,1997-07-12,1997,7,12.0,30.0
UEI-IMD-FL-1997-0042,Kottayam,1997-07-01,1997-07-12,1997,7,12.0,30.0
UEI-IMD-FL-1997-0042,Thiruvananthapuram,1997-07-01,1997-07-12,1997,7,12.0,30.0
UEI-IMD-FL-1997-0043,Idukki,1997-07-20,1997-07-24,1997,7,5.0,18.0
UEI-IMD-FL-1997-0043,Kottayam,1997-07-20,1997-07-24,1997,7,5.0,18.0
UEI-IMD-FL-1997-0044,Malappuram,1997-07-24,1997-07-26,1997,7,3.0,
UEI-IMD-FL-1997-0044,Alappuzha,1997-07-24,1997-07-26,1997,7,3.0,
UEI-IMD-FL-1997-0045,Malappuram,1997-08-08,1997-08-10,1997,8,3.0,
UEI-IMD-FL-1997-0045,Thrissur,1997-08-08,1997-08-10,1997,8,3.0,
UEI-IMD-FL-1997-0045,Thiruvananthapuram,1997-08-08,1997-08-10,1997,8,3.0,
UEI-IMD-FL-1997-0046,Kottayam,1997-09-12,1997-09-12,1997,9,1.0,
UEI-IMD-FL-1997-0047,Thiruvananthapuram,1997-09-22,1997-09-22,1997,9,1.0,
UEI-IMD-FL-1997-0048,Malappuram,1997-11-03,1997-11-11,1997,11,9.0,7.0
UEI-IMD-FL-1997-0048,Idukki,1997-11-03,1997-11-11,1997,11,9.0,7.0
UEI-IMD-FL-1997-0048,Kottayam,1997-11-03,1997-11-11,1997,11,9.0,7.0
UEI-IMD-FL-1997-0048,Alappuzha,1997-11-03,1997-11-11,1997,11,9.0,7.0
UEI-IMD-FL-1997-0048,Pathanamthitta,1997-11-03,1997-11-11,1997,11,9.0,7.0
UEI-IMD-FL-1997-0049,Idukki,1997-11-28,1997-11-28,1997,11,1.0,
UEI-IMD-FL-1997-0050,Ernakulam,1997-12-16,1997-12-16,1997,12,1.0,2.0
UEI-IMD-FL-1998-0055,Thiruvananthapuram,1998-05-15,1998-05-15,1998,5,1.0,
UEI-IMD-FL-1998-0056,Idukki,1998-06-28,1998-06-28,1998,6,1.0,
UEI-IMD-FL-1998-0057,Kasaragod,1998-07-02,1998-07-06,1998,7,5.0,45.0
UEI-IMD-FL-1998-0057,Wayanad,1998-07-02,1998-07-06,1998,7,5.0,45.0
UEI-IMD-FL-1998-0057,Malappuram,1998-07-02,1998-07-06,1998,7,5.0,45.0
UEI-IMD-FL-1998-0057,Palakkad,1998-07-02,1998-07-06,1998,7,5.0,45.0
UEI-IMD-FL-1998-0057,Idukki,1998-07-02,1998-07-06,1998,7,5.0,45.0
UEI-IMD-FL-1998-0057,Kottayam,1998-07-02,1998-07-06,1998,7,5.0,45.0
UEI-IMD-FL-1998-0057,Thiruvananthapuram,1998-07-02,1998-07-06,1998,7,5.0,45.0
UEI-IMD-FL-1998-0058,Malappuram,1998-07-12,1998-07-15,1998,7,4.0,5.0
UEI-IMD-FL-1998-0058,Thrissur,1998-07-12,1998-07-15,1998,7,4.0,5.0
UEI-IMD-FL-1998-0058,Ernakulam,1998-07-12,1998-07-15,1998,7,4.0,5.0
UEI-IMD-FL-1998-0058,Idukki,1998-07-12,1998-07-15,1998,7,4.0,5.0
UEI-IMD-FL-1998-0058,Pathanamthitta,1998-07-12,1998-07-15,1998,7,4.0,5.0
UEI-IMD-FL-1998-0059,Wayanad,1998-10-10,1998-10-17,1998,10,8.0,44.0
UEI-IMD-FL-1998-0059,Kozhikode,1998-10-10,1998-10-17,1998,10,8.0,44.0
UEI-IMD-FL-1998-0059,Malappuram,1998-10-10,1998-10-17,1998,10,8.0,44.0
UEI-IMD-FL-1998-0059,Kottayam,1998-10-10,1998-10-17,1998,10,8.0,44.0
UEI-IMD-FL-1998-0059,Pathanamthitta,1998-10-10,1998-10-17,1998,10,8.0,44.0
UEI-IMD-FL-1998-0059,Kollam,1998-10-10,1998-10-17,1998,10,8.0,44.0
UEI-IMD-FL-1998-0059,Thiruvananthapuram,1998-10-10,1998-10-17,1998,10,8.0,44.0
UEI-IMD-FL-1998-0060,Idukki,1998-11-01,1998-11-05,1998,11,5.0,
UEI-IMD-FL-1998-0060,Thiruvananthapuram,1998-11-01,1998-11-05,1998,11,5.0,
UEI-IMD-FL-1998-0061,Palakkad,1998-11-11,1998-11-12,1998,11,2.0,
UEI-IMD-FL-1998-0061,Pathanamthitta,1998-11-11,1998-11-12,1998,11,2.0,
UEI-IMD-FL-1999-0043,Kollam,1999-02-05,1999-02-05,1999,2,1.0,4.0
UEI-IMD-FL-1999-0044,Idukki,1999-05-25,1999-05-28,1999,5,4.0,1.0
UEI-IMD-FL-1999-0044,Kottayam,1999-05-25,1999-05-28,1999,5,4.0,1.0
UEI-IMD-FL-1999-0045,Kasaragod,1999-06-07,1999-06-12,1999,6,6.0,18.0
UEI-IMD-FL-1999-0045,Kannur,1999-06-07,1999-06-12,1999,6,6.0,18.0
UEI-IMD-FL-1999-0045,Wayanad,1999-06-07,1999-06-12,1999,6,6.0,18.0
UEI-IMD-FL-1999-0045,Kozhikode,1999-06-07,1999-06-12,1999,6,6.0,18.0
UEI-IMD-FL-1999-0045,Malappuram,1999-06-07,1999-06-12,1999,6,6.0,18.0
UEI-IMD-FL-1999-0045,Palakkad,1999-06-07,1999-06-12,1999,6,6.0,18.0
UEI-IMD-FL-1999-0045,Thrissur,1999-06-07,1999-06-12,1999,6,6.0,18.0
UEI-IMD-FL-1999-0045,Ernakulam,1999-06-07,1999-06-12,1999,6,6.0,18.0
UEI-IMD-FL-1999-0045,Idukki,1999-06-07,1999-06-12,1999,6,6.0,18.0
UEI-IMD-FL-1999-0045,Kottayam,1999-06-07,1999-06-12,1999,6,6.0,18.0
UEI-IMD-FL-1999-0045,Alappuzha,1999-06-07,1999-06-12,1999,6,6.0,18.0
UEI-IMD-FL-1999-0045,Pathanamthitta,1999-06-07,1999-06-12,1999,6,6.0,18.0
UEI-IMD-FL-1999-0045,Kollam,1999-06-07,1999-06-12,1999,6,6.0,18.0
UEI-IMD-FL-1999-0045,Thiruvananthapuram,1999-06-07,1999-06-12,1999,6,6.0,18.0
UEI-IMD-FL-1999-0046,Kasaragod,1999-06-16,1999-06-20,1999,6,5.0,14.0
UEI-IMD-FL-1999-0046,Kozhikode,1999-06-16,1999-06-20,1999,6,5.0,14.0
UEI-IMD-FL-1999-0046,Malappuram,1999-06-16,1999-06-20,1999,6,5.0,14.0
UEI-IMD-FL-1999-0046,Palakkad,1999-06-16,1999-06-20,1999,6,5.0,14.0
UEI-IMD-FL-1999-0046,Ernakulam,1999-06-16,1999-06-20,1999,6,5.0,14.0
UEI-IMD-FL-1999-0046,Idukki,1999-06-16,1999-06-20,1999,6,5.0,14.0
UEI-IMD-FL-1999-0046,Pathanamthitta,1999-06-16,1999-06-20,1999,6,5.0,14.0
UEI-IMD-FL-1999-0047,Kasaragod,1999-07-17,1999-07-31,1999,7,15.0,19.0
UEI-IMD-FL-1999-0047,Kannur,1999-07-17,1999-07-31,1999,7,15.0,19.0
UEI-IMD-FL-1999-0047,Palakkad,1999-07-17,1999-07-31,1999,7,15.0,19.0
UEI-IMD-FL-1999-0047,Thrissur,1999-07-17,1999-07-31,1999,7,15.0,19.0
UEI-IMD-FL-1999-0047,Idukki,1999-07-17,1999-07-31,1999,7,15.0,19.0
UEI-IMD-FL-1999-0047,Pathanamthitta,1999-07-17,1999-07-31,1999,7,15.0,19.0
UEI-IMD-FL-1999-0047,Kollam,1999-07-17,1999-07-31,1999,7,15.0,19.0
UEI-IMD-FL-1999-0047,Thiruvananthapuram,1999-07-17,1999-07-31,1999,7,15.0,19.0
UEI-IMD-FL-1999-0048,Kasaragod,1999-08-02,1999-08-02,1999,8,1.0,3.0
UEI-IMD-FL-1999-0048,Kozhikode,1999-08-02,1999-08-02,1999,8,1.0,3.0
UEI-IMD-FL-1999-0048,Malappuram,1999-08-02,1999-08-02,1999,8,1.0,3.0
UEI-IMD-FL-1999-0049,Kannur,1999-09-10,1999-09-10,1999,9,1.0,2.0
UEI-IMD-FL-1999-0050,Kasaragod,1999-10-18,1999-10-22,1999,10,5.0,21.0
UEI-IMD-FL-1999-0050,Kannur,1999-10-18,1999-10-22,1999,10,5.0,21.0
UEI-IMD-FL-1999-0050,Wayanad,1999-10-18,1999-10-22,1999,10,5.0,21.0
UEI-IMD-FL-1999-0050,Kozhikode,1999-10-18,1999-10-22,1999,10,5.0,21.0
UEI-IMD-FL-1999-0050,Malappuram,1999-10-18,1999-10-22,1999,10,5.0,21.0
UEI-IMD-FL-1999-0050,Palakkad,1999-10-18,1999-10-22,1999,10,5.0,21.0
UEI-IMD-FL-1999-0050,Thrissur,1999-10-18,1999-10-22,1999,10,5.0,21.0
UEI-IMD-FL-1999-0050,Ernakulam,1999-10-18,1999-10-22,1999,10,5.0,21.0
UEI-IMD-FL-1999-0050,Idukki,1999-10-18,1999-10-22,1999,10,5.0,21.0
UEI-IMD-FL-1999-0050,Kottayam,1999-10-18,1999-10-22,1999,10,5.0,21.0
UEI-IMD-FL-1999-0050,Alappuzha,1999-10-18,1999-10-22,1999,10,5.0,21.0
UEI-IMD-FL-1999-0050,Pathanamthitta,1999-10-18,1999-10-22,1999,10,5.0,21.0
UEI-IMD-FL-1999-0050,Kollam,1999-10-18,1999-10-22,1999,10,5.0,21.0
UEI-IMD-FL-1999-0050,Thiruvananthapuram,1999-10-18,1999-10-22,1999,10,5.0,21.0
UEI-IMD-FL-2000-0062,Thiruvananthapuram,2000-04-08,2000-04-08,2000,4,1.0,2.0
UEI-IMD-FL-2000-0063,Kannur,2000-06-08,2000-06-14,2000,6,7.0,
UEI-IMD-FL-2000-0063,Idukki,2000-06-08,2000-06-14,2000,6,7.0,
UEI-IMD-FL-2000-0063,Alappuzha,2000-06-08,2000-06-14,2000,6,7.0,
UEI-IMD-FL-2000-0064,Alappuzha,2000-06-17,2000-06-17,2000,6,1.0,
UEI-IMD-FL-2000-0065,Kasaragod,2000-07-01,2000-07-01,2000,7,1.0,1.0
UEI-IMD-FL-2000-0066,Idukki,2000-07-07,2000-07-10,2000,7,4.0,63.0
UEI-IMD-FL-2000-0066,Pathanamthitta,2000-07-07,2000-07-10,2000,7,4.0,63.0
UEI-IMD-FL-2000-0066,Kollam,2000-07-07,2000-07-10,2000,7,4.0,63.0
UEI-IMD-FL-2000-0066,Thiruvananthapuram,2000-07-07,2000-07-10,2000,7,4.0,63.0
UEI-IMD-FL-2000-0067,Kottayam,2000-08-08,2000-08-08,2000,8,1.0,
UEI-IMD-FL-2000-0068,Kasaragod,2000-08-22,2000-08-28,2000,8,7.0,37.0
UEI-IMD-FL-2000-0068,Kannur,2000-08-22,2000-08-28,2000,8,7.0,37.0
UEI-IMD-FL-2000-0068,Wayanad,2000-08-22,2000-08-28,2000,8,7.0,37.0
UEI-IMD-FL-2000-0068,Kozhikode,2000-08-22,2000-08-28,2000,8,7.0,37.0
UEI-IMD-FL-2000-0068,Malappuram,2000-08-22,2000-08-28,2000,8,7.0,37.0
UEI-IMD-FL-2000-0068,Palakkad,2000-08-22,2000-08-28,2000,8,7.0,37.0
UEI-IMD-FL-2000-0068,Thrissur,2000-08-22,2000-08-28,2000,8,7.0,37.0
UEI-IMD-FL-2000-0068,Idukki,2000-08-22,2000-08-28,2000,8,7.0,37.0
UEI-IMD-FL-2000-0068,Kottayam,2000-08-22,2000-08-28,2000,8,7.0,37.0
UEI-IMD-FL-2000-0068,Alappuzha,2000-08-22,2000-08-28,2000,8,7.0,37.0
UEI-IMD-FL-2000-0068,Pathanamthitta,2000-08-22,2000-08-28,2000,8,7.0,37.0
UEI-IMD-FL-2000-0068,Kollam,2000-08-22,2000-08-28,2000,8,7.0,37.0
UEI-IMD-FL-2000-0068,Thiruvananthapuram,2000-08-22,2000-08-28,2000,8,7.0,37.0
UEI-IMD-FL-2001-0048,Kozhikode,2001-04-07,2001-04-07,2001,4,1.0,
UEI-IMD-FL-2001-0048,Kottayam,2001-04-07,2001-04-07,2001,4,1.0,
UEI-IMD-FL-2001-0049,Kozhikode,2001-05-26,2001-05-26,2001,5,1.0,
UEI-IMD-FL-2001-0049,Alappuzha,2001-05-26,2001-05-26,2001,5,1.0,
UEI-IMD-FL-2001-0049,Kollam,2001-05-26,2001-05-26,2001,5,1.0,
UEI-IMD-FL-2001-0050,Kasaragod,2001-06-08,2001-06-08,2001,6,1.0,1.0
UEI-IMD-FL-2001-0051,Wayanad,2001-06-15,2001-06-21,2001,6,7.0,5.0
UEI-IMD-FL-2001-0051,Kozhikode,2001-06-15,2001-06-21,2001,6,7.0,5.0
UEI-IMD-FL-2001-0051,Malappuram,2001-06-15,2001-06-21,2001,6,7.0,5.0
UEI-IMD-FL-2001-0051,Alappuzha,2001-06-15,2001-06-21,2001,6,7.0,5.0
UEI-IMD-FL-2001-0051,Kollam,2001-06-15,2001-06-21,2001,6,7.0,5.0
UEI-IMD-FL-2001-0052,Thrissur,2001-07-08,2001-07-14,2001,7,7.0,22.0
UEI-IMD-FL-2001-0052,Idukki,2001-07-08,2001-07-14,2001,7,7.0,22.0
UEI-IMD-FL-2001-0052,Kottayam,2001-07-08,2001-07-14,2001,7,7.0,22.0
UEI-IMD-FL-2001-0052,Alappuzha,2001-07-08,2001-07-14,2001,7,7.0,22.0
UEI-IMD-FL-2001-0052,Kollam,2001-07-08,2001-07-14,2001,7,7.0,22.0
UEI-IMD-FL-2001-0052,Thiruvananthapuram,2001-07-08,2001-07-14,2001,7,7.0,22.0
UEI-IMD-FL-2001-0053,Thiruvananthapuram,2001-09-22,2001-09-25,2001,9,4.0,
UEI-IMD-FL-2001-0054,Thiruvananthapuram,2001-10-11,2001-10-11,2001,10,1.0,40.0
UEI-IMD-FL-2002-0030,Kozhikode,2002-06-11,2002-06-13,2002,6,3.0,2.0
UEI-IMD-FL-2002-0030,Thrissur,2002-06-11,2002-06-13,2002,6,3.0,2.0
UEI-IMD-FL-2002-0030,Kollam,2002-06-11,2002-06-13,2002,6,3.0,2.0
UEI-IMD-FL-2002-0031,Kannur,2002-07-12,2002-07-12,2002,7,1.0,1.0
UEI-IMD-FL-2002-0032,Kozhikode,2002-08-16,2002-08-16,2002,8,1.0,3.0
UEI-IMD-FL-2002-0032,Palakkad,2002-08-16,2002-08-16,2002,8,1.0,3.0
UEI-IMD-FL-2002-0032,Kottayam,2002-08-16,2002-08-16,2002,8,1.0,3.0
UEI-IMD-FL-2002-0033,Kasaragod,2002-10-12,2002-10-13,2002,10,2.0,2.0
UEI-IMD-FL-2002-0034,Kasaragod,2002-10-13,2002-10-16,2002,10,4.0,11.0
UEI-IMD-FL-2002-0034,Kannur,2002-10-13,2002-10-16,2002,10,4.0,11.0
UEI-IMD-FL-2002-0034,Kozhikode,2002-10-13,2002-10-16,2002,10,4.0,11.0
UEI-IMD-FL-2002-0034,Thiruvananthapuram,2002-10-13,2002-10-16,2002,10,4.0,11.0
UEI-IMD-FL-2003-0045,Kasaragod,2003-06-18,2003-06-24,2003,6,7.0,6.0
UEI-IMD-FL-2003-0045,Kannur,2003-06-18,2003-06-24,2003,6,7.0,6.0
UEI-IMD-FL-2003-0045,Kozhikode,2003-06-18,2003-06-24,2003,6,7.0,6.0
UEI-IMD-FL-2003-0045,Thiruvananthapuram,2003-06-18,2003-06-24,2003,6,7.0,6.0
UEI-IMD-FL-2003-0046,Kottayam,2003-07-04,2003-07-04,2003,7,1.0,1.0
UEI-IMD-FL-2003-0047,Kasaragod,2003-07-06,2003-07-06,2003,7,1.0,4.0
UEI-IMD-FL-2003-0047,Palakkad,2003-07-06,2003-07-06,2003,7,1.0,4.0
UEI-IMD-FL-2003-0047,Kottayam,2003-07-06,2003-07-06,2003,7,1.0,4.0
UEI-IMD-FL-2003-0048,Kasaragod,2003-07-15,2003-07-15,2003,7,1.0,
UEI-IMD-FL-2003-0049,Thrissur,2003-10-02,2003-10-02,2003,10,1.0,
UEI-IMD-FL-2003-0050,Idukki,2003-10-05,2003-10-07,2003,10,3.0,1.0
UEI-IMD-FL-2003-0050,Kollam,2003-10-05,2003-10-07,2003,10,3.0,1.0
UEI-IMD-FL-2003-0050,Thiruvananthapuram,2003-10-05,2003-10-07,2003,10,3.0,1.0
UEI-IMD-FL-2003-0051,Palakkad,2003-10-23,2003-10-23,2003,10,1.0,
UEI-IMD-FL-2004-0034,Kannur,2004-04-06,2004-06-18,2004,4,15.0,25.0
UEI-IMD-FL-2004-0034,Kozhikode,2004-04-06,2004-06-18,2004,4,15.0,25.0
UEI-IMD-FL-2004-0034,Malappuram,2004-04-06,2004-06-18,2004,4,15.0,25.0
UEI-IMD-FL-2004-0034,Palakkad,2004-04-06,2004-06-18,2004,4,15.0,25.0
UEI-IMD-FL-2004-0034,Thrissur,2004-04-06,2004-06-18,2004,4,15.0,25.0
UEI-IMD-FL-2004-0034,Idukki,2004-04-06,2004-06-18,2004,4,15.0,25.0
UEI-IMD-FL-2004-0034,Kottayam,2004-04-06,2004-06-18,2004,4,15.0,25.0
UEI-IMD-FL-2004-0034,Kollam,2004-04-06,2004-06-18,2004,4,15.0,25.0
UEI-IMD-FL-2004-0034,Thiruvananthapuram,2004-04-06,2004-06-18,2004,4,15.0,25.0
UEI-IMD-FL-2004-0035,Kannur,2004-04-07,2004-04-07,2004,4,1.0,
UEI-IMD-FL-2004-0036,Wayanad,2004-07-07,2004-07-09,2004,7,3.0,
UEI-IMD-FL-2004-0036,Thiruvananthapuram,2004-07-07,2004-07-09,2004,7,3.0,
UEI-IMD-FL-2004-0037,Thiruvananthapuram,2004-07-19,2004-07-19,2004,7,1.0,
UEI-IMD-FL-2004-0038,Kasaragod,2004-08-03,2004-08-08,2004,8,6.0,31.0
UEI-IMD-FL-2004-0038,Kannur,2004-08-03,2004-08-08,2004,8,6.0,31.0
UEI-IMD-FL-2004-0038,Wayanad,2004-08-03,2004-08-08,2004,8,6.0,31.0
UEI-IMD-FL-2004-0038,Kozhikode,2004-08-03,2004-08-08,2004,8,6.0,31.0
UEI-IMD-FL-2004-0038,Malappuram,2004-08-03,2004-08-08,2004,8,6.0,31.0
UEI-IMD-FL-2004-0038,Palakkad,2004-08-03,2004-08-08,2004,8,6.0,31.0
UEI-IMD-FL-2004-0038,Idukki,2004-08-03,2004-08-08,2004,8,6.0,31.0
UEI-IMD-FL-2004-0038,Kollam,2004-08-03,2004-08-08,2004,8,6.0,31.0
UEI-IMD-FL-2004-0039,Thrissur,2004-10-04,2004-10-04,2004,10,1.0,2.0
UEI-IMD-FL-2004-0039,Ernakulam,2004-10-04,2004-10-04,2004,10,1.0,2.0
UEI-IMD-FL-2004-0039,Alappuzha,2004-10-04,2004-10-04,2004,10,1.0,2.0
UEI-IMD-FL-2005-0066,Thiruvananthapuram,2005-01-02,2005-01-02,2005,1,1.0,2.0
UEI-IMD-FL-2005-0067,Thiruvananthapuram,2005-03-15,2005-03-15,2005,3,1.0,
UEI-IMD-FL-2005-0069,Wayanad,2005-04-06,2005-04-06,2005,4,1.0,
UEI-IMD-FL-2005-0069,Thiruvananthapuram,2005-04-06,2005-04-06,2005,4,1.0,
UEI-IMD-FL-2005-0070,Thiruvananthapuram,2005-04-12,2005-04-12,2005,4,1.0,
UEI-IMD-FL-2005-0071,Wayanad,2005-04-15,2005-04-28,2005,4,14.0,2.0
UEI-IMD-FL-2005-0071,Thiruvananthapuram,2005-04-15,2005-04-28,2005,4,14.0,2.0
UEI-IMD-FL-2005-0072,Wayanad,2005-05-02,2005-05-02,2005,5,1.0,
UEI-IMD-FL-2005-0073,Thiruvananthapuram,2005-05-17,2005-05-17,2005,5,1.0,
UEI-IMD-FL-2005-0074,Wayanad,2005-05-29,2005-05-29,2005,5,1.0,
UEI-IMD-FL-2005-0075,Wayanad,2005-06-01,2005-06-14,2005,6,14.0,2.0
UEI-IMD-FL-2005-0075,Kollam,2005-06-01,2005-06-14,2005,6,14.0,2.0
UEI-IMD-FL-2005-0075,Thiruvananthapuram,2005-06-01,2005-06-14,2005,6,14.0,2.0
UEI-IMD-FL-2005-0076,Kasaragod,2005-06-15,2005-06-28,2005,6,14.0,7.0
UEI-IMD-FL-2005-0076,Kannur,2005-06-15,2005-06-28,2005,6,14.0,7.0
UEI-IMD-FL-2005-0076,Palakkad,2005-06-15,2005-06-28,2005,6,14.0,7.0
UEI-IMD-FL-2005-0076,Ernakulam,2005-06-15,2005-06-28,2005,6,14.0,7.0
UEI-IMD-FL-2005-0076,Kottayam,2005-06-15,2005-06-28,2005,6,14.0,7.0
UEI-IMD-FL-2005-0076,Alappuzha,2005-06-15,2005-06-28,2005,6,14.0,7.0
UEI-IMD-FL-2005-0076,Kollam,2005-06-15,2005-06-28,2005,6,14.0,7.0
UEI-IMD-FL-2005-0076,Thiruvananthapuram,2005-06-15,2005-06-28,2005,6,14.0,7.0
UEI-IMD-FL-2005-0077,Kozhikode,2005-07-01,2005-07-01,2005,7,1.0,1.0
UEI-IMD-FL-2005-0078,Kollam,2005-07-01,2005-07-01,2005,7,1.0,5.0
UEI-IMD-FL-2005-0080,Wayanad,2005-07-07,2005-07-07,2005,7,1.0,
UEI-IMD-FL-2005-0080,Kozhikode,2005-07-07,2005-07-07,2005,7,1.0,
UEI-IMD-FL-2005-0080,Malappuram,2005-07-07,2005-07-07,2005,7,1.0,
UEI-IMD-FL-2005-0081,Kozhikode,2005-07-20,2005-07-20,2005,7,1.0,
UEI-IMD-FL-2005-0082,Wayanad,2005-07-22,2005-07-28,2005,7,7.0,28.0
UEI-IMD-FL-2005-0082,Thrissur,2005-07-22,2005-07-28,2005,7,7.0,28.0
UEI-IMD-FL-2005-0082,Ernakulam,2005-07-22,2005-07-28,2005,7,7.0,28.0
UEI-IMD-FL-2005-0082,Idukki,2005-07-22,2005-07-28,2005,7,7.0,28.0
UEI-IMD-FL-2005-0082,Kottayam,2005-07-22,2005-07-28,2005,7,7.0,28.0
UEI-IMD-FL-2005-0082,Alappuzha,2005-07-22,2005-07-28,2005,7,7.0,28.0
UEI-IMD-FL-2005-0082,Kollam,2005-07-22,2005-07-28,2005,7,7.0,28.0
UEI-IMD-FL-2005-0082,Thiruvananthapuram,2005-07-22,2005-07-28,2005,7,7.0,28.0
UEI-IMD-FL-2005-0083,Thiruvananthapuram,2005-09-07,2005-09-07,2005,9,1.0,
UEI-IMD-FL-2005-0084,Wayanad,2005-10-02,2005-10-02,2005,10,1.0,
UEI-IMD-FL-2005-0085,Wayanad,2005-10-07,2005-10-07,2005,10,1.0,
UEI-IMD-FL-2005-0086,Wayanad,2005-10-08,2005-10-14,2005,10,7.0,1.0
UEI-IMD-FL-2005-0086,Kollam,2005-10-08,2005-10-14,2005,10,7.0,1.0
UEI-IMD-FL-2005-0086,Thiruvananthapuram,2005-10-08,2005-10-14,2005,10,7.0,1.0
UEI-IMD-FL-2005-0087,Kannur,2005-10-22,2005-10-23,2005,10,2.0,
UEI-IMD-FL-2005-0087,Wayanad,2005-10-22,2005-10-23,2005,10,2.0,
UEI-IMD-FL-2005-0088,Ernakulam,2005-11-08,2005-11-14,2005,11,7.0,
UEI-IMD-FL-2005-0088,Thiruvananthapuram,2005-11-08,2005-11-14,2005,11,7.0,
UEI-IMD-FL-2005-0089,Thiruvananthapuram,2005-12-08,2005-12-15,2005,12,8.0,
UEI-IMD-FL-2006-0046,Wayanad,2006-03-05,2006-03-05,2006,3,1.0,
UEI-IMD-FL-2006-0047,Kozhikode,2006-05-23,2006-05-23,2006,5,1.0,1.0
UEI-IMD-FL-2006-0048,Kasaragod,2006-05-27,2006-05-29,2006,5,3.0,2.0
UEI-IMD-FL-2006-0048,Kannur,2006-05-27,2006-05-29,2006,5,3.0,2.0
UEI-IMD-FL-2006-0048,Wayanad,2006-05-27,2006-05-29,2006,5,3.0,2.0
UEI-IMD-FL-2006-0048,Kozhikode,2006-05-27,2006-05-29,2006,5,3.0,2.0
UEI-IMD-FL-2006-0048,Malappuram,2006-05-27,2006-05-29,2006,5,3.0,2.0
UEI-IMD-FL-2006-0048,Thrissur,2006-05-27,2006-05-29,2006,5,3.0,2.0
UEI-IMD-FL-2006-0048,Kottayam,2006-05-27,2006-05-29,2006,5,3.0,2.0
UEI-IMD-FL-2006-0048,Alappuzha,2006-05-27,2006-05-29,2006,5,3.0,2.0
UEI-IMD-FL-2006-0048,Kollam,2006-05-27,2006-05-29,2006,5,3.0,2.0
UEI-IMD-FL-2006-0048,Thiruvananthapuram,2006-05-27,2006-05-29,2006,5,3.0,2.0
UEI-IMD-FL-2006-0049,Kannur,2006-06-01,2006-06-01,2006,6,1.0,10.0
UEI-IMD-FL-2006-0049,Wayanad,2006-06-01,2006-06-01,2006,6,1.0,10.0
UEI-IMD-FL-2006-0049,Kozhikode,2006-06-01,2006-06-01,2006,6,1.0,10.0
UEI-IMD-FL-2006-0049,Palakkad,2006-06-01,2006-06-01,2006,6,1.0,10.0
UEI-IMD-FL-2006-0049,Thrissur,2006-06-01,2006-06-01,2006,6,1.0,10.0
UEI-IMD-FL-2006-0049,Ernakulam,2006-06-01,2006-06-01,2006,6,1.0,10.0
UEI-IMD-FL-2006-0049,Alappuzha,2006-06-01,2006-06-01,2006,6,1.0,10.0
UEI-IMD-FL-2006-0049,Kollam,2006-06-01,2006-06-01,2006,6,1.0,10.0
UEI-IMD-FL-2006-0050,Kozhikode,2006-06-23,2006-06-25,2006,6,3.0,3.0
UEI-IMD-FL-2006-0050,Malappuram,2006-06-23,2006-06-25,2006,6,3.0,3.0
UEI-IMD-FL-2006-0050,Alappuzha,2006-06-23,2006-06-25,2006,6,3.0,3.0
UEI-IMD-FL-2006-0050,Thiruvananthapuram,2006-06-23,2006-06-25,2006,6,3.0,3.0
UEI-IMD-FL-2006-0051,Malappuram,2006-06-29,2006-06-29,2006,6,1.0,
UEI-IMD-FL-2006-0052,Kannur,2006-07-01,2006-07-03,2006,7,3.0,1.0
UEI-IMD-FL-2006-0052,Wayanad,2006-07-01,2006-07-03,2006,7,3.0,1.0
UEI-IMD-FL-2006-0053,Wayanad,2006-07-04,2006-07-04,2006,7,1.0,6.0
UEI-IMD-FL-2006-0054,Wayanad,2006-07-05,2006-07-06,2006,7,2.0,
UEI-IMD-FL-2006-0055,Wayanad,2006-08-13,2006-08-13,2006,8,1.0,
UEI-IMD-FL-2006-0056,Thiruvananthapuram,2006-09-22,2006-09-22,2006,9,1.0,
UEI-IMD-FL-2006-0057,Palakkad,2006-09-25,2006-09-27,2006,9,3.0,2.0
UEI-IMD-FL-2006-0057,Kottayam,2006-09-25,2006-09-27,2006,9,3.0,2.0
UEI-IMD-FL-2006-0057,Pathanamthitta,2006-09-25,2006-09-27,2006,9,3.0,2.0
UEI-IMD-FL-2006-0057,Kollam,2006-09-25,2006-09-27,2006,9,3.0,2.0
UEI-IMD-FL-2006-0057,Thiruvananthapuram,2006-09-25,2006-09-27,2006,9,3.0,2.0
UEI-IMD-FL-2006-0058,Thiruvananthapuram,2006-10-18,2006-10-18,2006,10,1.0,
UEI-IMD-FL-2006-0059,Thiruvananthapuram,2006-10-28,2006-10-29,2006,10,2.0,2.0
UEI-IMD-FL-2006-0060,Wayanad,2006-11-04,2006-11-04,2006,11,1.0,
UEI-IMD-FL-2006-0061,Thiruvananthapuram,2006-11-08,2006-11-08,2006,11,1.0,
UEI-IMD-FL-2006-0062,Thiruvananthapuram,2006-11-21,2006-11-21,2006,11,1.0,
UEI-IMD-FL-2006-0063,Kottayam,2006-11-25,2006-11-25,2006,11,1.0,1.0
UEI-IMD-FL-2007-0077,Kollam,2007-02-26,2007-02-26,2007,2,1.0,2.0
UEI-IMD-FL-2007-0078,Wayanad,2007-04-21,2007-04-21,2007,4,1.0,
UEI-IMD-FL-2007-0079,Wayanad,2007-06-07,2007-06-07,2007,6,1.0,
UEI-IMD-FL-2007-0080,Wayanad,2007-06-10,2007-06-10,2007,6,1.0,
UEI-IMD-FL-2007-0081,Kasaragod,2007-06-14,2007-06-14,2007,6,1.0,1.0
UEI-IMD-FL-2007-0082,Kasaragod,2007-06-22,2007-06-28,2007,6,7.0,77.0
UEI-IMD-FL-2007-0082,Kannur,2007-06-22,2007-06-28,2007,6,7.0,77.0
UEI-IMD-FL-2007-0082,Wayanad,2007-06-22,2007-06-28,2007,6,7.0,77.0
UEI-IMD-FL-2007-0082,Kozhikode,2007-06-22,2007-06-28,2007,6,7.0,77.0
UEI-IMD-FL-2007-0082,Malappuram,2007-06-22,2007-06-28,2007,6,7.0,77.0
UEI-IMD-FL-2007-0082,Palakkad,2007-06-22,2007-06-28,2007,6,7.0,77.0
UEI-IMD-FL-2007-0082,Thrissur,2007-06-22,2007-06-28,2007,6,7.0,77.0
UEI-IMD-FL-2007-0082,Ernakulam,2007-06-22,2007-06-28,2007,6,7.0,77.0
UEI-IMD-FL-2007-0082,Idukki,2007-06-22,2007-06-28,2007,6,7.0,77.0
UEI-IMD-FL-2007-0082,Kottayam,2007-06-22,2007-06-28,2007,6,7.0,77.0
UEI-IMD-FL-2007-0082,Alappuzha,2007-06-22,2007-06-28,2007,6,7.0,77.0
UEI-IMD-FL-2007-0082,Pathanamthitta,2007-06-22,2007-06-28,2007,6,7.0,77.0
UEI-IMD-FL-2007-0082,Thiruvananthapuram,2007-06-22,2007-06-28,2007,6,7.0,77.0
UEI-IMD-FL-2007-0083,Wayanad,2007-06-28,2007-06-29,2007,6,2.0,
UEI-IMD-FL-2007-0084,Idukki,2007-07-01,2007-07-01,2007,7,1.0,
UEI-IMD-FL-2007-0085,Wayanad,2007-07-02,2007-07-02,2007,7,1.0,1.0
UEI-IMD-FL-2007-0085,Ernakulam,2007-07-02,2007-07-02,2007,7,1.0,1.0
UEI-IMD-FL-2007-0085,Idukki,2007-07-02,2007-07-02,2007,7,1.0,1.0
UEI-IMD-FL-2007-0085,Kollam,2007-07-02,2007-07-02,2007,7,1.0,1.0
UEI-IMD-FL-2007-0086,Wayanad,2007-07-04,2007-07-05,2007,7,2.0,
UEI-IMD-FL-2007-0087,Kannur,2007-07-14,2007-07-18,2007,7,5.0,30.0
UEI-IMD-FL-2007-0087,Wayanad,2007-07-14,2007-07-18,2007,7,5.0,30.0
UEI-IMD-FL-2007-0087,Kozhikode,2007-07-14,2007-07-18,2007,7,5.0,30.0
UEI-IMD-FL-2007-0087,Malappuram,2007-07-14,2007-07-18,2007,7,5.0,30.0
UEI-IMD-FL-2007-0087,Idukki,2007-07-14,2007-07-18,2007,7,5.0,30.0
UEI-IMD-FL-2007-0087,Kottayam,2007-07-14,2007-07-18,2007,7,5.0,30.0
UEI-IMD-FL-2007-0087,Alappuzha,2007-07-14,2007-07-18,2007,7,5.0,30.0
UEI-IMD-FL-2007-0087,Pathanamthitta,2007-07-14,2007-07-18,2007,7,5.0,30.0
UEI-IMD-FL-2007-0087,Thiruvananthapuram,2007-07-14,2007-07-18,2007,7,5.0,30.0
UEI-IMD-FL-2007-0088,Wayanad,2007-07-26,2007-07-28,2007,7,3.0,
UEI-IMD-FL-2007-0089,Thiruvananthapuram,2007-09-09,2007-09-09,2007,9,1.0,
UEI-IMD-FL-2007-0090,Thiruvananthapuram,2007-10-21,2007-10-21,2007,10,1.0,
UEI-IMD-FL-2007-0091,Wayanad,2007-11-03,2007-11-09,2007,11,7.0,
UEI-IMD-FL-2007-0091,Malappuram,2007-11-03,2007-11-09,2007,11,7.0,
UEI-IMD-FL-2007-0091,Alappuzha,2007-11-03,2007-11-09,2007,11,7.0,
UEI-IMD-FL-2007-0091,Pathanamthitta,2007-11-03,2007-11-09,2007,11,7.0,
UEI-IMD-FL-2007-0091,Thiruvananthapuram,2007-11-03,2007-11-09,2007,11,7.0,
UEI-IMD-FL-2008-0062,Kasaragod,2008-03-13,2008-03-24,2008,3,12.0,16.0
UEI-IMD-FL-2008-0062,Kannur,2008-03-13,2008-03-24,2008,3,12.0,16.0
UEI-IMD-FL-2008-0062,Wayanad,2008-03-13,2008-03-24,2008,3,12.0,16.0
UEI-IMD-FL-2008-0062,Kozhikode,2008-03-13,2008-03-24,2008,3,12.0,16.0
UEI-IMD-FL-2008-0062,Malappuram,2008-03-13,2008-03-24,2008,3,12.0,16.0
UEI-IMD-FL-2008-0062,Palakkad,2008-03-13,2008-03-24,2008,3,12.0,16.0
UEI-IMD-FL-2008-0062,Thrissur,2008-03-13,2008-03-24,2008,3,12.0,16.0
UEI-IMD-FL-2008-0062,Ernakulam,2008-03-13,2008-03-24,2008,3,12.0,16.0
UEI-IMD-FL-2008-0062,Kottayam,2008-03-13,2008-03-24,2008,3,12.0,16.0
UEI-IMD-FL-2008-0062,Alappuzha,2008-03-13,2008-03-24,2008,3,12.0,16.0
UEI-IMD-FL-2008-0062,Pathanamthitta,2008-03-13,2008-03-24,2008,3,12.0,16.0
UEI-IMD-FL-2008-0062,Kollam,2008-03-13,2008-03-24,2008,3,12.0,16.0
UEI-IMD-FL-2008-0062,Thiruvananthapuram,2008-03-13,2008-03-24,2008,3,12.0,16.0
UEI-IMD-FL-2008-0063,Thiruvananthapuram,2008-04-08,2008-04-11,2008,4,4.0,
UEI-IMD-FL-2008-0064,Wayanad,2008-04-23,2008-04-25,2008,4,3.0,
UEI-IMD-FL-2008-0065,Thiruvananthapuram,2008-07-11,2008-07-15,2008,7,5.0,1.0
UEI-IMD-FL-2008-0066,Wayanad,2008-07-28,2008-07-30,2008,7,3.0,1.0
UEI-IMD-FL-2008-0066,Palakkad,2008-07-28,2008-07-30,2008,7,3.0,1.0
UEI-IMD-FL-2008-0066,Idukki,2008-07-28,2008-07-30,2008,7,3.0,1.0
UEI-IMD-FL-2008-0066,Kottayam,2008-07-28,2008-07-30,2008,7,3.0,1.0
UEI-IMD-FL-2008-0066,Alappuzha,2008-07-28,2008-07-30,2008,7,3.0,1.0
UEI-IMD-FL-2008-0066,Pathanamthitta,2008-07-28,2008-07-30,2008,7,3.0,1.0
UEI-IMD-FL-2008-0066,Kollam,2008-07-28,2008-07-30,2008,7,3.0,1.0
UEI-IMD-FL-2008-0066,Thiruvananthapuram,2008-07-28,2008-07-30,2008,7,3.0,1.0
UEI-IMD-FL-2008-0067,Wayanad,2008-08-10,2008-08-12,2008,8,3.0,2.0
UEI-IMD-FL-2008-0067,Palakkad,2008-08-10,2008-08-12,2008,8,3.0,2.0
UEI-IMD-FL-2008-0068,Thiruvananthapuram,2008-08-31,2008-08-31,2008,8,1.0,
UEI-IMD-FL-2008-0069,Malappuram,2008-09-01,2008-09-05,2008,9,5.0,1.0
UEI-IMD-FL-2008-0069,Pathanamthitta,2008-09-01,2008-09-05,2008,9,5.0,1.0
UEI-IMD-FL-2008-0069,Thiruvananthapuram,2008-09-01,2008-09-05,2008,9,5.0,1.0
UEI-IMD-FL-2008-0070,Kasaragod,2008-09-07,2008-09-08,2008,9,2.0,
UEI-IMD-FL-2008-0070,Idukki,2008-09-07,2008-09-08,2008,9,2.0,
UEI-IMD-FL-2008-0070,Kottayam,2008-09-07,2008-09-08,2008,9,2.0,
UEI-IMD-FL-2008-0071,Wayanad,2008-10-19,2008-10-27,2008,10,9.0,6.0
UEI-IMD-FL-2008-0071,Kozhikode,2008-10-19,2008-10-27,2008,10,9.0,6.0
UEI-IMD-FL-2008-0071,Malappuram,2008-10-19,2008-10-27,2008,10,9.0,6.0
UEI-IMD-FL-2008-0071,Palakkad,2008-10-19,2008-10-27,2008,10,9.0,6.0
UEI-IMD-FL-2008-0071,Thrissur,2008-10-19,2008-10-27,2008,10,9.0,6.0
UEI-IMD-FL-2008-0071,Kottayam,2008-10-19,2008-10-27,2008,10,9.0,6.0
UEI-IMD-FL-2008-0071,Alappuzha,2008-10-19,2008-10-27,2008,10,9.0,6.0
UEI-IMD-FL-2008-0071,Thiruvananthapuram,2008-10-19,2008-10-27,2008,10,9.0,6.0
UEI-IMD-FL-2009-0034,Kottayam,2009-05-26,2009-05-26,2009,5,1.0,
UEI-IMD-FL-2009-0034,Alappuzha,2009-05-26,2009-05-26,2009,5,1.0,
UEI-IMD-FL-2009-0034,Kollam,2009-05-26,2009-05-26,2009,5,1.0,
UEI-IMD-FL-2009-0034,Thiruvananthapuram,2009-05-26,2009-05-26,2009,5,1.0,
UEI-IMD-FL-2009-0035,Wayanad,2009-07-05,2009-07-05,2009,7,1.0,5.0
UEI-IMD-FL-2009-0035,Kozhikode,2009-07-05,2009-07-05,2009,7,1.0,5.0
UEI-IMD-FL-2009-0035,Thrissur,2009-07-05,2009-07-05,2009,7,1.0,5.0
UEI-IMD-FL-2009-0036,Wayanad,2009-07-11,2009-07-12,2009,7,2.0,
UEI-IMD-FL-2009-0037,Kasaragod,2009-07-15,2009-07-18,2009,7,4.0,33.0
UEI-IMD-FL-2009-0037,Kannur,2009-07-15,2009-07-18,2009,7,4.0,33.0
UEI-IMD-FL-2009-0037,Kozhikode,2009-07-15,2009-07-18,2009,7,4.0,33.0
UEI-IMD-FL-2009-0037,Thrissur,2009-07-15,2009-07-18,2009,7,4.0,33.0
UEI-IMD-FL-2009-0037,Ernakulam,2009-07-15,2009-07-18,2009,7,4.0,33.0
UEI-IMD-FL-2009-0037,Idukki,2009-07-15,2009-07-18,2009,7,4.0,33.0
UEI-IMD-FL-2009-0037,Alappuzha,2009-07-15,2009-07-18,2009,7,4.0,33.0
UEI-IMD-FL-2009-0037,Pathanamthitta,2009-07-15,2009-07-18,2009,7,4.0,33.0
UEI-IMD-FL-2009-0037,Kollam,2009-07-15,2009-07-18,2009,7,4.0,33.0
UEI-IMD-FL-2009-0037,Thiruvananthapuram,2009-07-15,2009-07-18,2009,7,4.0,33.0
UEI-IMD-FL-2009-0038,Wayanad,2009-07-20,2009-07-22,2009,7,3.0,7.0
UEI-IMD-FL-2009-0039,Kottayam,2009-09-18,2009-09-18,2009,9,1.0,1.0
UEI-IMD-FL-2009-0040,Kozhikode,2009-10-03,2009-10-03,2009,10,1.0,
UEI-IMD-FL-2009-0040,Malappuram,2009-10-03,2009-10-03,2009,10,1.0,
UEI-IMD-FL-2009-0040,Thrissur,2009-10-03,2009-10-03,2009,10,1.0,
UEI-IMD-FL-2009-0040,Ernakulam,2009-10-03,2009-10-03,2009,10,1.0,
UEI-IMD-FL-2009-0040,Alappuzha,2009-10-03,2009-10-03,2009,10,1.0,
UEI-IMD-FL-2009-0040,Pathanamthitta,2009-10-03,2009-10-03,2009,10,1.0,
UEI-IMD-FL-2009-0040,Kollam,2009-10-03,2009-10-03,2009,10,1.0,
UEI-IMD-FL-2009-0040,Thiruvananthapuram,2009-10-03,2009-10-03,2009,10,1.0,
UEI-IMD-FL-2009-0041,Palakkad,2009-11-07,2009-11-08,2009,11,2.0,1.0
UEI-IMD-FL-2009-0041,Idukki,2009-11-07,2009-11-08,2009,11,2.0,1.0
UEI-IMD-FL-2009-0041,Thiruvananthapuram,2009-11-07,2009-11-08,2009,11,2.0,1.0
UEI-IMD-FL-2009-0042,Wayanad,2009-12-27,2009-12-29,2009,12,3.0,
UEI-IMD-FL-2010-0064,Wayanad,2010-03-05,2010-03-05,2010,3,1.0,
UEI-IMD-FL-2010-0065,Kozhikode,2010-05-29,2010-05-29,2010,5,1.0,1.0
UEI-IMD-FL-2010-0066,Idukki,2010-06-08,2010-06-08,2010,6,1.0,
UEI-IMD-FL-2010-0067,Kasaragod,2010-06-11,2010-06-15,2010,6,5.0,
UEI-IMD-FL-2010-0067,Wayanad,2010-06-11,2010-06-15,2010,6,5.0,
UEI-IMD-FL-2010-0067,Kozhikode,2010-06-11,2010-06-15,2010,6,5.0,
UEI-IMD-FL-2010-0067,Malappuram,2010-06-11,2010-06-15,2010,6,5.0,
UEI-IMD-FL-2010-0067,Palakkad,2010-06-11,2010-06-15,2010,6,5.0,
UEI-IMD-FL-2010-0067,Thrissur,2010-06-11,2010-06-15,2010,6,5.0,
UEI-IMD-FL-2010-0067,Ernakulam,2010-06-11,2010-06-15,2010,6,5.0,
UEI-IMD-FL-2010-0067,Idukki,2010-06-11,2010-06-15,2010,6,5.0,
UEI-IMD-FL-2010-0067,Kottayam,2010-06-11,2010-06-15,2010,6,5.0,
UEI-IMD-FL-2010-0067,Alappuzha,2010-06-11,2010-06-15,2010,6,5.0,
UEI-IMD-FL-2010-0067,Pathanamthitta,2010-06-11,2010-06-15,2010,6,5.0,
UEI-IMD-FL-2010-0067,Thiruvananthapuram,2010-06-11,2010-06-15,2010,6,5.0,
UEI-IMD-FL-2010-0068,Thiruvananthapuram,2010-07-19,2010-07-19,2010,7,1.0,
UEI-IMD-FL-2010-0069,Kozhikode,2010-09-17,2010-09-19,2010,9,3.0,2.0
UEI-IMD-FL-2010-0069,Ernakulam,2010-09-17,2010-09-19,2010,9,3.0,2.0
UEI-IMD-FL-2010-0069,Alappuzha,2010-09-17,2010-09-19,2010,9,3.0,2.0
UEI-IMD-FL-2010-0070,Kottayam,2010-09-24,2010-09-24,2010,9,1.0,
UEI-IMD-FL-2010-0071,Wayanad,2010-10-03,2010-10-08,2010,10,6.0,20.0
UEI-IMD-FL-2010-0071,Kozhikode,2010-10-03,2010-10-08,2010,10,6.0,20.0
UEI-IMD-FL-2010-0071,Malappuram,2010-10-03,2010-10-08,2010,10,6.0,20.0
UEI-IMD-FL-2010-0071,Thrissur,2010-10-03,2010-10-08,2010,10,6.0,20.0
UEI-IMD-FL-2010-0071,Alappuzha,2010-10-03,2010-10-08,2010,10,6.0,20.0
UEI-IMD-FL-2010-0071,Kollam,2010-10-03,2010-10-08,2010,10,6.0,20.0
UEI-IMD-FL-2010-0071,Thiruvananthapuram,2010-10-03,2010-10-08,2010,10,6.0,20.0
UEI-IMD-FL-2010-0072,Thrissur,2010-10-18,2010-10-18,2010,10,1.0,
UEI-IMD-FL-2010-0072,Kottayam,2010-10-18,2010-10-18,2010,10,1.0,
UEI-IMD-FL-2010-0072,Alappuzha,2010-10-18,2010-10-18,2010,10,1.0,
UEI-IMD-FL-2010-0072,Pathanamthitta,2010-10-18,2010-10-18,2010,10,1.0,
UEI-IMD-FL-2010-0072,Thiruvananthapuram,2010-10-18,2010-10-18,2010,10,1.0,
UEI-IMD-FL-2010-0073,Kasaragod,2010-10-22,2010-10-22,2010,10,1.0,
UEI-IMD-FL-2010-0073,Kannur,2010-10-22,2010-10-22,2010,10,1.0,
UEI-IMD-FL-2010-0073,Wayanad,2010-10-22,2010-10-22,2010,10,1.0,
UEI-IMD-FL-2010-0073,Kozhikode,2010-10-22,2010-10-22,2010,10,1.0,
UEI-IMD-FL-2010-0073,Malappuram,2010-10-22,2010-10-22,2010,10,1.0,
UEI-IMD-FL-2010-0074,Idukki,2010-10-27,2010-10-29,2010,10,3.0,3.0
UEI-IMD-FL-2010-0074,Thiruvananthapuram,2010-10-27,2010-10-29,2010,10,3.0,3.0
UEI-IMD-FL-2010-0075,Thiruvananthapuram,2010-11-08,2010-11-08,2010,11,1.0,
UEI-IMD-FL-2010-0076,Thiruvananthapuram,2010-11-16,2010-11-16,2010,11,1.0,1.0
UEI-IMD-FL-2010-0077,Wayanad,2010-11-20,2010-11-24,2010,11,5.0,2.0
UEI-IMD-FL-2010-0077,Kozhikode,2010-11-20,2010-11-24,2010,11,5.0,2.0
UEI-IMD-FL-2010-0077,Palakkad,2010-11-20,2010-11-24,2010,11,5.0,2.0
UEI-IMD-FL-2010-0077,Pathanamthitta,2010-11-20,2010-11-24,2010,11,5.0,2.0
UEI-IMD-FL-2010-0077,Thiruvananthapuram,2010-11-20,2010-11-24,2010,11,5.0,2.0
UEI-IMD-FL-2010-0078,Pathanamthitta,2010-11-27,2010-11-28,2010,11,2.0,1.0
UEI-IMD-FL-2010-0078,Thiruvananthapuram,2010-11-27,2010-11-28,2010,11,2.0,1.0
UEI-IMD-FL-2010-0079,Thiruvananthapuram,2010-12-08,2010-12-08,2010,12,1.0,1.0
UEI-IMD-FL-2011-0040,Wayanad,2011-04-14,2011-04-14,2011,4,1.0,
UEI-IMD-FL-2011-0041,Wayanad,2011-04-21,2011-04-21,2011,4,1.0,
UEI-IMD-FL-2011-0042,Alappuzha,2011-04-25,2011-04-25,2011,4,1.0,
UEI-IMD-FL-2011-0043,Thiruvananthapuram,2011-04-28,2011-04-30,2011,4,3.0,1.0
UEI-IMD-FL-2011-0044,Wayanad,2011-06-01,2011-06-03,2011,6,3.0,1.0
UEI-IMD-FL-2011-0044,Kozhikode,2011-06-01,2011-06-03,2011,6,3.0,1.0
UEI-IMD-FL-2011-0044,Malappuram,2011-06-01,2011-06-03,2011,6,3.0,1.0
UEI-IMD-FL-2011-0044,Thrissur,2011-06-01,2011-06-03,2011,6,3.0,1.0
UEI-IMD-FL-2011-0044,Idukki,2011-06-01,2011-06-03,2011,6,3.0,1.0
UEI-IMD-FL-2011-0044,Kottayam,2011-06-01,2011-06-03,2011,6,3.0,1.0
UEI-IMD-FL-2011-0044,Alappuzha,2011-06-01,2011-06-03,2011,6,3.0,1.0
UEI-IMD-FL-2011-0044,Pathanamthitta,2011-06-01,2011-06-03,2011,6,3.0,1.0
UEI-IMD-FL-2011-0044,Kollam,2011-06-01,2011-06-03,2011,6,3.0,1.0
UEI-IMD-FL-2011-0044,Thiruvananthapuram,2011-06-01,2011-06-03,2011,6,3.0,1.0
UEI-IMD-FL-2011-0045,Malappuram,2011-06-05,2011-06-08,2011,6,4.0,4.0
UEI-IMD-FL-2011-0045,Thrissur,2011-06-05,2011-06-08,2011,6,4.0,4.0
UEI-IMD-FL-2011-0045,Ernakulam,2011-06-05,2011-06-08,2011,6,4.0,4.0
UEI-IMD-FL-2011-0045,Idukki,2011-06-05,2011-06-08,2011,6,4.0,4.0
UEI-IMD-FL-2011-0045,Kottayam,2011-06-05,2011-06-08,2011,6,4.0,4.0
UEI-IMD-FL-2011-0045,Alappuzha,2011-06-05,2011-06-08,2011,6,4.0,4.0
UEI-IMD-FL-2011-0045,Pathanamthitta,2011-06-05,2011-06-08,2011,6,4.0,4.0
UEI-IMD-FL-2011-0045,Thiruvananthapuram,2011-06-05,2011-06-08,2011,6,4.0,4.0
UEI-IMD-FL-2011-0046,Wayanad,2011-06-17,2011-06-18,2011,6,2.0,
UEI-IMD-FL-2011-0047,Kozhikode,2011-06-29,2011-06-29,2011,6,1.0,
UEI-IMD-FL-2011-0048,Kasaragod,2011-07-16,2011-07-20,2011,7,5.0,4.0
UEI-IMD-FL-2011-0048,Wayanad,2011-07-16,2011-07-20,2011,7,5.0,4.0
UEI-IMD-FL-2011-0048,Kozhikode,2011-07-16,2011-07-20,2011,7,5.0,4.0
UEI-IMD-FL-2011-0048,Malappuram,2011-07-16,2011-07-20,2011,7,5.0,4.0
UEI-IMD-FL-2011-0049,Kannur,2011-08-06,2011-08-07,2011,8,2.0,1.0
UEI-IMD-FL-2011-0049,Idukki,2011-08-06,2011-08-07,2011,8,2.0,1.0
UEI-IMD-FL-2011-0049,Kottayam,2011-08-06,2011-08-07,2011,8,2.0,1.0
UEI-IMD-FL-2011-0049,Pathanamthitta,2011-08-06,2011-08-07,2011,8,2.0,1.0
UEI-IMD-FL-2011-0049,Thiruvananthapuram,2011-08-06,2011-08-07,2011,8,2.0,1.0
UEI-IMD-FL-2011-0050,Wayanad,2011-08-28,2011-09-04,2011,8,8.0,2.0
UEI-IMD-FL-2011-0050,Kozhikode,2011-08-28,2011-09-04,2011,8,8.0,2.0
UEI-IMD-FL-2011-0050,Malappuram,2011-08-28,2011-09-04,2011,8,8.0,2.0
UEI-IMD-FL-2011-0050,Palakkad,2011-08-28,2011-09-04,2011,8,8.0,2.0
UEI-IMD-FL-2011-0050,Thrissur,2011-08-28,2011-09-04,2011,8,8.0,2.0
UEI-IMD-FL-2011-0050,Thiruvananthapuram,2011-08-28,2011-09-04,2011,8,8.0,2.0
UEI-IMD-FL-2011-0051,Wayanad,2011-10-10,2011-10-10,2011,10,1.0,
UEI-IMD-FL-2011-0052,Wayanad,2011-10-14,2011-10-17,2011,10,4.0,2.0
UEI-IMD-FL-2011-0052,Idukki,2011-10-14,2011-10-17,2011,10,4.0,2.0
UEI-IMD-FL-2011-0053,Malappuram,2011-10-21,2011-10-21,2011,10,1.0,
UEI-IMD-FL-2011-0053,Thrissur,2011-10-21,2011-10-21,2011,10,1.0,
UEI-IMD-FL-2011-0054,Kannur,2011-10-31,2011-11-08,2011,10,9.0,
UEI-IMD-FL-2011-0054,Wayanad,2011-10-31,2011-11-08,2011,10,9.0,
UEI-IMD-FL-2011-0054,Thiruvananthapuram,2011-10-31,2011-11-08,2011,10,9.0,
UEI-IMD-FL-2011-0055,Thiruvananthapuram,2011-11-26,2011-11-27,2011,11,2.0,
UEI-IMD-FL-2011-0056,Alappuzha,2011-12-31,2011-12-31,2011,12,1.0,
UEI-IMD-FL-2011-0056,Kollam,2011-12-31,2011-12-31,2011,12,1.0,
UEI-IMD-FL-2011-0056,Thiruvananthapuram,2011-12-31,2011-12-31,2011,12,1.0,
UEI-IMD-FL-2012-0045,Kollam,2012-04-07,2012-04-07,2012,4,1.0,
UEI-IMD-FL-2012-0046,Wayanad,2012-04-09,2012-04-09,2012,4,1.0,
UEI-IMD-FL-2012-0047,Pathanamthitta,2012-04-23,2012-04-23,2012,4,1.0,2.0
UEI-IMD-FL-2012-0048,Thrissur,2012-04-24,2012-04-27,2012,4,4.0,2.0
UEI-IMD-FL-2012-0049,Wayanad,2012-06-06,2012-06-06,2012,6,1.0,
UEI-IMD-FL-2012-0050,Kottayam,2012-06-12,2012-06-12,2012,6,1.0,40.0
UEI-IMD-FL-2012-0051,Thiruvananthapuram,2012-07-02,2012-07-03,2012,7,2.0,3.0
UEI-IMD-FL-2012-0052,Wayanad,2012-07-28,2012-07-28,2012,7,1.0,
UEI-IMD-FL-2012-0053,Kannur,2012-08-04,2012-08-08,2012,8,5.0,14.0
UEI-IMD-FL-2012-0053,Wayanad,2012-08-04,2012-08-08,2012,8,5.0,14.0
UEI-IMD-FL-2012-0053,Kozhikode,2012-08-04,2012-08-08,2012,8,5.0,14.0
UEI-IMD-FL-2012-0054,Ernakulam,2012-11-17,2012-11-18,2012,11,2.0,5.0
UEI-IMD-FL-2012-0054,Idukki,2012-11-17,2012-11-18,2012,11,2.0,5.0
UEI-IMD-FL-2012-0054,Kottayam,2012-11-17,2012-11-18,2012,11,2.0,5.0
UEI-IMD-FL-2012-0054,Pathanamthitta,2012-11-17,2012-11-18,2012,11,2.0,5.0
UEI-IMD-FL-2012-0054,Thiruvananthapuram,2012-11-17,2012-11-18,2012,11,2.0,5.0
UEI-IMD-FL-2012-0055,Kollam,2012-04-09,2012-04-09,2012,4,1.0,
UEI-IMD-FL-2012-0056,Ernakulam,2012-01-11,2012-01-11,2012,1,1.0,
UEI-IMD-FL-2012-0056,Kollam,2012-01-11,2012-01-11,2012,1,1.0,
UEI-IMD-FL-2012-0056,Thiruvananthapuram,2012-01-11,2012-01-11,2012,1,1.0,
UEI-IMD-FL-2012-0057,Thiruvananthapuram,2012-11-11,2012-11-11,2012,11,1.0,
UEI-IMD-FL-2013-0061,Wayanad,2013-03-09,2013-03-09,2013,3,1.0,
UEI-IMD-FL-2013-0062,Kannur,2013-03-12,2013-03-12,2013,3,1.0,
UEI-IMD-FL-2013-0063,Thiruvananthapuram,2013-03-26,2013-03-26,2013,3,1.0,
UEI-IMD-FL-2013-0064,Wayanad,2013-03-29,2013-03-31,2013,3,3.0,
UEI-IMD-FL-2013-0065,Wayanad,2013-04-26,2013-04-28,2013,4,3.0,
UEI-IMD-FL-2013-0066,Wayanad,2013-05-03,2013-05-07,2013,5,5.0,
UEI-IMD-FL-2013-0067,Thiruvananthapuram,2013-05-05,2013-05-05,2013,5,1.0,
UEI-IMD-FL-2013-0068,Thiruvananthapuram,2013-06-02,2013-06-06,2013,6,5.0,
UEI-IMD-FL-2013-0069,Thrissur,2013-06-08,2013-06-08,2013,6,1.0,
UEI-IMD-FL-2013-0069,Thiruvananthapuram,2013-06-08,2013-06-08,2013,6,1.0,
UEI-IMD-FL-2013-0070,Wayanad,2013-06-08,2013-06-16,2013,6,9.0,
UEI-IMD-FL-2013-0071,Thiruvananthapuram,2013-06-11,2013-06-26,2013,6,16.0,7.0
UEI-IMD-FL-2013-0072,Kasaragod,2013-06-17,2013-06-17,2013,6,1.0,2.0
UEI-IMD-FL-2013-0073,Kasaragod,2013-06-24,2013-06-27,2013,6,4.0,
UEI-IMD-FL-2013-0074,Kozhikode,2013-06-25,2013-06-29,2013,6,5.0,2.0
UEI-IMD-FL-2013-0074,Palakkad,2013-06-25,2013-06-29,2013,6,5.0,2.0
UEI-IMD-FL-2013-0074,Ernakulam,2013-06-25,2013-06-29,2013,6,5.0,2.0
UEI-IMD-FL-2013-0074,Idukki,2013-06-25,2013-06-29,2013,6,5.0,2.0
UEI-IMD-FL-2013-0074,Pathanamthitta,2013-06-25,2013-06-29,2013,6,5.0,2.0
UEI-IMD-FL-2013-0074,Kollam,2013-06-25,2013-06-29,2013,6,5.0,2.0
UEI-IMD-FL-2013-0075,Alappuzha,2013-06-27,2013-06-29,2013,6,3.0,7.0
UEI-IMD-FL-2013-0076,Wayanad,2013-07-01,2013-07-04,2013,7,4.0,
UEI-IMD-FL-2013-0077,Idukki,2013-07-05,2013-07-12,2013,7,8.0,
UEI-IMD-FL-2013-0077,Thiruvananthapuram,2013-07-05,2013-07-12,2013,7,8.0,
UEI-IMD-FL-2013-0078,Wayanad,2013-07-11,2013-07-11,2013,7,1.0,
UEI-IMD-FL-2013-0079,Ernakulam,2013-07-11,2013-07-13,2013,7,3.0,1.0
UEI-IMD-FL-2013-0079,Kottayam,2013-07-11,2013-07-13,2013,7,3.0,1.0
UEI-IMD-FL-2013-0079,Alappuzha,2013-07-11,2013-07-13,2013,7,3.0,1.0
UEI-IMD-FL-2013-0079,Kollam,2013-07-11,2013-07-13,2013,7,3.0,1.0
UEI-IMD-FL-2013-0080,Thiruvananthapuram,2013-07-19,2013-07-26,2013,7,8.0,
UEI-IMD-FL-2013-0081,Ernakulam,2013-07-23,2013-07-23,2013,7,1.0,4.0
UEI-IMD-FL-2013-0082,Pathanamthitta,2013-07-29,2013-07-29,2013,7,1.0,1.0
UEI-IMD-FL-2013-0083,Wayanad,2013-08-01,2013-08-02,2013,8,2.0,
UEI-IMD-FL-2013-0084,Thiruvananthapuram,2013-08-02,2013-08-06,2013,8,5.0,
UEI-IMD-FL-2013-0085,Ernakulam,2013-08-04,2013-08-08,2013,8,5.0,17.0
UEI-IMD-FL-2013-0085,Idukki,2013-08-04,2013-08-08,2013,8,5.0,17.0
UEI-IMD-FL-2013-0085,Alappuzha,2013-08-04,2013-08-08,2013,8,5.0,17.0
UEI-IMD-FL-2013-0086,Wayanad,2013-08-10,2013-08-16,2013,8,7.0,
UEI-IMD-FL-2013-0087,Idukki,2013-09-01,2013-09-01,2013,9,1.0,
UEI-IMD-FL-2013-0088,Wayanad,2013-09-12,2013-09-12,2013,9,1.0,
UEI-IMD-FL-2013-0089,Thiruvananthapuram,2013-09-17,2013-09-17,2013,9,1.0,
UEI-IMD-FL-2014-0041,Wayanad,2014-03-07,2014-03-09,2014,3,3.0,
UEI-IMD-FL-2014-0042,Wayanad,2014-03-25,2014-03-25,2014,3,1.0,
UEI-IMD-FL-2014-0043,Kasaragod,2014-04-10,2014-04-16,2014,4,7.0,6.0
UEI-IMD-FL-2014-0043,Wayanad,2014-04-10,2014-04-16,2014,4,7.0,6.0
UEI-IMD-FL-2014-0043,Kozhikode,2014-04-10,2014-04-16,2014,4,7.0,6.0
UEI-IMD-FL-2014-0043,Thrissur,2014-04-10,2014-04-16,2014,4,7.0,6.0
UEI-IMD-FL-2014-0043,Alappuzha,2014-04-10,2014-04-16,2014,4,7.0,6.0
UEI-IMD-FL-2014-0043,Thiruvananthapuram,2014-04-10,2014-04-16,2014,4,7.0,6.0
UEI-IMD-FL-2014-0044,Wayanad,2014-04-19,2014-04-30,2014,4,12.0,
UEI-IMD-FL-2014-0044,Thiruvananthapuram,2014-04-19,2014-04-30,2014,4,12.0,
UEI-IMD-FL-2014-0045,Wayanad,2014-05-03,2014-05-09,2014,5,7.0,4.0
UEI-IMD-FL-2014-0045,Kozhikode,2014-05-03,2014-05-09,2014,5,7.0,4.0
UEI-IMD-FL-2014-0045,Malappuram,2014-05-03,2014-05-09,2014,5,7.0,4.0
UEI-IMD-FL-2014-0045,Thrissur,2014-05-03,2014-05-09,2014,5,7.0,4.0
UEI-IMD-FL-2014-0045,Ernakulam,2014-05-03,2014-05-09,2014,5,7.0,4.0
UEI-IMD-FL-2014-0045,Alappuzha,2014-05-03,2014-05-09,2014,5,7.0,4.0
UEI-IMD-FL-2014-0045,Thiruvananthapuram,2014-05-03,2014-05-09,2014,5,7.0,4.0
UEI-IMD-FL-2014-0046,Wayanad,2014-06-06,2014-06-06,2014,6,1.0,
UEI-IMD-FL-2014-0047,Thiruvananthapuram,2014-06-12,2014-06-14,2014,6,3.0,
UEI-IMD-FL-2014-0048,Idukki,2014-06-21,2014-06-21,2014,6,1.0,
UEI-IMD-FL-2014-0049,Kasaragod,2014-07-12,2014-07-15,2014,7,4.0,9.0
UEI-IMD-FL-2014-0049,Kannur,2014-07-12,2014-07-15,2014,7,4.0,9.0
UEI-IMD-FL-2014-0049,Wayanad,2014-07-12,2014-07-15,2014,7,4.0,9.0
UEI-IMD-FL-2014-0049,Kozhikode,2014-07-12,2014-07-15,2014,7,4.0,9.0
UEI-IMD-FL-2014-0049,Malappuram,2014-07-12,2014-07-15,2014,7,4.0,9.0
UEI-IMD-FL-2014-0050,Kasaragod,2014-08-01,2014-08-07,2014,8,7.0,
UEI-IMD-FL-2014-0050,Kannur,2014-08-01,2014-08-07,2014,8,7.0,
UEI-IMD-FL-2014-0050,Wayanad,2014-08-01,2014-08-07,2014,8,7.0,
UEI-IMD-FL-2014-0050,Kozhikode,2014-08-01,2014-08-07,2014,8,7.0,
UEI-IMD-FL-2014-0050,Malappuram,2014-08-01,2014-08-07,2014,8,7.0,
UEI-IMD-FL-2014-0050,Palakkad,2014-08-01,2014-08-07,2014,8,7.0,
UEI-IMD-FL-2014-0050,Thrissur,2014-08-01,2014-08-07,2014,8,7.0,
UEI-IMD-FL-2014-0050,Kottayam,2014-08-01,2014-08-07,2014,8,7.0,
UEI-IMD-FL-2014-0050,Alappuzha,2014-08-01,2014-08-07,2014,8,7.0,
UEI-IMD-FL-2014-0050,Pathanamthitta,2014-08-01,2014-08-07,2014,8,7.0,
UEI-IMD-FL-2014-0050,Thiruvananthapuram,2014-08-01,2014-08-07,2014,8,7.0,
UEI-IMD-FL-2014-0051,Wayanad,2014-08-22,2014-08-24,2014,8,3.0,4.0
UEI-IMD-FL-2014-0051,Kottayam,2014-08-22,2014-08-24,2014,8,3.0,4.0
UEI-IMD-FL-2014-0051,Pathanamthitta,2014-08-22,2014-08-24,2014,8,3.0,4.0
UEI-IMD-FL-2014-0051,Thiruvananthapuram,2014-08-22,2014-08-24,2014,8,3.0,4.0
UEI-IMD-FL-2014-0052,Thiruvananthapuram,2014-09-01,2014-09-03,2014,9,3.0,
UEI-IMD-FL-2014-0053,Thiruvananthapuram,2014-09-26,2014-09-26,2014,9,1.0,
UEI-IMD-FL-2015-0044,Malappuram,2015-03-03,2015-03-09,2015,3,7.0,
UEI-IMD-FL-2015-0044,Thrissur,2015-03-03,2015-03-09,2015,3,7.0,
UEI-IMD-FL-2015-0044,Ernakulam,2015-03-03,2015-03-09,2015,3,7.0,
UEI-IMD-FL-2015-0044,Kottayam,2015-03-03,2015-03-09,2015,3,7.0,
UEI-IMD-FL-2015-0044,Alappuzha,2015-03-03,2015-03-09,2015,3,7.0,
UEI-IMD-FL-2015-0044,Pathanamthitta,2015-03-03,2015-03-09,2015,3,7.0,
UEI-IMD-FL-2015-0045,Thrissur,2015-03-13,2015-03-17,2015,3,5.0,
UEI-IMD-FL-2015-0045,Kottayam,2015-03-13,2015-03-17,2015,3,5.0,
UEI-IMD-FL-2015-0045,Alappuzha,2015-03-13,2015-03-17,2015,3,5.0,
UEI-IMD-FL-2015-0045,Thiruvananthapuram,2015-03-13,2015-03-17,2015,3,5.0,
UEI-IMD-FL-2015-0046,Alappuzha,2015-03-27,2015-03-31,2015,3,5.0,
UEI-IMD-FL-2015-0046,Pathanamthitta,2015-03-27,2015-03-31,2015,3,5.0,
UEI-IMD-FL-2015-0047,Palakkad,2015-04-06,2015-04-10,2015,4,5.0,1.0
UEI-IMD-FL-2015-0047,Ernakulam,2015-04-06,2015-04-10,2015,4,5.0,1.0
UEI-IMD-FL-2015-0047,Idukki,2015-04-06,2015-04-10,2015,4,5.0,1.0
UEI-IMD-FL-2015-0047,Alappuzha,2015-04-06,2015-04-10,2015,4,5.0,1.0
UEI-IMD-FL-2015-0047,Kollam,2015-04-06,2015-04-10,2015,4,5.0,1.0
UEI-IMD-FL-2015-0048,Wayanad,2015-04-11,2015-04-16,2015,4,6.0,5.0
UEI-IMD-FL-2015-0048,Kozhikode,2015-04-11,2015-04-16,2015,4,6.0,5.0
UEI-IMD-FL-2015-0048,Malappuram,2015-04-11,2015-04-16,2015,4,6.0,5.0
UEI-IMD-FL-2015-0048,Ernakulam,2015-04-11,2015-04-16,2015,4,6.0,5.0
UEI-IMD-FL-2015-0048,Idukki,2015-04-11,2015-04-16,2015,4,6.0,5.0
UEI-IMD-FL-2015-0048,Pathanamthitta,2015-04-11,2015-04-16,2015,4,6.0,5.0
UEI-IMD-FL-2015-0048,Kollam,2015-04-11,2015-04-16,2015,4,6.0,5.0
UEI-IMD-FL-2015-0048,Thiruvananthapuram,2015-04-11,2015-04-16,2015,4,6.0,5.0
UEI-IMD-FL-2015-0049,Kasaragod,2015-04-19,2015-04-25,2015,4,7.0,1.0
UEI-IMD-FL-2015-0049,Kannur,2015-04-19,2015-04-25,2015,4,7.0,1.0
UEI-IMD-FL-2015-0049,Malappuram,2015-04-19,2015-04-25,2015,4,7.0,1.0
UEI-IMD-FL-2015-0049,Palakkad,2015-04-19,2015-04-25,2015,4,7.0,1.0
UEI-IMD-FL-2015-0049,Idukki,2015-04-19,2015-04-25,2015,4,7.0,1.0
UEI-IMD-FL-2015-0049,Alappuzha,2015-04-19,2015-04-25,2015,4,7.0,1.0
UEI-IMD-FL-2015-0049,Pathanamthitta,2015-04-19,2015-04-25,2015,4,7.0,1.0
UEI-IMD-FL-2015-0049,Thiruvananthapuram,2015-04-19,2015-04-25,2015,4,7.0,1.0
UEI-IMD-FL-2015-0050,Kannur,2015-04-26,2015-04-30,2015,4,5.0,
UEI-IMD-FL-2015-0050,Wayanad,2015-04-26,2015-04-30,2015,4,5.0,
UEI-IMD-FL-2015-0050,Malappuram,2015-04-26,2015-04-30,2015,4,5.0,
UEI-IMD-FL-2015-0050,Ernakulam,2015-04-26,2015-04-30,2015,4,5.0,
UEI-IMD-FL-2015-0050,Kottayam,2015-04-26,2015-04-30,2015,4,5.0,
UEI-IMD-FL-2015-0050,Alappuzha,2015-04-26,2015-04-30,2015,4,5.0,
UEI-IMD-FL-2015-0050,Pathanamthitta,2015-04-26,2015-04-30,2015,4,5.0,
UEI-IMD-FL-2015-0050,Thiruvananthapuram,2015-04-26,2015-04-30,2015,4,5.0,
UEI-IMD-FL-2015-0051,Kannur,2015-05-03,2015-05-05,2015,5,3.0,
UEI-IMD-FL-2015-0051,Palakkad,2015-05-03,2015-05-05,2015,5,3.0,
UEI-IMD-FL-2015-0051,Thrissur,2015-05-03,2015-05-05,2015,5,3.0,
UEI-IMD-FL-2015-0051,Ernakulam,2015-05-03,2015-05-05,2015,5,3.0,
UEI-IMD-FL-2015-0051,Idukki,2015-05-03,2015-05-05,2015,5,3.0,
UEI-IMD-FL-2015-0051,Thiruvananthapuram,2015-05-03,2015-05-05,2015,5,3.0,
UEI-IMD-FL-2015-0052,Palakkad,2015-05-07,2015-05-09,2015,5,3.0,
UEI-IMD-FL-2015-0052,Thrissur,2015-05-07,2015-05-09,2015,5,3.0,
UEI-IMD-FL-2015-0052,Kottayam,2015-05-07,2015-05-09,2015,5,3.0,
UEI-IMD-FL-2015-0053,Kasaragod,2015-05-10,2015-05-14,2015,5,5.0,
UEI-IMD-FL-2015-0053,Kannur,2015-05-10,2015-05-14,2015,5,5.0,
UEI-IMD-FL-2015-0053,Wayanad,2015-05-10,2015-05-14,2015,5,5.0,
UEI-IMD-FL-2015-0053,Kozhikode,2015-05-10,2015-05-14,2015,5,5.0,
UEI-IMD-FL-2015-0053,Malappuram,2015-05-10,2015-05-14,2015,5,5.0,
UEI-IMD-FL-2015-0053,Palakkad,2015-05-10,2015-05-14,2015,5,5.0,
UEI-IMD-FL-2015-0053,Thrissur,2015-05-10,2015-05-14,2015,5,5.0,
UEI-IMD-FL-2015-0053,Ernakulam,2015-05-10,2015-05-14,2015,5,5.0,
UEI-IMD-FL-2015-0053,Idukki,2015-05-10,2015-05-14,2015,5,5.0,
UEI-IMD-FL-2015-0053,Kollam,2015-05-10,2015-05-14,2015,5,5.0,
UEI-IMD-FL-2015-0054,Kasaragod,2015-05-15,2015-05-28,2015,5,14.0,5.0
UEI-IMD-FL-2015-0054,Kollam,2015-05-15,2015-05-28,2015,5,14.0,5.0
UEI-IMD-FL-2015-0054,Thiruvananthapuram,2015-05-15,2015-05-28,2015,5,14.0,5.0
UEI-IMD-FL-2015-0055,Kannur,2015-06-08,2015-06-16,2015,6,9.0,1.0
UEI-IMD-FL-2015-0055,Thrissur,2015-06-08,2015-06-16,2015,6,9.0,1.0
UEI-IMD-FL-2015-0055,Alappuzha,2015-06-08,2015-06-16,2015,6,9.0,1.0
UEI-IMD-FL-2015-0055,Kollam,2015-06-08,2015-06-16,2015,6,9.0,1.0
UEI-IMD-FL-2015-0055,Thiruvananthapuram,2015-06-08,2015-06-16,2015,6,9.0,1.0
UEI-IMD-FL-2015-0056,Kasaragod,2015-06-19,2015-06-29,2015,6,11.0,11.0
UEI-IMD-FL-2015-0056,Wayanad,2015-06-19,2015-06-29,2015,6,11.0,11.0
UEI-IMD-FL-2015-0056,Palakkad,2015-06-19,2015-06-29,2015,6,11.0,11.0
UEI-IMD-FL-2015-0056,Thrissur,2015-06-19,2015-06-29,2015,6,11.0,11.0
UEI-IMD-FL-2015-0056,Ernakulam,2015-06-19,2015-06-29,2015,6,11.0,11.0
UEI-IMD-FL-2015-0056,Idukki,2015-06-19,2015-06-29,2015,6,11.0,11.0
UEI-IMD-FL-2015-0056,Kottayam,2015-06-19,2015-06-29,2015,6,11.0,11.0
UEI-IMD-FL-2015-0056,Alappuzha,2015-06-19,2015-06-29,2015,6,11.0,11.0
UEI-IMD-FL-2015-0056,Pathanamthitta,2015-06-19,2015-06-29,2015,6,11.0,11.0
UEI-IMD-FL-2015-0056,Thiruvananthapuram,2015-06-19,2015-06-29,2015,6,11.0,11.0
UEI-IMD-FL-2015-0057,Kannur,2015-07-18,2015-07-20,2015,7,3.0,9.0
UEI-IMD-FL-2015-0058,Kannur,2015-08-12,2015-08-12,2015,8,1.0,
UEI-IMD-FL-2015-0059,Pathanamthitta,2015-09-05,2015-09-06,2015,9,2.0,
UEI-IMD-FL-2015-0059,Thiruvananthapuram,2015-09-05,2015-09-06,2015,9,2.0,
UEI-IMD-FL-2015-0060,Kannur,2015-09-27,2015-09-28,2015,9,2.0,
UEI-IMD-FL-2015-0060,Wayanad,2015-09-27,2015-09-28,2015,9,2.0,
UEI-IMD-FL-2015-0061,Thiruvananthapuram,2015-10-08,2015-10-09,2015,10,2.0,
UEI-IMD-FL-2015-0062,Thiruvananthapuram,2015-10-30,2015-10-31,2015,10,2.0,
UEI-IMD-FL-2015-0063,Malappuram,2015-11-01,2015-11-21,2015,11,21.0,2.0
UEI-IMD-FL-2015-0063,Ernakulam,2015-11-01,2015-11-21,2015,11,21.0,2.0
UEI-IMD-FL-2015-0063,Pathanamthitta,2015-11-01,2015-11-21,2015,11,21.0,2.0
UEI-IMD-FL-2015-0063,Thiruvananthapuram,2015-11-01,2015-11-21,2015,11,21.0,2.0
UEI-IMD-FL-2015-0064,Alappuzha,2015-12-08,2015-12-19,2015,12,12.0,
UEI-IMD-FL-2015-0064,Thiruvananthapuram,2015-12-08,2015-12-19,2015,12,12.0,
UEI-IMD-FL-2016-0076,Kannur,2016-04-14,2016-04-14,2016,4,1.0,2.0
UEI-IMD-FL-2016-0077,Kozhikode,2016-05-31,2016-05-31,2016,5,1.0,1.0
UEI-IMD-FL-2016-0078,Wayanad,2016-06-07,2016-06-09,2016,6,3.0,2.0
UEI-IMD-FL-2016-0078,Idukki,2016-06-07,2016-06-09,2016,6,3.0,2.0
UEI-IMD-FL-2016-0078,Kottayam,2016-06-07,2016-06-09,2016,6,3.0,2.0
UEI-IMD-FL-2016-0078,Thiruvananthapuram,2016-06-07,2016-06-09,2016,6,3.0,2.0
UEI-IMD-FL-2016-0079,Kannur,2016-06-10,2016-06-13,2016,6,4.0,2.0
UEI-IMD-FL-2016-0079,Wayanad,2016-06-10,2016-06-13,2016,6,4.0,2.0
UEI-IMD-FL-2016-0079,Idukki,2016-06-10,2016-06-13,2016,6,4.0,2.0
UEI-IMD-FL-2016-0079,Pathanamthitta,2016-06-10,2016-06-13,2016,6,4.0,2.0
UEI-IMD-FL-2016-0079,Kollam,2016-06-10,2016-06-13,2016,6,4.0,2.0
UEI-IMD-FL-2016-0079,Thiruvananthapuram,2016-06-10,2016-06-13,2016,6,4.0,2.0
UEI-IMD-FL-2016-0080,Wayanad,2016-06-16,2016-06-19,2016,6,4.0,
UEI-IMD-FL-2016-0080,Malappuram,2016-06-16,2016-06-19,2016,6,4.0,
UEI-IMD-FL-2016-0080,Thrissur,2016-06-16,2016-06-19,2016,6,4.0,
UEI-IMD-FL-2016-0080,Ernakulam,2016-06-16,2016-06-19,2016,6,4.0,
UEI-IMD-FL-2016-0080,Idukki,2016-06-16,2016-06-19,2016,6,4.0,
UEI-IMD-FL-2016-0080,Kottayam,2016-06-16,2016-06-19,2016,6,4.0,
UEI-IMD-FL-2016-0080,Alappuzha,2016-06-16,2016-06-19,2016,6,4.0,
UEI-IMD-FL-2016-0080,Kollam,2016-06-16,2016-06-19,2016,6,4.0,
UEI-IMD-FL-2016-0080,Thiruvananthapuram,2016-06-16,2016-06-19,2016,6,4.0,
UEI-IMD-FL-2016-0081,Kasaragod,2016-06-26,2016-06-29,2016,6,4.0,
UEI-IMD-FL-2016-0081,Wayanad,2016-06-26,2016-06-29,2016,6,4.0,
UEI-IMD-FL-2016-0081,Malappuram,2016-06-26,2016-06-29,2016,6,4.0,
UEI-IMD-FL-2016-0082,Wayanad,2016-07-02,2016-07-02,2016,7,1.0,
UEI-IMD-FL-2016-0083,Kasaragod,2016-07-10,2016-07-15,2016,7,6.0,1.0
UEI-IMD-FL-2016-0083,Wayanad,2016-07-10,2016-07-15,2016,7,6.0,1.0
UEI-IMD-FL-2016-0083,Idukki,2016-07-10,2016-07-15,2016,7,6.0,1.0
UEI-IMD-FL-2016-0084,Kozhikode,2016-09-18,2016-09-18,2016,9,1.0,6.0
UEI-IMD-FL-2017-0065,Alappuzha,2017-03-15,2017-03-16,2017,3,2.0,
UEI-IMD-FL-2017-0066,Thiruvananthapuram,2017-06-03,2017-06-03,2017,6,1.0,
UEI-IMD-FL-2017-0067,Thiruvananthapuram,2017-06-05,2017-06-05,2017,6,1.0,
UEI-IMD-FL-2017-0068,Pathanamthitta,2017-08-04,2017-08-04,2017,8,1.0,1.0
UEI-IMD-FL-2017-0069,Idukki,2017-08-06,2017-08-06,2017,8,2.0,2.0
UEI-IMD-FL-2017-0070,Wayanad,2017-08-28,2017-08-28,2017,8,1.0,
UEI-IMD-FL-2017-0071,Wayanad,2017-09-05,2017-09-07,2017,9,3.0,
UEI-IMD-FL-2017-0071,Thiruvananthapuram,2017-09-05,2017-09-07,2017,9,3.0,
UEI-IMD-FL-2017-0072,Kozhikode,2017-09-08,2017-09-10,2017,9,3.0,6.0
UEI-IMD-FL-2017-0072,Idukki,2017-09-08,2017-09-10,2017,9,3.0,6.0
UEI-IMD-FL-2017-0072,Thiruvananthapuram,2017-09-08,2017-09-10,2017,9,3.0,6.0
UEI-IMD-FL-2017-0073,Idukki,2017-09-17,2017-09-17,2017,9,1.0,4.0
UEI-IMD-FL-2017-0073,Kottayam,2017-09-17,2017-09-17,2017,9,1.0,4.0
UEI-IMD-FL-2017-0073,Thiruvananthapuram,2017-09-17,2017-09-17,2017,9,1.0,4.0
UEI-IMD-FL-2017-0074,Wayanad,2017-09-18,2017-09-19,2017,9,2.0,5.0
UEI-IMD-FL-2017-0074,Kozhikode,2017-09-18,2017-09-19,2017,9,2.0,5.0
UEI-IMD-FL-2017-0074,Thrissur,2017-09-18,2017-09-19,2017,9,2.0,5.0
UEI-IMD-FL-2017-0074,Idukki,2017-09-18,2017-09-19,2017,9,2.0,5.0
UEI-IMD-FL-2017-0074,Kottayam,2017-09-18,2017-09-19,2017,9,2.0,5.0
UEI-IMD-FL-2017-0074,Thiruvananthapuram,2017-09-18,2017-09-19,2017,9,2.0,5.0
UEI-IMD-FL-2017-0075,Thiruvananthapuram,2017-10-22,2017-10-22,2017,10,1.0,
UEI-IMD-FL-2017-0076,Thiruvananthapuram,2017-11-02,2017-11-03,2017,11,2.0,
UEI-IMD-FL-2017-0077,Kozhikode,2017-11-05,2017-11-06,2017,11,2.0,
UEI-IMD-FL-2017-0077,Thiruvananthapuram,2017-11-05,2017-11-06,2017,11,2.0,
UEI-IMD-FL-2018-0030,Thiruvananthapuram,2018-03-18,2018-03-18,2018,3,1.0,
UEI-IMD-FL-2018-0031,Wayanad,2018-04-22,2018-04-22,2018,4,1.0,
UEI-IMD-FL-2018-0032,Thiruvananthapuram,2018-05-13,2018-05-14,2018,5,2.0,
UEI-IMD-FL-2018-0033,Thiruvananthapuram,2018-05-16,2018-05-17,2018,5,2.0,
UEI-IMD-FL-2018-0034,Thiruvananthapuram,2018-05-21,2018-05-21,2018,5,1.0,1.0
UEI-IMD-FL-2018-0035,Kasaragod,2018-05-29,2018-07-31,2018,5,34.0,138.0
UEI-IMD-FL-2018-0035,Kannur,2018-05-29,2018-07-31,2018,5,34.0,138.0
UEI-IMD-FL-2018-0035,Wayanad,2018-05-29,2018-07-31,2018,5,34.0,138.0
UEI-IMD-FL-2018-0035,Kozhikode,2018-05-29,2018-07-31,2018,5,34.0,138.0
UEI-IMD-FL-2018-0035,Malappuram,2018-05-29,2018-07-31,2018,5,34.0,138.0
UEI-IMD-FL-2018-0035,Palakkad,2018-05-29,2018-07-31,2018,5,34.0,138.0
UEI-IMD-FL-2018-0035,Thrissur,2018-05-29,2018-07-31,2018,5,34.0,138.0
UEI-IMD-FL-2018-0035,Ernakulam,2018-05-29,2018-07-31,2018,5,34.0,138.0
UEI-IMD-FL-2018-0035,Idukki,2018-05-29,2018-07-31,2018,5,34.0,138.0
UEI-IMD-FL-2018-0035,Kottayam,2018-05-29,2018-07-31,2018,5,34.0,138.0
UEI-IMD-FL-2018-0035,Alappuzha,2018-05-29,2018-07-31,2018,5,34.0,138.0
UEI-IMD-FL-2018-0035,Pathanamthitta,2018-05-29,2018-07-31,2018,5,34.0,138.0
UEI-IMD-FL-2018-0035,Kollam,2018-05-29,2018-07-31,2018,5,34.0,138.0
UEI-IMD-FL-2018-0035,Thiruvananthapuram,2018-05-29,2018-07-31,2018,5,34.0,138.0
UEI-IMD-FL-2018-0036,Kasaragod,2018-08-01,2018-08-30,2018,8,30.0,339.0
UEI-IMD-FL-2018-0036,Kannur,2018-08-01,2018-08-30,2018,8,30.0,339.0
UEI-IMD-FL-2018-0036,Wayanad,2018-08-01,2018-08-30,2018,8,30.0,339.0
UEI-IMD-FL-2018-0036,Kozhikode,2018-08-01,2018-08-30,2018,8,30.0,339.0
UEI-IMD-FL-2018-0036,Malappuram,2018-08-01,2018-08-30,2018,8,30.0,339.0
UEI-IMD-FL-2018-0036,Palakkad,2018-08-01,2018-08-30,2018,8,30.0,339.0
UEI-IMD-FL-2018-0036,Thrissur,2018-08-01,2018-08-30,2018,8,30.0,339.0
UEI-IMD-FL-2018-0036,Ernakulam,2018-08-01,2018-08-30,2018,8,30.0,339.0
UEI-IMD-FL-2018-0036,Idukki,2018-08-01,2018-08-30,2018,8,30.0,339.0
UEI-IMD-FL-2018-0036,Kottayam,2018-08-01,2018-08-30,2018,8,30.0,339.0
UEI-IMD-FL-2018-0036,Alappuzha,2018-08-01,2018-08-30,2018,8,30.0,339.0
UEI-IMD-FL-2018-0036,Pathanamthitta,2018-08-01,2018-08-30,2018,8,30.0,339.0
UEI-IMD-FL-2018-0036,Kollam,2018-08-01,2018-08-30,2018,8,30.0,339.0
UEI-IMD-FL-2018-0036,Thiruvananthapuram,2018-08-01,2018-08-30,2018,8,30.0,339.0
UEI-IMD-FL-2018-0037,Malappuram,2018-10-21,2018-10-21,2018,10,1.0,
UEI-IMD-FL-2018-0038,Idukki,2018-11-16,2018-11-16,2018,11,1.0,
UEI-IMD-FL-2018-0038,Alappuzha,2018-11-16,2018-11-16,2018,11,1.0,
UEI-IMD-FL-2018-0039,Alappuzha,2018-11-17,2018-11-17,2018,11,1.0,
UEI-IMD-FL-2018-0040,Wayanad,2018-12-28,2018-12-28,2018,12,1.0,
UEI-IMD-FL-2019-0049,Wayanad,2019-04-19,2019-04-19,2019,4,1.0,
UEI-IMD-FL-2019-0050,Wayanad,2019-04-24,2019-04-26,2019,4,3.0,3.0
UEI-IMD-FL-2019-0050,Malappuram,2019-04-24,2019-04-26,2019,4,3.0,3.0
UEI-IMD-FL-2019-0050,Thiruvananthapuram,2019-04-24,2019-04-26,2019,4,3.0,3.0
UEI-IMD-FL-2019-0051,Wayanad,2019-04-28,2019-04-29,2019,4,2.0,
UEI-IMD-FL-2019-0051,Thiruvananthapuram,2019-04-28,2019-04-29,2019,4,2.0,
UEI-IMD-FL-2019-0052,Wayanad,2019-05-16,2019-05-16,2019,5,1.0,
UEI-IMD-FL-2019-0053,Wayanad,2019-05-19,2019-05-19,2019,5,1.0,
UEI-IMD-FL-2019-0054,Thiruvananthapuram,2019-05-24,2019-05-24,2019,5,1.0,1.0
UEI-IMD-FL-2019-0055,Thiruvananthapuram,2019-06-09,2019-06-13,2019,6,5.0,2.0
UEI-IMD-FL-2019-0056,Malappuram,2019-06-12,2019-06-12,2019,6,1.0,
UEI-IMD-FL-2019-0056,Ernakulam,2019-06-12,2019-06-12,2019,6,1.0,
UEI-IMD-FL-2019-0057,Wayanad,2019-06-14,2019-06-14,2019,6,1.0,
UEI-IMD-FL-2019-0057,Malappuram,2019-06-14,2019-06-14,2019,6,1.0,
UEI-IMD-FL-2019-0058,Kasaragod,2019-06-20,2019-06-20,2019,6,1.0,
UEI-IMD-FL-2019-0058,Kannur,2019-06-20,2019-06-20,2019,6,1.0,
UEI-IMD-FL-2019-0059,Kottayam,2019-07-10,2019-07-10,2019,7,1.0,
UEI-IMD-FL-2019-0060,Kasaragod,2019-07-18,2019-07-20,2019,7,3.0,12.0
UEI-IMD-FL-2019-0060,Kannur,2019-07-18,2019-07-20,2019,7,3.0,12.0
UEI-IMD-FL-2019-0060,Wayanad,2019-07-18,2019-07-20,2019,7,3.0,12.0
UEI-IMD-FL-2019-0060,Kozhikode,2019-07-18,2019-07-20,2019,7,3.0,12.0
UEI-IMD-FL-2019-0060,Thrissur,2019-07-18,2019-07-20,2019,7,3.0,12.0
UEI-IMD-FL-2019-0060,Ernakulam,2019-07-18,2019-07-20,2019,7,3.0,12.0
UEI-IMD-FL-2019-0060,Idukki,2019-07-18,2019-07-20,2019,7,3.0,12.0
UEI-IMD-FL-2019-0060,Kottayam,2019-07-18,2019-07-20,2019,7,3.0,12.0
UEI-IMD-FL-2019-0060,Alappuzha,2019-07-18,2019-07-20,2019,7,3.0,12.0
UEI-IMD-FL-2019-0060,Pathanamthitta,2019-07-18,2019-07-20,2019,7,3.0,12.0
UEI-IMD-FL-2019-0060,Kollam,2019-07-18,2019-07-20,2019,7,3.0,12.0
UEI-IMD-FL-2019-0060,Thiruvananthapuram,2019-07-18,2019-07-20,2019,7,3.0,12.0
UEI-IMD-FL-2019-0061,Idukki,2019-07-28,2019-07-28,2019,7,1.0,
UEI-IMD-FL-2019-0062,Wayanad,2019-08-04,2019-08-06,2019,8,3.0,
UEI-IMD-FL-2019-0063,Thiruvananthapuram,2019-08-07,2019-08-07,2019,8,1.0,
UEI-IMD-FL-2019-0064,Kasaragod,2019-08-08,2019-08-08,2019,8,1.0,23.0
UEI-IMD-FL-2019-0064,Kannur,2019-08-08,2019-08-08,2019,8,1.0,23.0
UEI-IMD-FL-2019-0064,Wayanad,2019-08-08,2019-08-08,2019,8,1.0,23.0
UEI-IMD-FL-2019-0064,Kozhikode,2019-08-08,2019-08-08,2019,8,1.0,23.0
UEI-IMD-FL-2019-0064,Malappuram,2019-08-08,2019-08-08,2019,8,1.0,23.0
UEI-IMD-FL-2019-0064,Palakkad,2019-08-08,2019-08-08,2019,8,1.0,23.0
UEI-IMD-FL-2019-0064,Thrissur,2019-08-08,2019-08-08,2019,8,1.0,23.0
UEI-IMD-FL-2019-0064,Ernakulam,2019-08-08,2019-08-08,2019,8,1.0,23.0
UEI-IMD-FL-2019-0064,Idukki,2019-08-08,2019-08-08,2019,8,1.0,23.0
UEI-IMD-FL-2019-0064,Thiruvananthapuram,2019-08-08,2019-08-08,2019,8,1.0,23.0
UEI-IMD-FL-2019-0065,Kannur,2019-08-09,2019-08-09,2019,8,1.0,19.0
UEI-IMD-FL-2019-0065,Wayanad,2019-08-09,2019-08-09,2019,8,1.0,19.0
UEI-IMD-FL-2019-0065,Malappuram,2019-08-09,2019-08-09,2019,8,1.0,19.0
UEI-IMD-FL-2019-0065,Palakkad,2019-08-09,2019-08-09,2019,8,1.0,19.0
UEI-IMD-FL-2019-0065,Thrissur,2019-08-09,2019-08-09,2019,8,1.0,19.0
UEI-IMD-FL-2019-0065,Ernakulam,2019-08-09,2019-08-09,2019,8,1.0,19.0
UEI-IMD-FL-2019-0065,Idukki,2019-08-09,2019-08-09,2019,8,1.0,19.0
UEI-IMD-FL-2019-0065,Thiruvananthapuram,2019-08-09,2019-08-09,2019,8,1.0,19.0
UEI-IMD-FL-2019-0066,Kasaragod,2019-08-10,2019-08-10,2019,8,1.0,8.0
UEI-IMD-FL-2019-0066,Kannur,2019-08-10,2019-08-10,2019,8,1.0,8.0
UEI-IMD-FL-2019-0066,Wayanad,2019-08-10,2019-08-10,2019,8,1.0,8.0
UEI-IMD-FL-2019-0066,Kozhikode,2019-08-10,2019-08-10,2019,8,1.0,8.0
UEI-IMD-FL-2019-0066,Malappuram,2019-08-10,2019-08-10,2019,8,1.0,8.0
UEI-IMD-FL-2019-0066,Palakkad,2019-08-10,2019-08-10,2019,8,1.0,8.0
UEI-IMD-FL-2019-0066,Thrissur,2019-08-10,2019-08-10,2019,8,1.0,8.0
UEI-IMD-FL-2019-0066,Ernakulam,2019-08-10,2019-08-10,2019,8,1.0,8.0
UEI-IMD-FL-2019-0066,Idukki,2019-08-10,2019-08-10,2019,8,1.0,8.0
UEI-IMD-FL-2019-0066,Kottayam,2019-08-10,2019-08-10,2019,8,1.0,8.0
UEI-IMD-FL-2019-0066,Alappuzha,2019-08-10,2019-08-10,2019,8,1.0,8.0
UEI-IMD-FL-2019-0066,Pathanamthitta,2019-08-10,2019-08-10,2019,8,1.0,8.0
UEI-IMD-FL-2019-0066,Kollam,2019-08-10,2019-08-10,2019,8,1.0,8.0
UEI-IMD-FL-2019-0066,Thiruvananthapuram,2019-08-10,2019-08-10,2019,8,1.0,8.0
UEI-IMD-FL-2019-0067,Wayanad,2019-08-11,2019-08-14,2019,8,4.0,2.0
UEI-IMD-FL-2019-0067,Malappuram,2019-08-11,2019-08-14,2019,8,4.0,2.0
UEI-IMD-FL-2019-0067,Idukki,2019-08-11,2019-08-14,2019,8,4.0,2.0
UEI-IMD-FL-2019-0067,Alappuzha,2019-08-11,2019-08-14,2019,8,4.0,2.0
UEI-IMD-FL-2019-0067,Kollam,2019-08-11,2019-08-14,2019,8,4.0,2.0
UEI-IMD-FL-2019-0067,Thiruvananthapuram,2019-08-11,2019-08-14,2019,8,4.0,2.0
UEI-IMD-FL-2019-0068,Wayanad,2019-08-19,2019-08-20,2019,8,2.0,
UEI-IMD-FL-2019-0068,Alappuzha,2019-08-19,2019-08-20,2019,8,2.0,
UEI-IMD-FL-2019-0068,Thiruvananthapuram,2019-08-19,2019-08-20,2019,8,2.0,
UEI-IMD-FL-2019-0069,Wayanad,2019-08-22,2019-08-23,2019,8,2.0,
UEI-IMD-FL-2019-0070,Wayanad,2019-09-03,2019-09-09,2019,9,2.0,
UEI-IMD-FL-2019-0071,Malappuram,2019-09-12,2019-09-12,2019,9,1.0,
UEI-IMD-FL-2019-0072,Thiruvananthapuram,2019-09-26,2019-09-26,2019,9,1.0,
UEI-IMD-FL-2019-0073,Thiruvananthapuram,2019-10-17,2019-10-17,2019,10,1.0,
UEI-IMD-FL-2019-0074,Kasaragod,2019-10-21,2019-10-21,2019,10,1.0,1.0
UEI-IMD-FL-2019-0074,Kannur,2019-10-21,2019-10-21,2019,10,1.0,1.0
UEI-IMD-FL-2019-0074,Wayanad,2019-10-21,2019-10-21,2019,10,1.0,1.0
UEI-IMD-FL-2019-0074,Kozhikode,2019-10-21,2019-10-21,2019,10,1.0,1.0
UEI-IMD-FL-2019-0074,Malappuram,2019-10-21,2019-10-21,2019,10,1.0,1.0
UEI-IMD-FL-2019-0074,Palakkad,2019-10-21,2019-10-21,2019,10,1.0,1.0
UEI-IMD-FL-2019-0074,Thrissur,2019-10-21,2019-10-21,2019,10,1.0,1.0
UEI-IMD-FL-2019-0074,Ernakulam,2019-10-21,2019-10-21,2019,10,1.0,1.0
UEI-IMD-FL-2019-0074,Idukki,2019-10-21,2019-10-21,2019,10,1.0,1.0
UEI-IMD-FL-2019-0074,Kottayam,2019-10-21,2019-10-21,2019,10,1.0,1.0
UEI-IMD-FL-2019-0074,Alappuzha,2019-10-21,2019-10-21,2019,10,1.0,1.0
UEI-IMD-FL-2019-0074,Pathanamthitta,2019-10-21,2019-10-21,2019,10,1.0,1.0
UEI-IMD-FL-2019-0074,Kollam,2019-10-21,2019-10-21,2019,10,1.0,1.0
UEI-IMD-FL-2019-0074,Thiruvananthapuram,2019-10-21,2019-10-21,2019,10,1.0,1.0
UEI-IMD-FL-2019-0075,Thiruvananthapuram,2019-10-22,2019-10-22,2019,10,1.0,
UEI-IMD-FL-2019-0076,Thiruvananthapuram,2019-10-30,2019-10-31,2019,10,2.0,
UEI-IMD-FL-2019-0077,Idukki,2019-11-01,2019-11-02,2019,11,2.0,
UEI-IMD-FL-2019-0077,Alappuzha,2019-11-01,2019-11-02,2019,11,2.0,
UEI-IMD-FL-2019-0077,Thiruvananthapuram,2019-11-01,2019-11-02,2019,11,2.0,
UEI-IMD-FL-2019-0078,Wayanad,2019-11-10,2019-11-10,2019,11,1.0,
UEI-IMD-FL-2019-0079,Thiruvananthapuram,2019-11-11,2019-11-17,2019,11,2.0,
UEI-IMD-FL-2019-0080,Kannur,2019-11-20,2019-11-20,2019,11,1.0,3.0
UEI-IMD-FL-2019-0080,Malappuram,2019-11-20,2019-11-20,2019,11,1.0,3.0
UEI-IMD-FL-2019-0080,Thiruvananthapuram,2019-11-20,2019-11-20,2019,11,1.0,3.0
UEI-IMD-FL-2019-0081,Wayanad,2019-12-03,2019-12-03,2019,12,1.0,
UEI-IMD-FL-2020-0044,Malappuram,2020-01-02,2020-01-03,2020,1,2.0,
UEI-IMD-FL-2020-0044,Thiruvananthapuram,2020-01-02,2020-01-03,2020,1,2.0,
UEI-IMD-FL-2020-0045,Thiruvananthapuram,2020-04-24,2020-04-28,2020,4,2.0,
UEI-IMD-FL-2020-0046,Pathanamthitta,2020-05-03,2020-05-03,2020,5,1.0,
UEI-IMD-FL-2020-0047,Thiruvananthapuram,2020-05-07,2020-05-08,2020,5,2.0,
UEI-IMD-FL-2020-0048,Thiruvananthapuram,2020-05-16,2020-05-18,2020,5,2.0,
UEI-IMD-FL-2020-0049,Thiruvananthapuram,2020-05-22,2020-05-22,2020,5,1.0,
UEI-IMD-FL-2020-0050,Thiruvananthapuram,2020-06-02,2020-06-05,2020,6,3.0,
UEI-IMD-FL-2020-0051,Kozhikode,2020-07-03,2020-07-03,2020,7,1.0,1.0
UEI-IMD-FL-2020-0052,Wayanad,2020-08-05,2020-08-05,2020,8,1.0,2.0
UEI-IMD-FL-2020-0053,Idukki,2020-08-06,2020-08-06,2020,8,1.0,65.0
UEI-IMD-FL-2020-0054,Wayanad,2020-08-06,2020-08-06,2020,8,1.0,
UEI-IMD-FL-2020-0055,Alappuzha,2020-08-07,2020-08-07,2020,8,1.0,2.0
UEI-IMD-FL-2020-0056,Wayanad,2020-08-08,2020-08-08,2020,8,1.0,
UEI-IMD-FL-2020-0056,Thiruvananthapuram,2020-08-08,2020-08-08,2020,8,1.0,
UEI-IMD-FL-2020-0057,Ernakulam,2020-08-09,2020-08-09,2020,8,1.0,2.0
UEI-IMD-FL-2020-0057,Kottayam,2020-08-09,2020-08-09,2020,8,1.0,2.0
UEI-IMD-FL-2020-0057,Alappuzha,2020-08-09,2020-08-09,2020,8,1.0,2.0
UEI-IMD-FL-2020-0057,Kollam,2020-08-09,2020-08-09,2020,8,1.0,2.0
UEI-IMD-FL-2020-0058,Wayanad,2020-08-10,2020-08-10,2020,8,1.0,
UEI-IMD-FL-2020-0058,Pathanamthitta,2020-08-10,2020-08-10,2020,8,1.0,
UEI-IMD-FL-2020-0059,Kozhikode,2020-08-11,2020-08-11,2020,8,1.0,
UEI-IMD-FL-2020-0060,Kottayam,2020-08-12,2020-08-12,2020,8,1.0,
UEI-IMD-FL-2020-0060,Alappuzha,2020-08-12,2020-08-12,2020,8,1.0,
UEI-IMD-FL-2020-0060,Pathanamthitta,2020-08-12,2020-08-12,2020,8,1.0,
UEI-IMD-FL-2020-0061,Alappuzha,2020-09-06,2020-09-06,2020,9,1.0,
UEI-IMD-FL-2020-0062,Thiruvananthapuram,2020-09-06,2020-09-08,2020,9,2.0,
UEI-IMD-FL-2020-0063,Malappuram,2020-09-11,2020-09-11,2020,9,1.0,
UEI-IMD-FL-2020-0063,Thiruvananthapuram,2020-09-11,2020-09-11,2020,9,1.0,
UEI-IMD-FL-2020-0064,Kannur,2020-09-20,2020-09-20,2020,9,1.0,
UEI-IMD-FL-2020-0064,Wayanad,2020-09-20,2020-09-20,2020,9,1.0,
UEI-IMD-FL-2020-0064,Thrissur,2020-09-20,2020-09-20,2020,9,1.0,
UEI-IMD-FL-2020-0064,Ernakulam,2020-09-20,2020-09-20,2020,9,1.0,
UEI-IMD-FL-2020-0065,Kasaragod,2020-09-21,2020-09-21,2020,9,1.0,2.0
UEI-IMD-FL-2020-0065,Kannur,2020-09-21,2020-09-21,2020,9,1.0,2.0
UEI-IMD-FL-2020-0065,Palakkad,2020-09-21,2020-09-21,2020,9,1.0,2.0
UEI-IMD-FL-2020-0066,Kollam,2020-09-22,2020-09-22,2020,9,1.0,1.0
UEI-IMD-FL-2020-0066,Thiruvananthapuram,2020-09-22,2020-09-22,2020,9,1.0,1.0
UEI-IMD-FL-2020-0067,Thiruvananthapuram,2020-09-23,2020-09-23,2020,9,1.0,
UEI-IMD-FL-2020-0068,Thiruvananthapuram,2020-10-09,2020-10-09,2020,10,1.0,
UEI-IMD-FL-2020-0069,Thiruvananthapuram,2020-10-29,2020-10-29,2020,10,1.0,1.0
UEI-IMD-FL-2021-0062,Kasaragod,2021-01-03,2021-01-03,2021,1,1.0,
UEI-IMD-FL-2021-0063,Wayanad,2021-01-10,2021-01-10,2021,1,1.0,
UEI-IMD-FL-2021-0064,Thiruvananthapuram,2021-02-04,2021-02-04,2021,2,1.0,
UEI-IMD-FL-2021-0065,Kozhikode,2021-04-10,2021-04-10,2021,4,1.0,
UEI-IMD-FL-2021-0066,Thiruvananthapuram,2021-04-11,2021-04-12,2021,4,2.0,
UEI-IMD-FL-2021-0067,Ernakulam,2021-04-13,2021-04-13,2021,4,1.0,
UEI-IMD-FL-2021-0068,Wayanad,2021-04-18,2021-04-18,2021,4,1.0,
UEI-IMD-FL-2021-0069,Kozhikode,2021-04-19,2021-04-19,2021,4,1.0,
UEI-IMD-FL-2021-0070,Wayanad,2021-04-20,2021-04-21,2021,4,2.0,
UEI-IMD-FL-2021-0071,Palakkad,2021-04-22,2021-04-22,2021,4,1.0,
UEI-IMD-FL-2021-0072,Thiruvananthapuram,2021-05-12,2021-05-12,2021,5,1.0,
UEI-IMD-FL-2021-0073,Thiruvananthapuram,2021-05-18,2021-05-18,2021,5,1.0,
UEI-IMD-FL-2021-0074,Idukki,2021-05-20,2021-05-20,2021,5,1.0,
UEI-IMD-FL-2021-0075,Thiruvananthapuram,2021-05-23,2021-05-25,2021,5,3.0,3.0
UEI-IMD-FL-2021-0076,Thiruvananthapuram,2021-06-05,2021-06-05,2021,6,1.0,
UEI-IMD-FL-2021-0077,Wayanad,2021-06-16,2021-06-17,2021,6,2.0,
UEI-IMD-FL-2021-0078,Wayanad,2021-06-21,2021-06-25,2021,6,3.0,
UEI-IMD-FL-2021-0079,Wayanad,2021-07-14,2021-07-15,2021,7,2.0,1.0
UEI-IMD-FL-2021-0080,Wayanad,2021-07-17,2021-07-18,2021,7,2.0,
UEI-IMD-FL-2021-0081,Wayanad,2021-07-21,2021-07-21,2021,7,1.0,
UEI-IMD-FL-2021-0082,Idukki,2021-08-03,2021-08-03,2021,8,1.0,
UEI-IMD-FL-2021-0083,Idukki,2021-09-27,2021-09-28,2021,9,2.0,
UEI-IMD-FL-2021-0083,Thiruvananthapuram,2021-09-27,2021-09-28,2021,9,2.0,
UEI-IMD-FL-2021-0084,Thrissur,2021-10-02,2021-10-02,2021,10,1.0,
UEI-IMD-FL-2021-0085,Thiruvananthapuram,2021-10-05,2021-10-05,2021,10,1.0,
UEI-IMD-FL-2021-0086,Alappuzha,2021-10-09,2021-10-09,2021,10,1.0,
UEI-IMD-FL-2021-0086,Thiruvananthapuram,2021-10-09,2021-10-09,2021,10,1.0,
UEI-IMD-FL-2021-0087,Kollam,2021-10-11,2021-10-11,2021,10,1.0,1.0
UEI-IMD-FL-2021-0088,Malappuram,2021-10-11,2021-10-11,2021,10,1.0,2.0
UEI-IMD-FL-2021-0089,Kannur,2021-10-12,2021-10-12,2021,10,1.0,
UEI-IMD-FL-2021-0089,Kozhikode,2021-10-12,2021-10-12,2021,10,1.0,
UEI-IMD-FL-2021-0089,Palakkad,2021-10-12,2021-10-12,2021,10,1.0,
UEI-IMD-FL-2021-0089,Thrissur,2021-10-12,2021-10-12,2021,10,1.0,
UEI-IMD-FL-2021-0089,Ernakulam,2021-10-12,2021-10-12,2021,10,1.0,
UEI-IMD-FL-2021-0089,Kottayam,2021-10-12,2021-10-12,2021,10,1.0,
UEI-IMD-FL-2021-0089,Pathanamthitta,2021-10-12,2021-10-12,2021,10,1.0,
UEI-IMD-FL-2021-0089,Thiruvananthapuram,2021-10-12,2021-10-12,2021,10,1.0,
UEI-IMD-FL-2021-0090,Ernakulam,2021-10-12,2021-10-12,2021,10,1.0,
UEI-IMD-FL-2021-0091,Kannur,2021-10-12,2021-10-12,2021,10,1.0,
UEI-IMD-FL-2021-0092,Kottayam,2021-10-12,2021-10-12,2021,10,1.0,
UEI-IMD-FL-2021-0093,Kozhikode,2021-10-12,2021-10-12,2021,10,1.0,1.0
UEI-IMD-FL-2021-0094,Palakkad,2021-10-12,2021-10-12,2021,10,1.0,
UEI-IMD-FL-2021-0095,Pathanamthitta,2021-10-12,2021-10-12,2021,10,1.0,1.0
UEI-IMD-FL-2021-0096,Thiruvananthapuram,2021-10-12,2021-10-12,2021,10,1.0,
UEI-IMD-FL-2021-0097,Thrissur,2021-10-12,2021-10-12,2021,10,1.0,
UEI-IMD-FL-2021-0098,Palakkad,2021-10-16,2021-10-16,2021,10,1.0,
UEI-IMD-FL-2021-0098,Ernakulam,2021-10-16,2021-10-16,2021,10,1.0,
UEI-IMD-FL-2021-0098,Idukki,2021-10-16,2021-10-16,2021,10,1.0,
UEI-IMD-FL-2021-0098,Kottayam,2021-10-16,2021-10-16,2021,10,1.0,
UEI-IMD-FL-2021-0098,Alappuzha,2021-10-16,2021-10-16,2021,10,1.0,
UEI-IMD-FL-2021-0098,Kollam,2021-10-16,2021-10-16,2021,10,1.0,
UEI-IMD-FL-2021-0098,Thiruvananthapuram,2021-10-16,2021-10-16,2021,10,1.0,
UEI-IMD-FL-2021-0099,Alappuzha,2021-10-16,2021-10-16,2021,10,1.0,
UEI-IMD-FL-2021-0100,Ernakulam,2021-10-16,2021-10-16,2021,10,1.0,
UEI-IMD-FL-2021-0101,Idukki,2021-10-16,2021-10-16,2021,10,1.0,11.0
UEI-IMD-FL-2021-0102,Kollam,2021-10-16,2021-10-16,2021,10,1.0,1.0
UEI-IMD-FL-2021-0103,Kottayam,2021-10-16,2021-10-16,2021,10,1.0,14.0
UEI-IMD-FL-2021-0104,Palakkad,2021-10-16,2021-10-16,2021,10,1.0,1.0
UEI-IMD-FL-2021-0105,Thiruvananthapuram,2021-10-16,2021-10-16,2021,10,1.0,2.0
UEI-IMD-FL-2021-0106,Thrissur,2021-10-17,2021-10-17,2021,10,1.0,2.0
UEI-IMD-FL-2021-0107,Thiruvananthapuram,2021-10-18,2021-10-18,2021,10,1.0,
UEI-IMD-FL-2021-0108,Kannur,2021-11-10,2021-11-10,2021,11,9.0,
UEI-IMD-FL-2021-0108,Kozhikode,2021-11-10,2021-11-10,2021,11,9.0,
UEI-IMD-FL-2021-0108,Malappuram,2021-11-10,2021-11-10,2021,11,9.0,
UEI-IMD-FL-2021-0108,Palakkad,2021-11-10,2021-11-10,2021,11,9.0,
UEI-IMD-FL-2021-0108,Thrissur,2021-11-10,2021-11-10,2021,11,9.0,
UEI-IMD-FL-2021-0108,Ernakulam,2021-11-10,2021-11-10,2021,11,9.0,
UEI-IMD-FL-2021-0108,Idukki,2021-11-10,2021-11-10,2021,11,9.0,
UEI-IMD-FL-2021-0108,Kottayam,2021-11-10,2021-11-10,2021,11,9.0,
UEI-IMD-FL-2021-0108,Alappuzha,2021-11-10,2021-11-10,2021,11,9.0,
UEI-IMD-FL-2021-0108,Pathanamthitta,2021-11-10,2021-11-10,2021,11,9.0,
UEI-IMD-FL-2021-0108,Kollam,2021-11-10,2021-11-10,2021,11,9.0,
UEI-IMD-FL-2021-0108,Thiruvananthapuram,2021-11-10,2021-11-10,2021,11,9.0,
UEI-IMD-FL-2021-0109,Alappuzha,2021-11-10,2021-11-10,2021,11,9.0,2.0
UEI-IMD-FL-2021-0110,Kannur,2021-11-10,2021-11-10,2021,11,9.0,2.0
UEI-IMD-FL-2021-0111,Thrissur,2021-11-10,2021-11-10,2021,11,9.0,1.0
UEI-IMD-FL-2021-0112,Malappuram,2021-10-20,2021-10-20,2021,10,1.0,
UEI-IMD-FL-2021-0113,Palakkad,2021-10-20,2021-10-20,2021,10,1.0,
UEI-IMD-FL-2021-0114,Thiruvananthapuram,2021-10-20,2021-10-20,2021,10,1.0,
UEI-IMD-FL-2021-0115,Kottayam,2021-10-23,2021-10-23,2021,10,1.0,
UEI-IMD-FL-2021-0116,Pathanamthitta,2021-10-23,2021-10-23,2021,10,1.0,
UEI-IMD-FL-2021-0117,Kozhikode,2021-02-11,2021-02-11,2021,2,1.0,
UEI-IMD-FL-2021-0118,Kottayam,2021-05-11,2021-05-11,2021,5,1.0,
UEI-IMD-FL-2021-0118,Alappuzha,2021-05-11,2021-05-11,2021,5,1.0,
UEI-IMD-FL-2021-0119,Alappuzha,2021-11-13,2021-11-13,2021,11,1.0,
UEI-IMD-FL-2021-0119,Thiruvananthapuram,2021-11-13,2021-11-13,2021,11,1.0,
UEI-IMD-FL-2021-0120,Kannur,2021-11-14,2021-11-14,2021,11,1.0,1.0
UEI-IMD-FL-2021-0121,Thiruvananthapuram,2021-11-14,2021-11-14,2021,11,1.0,2.0
UEI-IMD-FL-2021-0122,Thrissur,2021-11-14,2021-11-14,2021,11,1.0,1.0
UEI-IMD-FL-2021-0123,Kannur,2021-10-11,2021-11-15,2021,10,6.0,
UEI-IMD-FL-2021-0123,Thrissur,2021-10-11,2021-11-15,2021,10,6.0,
UEI-IMD-FL-2021-0123,Ernakulam,2021-10-11,2021-11-15,2021,10,6.0,
UEI-IMD-FL-2021-0123,Kottayam,2021-10-11,2021-11-15,2021,10,6.0,
UEI-IMD-FL-2021-0123,Kollam,2021-10-11,2021-11-15,2021,10,6.0,
UEI-IMD-FL-2021-0123,Thiruvananthapuram,2021-10-11,2021-11-15,2021,10,6.0,
UEI-IMD-FL-2021-0124,Ernakulam,2021-10-11,2021-11-15,2021,10,6.0,1.0
UEI-IMD-FL-2021-0125,Thrissur,2021-11-15,2021-11-16,2021,11,2.0,
UEI-IMD-FL-2021-0125,Alappuzha,2021-11-15,2021-11-16,2021,11,2.0,
UEI-IMD-FL-2021-0125,Thiruvananthapuram,2021-11-15,2021-11-16,2021,11,2.0,
UEI-IMD-FL-2021-0126,Thiruvananthapuram,2021-11-15,2021-11-16,2021,11,2.0,1.0
UEI-IMD-FL-2021-0127,Thiruvananthapuram,2021-11-17,2021-11-17,2021,11,1.0,1.0
UEI-IMD-FL-2021-0128,Thrissur,2021-11-17,2021-11-17,2021,11,1.0,1.0
UEI-IMD-FL-2021-0129,Thiruvananthapuram,2021-11-30,2021-11-30,2021,11,1.0,
UEI-IMD-FL-2022-0535,Palakkad,2022-03-23,2022-03-23,2022,3,1.0,
UEI-IMD-FL-2022-0536,Kannur,2022-03-24,2022-03-24,2022,3,1.0,
UEI-IMD-FL-2022-0537,Kasaragod,2022-03-24,2022-03-24,2022,3,1.0,
UEI-IMD-FL-2022-0538,Kottayam,2022-03-27,2022-03-27,2022,3,1.0,
UEI-IMD-FL-2022-0539,Thrissur,2022-05-17,2022-05-17,2022,5,1.0,1.0
UEI-IMD-FL-2022-0540,Ernakulam,2022-05-18,2022-05-18,2022,5,1.0,1.0
UEI-IMD-FL-2022-0541,Kozhikode,2022-05-18,2022-05-18,2022,5,1.0,1.0
UEI-IMD-FL-2022-0542,Idukki,2022-05-20,2022-05-20,2022,5,1.0,1.0
UEI-IMD-FL-2022-0543,Thrissur,2022-05-20,2022-05-20,2022,5,1.0,
UEI-IMD-FL-2022-0544,Wayanad,2022-06-16,2022-06-16,2022,6,1.0,1.0
UEI-IMD-FL-2022-0545,Kannur,2022-07-01,2022-07-01,2022,7,1.0,1.0
UEI-IMD-FL-2022-0546,Kannur,2022-07-02,2022-07-02,2022,7,1.0,1.0
UEI-IMD-FL-2022-0547,Idukki,2022-07-04,2022-07-04,2022,7,1.0,1.0
UEI-IMD-FL-2022-0548,Idukki,2022-07-05,2022-07-05,2022,7,1.0,1.0
UEI-IMD-FL-2022-0549,Kannur,2022-07-07,2022-07-07,2022,7,1.0,1.0
UEI-IMD-FL-2022-0550,Ernakulam,2022-07-10,2022-07-10,2022,7,1.0,1.0
UEI-IMD-FL-2022-0551,Idukki,2022-07-15,2022-07-15,2022,7,1.0,1.0
UEI-IMD-FL-2022-0552,Kasaragod,2022-07-16,2022-07-16,2022,7,1.0,4.0
UEI-IMD-FL-2022-0552,Kannur,2022-07-16,2022-07-16,2022,7,1.0,4.0
UEI-IMD-FL-2022-0552,Wayanad,2022-07-16,2022-07-16,2022,7,1.0,4.0
UEI-IMD-FL-2022-0552,Kozhikode,2022-07-16,2022-07-16,2022,7,1.0,4.0
UEI-IMD-FL-2022-0552,Malappuram,2022-07-16,2022-07-16,2022,7,1.0,4.0
UEI-IMD-FL-2022-0552,Palakkad,2022-07-16,2022-07-16,2022,7,1.0,4.0
UEI-IMD-FL-2022-0552,Thrissur,2022-07-16,2022-07-16,2022,7,1.0,4.0
UEI-IMD-FL-2022-0552,Ernakulam,2022-07-16,2022-07-16,2022,7,1.0,4.0
UEI-IMD-FL-2022-0552,Idukki,2022-07-16,2022-07-16,2022,7,1.0,4.0
UEI-IMD-FL-2022-0552,Kottayam,2022-07-16,2022-07-16,2022,7,1.0,4.0
UEI-IMD-FL-2022-0552,Alappuzha,2022-07-16,2022-07-16,2022,7,1.0,4.0
UEI-IMD-FL-2022-0552,Pathanamthitta,2022-07-16,2022-07-16,2022,7,1.0,4.0
UEI-IMD-FL-2022-0552,Kollam,2022-07-16,2022-07-16,2022,7,1.0,4.0
UEI-IMD-FL-2022-0552,Thiruvananthapuram,2022-07-16,2022-07-16,2022,7,1.0,4.0
UEI-IMD-FL-2022-0553,Palakkad,2022-07-16,2022-07-16,2022,7,1.0,
UEI-IMD-FL-2022-0554,Thrissur,2022-07-16,2022-07-16,2022,7,1.0,
UEI-IMD-FL-2022-0555,Malappuram,2022-07-19,2022-07-19,2022,7,1.0,1.0
UEI-IMD-FL-2022-0556,Malappuram,2022-07-20,2022-07-20,2022,7,1.0,1.0
UEI-IMD-FL-2022-0557,Ernakulam,2022-07-28,2022-07-28,2022,7,1.0,1.0
UEI-IMD-FL-2022-0558,Kollam,2022-08-01,2022-08-01,2022,8,1.0,1.0
UEI-IMD-FL-2022-0559,Kottayam,2022-08-01,2022-08-01,2022,8,1.0,1.0
UEI-IMD-FL-2022-0560,Malappuram,2022-08-01,2022-08-01,2022,8,1.0,1.0
UEI-IMD-FL-2022-0561,Pathanamthitta,2022-08-01,2022-08-01,2022,8,1.0,4.0
UEI-IMD-FL-2022-0562,Thiruvananthapuram,2022-08-01,2022-08-01,2022,8,1.0,1.0
UEI-IMD-FL-2022-0563,Kottayam,2022-08-01,2022-08-01,2022,8,1.0,
UEI-IMD-FL-2022-0564,Kannur,2022-08-01,2022-08-01,2022,8,1.0,3.0
UEI-IMD-FL-2022-0565,Alappuzha,2022-08-02,2022-08-02,2022,8,1.0,
UEI-IMD-FL-2022-0566,Ernakulam,2022-08-02,2022-08-02,2022,8,1.0,1.0
UEI-IMD-FL-2022-0568,Kannur,2022-08-02,2022-08-02,2022,8,1.0,3.0
UEI-IMD-FL-2022-0569,Kollam,2022-08-02,2022-08-02,2022,8,1.0,
UEI-IMD-FL-2022-0570,Kottayam,2022-08-02,2022-08-02,2022,8,1.0,1.0
UEI-IMD-FL-2022-0571,Malappuram,2022-08-02,2022-08-02,2022,8,1.0,
UEI-IMD-FL-2022-0572,Pathanamthitta,2022-08-02,2022-08-02,2022,8,1.0,
UEI-IMD-FL-2022-0573,Thiruvananthapuram,2022-08-02,2022-08-02,2022,8,1.0,1.0
UEI-IMD-FL-2022-0574,Thrissur,2022-08-02,2022-08-02,2022,8,1.0,
UEI-IMD-FL-2022-0575,Wayanad,2022-08-02,2022-08-02,2022,8,1.0,
UEI-IMD-FL-2022-0576,Idukki,2022-08-29,2022-08-29,2022,8,1.0,5.0
UEI-IMD-FL-2022-0577,Thiruvananthapuram,2022-09-04,2022-09-04,2022,9,1.0,2.0
UEI-IMD-FL-2023-0348,Alappuzha,2023-03-07,2023-07-07,2023,3,5.0,
UEI-IMD-FL-2023-0349,Kannur,2023-03-07,2023-07-07,2023,3,5.0,
UEI-IMD-FL-2023-0350,Kottayam,2023-03-07,2023-07-07,2023,3,5.0,
UEI-IMD-FL-2023-0351,Kozhikode,2023-03-07,2023-07-07,2023,3,5.0,
UEI-IMD-FL-2023-0352,Pathanamthitta,2023-03-07,2023-07-07,2023,3,5.0,
UEI-IMD-FL-2023-0354,Malappuram,2023-07-10,2023-07-10,2023,7,1.0,2.0
UEI-IMD-FL-2023-0355,Thrissur,2023-07-23,2023-07-23,2023,7,1.0,1.0
UEI-IMD-FL-2023-0356,Wayanad,2023-07-23,2023-07-23,2023,7,1.0,2.0
