district,year,month,days,rain_mm,normal_mm,rain_pct_normal,max_3day_rain_mm,soil_wetness_before,elevation_m,prior_flood_rate,events,event_deaths,deadly,flood
Kasaragod,1981,6,30,1263.2,861.7,146.6,242.2,0.503,119.4,0.2,0,,0,0
Kasaragod,1981,7,31,905.8,948.4,95.5,166.9,0.987,119.4,0.2,0,,0,0
Kasaragod,1981,8,31,741.3,643.0,115.3,180.6,0.99,119.4,0.2,0,,0,0
Kasaragod,1981,9,30,331.4,323.7,102.4,69.8,0.973,119.4,0.2,0,,0,0
Kasaragod,1982,6,30,830.1,861.7,96.3,200.7,0.53,119.4,0.2,0,,0,0
Kasaragod,1982,7,31,973.8,948.4,102.7,200.7,0.974,119.4,0.2,0,,0,0
Kasaragod,1982,8,31,958.8,643.0,149.1,229.6,0.989,119.4,0.2,0,,0,0
Kasaragod,1982,9,30,135.7,323.7,41.9,47.9,0.961,119.4,0.2,0,,0,0
Kasaragod,1983,6,30,423.9,861.7,49.2,172.9,0.447,119.4,0.2,0,,0,0
Kasaragod,1983,7,31,888.6,948.4,93.7,218.4,0.824,119.4,0.2,0,,0,0
Kasaragod,1983,8,31,898.4,643.0,139.7,188.2,0.987,119.4,0.2,0,,0,0
Kasaragod,1983,9,30,483.0,323.7,149.2,75.2,0.979,119.4,0.2,0,,0,0
Kasaragod,1984,6,30,872.9,861.7,101.3,245.6,0.48,119.4,0.2,0,,0,0
Kasaragod,1984,7,31,656.1,948.4,69.2,151.0,0.98,119.4,0.2,0,,0,0
Kasaragod,1984,8,31,353.4,643.0,55.0,73.4,0.971,119.4,0.2,0,,0,0
Kasaragod,1984,9,30,174.1,323.7,53.8,41.2,0.91,119.4,0.2,0,,0,0
Kasaragod,1985,6,30,908.1,861.7,105.4,202.6,0.593,119.4,0.1,0,,0,0
Kasaragod,1985,7,31,486.9,948.4,51.3,127.1,0.989,119.4,0.1,0,,0,0
Kasaragod,1985,8,31,501.0,643.0,77.9,100.3,0.976,119.4,0.1,0,,0,0
Kasaragod,1985,9,30,130.5,323.7,40.3,30.0,0.946,119.4,0.1,0,,0,0
Kasaragod,1986,6,30,728.9,861.7,84.6,196.1,0.43,119.4,0.0,0,,0,0
Kasaragod,1986,7,31,448.2,948.4,47.3,111.8,0.959,119.4,0.0,0,,0,0
Kasaragod,1986,8,31,440.9,643.0,68.6,163.5,0.946,119.4,0.0,0,,0,0
Kasaragod,1986,9,30,167.4,323.7,51.7,40.4,0.873,119.4,0.0,0,,0,0
Kasaragod,1987,6,30,737.3,861.7,85.6,120.5,0.456,119.4,0.0,0,,0,0
Kasaragod,1987,7,31,281.6,948.4,29.7,110.7,0.936,119.4,0.0,0,,0,0
Kasaragod,1987,8,31,601.2,643.0,93.5,98.9,0.856,119.4,0.0,0,,0,0
Kasaragod,1987,9,30,174.7,323.7,54.0,66.7,0.97,119.4,0.0,0,,0,0
Kasaragod,1988,6,30,868.9,861.7,100.8,181.0,0.456,119.4,0.0,0,,0,0
Kasaragod,1988,7,31,860.0,948.4,90.7,166.6,0.966,119.4,0.0,0,,0,0
Kasaragod,1988,8,31,618.1,643.0,96.1,136.1,0.981,119.4,0.0,0,,0,0
Kasaragod,1988,9,30,402.2,323.7,124.3,68.3,0.964,119.4,0.0,0,,0,0
Kasaragod,1989,6,30,903.8,861.7,104.9,214.4,0.5,119.4,0.0,2,,0,1
Kasaragod,1989,7,31,727.8,948.4,76.7,183.0,0.97,119.4,0.0,0,,0,0
Kasaragod,1989,8,31,657.0,643.0,102.2,139.2,0.986,119.4,0.0,0,,0,0
Kasaragod,1989,9,30,282.8,323.7,87.4,99.6,0.97,119.4,0.0,0,,0,0
Kasaragod,1990,6,30,598.1,861.7,69.4,158.8,0.756,119.4,0.1,0,,0,0
Kasaragod,1990,7,31,740.6,948.4,78.1,146.9,0.96,119.4,0.1,0,,0,0
Kasaragod,1990,8,31,717.5,643.0,111.6,128.1,0.97,119.4,0.1,0,,0,0
Kasaragod,1990,9,30,189.6,323.7,58.6,88.4,0.96,119.4,0.1,0,,0,0
Kasaragod,1991,6,30,1051.4,861.7,122.0,233.9,0.444,119.4,0.1,1,22.0,1,1
Kasaragod,1991,7,31,1112.0,948.4,117.2,288.1,0.98,119.4,0.1,0,,0,0
Kasaragod,1991,8,31,609.0,643.0,94.7,131.1,0.98,119.4,0.1,0,,0,0
Kasaragod,1991,9,30,86.0,323.7,26.6,26.3,0.961,119.4,0.1,0,,0,0
Kasaragod,1992,6,30,815.0,861.7,94.6,183.6,0.523,119.4,0.2,1,7.0,1,1
Kasaragod,1992,7,31,992.8,948.4,104.7,182.7,0.957,119.4,0.2,1,55.0,1,1
Kasaragod,1992,8,31,756.8,643.0,117.7,140.2,0.989,119.4,0.2,0,,0,0
Kasaragod,1992,9,30,316.3,323.7,97.7,102.1,0.957,119.4,0.2,0,,0,0
Kasaragod,1993,6,30,692.7,861.7,80.4,139.4,0.534,119.4,0.3,0,,0,0
Kasaragod,1993,7,31,1219.5,948.4,128.6,242.9,0.93,119.4,0.3,0,,0,0
Kasaragod,1993,8,31,439.9,643.0,68.4,116.2,0.991,119.4,0.3,0,,0,0
Kasaragod,1993,9,30,157.0,323.7,48.5,44.6,0.953,119.4,0.3,0,,0,0
Kasaragod,1994,6,30,1230.0,861.7,142.7,265.1,0.517,119.4,0.3,1,30.0,1,1
Kasaragod,1994,7,31,1193.6,948.4,125.8,191.5,0.976,119.4,0.3,2,,0,1
Kasaragod,1994,8,31,658.2,643.0,102.4,134.5,0.99,119.4,0.3,1,,0,1
Kasaragod,1994,9,30,170.5,323.7,52.7,52.1,0.98,119.4,0.3,0,,0,0
Kasaragod,1995,6,30,896.9,861.7,104.1,262.9,0.611,119.4,0.4,2,2.0,1,1
Kasaragod,1995,7,31,1167.0,948.4,123.0,194.9,0.981,119.4,0.4,2,,0,1
Kasaragod,1995,8,31,600.3,643.0,93.4,145.1,0.99,119.4,0.4,0,,0,0
Kasaragod,1995,9,30,246.5,323.7,76.2,102.7,0.98,119.4,0.4,0,,0,0
Kasaragod,1996,6,30,908.6,861.7,105.4,345.1,0.423,119.4,0.5,2,25.0,1,1
Kasaragod,1996,7,31,920.9,948.4,97.1,190.1,0.96,119.4,0.5,0,,0,0
Kasaragod,1996,8,31,410.8,643.0,63.9,72.5,0.984,119.4,0.5,0,,0,0
Kasaragod,1996,9,30,280.6,323.7,86.7,77.2,0.961,119.4,0.5,0,,0,0
Kasaragod,1997,6,30,854.4,861.7,99.1,267.6,0.42,119.4,0.6,0,,0,0
Kasaragod,1997,7,31,1423.2,948.4,150.1,275.7,0.909,119.4,0.6,1,30.0,1,1
Kasaragod,1997,8,31,886.4,643.0,137.9,146.8,0.994,119.4,0.6,0,,0,0
Kasaragod,1997,9,30,129.3,323.7,39.9,29.6,0.984,119.4,0.6,0,,0,0
Kasaragod,1998,6,30,1033.6,861.7,120.0,254.6,0.507,119.4,0.7,0,,0,0
Kasaragod,1998,7,31,853.4,948.4,90.0,145.4,0.98,119.4,0.7,1,45.0,1,1
Kasaragod,1998,8,31,444.1,643.0,69.1,105.8,0.99,119.4,0.7,0,,0,0
Kasaragod,1998,9,30,527.2,323.7,162.9,165.6,0.971,119.4,0.7,0,,0,0
Kasaragod,1999,6,30,751.6,861.7,87.2,161.8,0.876,119.4,0.8,2,32.0,1,1
Kasaragod,1999,7,31,1074.0,948.4,113.2,267.8,0.957,119.4,0.8,1,19.0,1,1
Kasaragod,1999,8,31,365.4,643.0,56.8,78.9,0.983,119.4,0.8,1,3.0,1,1
Kasaragod,1999,9,30,129.3,323.7,40.0,44.9,0.93,119.4,0.8,0,,0,0
Kasaragod,2000,6,30,829.2,861.7,96.2,166.7,0.584,119.4,0.8,0,,0,0
Kasaragod,2000,7,31,458.9,948.4,48.4,134.7,0.954,119.4,0.8,1,1.0,1,1
Kasaragod,2000,8,31,464.1,643.0,72.2,155.9,0.907,119.4,0.8,1,37.0,1,1
Kasaragod,2000,9,30,160.8,323.7,49.7,46.5,0.967,119.4,0.8,0,,0,0
Kasaragod,2001,6,30,874.6,861.7,101.5,229.8,0.699,119.4,0.9,1,1.0,1,1
Kasaragod,2001,7,31,782.6,948.4,82.5,137.2,0.98,119.4,0.9,0,,0,0
Kasaragod,2001,8,31,460.4,643.0,71.6,118.7,0.977,119.4,0.9,0,,0,0
Kasaragod,2001,9,30,225.6,323.7,69.7,85.8,0.947,119.4,0.9,0,,0,0
Kasaragod,2002,6,30,746.2,861.7,86.6,261.0,0.637,119.4,0.9,0,,0,0
Kasaragod,2002,7,31,390.3,948.4,41.2,95.0,0.963,119.4,0.9,0,,0,0
Kasaragod,2002,8,31,420.2,643.0,65.3,92.8,0.929,119.4,0.9,0,,0,0
Kasaragod,2002,9,30,155.5,323.7,48.0,74.4,0.923,119.4,0.9,0,,0,0
Kasaragod,2003,6,30,1043.2,861.7,121.1,362.7,0.453,119.4,0.8,1,6.0,1,1
Kasaragod,2003,7,31,763.6,948.4,80.5,147.5,0.986,119.4,0.8,2,4.0,1,1
Kasaragod,2003,8,31,399.4,643.0,62.1,100.6,0.979,119.4,0.8,0,,0,0
Kasaragod,2003,9,30,145.5,323.7,45.0,47.4,0.96,119.4,0.8,0,,0,0
Kasaragod,2004,6,30,712.3,861.7,82.7,183.3,0.896,119.4,0.9,0,,0,0
Kasaragod,2004,7,31,663.7,948.4,70.0,136.7,0.951,119.4,0.9,0,,0,0
Kasaragod,2004,8,31,539.5,643.0,83.9,186.1,0.979,119.4,0.9,1,31.0,1,1
Kasaragod,2004,9,30,125.2,323.7,38.7,29.6,0.93,119.4,0.9,0,,0,0
Kasaragod,2005,6,30,785.1,861.7,91.1,267.4,0.527,119.4,0.9,1,7.0,1,1
Kasaragod,2005,7,31,907.3,948.4,95.7,133.5,0.969,119.4,0.9,0,,0,0
Kasaragod,2005,8,31,446.4,643.0,69.4,134.0,0.99,119.4,0.9,0,,0,0
Kasaragod,2005,9,30,343.8,323.7,106.2,90.1,0.937,119.4,0.9,0,,0,0
Kasaragod,2006,6,30,780.0,861.7,90.5,208.6,0.754,119.4,0.9,0,,0,0
Kasaragod,2006,7,31,685.9,948.4,72.3,223.8,0.991,119.4,0.9,0,,0,0
Kasaragod,2006,8,31,481.0,643.0,74.8,156.8,0.964,119.4,0.9,0,,0,0
Kasaragod,2006,9,30,492.0,323.7,152.0,185.0,0.933,119.4,0.9,0,,0,0
Kasaragod,2007,6,30,1193.0,861.7,138.4,269.5,0.581,119.4,0.8,2,78.0,1,1
Kasaragod,2007,7,31,832.2,948.4,87.7,123.0,0.991,119.4,0.8,0,,0,0
Kasaragod,2007,8,31,789.2,643.0,122.7,150.4,0.99,119.4,0.8,0,,0,0
Kasaragod,2007,9,30,710.9,323.7,219.6,150.5,0.977,119.4,0.8,0,,0,0
Kasaragod,2008,6,30,980.2,861.7,113.7,198.4,0.539,119.4,0.8,0,,0,0
Kasaragod,2008,7,31,687.2,948.4,72.5,164.7,0.973,119.4,0.8,0,,0,0
Kasaragod,2008,8,31,596.0,643.0,92.7,208.4,0.99,119.4,0.8,0,,0,0
Kasaragod,2008,9,30,280.9,323.7,86.8,113.1,0.946,119.4,0.8,1,,0,1
Kasaragod,2009,6,30,654.3,861.7,75.9,204.5,0.657,119.4,0.8,0,,0,0
Kasaragod,2009,7,31,1467.7,948.4,154.8,298.9,0.943,119.4,0.8,1,33.0,1,1
Kasaragod,2009,8,31,564.9,643.0,87.8,119.4,0.977,119.4,0.8,0,,0,0
Kasaragod,2009,9,30,492.9,323.7,152.3,159.0,0.98,119.4,0.8,0,,0,0
Kasaragod,2010,6,30,901.8,861.7,104.7,213.3,0.616,119.4,0.8,1,,0,1
Kasaragod,2010,7,31,1432.6,948.4,151.0,300.5,0.981,119.4,0.8,0,,0,0
Kasaragod,2010,8,31,805.6,643.0,125.3,157.2,0.996,119.4,0.8,0,,0,0
Kasaragod,2010,9,30,580.7,323.7,179.4,117.2,0.99,119.4,0.8,0,,0,0
Kasaragod,2011,6,30,741.7,861.7,86.1,136.8,0.537,119.4,0.8,0,,0,0
Kasaragod,2011,7,31,1126.4,948.4,118.8,222.6,0.951,119.4,0.8,1,4.0,1,1
Kasaragod,2011,8,31,923.3,643.0,143.6,168.8,0.99,119.4,0.8,0,,0,0
Kasaragod,2011,9,30,478.6,323.7,147.9,144.3,0.979,119.4,0.8,0,,0,0
Kasaragod,2012,6,30,831.5,861.7,96.5,259.4,0.481,119.4,0.8,0,,0,0
Kasaragod,2012,7,31,621.0,948.4,65.5,118.8,0.957,119.4,0.8,0,,0,0
Kasaragod,2012,8,31,982.3,643.0,152.8,228.4,0.971,119.4,0.8,0,,0,0
Kasaragod,2012,9,30,377.8,323.7,116.7,122.0,0.981,119.4,0.8,0,,0,0
Kasaragod,2013,6,30,1354.5,861.7,157.2,223.6,0.553,119.4,0.8,2,2.0,1,1
Kasaragod,2013,7,31,1639.4,948.4,172.9,268.2,0.994,119.4,0.8,0,,0,0
Kasaragod,2013,8,31,752.2,643.0,117.0,195.4,0.996,119.4,0.8,0,,0,0
Kasaragod,2013,9,30,406.9,323.7,125.7,100.9,0.957,119.4,0.8,0,,0,0
Kasaragod,2014,6,30,619.6,861.7,71.9,140.2,0.583,119.4,0.8,0,,0,0
Kasaragod,2014,7,31,1358.3,948.4,143.2,270.0,0.934,119.4,0.8,1,9.0,1,1
Kasaragod,2014,8,31,1074.2,643.0,167.1,176.7,0.99,119.4,0.8,1,,0,1
Kasaragod,2014,9,30,431.3,323.7,133.2,119.0,0.986,119.4,0.8,0,,0,0
Kasaragod,2015,6,30,780.7,861.7,90.6,149.4,0.65,119.4,0.8,1,11.0,1,1
Kasaragod,2015,7,31,759.7,948.4,80.1,164.2,0.97,119.4,0.8,0,,0,0
Kasaragod,2015,8,31,569.7,643.0,88.6,100.2,0.976,119.4,0.8,0,,0,0
Kasaragod,2015,9,30,294.0,323.7,90.8,62.8,0.96,119.4,0.8,0,,0,0
Kasaragod,2016,6,30,1084.0,861.7,125.8,324.2,0.516,119.4,0.8,1,,0,1
Kasaragod,2016,7,31,714.3,948.4,75.3,110.8,0.981,119.4,0.8,1,1.0,1,1
Kasaragod,2016,8,31,466.9,643.0,72.6,77.7,0.98,119.4,0.8,0,,0,0
Kasaragod,2016,9,30,216.2,323.7,66.8,43.0,0.947,119.4,0.8,0,,0,0
Kasaragod,2017,6,30,708.9,861.7,82.3,166.6,0.55,119.4,0.9,0,,0,0
Kasaragod,2017,7,31,646.1,948.4,68.1,155.6,0.966,119.4,0.9,0,,0,0
Kasaragod,2017,8,31,656.8,643.0,102.1,148.6,0.956,119.4,0.9,0,,0,0
Kasaragod,2017,9,30,323.9,323.7,100.1,86.8,0.983,119.4,0.9,0,,0,0
Kasaragod,2018,6,30,733.1,861.7,85.1,127.8,0.783,119.4,0.8,1,138.0,1,1
Kasaragod,2018,7,31,781.0,948.4,82.3,187.1,0.98,119.4,0.8,1,138.0,1,1
Kasaragod,2018,8,31,683.8,643.0,106.3,216.3,0.967,119.4,0.8,1,339.0,1,1
Kasaragod,2018,9,30,97.7,323.7,30.2,47.2,0.96,119.4,0.8,0,,0,0
Kasaragod,2019,6,30,410.7,861.7,47.7,89.6,0.437,119.4,0.8,1,,0,1
Kasaragod,2019,7,31,765.9,948.4,80.8,174.5,0.777,119.4,0.8,1,12.0,1,1
Kasaragod,2019,8,31,1029.4,643.0,160.1,262.1,0.98,119.4,0.8,2,31.0,1,1
Kasaragod,2019,9,30,529.1,323.7,163.5,121.4,0.983,119.4,0.8,0,,0,0
Kasaragod,2020,6,30,852.1,861.7,98.9,259.0,0.604,119.4,0.8,0,,0,0
Kasaragod,2020,7,31,1012.6,948.4,106.8,220.9,0.971,119.4,0.8,0,,0,0
Kasaragod,2020,8,31,1013.8,643.0,157.7,265.5,0.981,119.4,0.8,0,,0,0
Kasaragod,2020,9,30,797.8,323.7,246.5,223.9,0.947,119.4,0.8,1,2.0,1,1
Kasaragod,2021,6,30,552.5,861.7,64.1,148.8,0.813,119.4,0.8,0,,0,0
Kasaragod,2021,7,31,976.7,948.4,103.0,208.9,0.951,119.4,0.8,0,,0,0
Kasaragod,2021,8,31,433.8,643.0,67.5,111.8,0.98,119.4,0.8,0,,0,0
Kasaragod,2021,9,30,437.1,323.7,135.0,108.5,0.953,119.4,0.8,0,,0,0
Kasaragod,2022,6,30,562.6,861.7,65.3,146.2,0.846,119.4,0.7,0,,0,0
Kasaragod,2022,7,31,1136.8,948.4,119.9,266.1,0.96,119.4,0.7,1,4.0,1,1
Kasaragod,2022,8,31,943.3,643.0,146.7,292.2,0.973,119.4,0.7,0,,0,0
Kasaragod,2022,9,30,374.0,323.7,115.5,171.5,0.976,119.4,0.7,0,,0,0
Kasaragod,2023,6,30,399.5,861.7,46.4,105.6,0.479,119.4,0.8,0,,0,0
Kasaragod,2023,7,31,1058.2,948.4,111.6,307.7,0.794,119.4,0.8,0,,0,0
Kasaragod,2023,8,31,139.0,643.0,21.6,40.5,0.981,119.4,0.8,0,,0,0
Kasaragod,2023,9,30,447.5,323.7,138.3,85.7,0.843,119.4,0.8,0,,0,0
Kannur,1981,6,30,1127.6,696.2,162.0,210.0,0.59,132.4,0.5,1,39.0,1,1
Kannur,1981,7,31,693.7,747.8,92.8,138.4,0.999,132.4,0.5,0,,0,0
Kannur,1981,8,31,626.5,481.9,130.0,187.4,1.0,132.4,0.5,0,,0,0
Kannur,1981,9,30,305.8,267.9,114.2,65.8,0.993,132.4,0.5,0,,0,0
Kannur,1982,6,30,798.9,696.2,114.7,199.2,0.613,132.4,0.6,0,,0,0
Kannur,1982,7,31,791.0,747.8,105.8,168.2,0.999,132.4,0.6,1,,0,1
Kannur,1982,8,31,766.3,481.9,159.0,192.8,1.0,132.4,0.6,1,,0,1
Kannur,1982,9,30,115.3,267.9,43.1,50.9,0.986,132.4,0.6,0,,0,0
Kannur,1983,6,30,381.6,696.2,54.8,148.9,0.53,132.4,0.7,0,,0,0
Kannur,1983,7,31,711.5,747.8,95.2,190.0,0.866,132.4,0.7,0,,0,0
Kannur,1983,8,31,689.2,481.9,143.0,147.3,0.999,132.4,0.7,0,,0,0
Kannur,1983,9,30,423.0,267.9,157.9,82.6,0.991,132.4,0.7,0,,0,0
Kannur,1984,6,30,699.2,696.2,100.4,196.9,0.58,132.4,0.7,1,6.0,1,1
Kannur,1984,7,31,588.8,747.8,78.7,129.1,0.999,132.4,0.7,0,,0,0
Kannur,1984,8,31,298.7,481.9,62.0,60.4,0.989,132.4,0.7,0,,0,0
Kannur,1984,9,30,134.4,267.9,50.2,38.1,0.947,132.4,0.7,0,,0,0
Kannur,1985,6,30,852.5,696.2,122.4,166.3,0.669,132.4,0.7,1,16.0,1,1
Kannur,1985,7,31,432.3,747.8,57.8,126.0,1.0,132.4,0.7,0,,0,0
Kannur,1985,8,31,415.8,481.9,86.3,79.7,0.994,132.4,0.7,0,,0,0
Kannur,1985,9,30,104.8,267.9,39.1,26.4,0.974,132.4,0.7,0,,0,0
Kannur,1986,6,30,654.7,696.2,94.0,178.3,0.527,132.4,0.7,1,28.0,1,1
Kannur,1986,7,31,371.9,747.8,49.7,105.4,0.987,132.4,0.7,1,28.0,1,1
Kannur,1986,8,31,352.7,481.9,73.2,124.3,0.976,132.4,0.7,1,28.0,1,1
Kannur,1986,9,30,159.8,267.9,59.7,39.4,0.906,132.4,0.7,0,,0,0
Kannur,1987,6,30,633.7,696.2,91.0,109.7,0.55,132.4,0.8,0,,0,0
Kannur,1987,7,31,243.9,747.8,32.6,82.1,0.973,132.4,0.8,0,,0,0
Kannur,1987,8,31,478.8,481.9,99.4,90.2,0.903,132.4,0.8,0,,0,0
Kannur,1987,9,30,131.1,267.9,49.0,55.6,0.996,132.4,0.8,0,,0,0
Kannur,1988,6,30,714.5,696.2,102.6,149.4,0.563,132.4,0.8,0,,0,0
Kannur,1988,7,31,719.9,747.8,96.3,143.0,0.991,132.4,0.8,1,,0,1
Kannur,1988,8,31,512.0,481.9,106.2,113.2,0.997,132.4,0.8,0,,0,0
Kannur,1988,9,30,348.2,267.9,130.0,88.8,0.993,132.4,0.8,0,,0,0
Kannur,1989,6,30,782.4,696.2,112.4,180.1,0.584,132.4,0.8,0,,0,0
Kannur,1989,7,31,575.0,747.8,76.9,131.3,0.999,132.4,0.8,0,,0,0
Kannur,1989,8,31,433.0,481.9,89.8,108.8,0.999,132.4,0.8,0,,0,0
Kannur,1989,9,30,239.7,267.9,89.5,86.0,0.984,132.4,0.8,0,,0,0
Kannur,1990,6,30,502.2,696.2,72.1,125.5,0.837,132.4,0.7,0,,0,0
Kannur,1990,7,31,666.3,747.8,89.1,115.9,0.993,132.4,0.7,1,,0,1
Kannur,1990,8,31,464.8,481.9,96.4,90.5,0.993,132.4,0.7,0,,0,0
Kannur,1990,9,30,144.4,267.9,53.9,74.4,0.971,132.4,0.7,0,,0,0
Kannur,1991,6,30,900.6,696.2,129.4,181.9,0.53,132.4,0.7,0,,0,0
Kannur,1991,7,31,867.9,747.8,116.1,216.4,0.999,132.4,0.7,1,,0,1
Kannur,1991,8,31,499.6,481.9,103.7,112.8,1.0,132.4,0.7,0,,0,0
Kannur,1991,9,30,61.9,267.9,23.1,17.8,0.983,132.4,0.7,0,,0,0
Kannur,1992,6,30,739.1,696.2,106.2,158.0,0.634,132.4,0.7,1,7.0,1,1
Kannur,1992,7,31,851.5,747.8,113.9,145.8,0.99,132.4,0.7,1,55.0,1,1
Kannur,1992,8,31,569.6,481.9,118.2,110.7,1.0,132.4,0.7,0,,0,0
Kannur,1992,9,30,254.5,267.9,95.0,78.1,0.984,132.4,0.7,0,,0,0
Kannur,1993,6,30,644.5,696.2,92.6,195.2,0.601,132.4,0.7,0,,0,0
Kannur,1993,7,31,892.3,747.8,119.3,193.6,0.979,132.4,0.7,1,2.0,1,1
Kannur,1993,8,31,308.8,481.9,64.1,73.4,0.999,132.4,0.7,0,,0,0
Kannur,1993,9,30,106.4,267.9,39.7,27.2,0.974,132.4,0.7,0,,0,0
Kannur,1994,6,30,991.1,696.2,142.4,213.7,0.587,132.4,0.8,0,,0,0
Kannur,1994,7,31,1035.3,747.8,138.4,193.4,0.996,132.4,0.8,1,4.0,1,1
Kannur,1994,8,31,451.6,481.9,93.7,94.9,1.0,132.4,0.8,1,,0,1
Kannur,1994,9,30,148.4,267.9,55.4,47.3,0.991,132.4,0.8,1,1.0,1,1
Kannur,1995,6,30,759.1,696.2,109.0,232.7,0.714,132.4,0.8,0,,0,0
Kannur,1995,7,31,864.4,747.8,115.6,142.5,1.0,132.4,0.8,1,,0,1
Kannur,1995,8,31,465.8,481.9,96.6,116.2,1.0,132.4,0.8,1,,0,1
Kannur,1995,9,30,221.6,267.9,82.7,96.2,0.997,132.4,0.8,0,,0,0
Kannur,1996,6,30,762.1,696.2,109.5,258.8,0.527,132.4,0.8,2,25.0,1,1
Kannur,1996,7,31,776.6,747.8,103.9,134.9,0.984,132.4,0.8,0,,0,0
Kannur,1996,8,31,325.9,481.9,67.6,61.9,1.0,132.4,0.8,0,,0,0
Kannur,1996,9,30,257.9,267.9,96.3,100.6,0.984,132.4,0.8,0,,0,0
Kannur,1997,6,30,783.8,696.2,112.6,277.4,0.52,132.4,0.8,0,,0,0
Kannur,1997,7,31,1265.9,747.8,169.3,246.7,0.943,132.4,0.8,1,30.0,1,1
Kannur,1997,8,31,696.7,481.9,144.6,151.9,1.0,132.4,0.8,0,,0,0
Kannur,1997,9,30,138.5,267.9,51.7,46.7,1.0,132.4,0.8,0,,0,0
Kannur,1998,6,30,841.8,696.2,120.9,191.2,0.614,132.4,0.9,0,,0,0
Kannur,1998,7,31,733.6,747.8,98.1,136.8,0.999,132.4,0.9,0,,0,0
Kannur,1998,8,31,363.2,481.9,75.4,98.6,1.0,132.4,0.9,0,,0,0
Kannur,1998,9,30,461.9,267.9,172.5,111.0,0.991,132.4,0.9,0,,0,0
Kannur,1999,6,30,620.1,696.2,89.1,144.0,0.901,132.4,0.8,1,18.0,1,1
Kannur,1999,7,31,794.9,747.8,106.3,207.6,0.98,132.4,0.8,1,19.0,1,1
Kannur,1999,8,31,250.5,481.9,52.0,51.7,0.999,132.4,0.8,0,,0,0
Kannur,1999,9,30,84.5,267.9,31.5,25.3,0.95,132.4,0.8,1,2.0,1,1
Kannur,2000,6,30,670.4,696.2,96.3,149.2,0.631,132.4,0.9,1,,0,1
Kannur,2000,7,31,354.2,747.8,47.4,97.4,0.981,132.4,0.9,0,,0,0
Kannur,2000,8,31,413.1,481.9,85.7,120.0,0.936,132.4,0.9,1,37.0,1,1
Kannur,2000,9,30,136.3,267.9,50.9,42.7,0.997,132.4,0.9,0,,0,0
Kannur,2001,6,30,675.2,696.2,97.0,175.8,0.77,132.4,0.9,0,,0,0
Kannur,2001,7,31,595.0,747.8,79.6,97.2,0.996,132.4,0.9,0,,0,0
Kannur,2001,8,31,362.0,481.9,75.1,92.1,0.997,132.4,0.9,0,,0,0
Kannur,2001,9,30,192.8,267.9,72.0,82.6,0.974,132.4,0.9,0,,0,0
Kannur,2002,6,30,607.8,696.2,87.3,195.2,0.736,132.4,0.8,0,,0,0
Kannur,2002,7,31,311.2,747.8,41.6,73.0,0.986,132.4,0.8,1,1.0,1,1
Kannur,2002,8,31,359.6,481.9,74.6,99.2,0.959,132.4,0.8,0,,0,0
Kannur,2002,9,30,125.2,267.9,46.7,67.1,0.954,132.4,0.8,0,,0,0
Kannur,2003,6,30,830.0,696.2,119.2,263.2,0.547,132.4,0.8,1,6.0,1,1
Kannur,2003,7,31,591.1,747.8,79.0,116.2,1.0,132.4,0.8,0,,0,0
Kannur,2003,8,31,278.0,481.9,57.7,74.7,0.997,132.4,0.8,0,,0,0
Kannur,2003,9,30,89.4,267.9,33.4,27.3,0.979,132.4,0.8,0,,0,0
Kannur,2004,6,30,640.3,696.2,92.0,152.6,0.977,132.4,0.8,1,25.0,1,1
Kannur,2004,7,31,496.1,747.8,66.3,109.9,0.987,132.4,0.8,0,,0,0
Kannur,2004,8,31,427.1,481.9,88.6,159.3,1.0,132.4,0.8,1,31.0,1,1
Kannur,2004,9,30,128.0,267.9,47.8,35.0,0.954,132.4,0.8,0,,0,0
Kannur,2005,6,30,655.8,696.2,94.2,211.4,0.591,132.4,0.8,1,7.0,1,1
Kannur,2005,7,31,690.9,747.8,92.4,98.9,0.994,132.4,0.8,0,,0,0
Kannur,2005,8,31,310.5,481.9,64.4,92.1,1.0,132.4,0.8,0,,0,0
Kannur,2005,9,30,303.5,267.9,113.3,81.1,0.956,132.4,0.8,0,,0,0
Kannur,2006,6,30,720.8,696.2,103.5,194.9,0.839,132.4,0.8,1,10.0,1,1
Kannur,2006,7,31,555.7,747.8,74.3,174.5,1.0,132.4,0.8,1,1.0,1,1
Kannur,2006,8,31,430.1,481.9,89.2,156.0,0.987,132.4,0.8,0,,0,0
Kannur,2006,9,30,502.3,267.9,187.5,159.5,0.96,132.4,0.8,0,,0,0
Kannur,2007,6,30,997.3,696.2,143.3,224.8,0.686,132.4,0.8,1,77.0,1,1
Kannur,2007,7,31,825.1,747.8,110.3,152.9,1.0,132.4,0.8,1,30.0,1,1
Kannur,2007,8,31,630.1,481.9,130.7,113.3,1.0,132.4,0.8,0,,0,0
Kannur,2007,9,30,593.8,267.9,221.7,134.8,0.997,132.4,0.8,0,,0,0
Kannur,2008,6,30,772.8,696.2,111.0,148.9,0.616,132.4,0.8,0,,0,0
Kannur,2008,7,31,548.2,747.8,73.3,118.5,0.994,132.4,0.8,0,,0,0
Kannur,2008,8,31,421.3,481.9,87.4,149.3,1.0,132.4,0.8,0,,0,0
Kannur,2008,9,30,311.1,267.9,116.1,117.6,0.964,132.4,0.8,0,,0,0
Kannur,2009,6,30,548.2,696.2,78.7,175.5,0.704,132.4,0.8,0,,0,0
Kannur,2009,7,31,1230.5,747.8,164.6,283.3,0.96,132.4,0.8,1,33.0,1,1
Kannur,2009,8,31,383.6,481.9,79.6,78.2,0.991,132.4,0.8,0,,0,0
Kannur,2009,9,30,435.3,267.9,162.5,137.1,0.996,132.4,0.8,0,,0,0
Kannur,2010,6,30,780.6,696.2,112.1,198.8,0.703,132.4,0.8,0,,0,0
Kannur,2010,7,31,1067.5,747.8,142.8,233.4,1.0,132.4,0.8,0,,0,0
Kannur,2010,8,31,609.4,481.9,126.4,109.4,1.0,132.4,0.8,0,,0,0
Kannur,2010,9,30,416.6,267.9,155.5,107.4,1.0,132.4,0.8,0,,0,0
Kannur,2011,6,30,640.4,696.2,92.0,135.4,0.62,132.4,0.7,0,,0,0
Kannur,2011,7,31,876.5,747.8,117.2,180.2,0.991,132.4,0.7,0,,0,0
Kannur,2011,8,31,714.9,481.9,148.3,135.4,1.0,132.4,0.7,1,1.0,1,1
Kannur,2011,9,30,406.1,267.9,151.6,129.7,0.993,132.4,0.7,0,,0,0
Kannur,2012,6,30,671.4,696.2,96.4,218.6,0.574,132.4,0.8,0,,0,0
Kannur,2012,7,31,491.4,747.8,65.7,88.2,0.987,132.4,0.8,0,,0,0
Kannur,2012,8,31,722.3,481.9,149.9,152.9,0.991,132.4,0.8,1,14.0,1,1
Kannur,2012,9,30,304.1,267.9,113.5,93.4,0.994,132.4,0.8,0,,0,0
Kannur,2013,6,30,1173.5,696.2,168.6,200.7,0.62,132.4,0.8,0,,0,0
Kannur,2013,7,31,1478.9,747.8,197.8,246.8,1.0,132.4,0.8,0,,0,0
Kannur,2013,8,31,613.2,481.9,127.2,176.4,1.0,132.4,0.8,0,,0,0
Kannur,2013,9,30,330.7,267.9,123.4,79.7,0.976,132.4,0.8,0,,0,0
Kannur,2014,6,30,524.6,696.2,75.3,100.6,0.704,132.4,0.7,0,,0,0
Kannur,2014,7,31,1194.2,747.8,159.7,230.2,0.981,132.4,0.7,1,9.0,1,1
Kannur,2014,8,31,867.2,481.9,179.9,158.7,1.0,132.4,0.7,1,,0,1
Kannur,2014,9,30,387.5,267.9,144.6,115.2,1.0,132.4,0.7,0,,0,0
Kannur,2015,6,30,657.0,696.2,94.4,189.8,0.703,132.4,0.7,1,1.0,1,1
Kannur,2015,7,31,503.4,747.8,67.3,138.3,0.996,132.4,0.7,1,9.0,1,1
Kannur,2015,8,31,368.5,481.9,76.5,71.6,0.991,132.4,0.7,1,,0,1
Kannur,2015,9,30,238.0,267.9,88.8,53.6,0.971,132.4,0.7,1,,0,1
Kannur,2016,6,30,595.0,696.2,85.5,151.6,0.604,132.4,0.7,1,2.0,1,1
Kannur,2016,7,31,498.8,747.8,66.7,90.4,0.936,132.4,0.7,0,,0,0
Kannur,2016,8,31,298.7,481.9,62.0,57.0,0.991,132.4,0.7,0,,0,0
Kannur,2016,9,30,114.8,267.9,42.9,26.0,0.961,132.4,0.7,0,,0,0
Kannur,2017,6,30,447.2,696.2,64.2,103.1,0.671,132.4,0.7,0,,0,0
Kannur,2017,7,31,413.6,747.8,55.3,108.7,0.901,132.4,0.7,0,,0,0
Kannur,2017,8,31,446.4,481.9,92.6,92.8,0.971,132.4,0.7,0,,0,0
Kannur,2017,9,30,323.7,267.9,120.8,75.8,0.994,132.4,0.7,0,,0,0
Kannur,2018,6,30,486.0,696.2,69.8,108.7,0.773,132.4,0.6,1,138.0,1,1
Kannur,2018,7,31,565.3,747.8,75.6,128.5,0.956,132.4,0.6,1,138.0,1,1
Kannur,2018,8,31,475.3,481.9,98.6,164.4,0.991,132.4,0.6,1,339.0,1,1
Kannur,2018,9,30,109.0,267.9,40.7,53.6,0.969,132.4,0.6,0,,0,0
Kannur,2019,6,30,258.5,696.2,37.1,51.5,0.547,132.4,0.7,1,,0,1
Kannur,2019,7,31,498.6,747.8,66.7,118.1,0.75,132.4,0.7,1,12.0,1,1
Kannur,2019,8,31,758.9,481.9,157.5,241.8,0.961,132.4,0.7,3,50.0,1,1
Kannur,2019,9,30,362.7,267.9,135.4,95.0,0.993,132.4,0.7,0,,0,0
Kannur,2020,6,30,491.2,696.2,70.6,95.1,0.649,132.4,0.7,0,,0,0
Kannur,2020,7,31,565.1,747.8,75.6,110.5,0.913,132.4,0.7,0,,0,0
Kannur,2020,8,31,636.5,481.9,132.1,210.5,0.996,132.4,0.7,0,,0,0
Kannur,2020,9,30,489.7,267.9,182.8,137.0,0.956,132.4,0.7,2,2.0,1,1
Kannur,2021,6,30,348.6,696.2,50.1,98.2,0.839,132.4,0.8,0,,0,0
Kannur,2021,7,31,579.0,747.8,77.4,110.8,0.944,132.4,0.8,0,,0,0
Kannur,2021,8,31,309.0,481.9,64.1,77.4,0.994,132.4,0.8,0,,0,0
Kannur,2021,9,30,293.0,267.9,109.4,64.1,0.973,132.4,0.8,0,,0,0
Kannur,2022,6,30,309.2,696.2,44.4,75.7,0.829,132.4,0.7,0,,0,0
Kannur,2022,7,31,773.5,747.8,103.4,152.6,0.893,132.4,0.7,4,7.0,1,1
Kannur,2022,8,31,700.0,481.9,145.2,209.0,0.99,132.4,0.7,2,6.0,1,1
Kannur,2022,9,30,210.7,267.9,78.7,91.8,0.994,132.4,0.7,0,,0,0
Kannur,2023,6,30,271.5,696.2,39.0,67.5,0.551,132.4,0.7,1,,0,1
Kannur,2023,7,31,658.1,747.8,88.0,196.0,0.761,132.4,0.7,1,,0,1
Kannur,2023,8,31,79.1,481.9,16.4,24.6,0.994,132.4,0.7,0,,0,0
Kannur,2023,9,30,356.5,267.9,133.1,71.2,0.839,132.4,0.7,0,,0,0
Wayanad,1981,6,30,715.4,405.7,176.3,139.3,0.573,814.8,0.2,0,,0,0
Wayanad,1981,7,31,422.0,416.5,101.3,90.3,0.989,814.8,0.2,0,,0,0
Wayanad,1981,8,31,426.3,267.2,159.5,152.5,0.996,814.8,0.2,0,,0,0
Wayanad,1981,9,30,254.2,178.0,142.8,56.5,0.987,814.8,0.2,0,,0,0
Wayanad,1982,6,30,578.8,405.7,142.7,171.3,0.577,814.8,0.2,0,,0,0
Wayanad,1982,7,31,479.7,416.5,115.2,107.6,0.957,814.8,0.2,0,,0,0
Wayanad,1982,8,31,449.7,267.2,168.3,118.1,0.987,814.8,0.2,0,,0,0
Wayanad,1982,9,30,72.6,178.0,40.8,41.1,0.971,814.8,0.2,0,,0,0
Wayanad,1983,6,30,276.8,405.7,68.2,99.9,0.49,814.8,0.2,0,,0,0
Wayanad,1983,7,31,412.6,416.5,99.1,124.2,0.747,814.8,0.2,0,,0,0
Wayanad,1983,8,31,347.1,267.2,129.9,80.4,0.94,814.8,0.2,0,,0,0
Wayanad,1983,9,30,283.7,178.0,159.3,79.8,0.964,814.8,0.2,0,,0,0
Wayanad,1984,6,30,381.0,405.7,93.9,109.6,0.573,814.8,0.2,1,8.0,1,1
Wayanad,1984,7,31,378.8,416.5,90.9,79.2,0.836,814.8,0.2,1,16.0,1,1
Wayanad,1984,8,31,199.8,267.2,74.7,40.7,0.944,814.8,0.2,0,,0,0
Wayanad,1984,9,30,89.2,178.0,50.1,27.1,0.893,814.8,0.2,0,,0,0
Wayanad,1985,6,30,553.2,405.7,136.4,117.9,0.591,814.8,0.2,0,,0,0
Wayanad,1985,7,31,283.9,416.5,68.2,113.1,0.917,814.8,0.2,0,,0,0
Wayanad,1985,8,31,255.7,267.2,95.7,52.3,0.959,814.8,0.2,0,,0,0
Wayanad,1985,9,30,72.7,178.0,40.8,23.1,0.946,814.8,0.2,0,,0,0
Wayanad,1986,6,30,393.9,405.7,97.1,97.2,0.51,814.8,0.1,0,,0,0
Wayanad,1986,7,31,215.7,416.5,51.8,76.3,0.823,814.8,0.1,0,,0,0
Wayanad,1986,8,31,214.1,267.2,80.1,69.5,0.876,814.8,0.1,0,,0,0
Wayanad,1986,9,30,137.0,178.0,76.9,44.9,0.846,814.8,0.1,0,,0,0
Wayanad,1987,6,30,365.4,405.7,90.1,73.4,0.533,814.8,0.1,0,,0,0
Wayanad,1987,7,31,157.2,416.5,37.7,44.4,0.804,814.8,0.1,0,,0,0
Wayanad,1987,8,31,274.8,267.2,102.8,71.6,0.781,814.8,0.1,0,,0,0
Wayanad,1987,9,30,53.7,178.0,30.1,21.6,0.876,814.8,0.1,0,,0,0
Wayanad,1988,6,30,412.4,405.7,101.7,99.7,0.57,814.8,0.1,0,,0,0
Wayanad,1988,7,31,464.0,416.5,111.4,93.5,0.84,814.8,0.1,0,,0,0
Wayanad,1988,8,31,311.6,267.2,116.6,74.5,0.987,814.8,0.1,0,,0,0
Wayanad,1988,9,30,253.1,178.0,142.2,83.7,0.99,814.8,0.1,0,,0,0
Wayanad,1989,6,30,475.7,405.7,117.3,106.7,0.55,814.8,0.1,0,,0,0
Wayanad,1989,7,31,335.2,416.5,80.5,90.3,0.889,814.8,0.1,0,,0,0
Wayanad,1989,8,31,210.9,267.2,78.9,78.5,0.97,814.8,0.1,0,,0,0
Wayanad,1989,9,30,164.1,178.0,92.2,63.4,0.929,814.8,0.1,0,,0,0
Wayanad,1990,6,30,308.2,405.7,76.0,71.7,0.731,814.8,0.1,0,,0,0
Wayanad,1990,7,31,416.9,416.5,100.1,68.6,0.861,814.8,0.1,0,,0,0
Wayanad,1990,8,31,209.0,267.2,78.2,60.0,0.963,814.8,0.1,0,,0,0
Wayanad,1990,9,30,73.9,178.0,41.5,47.0,0.919,814.8,0.1,0,,0,0
Wayanad,1991,6,30,613.5,405.7,151.2,142.9,0.49,814.8,0.1,1,22.0,1,1
Wayanad,1991,7,31,484.4,416.5,116.3,127.9,0.936,814.8,0.1,0,,0,0
Wayanad,1991,8,31,309.5,267.2,115.8,84.2,0.99,814.8,0.1,0,,0,0
Wayanad,1991,9,30,31.5,178.0,17.7,11.3,0.964,814.8,0.1,0,,0,0
Wayanad,1992,6,30,488.1,405.7,120.3,94.8,0.617,814.8,0.2,1,7.0,1,1
Wayanad,1992,7,31,531.2,416.5,127.5,126.8,0.92,814.8,0.2,1,55.0,1,1
Wayanad,1992,8,31,295.6,267.2,110.6,68.3,0.994,814.8,0.2,0,,0,0
Wayanad,1992,9,30,167.9,178.0,94.3,51.9,0.96,814.8,0.2,0,,0,0
Wayanad,1993,6,30,448.0,405.7,110.4,196.8,0.577,814.8,0.3,0,,0,0
Wayanad,1993,7,31,467.9,416.5,112.3,129.8,0.887,814.8,0.3,0,,0,0
Wayanad,1993,8,31,167.5,267.2,62.7,45.6,0.977,814.8,0.3,0,,0,0
Wayanad,1993,9,30,45.9,178.0,25.8,11.3,0.909,814.8,0.3,0,,0,0
Wayanad,1994,6,30,553.7,405.7,136.5,113.3,0.557,814.8,0.3,0,,0,0
Wayanad,1994,7,31,692.8,416.5,166.3,153.6,0.9,814.8,0.3,0,,0,0
Wayanad,1994,8,31,216.0,267.2,80.8,58.7,0.999,814.8,0.3,0,,0,0
Wayanad,1994,9,30,104.5,178.0,58.7,38.3,0.953,814.8,0.3,0,,0,0
Wayanad,1995,6,30,431.2,405.7,106.3,126.3,0.651,814.8,0.2,0,,0,0
Wayanad,1995,7,31,428.4,416.5,102.9,79.1,0.887,814.8,0.2,0,,0,0
Wayanad,1995,8,31,246.9,267.2,92.4,68.9,0.981,814.8,0.2,0,,0,0
Wayanad,1995,9,30,156.6,178.0,88.0,66.5,0.963,814.8,0.2,1,2.0,1,1
Wayanad,1996,6,30,451.1,405.7,111.2,132.9,0.531,814.8,0.3,2,25.0,1,1
Wayanad,1996,7,31,472.8,416.5,113.5,81.3,0.901,814.8,0.3,0,,0,0
Wayanad,1996,8,31,223.6,267.2,83.7,41.3,0.989,814.8,0.3,0,,0,0
Wayanad,1996,9,30,201.3,178.0,113.1,100.1,0.969,814.8,0.3,0,,0,0
Wayanad,1997,6,30,508.3,405.7,125.3,204.5,0.506,814.8,0.4,0,,0,0
Wayanad,1997,7,31,804.7,416.5,193.2,163.9,0.794,814.8,0.4,0,,0,0
Wayanad,1997,8,31,399.0,267.2,149.3,116.5,1.0,814.8,0.4,0,,0,0
Wayanad,1997,9,30,120.2,178.0,67.5,48.4,0.98,814.8,0.4,0,,0,0
Wayanad,1998,6,30,477.1,405.7,117.6,103.0,0.587,814.8,0.4,0,,0,0
Wayanad,1998,7,31,462.2,416.5,111.0,92.7,0.873,814.8,0.4,1,45.0,1,1
Wayanad,1998,8,31,219.0,267.2,81.9,67.6,0.99,814.8,0.4,0,,0,0
Wayanad,1998,9,30,326.9,178.0,183.6,88.8,0.976,814.8,0.4,0,,0,0
Wayanad,1999,6,30,376.4,405.7,92.8,99.4,0.737,814.8,0.5,1,18.0,1,1
Wayanad,1999,7,31,390.4,416.5,93.7,116.0,0.904,814.8,0.5,0,,0,0
Wayanad,1999,8,31,123.5,267.2,46.2,36.4,0.976,814.8,0.5,0,,0,0
Wayanad,1999,9,30,39.0,178.0,21.9,9.6,0.9,814.8,0.5,0,,0,0
Wayanad,2000,6,30,378.8,405.7,93.4,101.7,0.54,814.8,0.6,0,,0,0
Wayanad,2000,7,31,200.1,416.5,48.1,61.4,0.786,814.8,0.6,0,,0,0
Wayanad,2000,8,31,322.9,267.2,120.8,81.2,0.811,814.8,0.6,1,37.0,1,1
Wayanad,2000,9,30,86.4,178.0,48.5,34.3,0.936,814.8,0.6,0,,0,0
Wayanad,2001,6,30,378.2,405.7,93.2,90.1,0.694,814.8,0.7,1,5.0,1,1
Wayanad,2001,7,31,326.5,416.5,78.4,59.1,0.894,814.8,0.7,0,,0,0
Wayanad,2001,8,31,210.1,267.2,78.6,56.0,0.937,814.8,0.7,0,,0,0
Wayanad,2001,9,30,140.7,178.0,79.0,61.2,0.917,814.8,0.7,0,,0,0
Wayanad,2002,6,30,336.5,405.7,83.0,77.5,0.66,814.8,0.7,0,,0,0
Wayanad,2002,7,31,189.4,416.5,45.5,45.2,0.859,814.8,0.7,0,,0,0
Wayanad,2002,8,31,245.0,267.2,91.7,94.1,0.819,814.8,0.7,0,,0,0
Wayanad,2002,9,30,82.0,178.0,46.0,51.9,0.869,814.8,0.7,0,,0,0
Wayanad,2003,6,30,474.0,405.7,116.8,145.7,0.537,814.8,0.6,0,,0,0
Wayanad,2003,7,31,308.9,416.5,74.2,65.8,0.906,814.8,0.6,0,,0,0
Wayanad,2003,8,31,147.9,267.2,55.3,43.2,0.951,814.8,0.6,0,,0,0
Wayanad,2003,9,30,34.5,178.0,19.4,12.1,0.906,814.8,0.6,0,,0,0
Wayanad,2004,6,30,422.7,405.7,104.2,93.4,0.901,814.8,0.6,0,,0,0
Wayanad,2004,7,31,269.8,416.5,64.8,62.5,0.967,814.8,0.6,1,,0,1
Wayanad,2004,8,31,260.6,267.2,97.5,114.2,0.969,814.8,0.6,1,31.0,1,1
Wayanad,2004,9,30,137.1,178.0,77.0,57.8,0.924,814.8,0.6,0,,0,0
Wayanad,2005,6,30,400.0,405.7,98.6,129.8,0.549,814.8,0.7,1,2.0,1,1
Wayanad,2005,7,31,392.6,416.5,94.3,59.4,0.861,814.8,0.7,2,28.0,1,1
Wayanad,2005,8,31,171.3,267.2,64.1,50.5,0.963,814.8,0.7,0,,0,0
Wayanad,2005,9,30,202.4,178.0,113.7,61.8,0.909,814.8,0.7,0,,0,0
Wayanad,2006,6,30,494.4,405.7,121.9,141.3,0.76,814.8,0.7,1,10.0,1,1
Wayanad,2006,7,31,338.6,416.5,81.3,97.2,0.979,814.8,0.7,3,7.0,1,1
Wayanad,2006,8,31,289.0,267.2,108.2,114.8,0.96,814.8,0.7,1,,0,1
Wayanad,2006,9,30,394.7,178.0,221.7,117.6,0.947,814.8,0.7,0,,0,0
Wayanad,2007,6,30,579.2,405.7,142.8,140.5,0.649,814.8,0.7,4,77.0,1,1
Wayanad,2007,7,31,598.6,416.5,143.7,145.1,0.974,814.8,0.7,4,31.0,1,1
Wayanad,2007,8,31,377.9,267.2,141.4,95.8,0.991,814.8,0.7,0,,0,0
Wayanad,2007,9,30,390.5,178.0,219.3,97.1,0.983,814.8,0.7,0,,0,0
Wayanad,2008,6,30,412.0,405.7,101.6,81.6,0.597,814.8,0.8,0,,0,0
Wayanad,2008,7,31,310.1,416.5,74.5,74.9,0.836,814.8,0.8,1,1.0,1,1
Wayanad,2008,8,31,231.0,267.2,86.4,79.7,0.939,814.8,0.8,1,2.0,1,1
Wayanad,2008,9,30,247.8,178.0,139.2,91.3,0.936,814.8,0.8,0,,0,0
Wayanad,2009,6,30,325.9,405.7,80.3,110.5,0.62,814.8,0.8,0,,0,0
Wayanad,2009,7,31,746.6,416.5,179.3,234.7,0.791,814.8,0.8,3,12.0,1,1
Wayanad,2009,8,31,195.7,267.2,73.2,46.3,0.983,814.8,0.8,0,,0,0
Wayanad,2009,9,30,258.2,178.0,145.0,70.1,0.961,814.8,0.8,0,,0,0
Wayanad,2010,6,30,491.8,405.7,121.2,140.6,0.639,814.8,0.8,1,,0,1
Wayanad,2010,7,31,489.1,416.5,117.4,121.3,0.919,814.8,0.8,0,,0,0
Wayanad,2010,8,31,278.7,267.2,104.3,45.9,0.991,814.8,0.8,0,,0,0
Wayanad,2010,9,30,215.5,178.0,121.0,73.5,0.981,814.8,0.8,0,,0,0
Wayanad,2011,6,30,400.1,405.7,98.6,103.7,0.587,814.8,0.8,2,1.0,1,1
Wayanad,2011,7,31,421.7,416.5,101.3,97.5,0.864,814.8,0.8,1,4.0,1,1
Wayanad,2011,8,31,348.8,267.2,130.5,83.7,0.954,814.8,0.8,1,2.0,1,1
Wayanad,2011,9,30,246.0,178.0,138.1,83.1,0.959,814.8,0.8,1,2.0,1,1
Wayanad,2012,6,30,355.6,405.7,87.7,105.0,0.553,814.8,0.8,1,,0,1
Wayanad,2012,7,31,228.7,416.5,54.9,44.7,0.807,814.8,0.8,1,,0,1
Wayanad,2012,8,31,321.6,267.2,120.3,77.6,0.839,814.8,0.8,1,14.0,1,1
Wayanad,2012,9,30,158.2,178.0,88.9,47.5,0.876,814.8,0.8,0,,0,0
Wayanad,2013,6,30,637.4,405.7,157.1,125.7,0.554,814.8,0.9,1,,0,1
Wayanad,2013,7,31,725.0,416.5,174.1,121.2,0.969,814.8,0.9,2,,0,1
Wayanad,2013,8,31,292.7,267.2,109.5,94.7,0.997,814.8,0.9,2,,0,1
Wayanad,2013,9,30,183.6,178.0,103.1,39.6,0.943,814.8,0.9,1,,0,1
Wayanad,2014,6,30,301.5,405.7,74.3,54.8,0.696,814.8,1.0,1,,0,1
Wayanad,2014,7,31,645.0,416.5,154.9,130.8,0.836,814.8,1.0,1,9.0,1,1
Wayanad,2014,8,31,474.7,267.2,177.6,97.5,0.994,814.8,1.0,2,4.0,1,1
Wayanad,2014,9,30,234.3,178.0,131.6,61.0,0.991,814.8,1.0,0,,0,0
Wayanad,2015,6,30,265.5,405.7,65.5,67.1,0.64,814.8,1.0,1,11.0,1,1
Wayanad,2015,7,31,164.0,416.5,39.4,51.2,0.794,814.8,1.0,0,,0,0
Wayanad,2015,8,31,136.2,267.2,51.0,27.5,0.779,814.8,1.0,0,,0,0
Wayanad,2015,9,30,133.6,178.0,75.0,39.9,0.74,814.8,1.0,1,,0,1
Wayanad,2016,6,30,294.2,405.7,72.5,59.8,0.564,814.8,1.0,4,4.0,1,1
Wayanad,2016,7,31,279.2,416.5,67.0,52.1,0.757,814.8,1.0,2,1.0,1,1
Wayanad,2016,8,31,119.4,267.2,44.7,19.2,0.856,814.8,1.0,0,,0,0
Wayanad,2016,9,30,41.9,178.0,23.6,9.9,0.781,814.8,1.0,0,,0,0
Wayanad,2017,6,30,228.7,405.7,56.4,56.8,0.649,814.8,1.0,0,,0,0
Wayanad,2017,7,31,180.9,416.5,43.4,54.8,0.751,814.8,1.0,0,,0,0
Wayanad,2017,8,31,236.0,267.2,88.3,47.1,0.779,814.8,1.0,1,,0,1
Wayanad,2017,9,30,323.4,178.0,181.7,66.3,0.829,814.8,1.0,2,5.0,1,1
Wayanad,2018,6,30,287.7,405.7,70.9,66.0,0.697,814.8,1.0,1,138.0,1,1
Wayanad,2018,7,31,352.4,416.5,84.6,94.0,0.823,814.8,1.0,1,138.0,1,1
Wayanad,2018,8,31,342.6,267.2,128.2,133.1,0.901,814.8,1.0,1,339.0,1,1
Wayanad,2018,9,30,118.8,178.0,66.7,45.8,0.907,814.8,1.0,0,,0,0
Wayanad,2019,6,30,142.8,405.7,35.2,28.6,0.559,814.8,1.0,1,,0,1
Wayanad,2019,7,31,262.6,416.5,63.1,59.8,0.647,814.8,1.0,1,12.0,1,1
Wayanad,2019,8,31,488.4,267.2,182.8,194.8,0.797,814.8,1.0,7,52.0,1,1
Wayanad,2019,9,30,230.5,178.0,129.5,39.0,0.939,814.8,1.0,1,,0,1
Wayanad,2020,6,30,216.2,405.7,53.3,46.3,0.57,814.8,1.0,0,,0,0
Wayanad,2020,7,31,329.7,416.5,79.2,58.5,0.706,814.8,1.0,0,,0,0
Wayanad,2020,8,31,326.3,267.2,122.1,123.7,0.864,814.8,1.0,4,2.0,1,1
Wayanad,2020,9,30,287.5,178.0,161.5,59.8,0.907,814.8,1.0,1,,0,1
Wayanad,2021,6,30,212.3,405.7,52.3,58.9,0.747,814.8,1.0,2,,0,1
Wayanad,2021,7,31,335.7,416.5,80.6,64.3,0.803,814.8,1.0,3,1.0,1,1
Wayanad,2021,8,31,210.7,267.2,78.9,50.0,0.919,814.8,1.0,0,,0,0
Wayanad,2021,9,30,181.0,178.0,101.6,31.1,0.894,814.8,1.0,0,,0,0
Wayanad,2022,6,30,191.7,405.7,47.3,36.7,0.737,814.8,1.0,1,1.0,1,1
Wayanad,2022,7,31,422.8,416.5,101.5,80.8,0.777,814.8,1.0,1,4.0,1,1
Wayanad,2022,8,31,463.1,267.2,173.3,114.7,0.923,814.8,1.0,1,,0,1
Wayanad,2022,9,30,164.8,178.0,92.6,77.2,0.979,814.8,1.0,0,,0,0
Wayanad,2023,6,30,169.5,405.7,41.8,50.2,0.567,814.8,1.0,0,,0,0
Wayanad,2023,7,31,298.7,416.5,71.7,90.0,0.67,814.8,1.0,1,2.0,1,1
Wayanad,2023,8,31,56.6,267.2,21.2,18.2,0.816,814.8,1.0,0,,0,0
Wayanad,2023,9,30,229.4,178.0,128.8,40.1,0.676,814.8,1.0,0,,0,0
Kozhikode,1981,6,30,1043.2,617.0,169.1,193.2,0.637,202.0,0.5,2,39.0,1,1
Kozhikode,1981,7,31,590.4,621.1,95.1,127.3,0.997,202.0,0.5,0,,0,0
Kozhikode,1981,8,31,539.1,399.2,135.0,164.9,1.0,202.0,0.5,1,1.0,1,1
Kozhikode,1981,9,30,311.4,238.7,130.5,72.9,0.993,202.0,0.5,0,,0,0
Kozhikode,1982,6,30,771.7,617.0,125.1,182.1,0.67,202.0,0.6,0,,0,0
Kozhikode,1982,7,31,662.5,621.1,106.7,141.9,1.0,202.0,0.6,0,,0,0
Kozhikode,1982,8,31,619.8,399.2,155.2,152.2,0.999,202.0,0.6,1,,0,1
Kozhikode,1982,9,30,108.5,238.7,45.5,44.5,0.984,202.0,0.6,0,,0,0
Kozhikode,1983,6,30,348.5,617.0,56.5,130.5,0.569,202.0,0.7,0,,0,0
Kozhikode,1983,7,31,610.5,621.1,98.3,176.1,0.884,202.0,0.7,0,,0,0
Kozhikode,1983,8,31,577.0,399.2,144.5,127.3,0.996,202.0,0.7,0,,0,0
Kozhikode,1983,9,30,392.2,238.7,164.3,100.1,0.991,202.0,0.7,0,,0,0
Kozhikode,1984,6,30,612.6,617.0,99.3,165.2,0.647,202.0,0.7,1,4.0,1,1
Kozhikode,1984,7,31,536.5,621.1,86.4,109.5,0.991,202.0,0.7,0,,0,0
Kozhikode,1984,8,31,251.5,399.2,63.0,48.3,0.986,202.0,0.7,0,,0,0
Kozhikode,1984,9,30,129.7,238.7,54.3,51.8,0.943,202.0,0.7,0,,0,0
Kozhikode,1985,6,30,791.8,617.0,128.3,154.4,0.72,202.0,0.7,2,18.0,1,1
Kozhikode,1985,7,31,393.1,621.1,63.3,126.4,1.0,202.0,0.7,0,,0,0
Kozhikode,1985,8,31,353.5,399.2,88.5,65.5,0.986,202.0,0.7,0,,0,0
Kozhikode,1985,9,30,102.9,238.7,43.1,26.1,0.973,202.0,0.7,0,,0,0
Kozhikode,1986,6,30,599.7,617.0,97.2,163.7,0.581,202.0,0.7,0,,0,0
Kozhikode,1986,7,31,318.4,621.1,51.3,86.3,0.991,202.0,0.7,0,,0,0
Kozhikode,1986,8,31,292.4,399.2,73.2,97.3,0.977,202.0,0.7,0,,0,0
Kozhikode,1986,9,30,156.6,238.7,65.6,41.9,0.899,202.0,0.7,0,,0,0
Kozhikode,1987,6,30,562.9,617.0,91.2,103.0,0.603,202.0,0.6,0,,0,0
Kozhikode,1987,7,31,207.1,621.1,33.3,61.1,0.976,202.0,0.6,0,,0,0
Kozhikode,1987,8,31,415.5,399.2,104.1,85.1,0.904,202.0,0.6,0,,0,0
Kozhikode,1987,9,30,117.4,238.7,49.2,49.2,0.994,202.0,0.6,0,,0,0
Kozhikode,1988,6,30,635.9,617.0,103.1,135.0,0.631,202.0,0.6,0,,0,0
Kozhikode,1988,7,31,629.8,621.1,101.4,134.7,0.991,202.0,0.6,0,,0,0
Kozhikode,1988,8,31,442.7,399.2,110.9,88.5,0.997,202.0,0.6,0,,0,0
Kozhikode,1988,9,30,324.9,238.7,136.1,85.6,0.991,202.0,0.6,0,,0,0
Kozhikode,1989,6,30,707.7,617.0,114.7,150.7,0.636,202.0,0.6,0,,0,0
Kozhikode,1989,7,31,480.3,621.1,77.3,106.2,1.0,202.0,0.6,1,17.0,1,1
Kozhikode,1989,8,31,306.6,399.2,76.8,90.0,0.999,202.0,0.6,0,,0,0
Kozhikode,1989,9,30,216.9,238.7,90.9,69.1,0.974,202.0,0.6,0,,0,0
Kozhikode,1990,6,30,439.0,617.0,71.1,107.1,0.89,202.0,0.6,0,,0,0
Kozhikode,1990,7,31,612.7,621.1,98.6,108.8,0.991,202.0,0.6,1,,0,1
Kozhikode,1990,8,31,325.6,399.2,81.6,71.6,0.993,202.0,0.6,0,,0,0
Kozhikode,1990,9,30,123.7,238.7,51.8,60.5,0.96,202.0,0.6,0,,0,0
Kozhikode,1991,6,30,842.5,617.0,136.5,158.0,0.577,202.0,0.6,2,30.0,1,1
Kozhikode,1991,7,31,712.6,621.1,114.7,178.6,0.999,202.0,0.6,0,,0,0
Kozhikode,1991,8,31,436.6,399.2,109.4,101.3,1.0,202.0,0.6,0,,0,0
Kozhikode,1991,9,30,54.5,238.7,22.8,19.4,0.98,202.0,0.6,0,,0,0
Kozhikode,1992,6,30,685.5,617.0,111.1,138.1,0.707,202.0,0.6,1,7.0,1,1
Kozhikode,1992,7,31,752.9,621.1,121.2,136.1,0.989,202.0,0.6,1,55.0,1,1
Kozhikode,1992,8,31,468.6,399.2,117.4,88.2,1.0,202.0,0.6,1,4.0,1,1
Kozhikode,1992,9,30,227.3,238.7,95.2,63.1,0.983,202.0,0.6,0,,0,0
Kozhikode,1993,6,30,633.3,617.0,102.6,230.2,0.657,202.0,0.6,0,,0,0
Kozhikode,1993,7,31,695.7,621.1,112.0,183.5,0.983,202.0,0.6,0,,0,0
Kozhikode,1993,8,31,236.5,399.2,59.2,61.1,0.999,202.0,0.6,0,,0,0
Kozhikode,1993,9,30,85.3,238.7,35.8,17.6,0.959,202.0,0.6,0,,0,0
Kozhikode,1994,6,30,839.9,617.0,136.1,191.0,0.637,202.0,0.6,1,30.0,1,1
Kozhikode,1994,7,31,899.1,621.1,144.8,179.1,0.996,202.0,0.6,3,18.0,1,1
Kozhikode,1994,8,31,353.4,399.2,88.5,78.0,1.0,202.0,0.6,0,,0,0
Kozhikode,1994,9,30,136.4,238.7,57.2,44.3,0.986,202.0,0.6,0,,0,0
Kozhikode,1995,6,30,685.5,617.0,111.1,214.4,0.757,202.0,0.6,1,2.0,1,1
Kozhikode,1995,7,31,688.0,621.1,110.8,111.0,0.996,202.0,0.6,1,,0,1
Kozhikode,1995,8,31,390.4,399.2,97.8,93.5,1.0,202.0,0.6,0,,0,0
Kozhikode,1995,9,30,195.0,238.7,81.7,82.7,0.996,202.0,0.6,0,,0,0
Kozhikode,1996,6,30,663.6,617.0,107.6,196.8,0.586,202.0,0.6,3,27.0,1,1
Kozhikode,1996,7,31,679.7,621.1,109.4,119.8,0.983,202.0,0.6,1,,0,1
Kozhikode,1996,8,31,284.9,399.2,71.4,53.9,1.0,202.0,0.6,0,,0,0
Kozhikode,1996,9,30,242.6,238.7,101.6,101.3,0.981,202.0,0.6,0,,0,0
Kozhikode,1997,6,30,717.7,617.0,116.3,260.2,0.58,202.0,0.7,0,,0,0
Kozhikode,1997,7,31,1143.6,621.1,184.1,210.1,0.954,202.0,0.7,1,30.0,1,1
Kozhikode,1997,8,31,573.8,399.2,143.7,134.8,1.0,202.0,0.7,0,,0,0
Kozhikode,1997,9,30,153.1,238.7,64.1,53.8,0.997,202.0,0.7,0,,0,0
Kozhikode,1998,6,30,724.8,617.0,117.5,159.1,0.674,202.0,0.8,0,,0,0
Kozhikode,1998,7,31,620.9,621.1,100.0,120.5,0.999,202.0,0.8,0,,0,0
Kozhikode,1998,8,31,313.0,399.2,78.4,90.5,1.0,202.0,0.8,0,,0,0
Kozhikode,1998,9,30,426.1,238.7,178.5,97.4,0.99,202.0,0.8,0,,0,0
Kozhikode,1999,6,30,533.8,617.0,86.5,129.4,0.919,202.0,0.8,2,32.0,1,1
Kozhikode,1999,7,31,624.4,621.1,100.5,164.0,0.977,202.0,0.8,0,,0,0
Kozhikode,1999,8,31,192.6,399.2,48.2,44.7,0.999,202.0,0.8,1,3.0,1,1
Kozhikode,1999,9,30,64.3,238.7,26.9,14.9,0.94,202.0,0.8,0,,0,0
Kozhikode,2000,6,30,568.3,617.0,92.1,139.3,0.66,202.0,0.8,0,,0,0
Kozhikode,2000,7,31,286.2,621.1,46.1,78.6,0.977,202.0,0.8,0,,0,0
Kozhikode,2000,8,31,386.8,399.2,96.9,102.1,0.931,202.0,0.8,1,37.0,1,1
Kozhikode,2000,9,30,139.0,238.7,58.2,43.1,0.996,202.0,0.8,0,,0,0
Kozhikode,2001,6,30,585.0,617.0,94.8,150.2,0.831,202.0,0.8,1,5.0,1,1
Kozhikode,2001,7,31,475.2,621.1,76.5,77.2,0.996,202.0,0.8,0,,0,0
Kozhikode,2001,8,31,294.0,399.2,73.6,76.6,0.994,202.0,0.8,0,,0,0
Kozhikode,2001,9,30,177.3,238.7,74.3,74.7,0.969,202.0,0.8,0,,0,0
Kozhikode,2002,6,30,522.8,617.0,84.7,162.2,0.791,202.0,0.8,1,2.0,1,1
Kozhikode,2002,7,31,261.4,621.1,42.1,56.7,0.983,202.0,0.8,0,,0,0
Kozhikode,2002,8,31,329.6,399.2,82.5,108.7,0.949,202.0,0.8,1,3.0,1,1
Kozhikode,2002,9,30,103.1,238.7,43.2,60.8,0.957,202.0,0.8,0,,0,0
Kozhikode,2003,6,30,702.5,617.0,113.8,205.9,0.613,202.0,0.8,1,6.0,1,1
Kozhikode,2003,7,31,505.4,621.1,81.4,91.9,0.999,202.0,0.8,0,,0,0
Kozhikode,2003,8,31,222.9,399.2,55.8,61.9,0.997,202.0,0.8,0,,0,0
Kozhikode,2003,9,30,64.1,238.7,26.9,22.4,0.97,202.0,0.8,0,,0,0
Kozhikode,2004,6,30,587.9,617.0,95.3,140.7,0.99,202.0,0.9,1,25.0,1,1
Kozhikode,2004,7,31,400.8,621.1,64.5,87.1,0.986,202.0,0.9,0,,0,0
Kozhikode,2004,8,31,354.2,399.2,88.7,130.7,0.996,202.0,0.9,1,31.0,1,1
Kozhikode,2004,9,30,140.9,238.7,59.0,39.8,0.947,202.0,0.9,0,,0,0
Kozhikode,2005,6,30,576.8,617.0,93.5,165.8,0.636,202.0,0.9,0,,0,0
Kozhikode,2005,7,31,565.9,621.1,91.1,76.1,0.994,202.0,0.9,3,1.0,1,1
Kozhikode,2005,8,31,229.7,399.2,57.5,67.4,1.0,202.0,0.9,0,,0,0
Kozhikode,2005,9,30,273.1,238.7,114.4,75.8,0.94,202.0,0.9,0,,0,0
Kozhikode,2006,6,30,652.0,617.0,105.7,171.0,0.886,202.0,0.9,2,13.0,1,1
Kozhikode,2006,7,31,464.3,621.1,74.7,139.5,1.0,202.0,0.9,0,,0,0
Kozhikode,2006,8,31,391.0,399.2,97.9,144.7,0.984,202.0,0.9,0,,0,0
Kozhikode,2006,9,30,473.9,238.7,198.5,131.0,0.96,202.0,0.9,0,,0,0
Kozhikode,2007,6,30,904.9,617.0,146.6,212.7,0.756,202.0,0.9,1,77.0,1,1
Kozhikode,2007,7,31,802.3,621.1,129.2,164.1,1.0,202.0,0.9,1,30.0,1,1
Kozhikode,2007,8,31,535.6,399.2,134.2,107.0,1.0,202.0,0.9,0,,0,0
Kozhikode,2007,9,30,532.9,238.7,223.3,116.9,0.994,202.0,0.9,0,,0,0
Kozhikode,2008,6,30,660.8,617.0,107.1,137.6,0.684,202.0,0.9,0,,0,0
Kozhikode,2008,7,31,484.7,621.1,78.0,103.6,0.994,202.0,0.9,0,,0,0
Kozhikode,2008,8,31,342.7,399.2,85.8,115.9,1.0,202.0,0.9,0,,0,0
Kozhikode,2008,9,30,317.2,238.7,132.9,114.6,0.961,202.0,0.9,0,,0,0
Kozhikode,2009,6,30,496.2,617.0,80.4,153.3,0.75,202.0,0.9,0,,0,0
Kozhikode,2009,7,31,1055.6,621.1,169.9,278.3,0.964,202.0,0.9,2,38.0,1,1
Kozhikode,2009,8,31,282.2,399.2,70.7,54.8,0.991,202.0,0.9,0,,0,0
Kozhikode,2009,9,30,350.6,238.7,146.9,93.2,0.991,202.0,0.9,0,,0,0
Kozhikode,2010,6,30,738.0,617.0,119.6,180.6,0.769,202.0,0.9,1,,0,1
Kozhikode,2010,7,31,791.7,621.1,127.5,171.4,1.0,202.0,0.9,0,,0,0
Kozhikode,2010,8,31,439.5,399.2,110.1,72.1,1.0,202.0,0.9,0,,0,0
Kozhikode,2010,9,30,318.3,238.7,133.3,94.1,1.0,202.0,0.9,1,2.0,1,1
Kozhikode,2011,6,30,586.5,617.0,95.1,149.5,0.67,202.0,0.9,2,1.0,1,1
Kozhikode,2011,7,31,673.0,621.1,108.4,142.7,0.994,202.0,0.9,1,4.0,1,1
Kozhikode,2011,8,31,565.1,399.2,141.5,110.8,1.0,202.0,0.9,1,2.0,1,1
Kozhikode,2011,9,30,348.4,238.7,146.0,116.8,0.993,202.0,0.9,1,2.0,1,1
Kozhikode,2012,6,30,570.5,617.0,92.5,166.5,0.634,202.0,0.9,0,,0,0
Kozhikode,2012,7,31,374.5,621.1,60.3,69.0,0.986,202.0,0.9,0,,0,0
Kozhikode,2012,8,31,535.7,399.2,134.2,107.0,0.99,202.0,0.9,1,14.0,1,1
Kozhikode,2012,9,30,230.8,238.7,96.7,69.6,0.993,202.0,0.9,0,,0,0
Kozhikode,2013,6,30,1005.1,617.0,162.9,173.2,0.664,202.0,0.9,1,2.0,1,1
Kozhikode,2013,7,31,1067.4,621.1,171.8,175.2,1.0,202.0,0.9,0,,0,0
Kozhikode,2013,8,31,427.4,399.2,107.0,134.8,1.0,202.0,0.9,0,,0,0
Kozhikode,2013,9,30,249.6,238.7,104.6,57.2,0.97,202.0,0.9,0,,0,0
Kozhikode,2014,6,30,432.4,617.0,70.1,83.7,0.773,202.0,0.9,0,,0,0
Kozhikode,2014,7,31,920.5,621.1,148.2,171.4,0.981,202.0,0.9,1,9.0,1,1
Kozhikode,2014,8,31,689.0,399.2,172.6,116.8,1.0,202.0,0.9,1,,0,1
Kozhikode,2014,9,30,296.7,238.7,124.3,88.3,1.0,202.0,0.9,0,,0,0
Kozhikode,2015,6,30,516.2,617.0,83.7,122.8,0.751,202.0,0.9,0,,0,0
Kozhikode,2015,7,31,373.0,621.1,60.1,117.1,0.99,202.0,0.9,0,,0,0
Kozhikode,2015,8,31,286.3,399.2,71.7,54.8,0.984,202.0,0.9,0,,0,0
Kozhikode,2015,9,30,217.9,238.7,91.3,60.0,0.963,202.0,0.9,0,,0,0
Kozhikode,2016,6,30,519.1,617.0,84.1,108.4,0.673,202.0,0.8,0,,0,0
Kozhikode,2016,7,31,454.7,621.1,73.2,80.1,0.954,202.0,0.8,0,,0,0
Kozhikode,2016,8,31,229.3,399.2,57.4,43.5,0.99,202.0,0.8,0,,0,0
Kozhikode,2016,9,30,82.1,238.7,34.4,15.8,0.941,202.0,0.8,1,6.0,1,1
Kozhikode,2017,6,30,417.0,617.0,67.6,107.9,0.737,202.0,0.8,0,,0,0
Kozhikode,2017,7,31,354.4,621.1,57.1,85.9,0.933,202.0,0.8,0,,0,0
Kozhikode,2017,8,31,406.0,399.2,101.7,100.2,0.971,202.0,0.8,0,,0,0
Kozhikode,2017,9,30,339.9,238.7,142.4,78.8,0.993,202.0,0.8,2,11.0,1,1
Kozhikode,2018,6,30,482.1,617.0,78.1,101.4,0.837,202.0,0.8,1,138.0,1,1
Kozhikode,2018,7,31,544.7,621.1,87.7,140.5,0.979,202.0,0.8,1,138.0,1,1
Kozhikode,2018,8,31,527.9,399.2,132.2,186.3,0.993,202.0,0.8,1,339.0,1,1
Kozhikode,2018,9,30,120.3,238.7,50.4,62.0,0.969,202.0,0.8,0,,0,0
Kozhikode,2019,6,30,244.7,617.0,39.7,51.9,0.609,202.0,0.9,0,,0,0
Kozhikode,2019,7,31,446.9,621.1,72.0,112.1,0.793,202.0,0.9,1,12.0,1,1
Kozhikode,2019,8,31,726.2,399.2,181.9,254.4,0.976,202.0,0.9,2,31.0,1,1
Kozhikode,2019,9,30,339.7,238.7,142.3,71.8,0.997,202.0,0.9,0,,0,0
Kozhikode,2020,6,30,415.8,617.0,67.4,83.0,0.689,202.0,0.9,0,,0,0
Kozhikode,2020,7,31,514.4,621.1,82.8,99.9,0.913,202.0,0.9,1,1.0,1,1
Kozhikode,2020,8,31,525.9,399.2,131.7,192.7,0.994,202.0,0.9,1,,0,1
Kozhikode,2020,9,30,460.3,238.7,192.8,130.9,0.951,202.0,0.9,0,,0,0
Kozhikode,2021,6,30,318.8,617.0,51.7,111.6,0.899,202.0,0.9,0,,0,0
Kozhikode,2021,7,31,499.4,621.1,80.4,95.5,0.959,202.0,0.9,0,,0,0
Kozhikode,2021,8,31,331.5,399.2,83.0,83.2,0.996,202.0,0.9,0,,0,0
Kozhikode,2021,9,30,275.2,238.7,115.3,52.0,0.981,202.0,0.9,0,,0,0
Kozhikode,2022,6,30,288.8,617.0,46.8,60.9,0.889,202.0,0.8,0,,0,0
Kozhikode,2022,7,31,643.1,621.1,103.5,114.1,0.933,202.0,0.8,1,4.0,1,1
Kozhikode,2022,8,31,581.4,399.2,145.6,171.7,0.99,202.0,0.8,0,,0,0
Kozhikode,2022,9,30,207.4,238.7,86.9,92.2,0.994,202.0,0.8,0,,0,0
Kozhikode,2023,6,30,259.9,617.0,42.1,66.5,0.62,202.0,0.8,1,,0,1
Kozhikode,2023,7,31,560.4,621.1,90.2,175.3,0.804,202.0,0.8,1,,0,1
Kozhikode,2023,8,31,74.9,399.2,18.8,14.8,0.991,202.0,0.8,0,,0,0
Kozhikode,2023,9,30,352.0,238.7,147.5,69.9,0.816,202.0,0.8,0,,0,0
Malappuram,1981,6,30,734.3,420.8,174.5,137.7,0.613,183.4,0.4,2,39.0,1,1
Malappuram,1981,7,31,431.6,404.8,106.6,97.5,0.989,183.4,0.4,0,,0,0
Malappuram,1981,8,31,425.2,272.7,155.9,143.5,0.994,183.4,0.4,0,,0,0
Malappuram,1981,9,30,289.8,189.2,153.2,64.3,0.983,183.4,0.4,0,,0,0
Malappuram,1982,6,30,618.6,420.8,147.0,172.4,0.64,183.4,0.5,0,,0,0
Malappuram,1982,7,31,473.1,404.8,116.9,94.9,0.981,183.4,0.5,0,,0,0
Malappuram,1982,8,31,424.1,272.7,155.5,107.0,0.986,183.4,0.5,0,,0,0
Malappuram,1982,9,30,72.8,189.2,38.4,34.6,0.967,183.4,0.5,0,,0,0
Malappuram,1983,6,30,299.3,420.8,71.1,110.2,0.527,183.4,0.5,0,,0,0
Malappuram,1983,7,31,395.0,404.8,97.6,129.9,0.801,183.4,0.5,1,3.0,1,1
Malappuram,1983,8,31,333.2,272.7,122.2,78.2,0.961,183.4,0.5,0,,0,0
Malappuram,1983,9,30,286.5,189.2,151.4,92.2,0.966,183.4,0.5,0,,0,0
Malappuram,1984,6,30,385.5,420.8,91.6,105.3,0.624,183.4,0.6,1,6.0,1,1
Malappuram,1984,7,31,394.1,404.8,97.4,80.0,0.887,183.4,0.6,0,,0,0
Malappuram,1984,8,31,191.1,272.7,70.1,37.1,0.964,183.4,0.6,0,,0,0
Malappuram,1984,9,30,101.9,189.2,53.9,36.6,0.884,183.4,0.6,0,,0,0
Malappuram,1985,6,30,568.4,420.8,135.1,124.0,0.664,183.4,0.6,0,,0,0
Malappuram,1985,7,31,278.9,404.8,68.9,104.4,0.961,183.4,0.6,0,,0,0
Malappuram,1985,8,31,238.8,272.7,87.6,47.3,0.956,183.4,0.6,0,,0,0
Malappuram,1985,9,30,84.9,189.2,44.9,31.2,0.939,183.4,0.6,0,,0,0
Malappuram,1986,6,30,382.0,420.8,90.8,85.6,0.557,183.4,0.5,0,,0,0
Malappuram,1986,7,31,199.5,404.8,49.3,68.0,0.849,183.4,0.5,0,,0,0
Malappuram,1986,8,31,220.8,272.7,81.0,83.7,0.9,183.4,0.5,0,,0,0
Malappuram,1986,9,30,143.6,189.2,75.9,42.1,0.85,183.4,0.5,0,,0,0
Malappuram,1987,6,30,361.6,420.8,85.9,71.7,0.583,183.4,0.5,0,,0,0
Malappuram,1987,7,31,151.4,404.8,37.4,39.1,0.846,183.4,0.5,0,,0,0
Malappuram,1987,8,31,289.9,272.7,106.3,82.3,0.806,183.4,0.5,0,,0,0
Malappuram,1987,9,30,58.9,189.2,31.1,23.9,0.91,183.4,0.5,0,,0,0
Malappuram,1988,6,30,412.0,420.8,97.9,102.6,0.621,183.4,0.5,0,,0,0
Malappuram,1988,7,31,454.2,404.8,112.2,88.1,0.886,183.4,0.5,0,,0,0
Malappuram,1988,8,31,316.5,272.7,116.1,79.9,0.986,183.4,0.5,1,6.0,1,1
Malappuram,1988,9,30,295.8,189.2,156.3,80.6,0.981,183.4,0.5,0,,0,0
Malappuram,1989,6,30,491.4,420.8,116.8,102.2,0.623,183.4,0.5,0,,0,0
Malappuram,1989,7,31,326.3,404.8,80.6,86.6,0.946,183.4,0.5,1,17.0,1,1
Malappuram,1989,8,31,188.0,272.7,68.9,69.2,0.98,183.4,0.5,0,,0,0
Malappuram,1989,9,30,172.2,189.2,91.0,64.4,0.926,183.4,0.5,0,,0,0
Malappuram,1990,6,30,298.2,420.8,70.9,73.3,0.784,183.4,0.6,0,,0,0
Malappuram,1990,7,31,427.1,404.8,105.5,79.8,0.899,183.4,0.6,0,,0,0
Malappuram,1990,8,31,182.5,272.7,66.9,62.8,0.971,183.4,0.6,0,,0,0
Malappuram,1990,9,30,68.4,189.2,36.2,38.4,0.903,183.4,0.6,0,,0,0
Malappuram,1991,6,30,700.9,420.8,166.6,201.7,0.524,183.4,0.5,0,,0,0
Malappuram,1991,7,31,447.0,404.8,110.4,116.6,0.97,183.4,0.5,0,,0,0
Malappuram,1991,8,31,313.5,272.7,115.0,88.5,0.983,183.4,0.5,0,,0,0
Malappuram,1991,9,30,31.7,189.2,16.7,15.1,0.96,183.4,0.5,0,,0,0
Malappuram,1992,6,30,496.5,420.8,118.0,107.2,0.673,183.4,0.4,1,7.0,1,1
Malappuram,1992,7,31,503.0,404.8,124.3,123.7,0.954,183.4,0.4,1,55.0,1,1
Malappuram,1992,8,31,282.3,272.7,103.5,61.4,0.993,183.4,0.4,0,,0,0
Malappuram,1992,9,30,189.0,189.2,99.9,55.4,0.954,183.4,0.4,0,,0,0
Malappuram,1993,6,30,474.8,420.8,112.8,214.5,0.641,183.4,0.5,0,,0,0
Malappuram,1993,7,31,434.7,404.8,107.4,117.1,0.937,183.4,0.5,1,2.0,1,1
Malappuram,1993,8,31,155.0,272.7,56.9,38.1,0.979,183.4,0.5,0,,0,0
Malappuram,1993,9,30,43.4,189.2,22.9,7.9,0.889,183.4,0.5,0,,0,0
Malappuram,1994,6,30,517.5,420.8,123.0,109.6,0.623,183.4,0.5,1,30.0,1,1
Malappuram,1994,7,31,655.0,404.8,161.8,145.1,0.933,183.4,0.5,3,30.0,1,1
Malappuram,1994,8,31,232.6,272.7,85.3,79.1,0.994,183.4,0.5,0,,0,0
Malappuram,1994,9,30,116.2,189.2,61.4,41.8,0.951,183.4,0.5,0,,0,0
Malappuram,1995,6,30,428.6,420.8,101.9,120.2,0.704,183.4,0.5,1,2.0,1,1
Malappuram,1995,7,31,405.2,404.8,100.1,73.0,0.929,183.4,0.5,1,,0,1
Malappuram,1995,8,31,247.3,272.7,90.7,68.1,0.983,183.4,0.5,0,,0,0
Malappuram,1995,9,30,158.4,189.2,83.7,61.3,0.961,183.4,0.5,0,,0,0
Malappuram,1996,6,30,437.4,420.8,103.9,118.2,0.581,183.4,0.6,2,25.0,1,1
Malappuram,1996,7,31,478.8,404.8,118.3,82.7,0.93,183.4,0.6,0,,0,0
Malappuram,1996,8,31,230.2,272.7,84.4,44.2,0.99,183.4,0.6,0,,0,0
Malappuram,1996,9,30,216.4,189.2,114.4,103.7,0.967,183.4,0.6,0,,0,0
Malappuram,1997,6,30,499.4,420.8,118.7,201.3,0.546,183.4,0.7,0,,0,0
Malappuram,1997,7,31,781.7,404.8,193.1,149.4,0.83,183.4,0.7,2,30.0,1,1
Malappuram,1997,8,31,378.0,272.7,138.6,112.5,0.999,183.4,0.7,1,,0,1
Malappuram,1997,9,30,156.4,189.2,82.7,55.8,0.976,183.4,0.7,0,,0,0
Malappuram,1998,6,30,460.8,420.8,109.5,102.0,0.637,183.4,0.8,0,,0,0
Malappuram,1998,7,31,411.2,404.8,101.6,85.6,0.91,183.4,0.8,2,50.0,1,1
Malappuram,1998,8,31,214.0,272.7,78.5,62.8,0.986,183.4,0.8,0,,0,0
Malappuram,1998,9,30,345.8,189.2,182.7,89.0,0.964,183.4,0.8,0,,0,0
Malappuram,1999,6,30,374.9,420.8,89.1,96.2,0.779,183.4,0.8,2,32.0,1,1
Malappuram,1999,7,31,342.9,404.8,84.7,102.1,0.933,183.4,0.8,0,,0,0
Malappuram,1999,8,31,116.5,272.7,42.7,35.3,0.969,183.4,0.8,1,3.0,1,1
Malappuram,1999,9,30,34.9,189.2,18.5,8.1,0.89,183.4,0.8,0,,0,0
Malappuram,2000,6,30,364.5,420.8,86.6,107.9,0.583,183.4,0.8,0,,0,0
Malappuram,2000,7,31,176.7,404.8,43.7,52.3,0.82,183.4,0.8,0,,0,0
Malappuram,2000,8,31,347.5,272.7,127.4,94.5,0.82,183.4,0.8,1,37.0,1,1
Malappuram,2000,9,30,95.6,189.2,50.5,34.3,0.956,183.4,0.8,0,,0,0
Malappuram,2001,6,30,416.0,420.8,98.9,89.5,0.757,183.4,0.9,1,5.0,1,1
Malappuram,2001,7,31,309.4,404.8,76.4,70.5,0.949,183.4,0.9,0,,0,0
Malappuram,2001,8,31,188.8,272.7,69.2,51.8,0.949,183.4,0.9,0,,0,0
Malappuram,2001,9,30,151.4,189.2,80.0,58.5,0.909,183.4,0.9,0,,0,0
Malappuram,2002,6,30,335.5,420.8,79.7,85.4,0.719,183.4,1.0,0,,0,0
Malappuram,2002,7,31,194.9,404.8,48.2,48.7,0.9,183.4,1.0,0,,0,0
Malappuram,2002,8,31,282.5,272.7,103.6,120.9,0.844,183.4,1.0,0,,0,0
Malappuram,2002,9,30,86.5,189.2,45.7,54.4,0.909,183.4,1.0,0,,0,0
Malappuram,2003,6,30,458.1,420.8,108.9,135.6,0.604,183.4,0.9,0,,0,0
Malappuram,2003,7,31,312.1,404.8,77.1,66.6,0.947,183.4,0.9,0,,0,0
Malappuram,2003,8,31,166.0,272.7,60.9,49.2,0.971,183.4,0.9,0,,0,0
Malappuram,2003,9,30,34.5,189.2,18.3,12.2,0.929,183.4,0.9,0,,0,0
Malappuram,2004,6,30,428.4,420.8,101.8,97.2,0.949,183.4,0.8,1,25.0,1,1
Malappuram,2004,7,31,253.4,404.8,62.6,52.5,0.969,183.4,0.8,0,,0,0
Malappuram,2004,8,31,247.7,272.7,90.8,108.1,0.961,183.4,0.8,1,31.0,1,1
Malappuram,2004,9,30,163.3,189.2,86.3,64.9,0.916,183.4,0.8,0,,0,0
Malappuram,2005,6,30,426.6,420.8,101.4,125.2,0.61,183.4,0.8,0,,0,0
Malappuram,2005,7,31,392.0,404.8,96.9,63.2,0.921,183.4,0.8,1,,0,1
Malappuram,2005,8,31,163.0,272.7,59.8,52.4,0.974,183.4,0.8,0,,0,0
Malappuram,2005,9,30,212.4,189.2,112.2,59.4,0.904,183.4,0.8,0,,0,0
Malappuram,2006,6,30,488.2,420.8,116.0,140.9,0.82,183.4,0.8,2,3.0,1,1
Malappuram,2006,7,31,342.9,404.8,84.7,101.6,0.99,183.4,0.8,0,,0,0
Malappuram,2006,8,31,299.6,272.7,109.9,118.9,0.96,183.4,0.8,0,,0,0
Malappuram,2006,9,30,397.4,189.2,210.0,111.2,0.947,183.4,0.8,0,,0,0
Malappuram,2007,6,30,581.0,420.8,138.1,139.1,0.696,183.4,0.8,1,77.0,1,1
Malappuram,2007,7,31,636.7,404.8,157.3,142.2,0.987,183.4,0.8,1,30.0,1,1
Malappuram,2007,8,31,364.7,272.7,133.7,99.2,0.99,183.4,0.8,0,,0,0
Malappuram,2007,9,30,418.0,189.2,220.9,93.9,0.974,183.4,0.8,0,,0,0
Malappuram,2008,6,30,389.6,420.8,92.6,75.7,0.661,183.4,0.8,0,,0,0
Malappuram,2008,7,31,317.6,404.8,78.5,76.2,0.884,183.4,0.8,0,,0,0
Malappuram,2008,8,31,232.3,272.7,85.2,73.8,0.964,183.4,0.8,0,,0,0
Malappuram,2008,9,30,270.2,189.2,142.8,96.7,0.943,183.4,0.8,1,1.0,1,1
Malappuram,2009,6,30,356.1,420.8,84.6,112.9,0.713,183.4,0.8,0,,0,0
Malappuram,2009,7,31,716.3,404.8,177.0,227.2,0.871,183.4,0.8,0,,0,0
Malappuram,2009,8,31,180.2,272.7,66.1,43.8,0.981,183.4,0.8,0,,0,0
Malappuram,2009,9,30,245.8,189.2,129.9,52.8,0.949,183.4,0.8,0,,0,0
Malappuram,2010,6,30,539.2,420.8,128.1,155.9,0.699,183.4,0.7,1,,0,1
Malappuram,2010,7,31,431.5,404.8,106.6,95.1,0.966,183.4,0.7,0,,0,0
Malappuram,2010,8,31,228.4,272.7,83.7,47.2,0.989,183.4,0.7,0,,0,0
Malappuram,2010,9,30,219.1,189.2,115.8,70.0,0.97,183.4,0.7,0,,0,0
Malappuram,2011,6,30,435.9,420.8,103.6,132.4,0.639,183.4,0.7,2,5.0,1,1
Malappuram,2011,7,31,368.1,404.8,90.9,89.1,0.926,183.4,0.7,1,4.0,1,1
Malappuram,2011,8,31,320.0,272.7,117.3,83.5,0.967,183.4,0.7,1,2.0,1,1
Malappuram,2011,9,30,252.2,189.2,133.3,88.0,0.951,183.4,0.7,1,2.0,1,1
Malappuram,2012,6,30,339.0,420.8,80.6,82.6,0.626,183.4,0.7,0,,0,0
Malappuram,2012,7,31,198.0,404.8,48.9,47.6,0.85,183.4,0.7,0,,0,0
Malappuram,2012,8,31,278.4,272.7,102.1,64.8,0.863,183.4,0.7,0,,0,0
Malappuram,2012,9,30,134.2,189.2,70.9,39.5,0.886,183.4,0.7,0,,0,0
Malappuram,2013,6,30,643.4,420.8,152.9,136.6,0.6,183.4,0.7,0,,0,0
Malappuram,2013,7,31,548.1,404.8,135.4,92.8,0.986,183.4,0.7,0,,0,0
Malappuram,2013,8,31,230.5,272.7,84.5,91.0,0.994,183.4,0.7,0,,0,0
Malappuram,2013,9,30,158.7,189.2,83.9,42.4,0.924,183.4,0.7,0,,0,0
Malappuram,2014,6,30,276.0,420.8,65.6,65.8,0.739,183.4,0.7,0,,0,0
Malappuram,2014,7,31,541.1,404.8,133.7,120.7,0.859,183.4,0.7,1,9.0,1,1
Malappuram,2014,8,31,479.4,272.7,175.8,111.0,0.989,183.4,0.7,1,,0,1
Malappuram,2014,9,30,202.0,189.2,106.8,51.8,0.99,183.4,0.7,0,,0,0
Malappuram,2015,6,30,270.0,420.8,64.2,59.2,0.7,183.4,0.7,0,,0,0
Malappuram,2015,7,31,168.8,404.8,41.7,52.0,0.844,183.4,0.7,0,,0,0
Malappuram,2015,8,31,137.0,272.7,50.2,24.4,0.844,183.4,0.7,0,,0,0
Malappuram,2015,9,30,161.5,189.2,85.3,55.3,0.796,183.4,0.7,0,,0,0
Malappuram,2016,6,30,348.4,420.8,82.8,67.5,0.63,183.4,0.6,2,,0,1
Malappuram,2016,7,31,334.1,404.8,82.5,57.8,0.849,183.4,0.6,0,,0,0
Malappuram,2016,8,31,131.2,272.7,48.1,21.3,0.937,183.4,0.6,0,,0,0
Malappuram,2016,9,30,45.8,189.2,24.2,11.6,0.844,183.4,0.6,0,,0,0
Malappuram,2017,6,30,306.8,420.8,72.9,85.2,0.7,183.4,0.6,0,,0,0
Malappuram,2017,7,31,223.1,404.8,55.1,65.4,0.864,183.4,0.6,0,,0,0
Malappuram,2017,8,31,288.8,272.7,105.9,62.5,0.887,183.4,0.6,0,,0,0
Malappuram,2017,9,30,361.0,189.2,190.8,93.1,0.923,183.4,0.6,0,,0,0
Malappuram,2018,6,30,395.1,420.8,93.9,96.5,0.786,183.4,0.5,1,138.0,1,1
Malappuram,2018,7,31,494.4,404.8,122.1,134.4,0.93,183.4,0.5,1,138.0,1,1
Malappuram,2018,8,31,475.1,272.7,174.2,180.5,0.974,183.4,0.5,1,339.0,1,1
Malappuram,2018,9,30,115.5,189.2,61.0,43.6,0.959,183.4,0.5,0,,0,0
Malappuram,2019,6,30,191.7,420.8,45.6,44.1,0.587,183.4,0.5,2,,0,1
Malappuram,2019,7,31,317.3,404.8,78.4,83.5,0.736,183.4,0.5,0,,0,0
Malappuram,2019,8,31,582.0,272.7,213.4,211.5,0.891,183.4,0.5,4,52.0,1,1
Malappuram,2019,9,30,306.4,189.2,161.9,47.3,0.98,183.4,0.5,1,,0,1
Malappuram,2020,6,30,243.4,420.8,57.9,41.3,0.619,183.4,0.6,0,,0,0
Malappuram,2020,7,31,407.1,404.8,100.6,77.9,0.771,183.4,0.6,0,,0,0
Malappuram,2020,8,31,388.6,272.7,142.5,156.3,0.944,183.4,0.6,0,,0,0
Malappuram,2020,9,30,353.9,189.2,187.0,79.1,0.937,183.4,0.6,1,,0,1
Malappuram,2021,6,30,248.4,420.8,59.0,78.1,0.831,183.4,0.6,0,,0,0
Malappuram,2021,7,31,380.4,404.8,94.0,77.0,0.889,183.4,0.6,0,,0,0
Malappuram,2021,8,31,261.5,272.7,95.9,66.9,0.97,183.4,0.6,0,,0,0
Malappuram,2021,9,30,217.6,189.2,115.0,38.7,0.953,183.4,0.6,0,,0,0
Malappuram,2022,6,30,230.0,420.8,54.7,48.0,0.829,183.4,0.5,0,,0,0
Malappuram,2022,7,31,456.1,404.8,112.7,75.7,0.861,183.4,0.5,3,6.0,1,1
Malappuram,2022,8,31,475.7,272.7,174.4,120.1,0.967,183.4,0.5,2,1.0,1,1
Malappuram,2022,9,30,193.9,189.2,102.4,82.7,0.971,183.4,0.5,0,,0,0
Malappuram,2023,6,30,203.3,420.8,48.3,48.3,0.61,183.4,0.6,0,,0,0
Malappuram,2023,7,31,342.2,404.8,84.5,104.3,0.736,183.4,0.6,1,2.0,1,1
Malappuram,2023,8,31,61.2,272.7,22.4,17.9,0.899,183.4,0.6,0,,0,0
Malappuram,2023,9,30,283.6,189.2,149.8,57.8,0.72,183.4,0.6,0,,0,0
Palakkad,1981,6,30,734.3,420.8,174.5,137.7,0.613,364.5,0.3,0,,0,0
Palakkad,1981,7,31,431.6,404.8,106.6,97.5,0.989,364.5,0.3,0,,0,0
Palakkad,1981,8,31,425.2,272.7,155.9,143.5,0.994,364.5,0.3,0,,0,0
Palakkad,1981,9,30,289.8,189.2,153.2,64.3,0.983,364.5,0.3,0,,0,0
Palakkad,1982,6,30,618.6,420.8,147.0,172.4,0.64,364.5,0.3,0,,0,0
Palakkad,1982,7,31,473.1,404.8,116.9,94.9,0.981,364.5,0.3,0,,0,0
Palakkad,1982,8,31,424.1,272.7,155.5,107.0,0.986,364.5,0.3,0,,0,0
Palakkad,1982,9,30,72.8,189.2,38.4,34.6,0.967,364.5,0.3,0,,0,0
Palakkad,1983,6,30,299.3,420.8,71.1,110.2,0.527,364.5,0.3,0,,0,0
Palakkad,1983,7,31,395.0,404.8,97.6,129.9,0.801,364.5,0.3,0,,0,0
Palakkad,1983,8,31,333.2,272.7,122.2,78.2,0.961,364.5,0.3,0,,0,0
Palakkad,1983,9,30,286.5,189.2,151.4,92.2,0.966,364.5,0.3,0,,0,0
Palakkad,1984,6,30,385.5,420.8,91.6,105.3,0.624,364.5,0.3,1,4.0,1,1
Palakkad,1984,7,31,394.1,404.8,97.4,80.0,0.887,364.5,0.3,0,,0,0
Palakkad,1984,8,31,191.1,272.7,70.1,37.1,0.964,364.5,0.3,0,,0,0
Palakkad,1984,9,30,101.9,189.2,53.9,36.6,0.884,364.5,0.3,0,,0,0
Palakkad,1985,6,30,568.4,420.8,135.1,124.0,0.664,364.5,0.3,1,16.0,1,1
Palakkad,1985,7,31,278.9,404.8,68.9,104.4,0.961,364.5,0.3,0,,0,0
Palakkad,1985,8,31,238.8,272.7,87.6,47.3,0.956,364.5,0.3,0,,0,0
Palakkad,1985,9,30,84.9,189.2,44.9,31.2,0.939,364.5,0.3,0,,0,0
Palakkad,1986,6,30,382.0,420.8,90.8,85.6,0.557,364.5,0.3,0,,0,0
Palakkad,1986,7,31,199.5,404.8,49.3,68.0,0.849,364.5,0.3,0,,0,0
Palakkad,1986,8,31,220.8,272.7,81.0,83.7,0.9,364.5,0.3,0,,0,0
Palakkad,1986,9,30,143.6,189.2,75.9,42.1,0.85,364.5,0.3,0,,0,0
Palakkad,1987,6,30,361.6,420.8,85.9,71.7,0.583,364.5,0.3,0,,0,0
Palakkad,1987,7,31,151.4,404.8,37.4,39.1,0.846,364.5,0.3,0,,0,0
Palakkad,1987,8,31,289.9,272.7,106.3,82.3,0.806,364.5,0.3,0,,0,0
Palakkad,1987,9,30,58.9,189.2,31.1,23.9,0.91,364.5,0.3,0,,0,0
Palakkad,1988,6,30,412.0,420.8,97.9,102.6,0.621,364.5,0.3,0,,0,0
Palakkad,1988,7,31,454.2,404.8,112.2,88.1,0.886,364.5,0.3,0,,0,0
Palakkad,1988,8,31,316.5,272.7,116.1,79.9,0.986,364.5,0.3,0,,0,0
Palakkad,1988,9,30,295.8,189.2,156.3,80.6,0.981,364.5,0.3,0,,0,0
Palakkad,1989,6,30,491.4,420.8,116.8,102.2,0.623,364.5,0.3,0,,0,0
Palakkad,1989,7,31,326.3,404.8,80.6,86.6,0.946,364.5,0.3,1,17.0,1,1
Palakkad,1989,8,31,188.0,272.7,68.9,69.2,0.98,364.5,0.3,0,,0,0
Palakkad,1989,9,30,172.2,189.2,91.0,64.4,0.926,364.5,0.3,0,,0,0
Palakkad,1990,6,30,298.2,420.8,70.9,73.3,0.784,364.5,0.4,0,,0,0
Palakkad,1990,7,31,427.1,404.8,105.5,79.8,0.899,364.5,0.4,0,,0,0
Palakkad,1990,8,31,182.5,272.7,66.9,62.8,0.971,364.5,0.4,0,,0,0
Palakkad,1990,9,30,68.4,189.2,36.2,38.4,0.903,364.5,0.4,0,,0,0
Palakkad,1991,6,30,700.9,420.8,166.6,201.7,0.524,364.5,0.3,1,22.0,1,1
Palakkad,1991,7,31,447.0,404.8,110.4,116.6,0.97,364.5,0.3,1,,0,1
Palakkad,1991,8,31,313.5,272.7,115.0,88.5,0.983,364.5,0.3,0,,0,0
Palakkad,1991,9,30,31.7,189.2,16.7,15.1,0.96,364.5,0.3,0,,0,0
Palakkad,1992,6,30,496.5,420.8,118.0,107.2,0.673,364.5,0.4,1,7.0,1,1
Palakkad,1992,7,31,503.0,404.8,124.3,123.7,0.954,364.5,0.4,1,55.0,1,1
Palakkad,1992,8,31,282.3,272.7,103.5,61.4,0.993,364.5,0.4,0,,0,0
Palakkad,1992,9,30,189.0,189.2,99.9,55.4,0.954,364.5,0.4,0,,0,0
Palakkad,1993,6,30,474.8,420.8,112.8,214.5,0.641,364.5,0.5,0,,0,0
Palakkad,1993,7,31,434.7,404.8,107.4,117.1,0.937,364.5,0.5,0,,0,0
Palakkad,1993,8,31,155.0,272.7,56.9,38.1,0.979,364.5,0.5,0,,0,0
Palakkad,1993,9,30,43.4,189.2,22.9,7.9,0.889,364.5,0.5,0,,0,0
Palakkad,1994,6,30,517.5,420.8,123.0,109.6,0.623,364.5,0.5,1,30.0,1,1
Palakkad,1994,7,31,655.0,404.8,161.8,145.1,0.933,364.5,0.5,2,14.0,1,1
Palakkad,1994,8,31,232.6,272.7,85.3,79.1,0.994,364.5,0.5,0,,0,0
Palakkad,1994,9,30,116.2,189.2,61.4,41.8,0.951,364.5,0.5,0,,0,0
Palakkad,1995,6,30,428.6,420.8,101.9,120.2,0.704,364.5,0.5,0,,0,0
Palakkad,1995,7,31,405.2,404.8,100.1,73.0,0.929,364.5,0.5,0,,0,0
Palakkad,1995,8,31,247.3,272.7,90.7,68.1,0.983,364.5,0.5,0,,0,0
Palakkad,1995,9,30,158.4,189.2,83.7,61.3,0.961,364.5,0.5,0,,0,0
Palakkad,1996,6,30,437.4,420.8,103.9,118.2,0.581,364.5,0.4,1,24.0,1,1
Palakkad,1996,7,31,478.8,404.8,118.3,82.7,0.93,364.5,0.4,0,,0,0
Palakkad,1996,8,31,230.2,272.7,84.4,44.2,0.99,364.5,0.4,0,,0,0
Palakkad,1996,9,30,216.4,189.2,114.4,103.7,0.967,364.5,0.4,0,,0,0
Palakkad,1997,6,30,499.4,420.8,118.7,201.3,0.546,364.5,0.5,0,,0,0
Palakkad,1997,7,31,781.7,404.8,193.1,149.4,0.83,364.5,0.5,0,,0,0
Palakkad,1997,8,31,378.0,272.7,138.6,112.5,0.999,364.5,0.5,0,,0,0
Palakkad,1997,9,30,156.4,189.2,82.7,55.8,0.976,364.5,0.5,0,,0,0
Palakkad,1998,6,30,460.8,420.8,109.5,102.0,0.637,364.5,0.5,0,,0,0
Palakkad,1998,7,31,411.2,404.8,101.6,85.6,0.91,364.5,0.5,1,45.0,1,1
Palakkad,1998,8,31,214.0,272.7,78.5,62.8,0.986,364.5,0.5,0,,0,0
Palakkad,1998,9,30,345.8,189.2,182.7,89.0,0.964,364.5,0.5,0,,0,0
Palakkad,1999,6,30,374.9,420.8,89.1,96.2,0.779,364.5,0.6,2,32.0,1,1
Palakkad,1999,7,31,342.9,404.8,84.7,102.1,0.933,364.5,0.6,1,19.0,1,1
Palakkad,1999,8,31,116.5,272.7,42.7,35.3,0.969,364.5,0.6,0,,0,0
Palakkad,1999,9,30,34.9,189.2,18.5,8.1,0.89,364.5,0.6,0,,0,0
Palakkad,2000,6,30,364.5,420.8,86.6,107.9,0.583,364.5,0.6,0,,0,0
Palakkad,2000,7,31,176.7,404.8,43.7,52.3,0.82,364.5,0.6,0,,0,0
Palakkad,2000,8,31,347.5,272.7,127.4,94.5,0.82,364.5,0.6,1,37.0,1,1
Palakkad,2000,9,30,95.6,189.2,50.5,34.3,0.956,364.5,0.6,0,,0,0
Palakkad,2001,6,30,416.0,420.8,98.9,89.5,0.757,364.5,0.7,0,,0,0
Palakkad,2001,7,31,309.4,404.8,76.4,70.5,0.949,364.5,0.7,0,,0,0
Palakkad,2001,8,31,188.8,272.7,69.2,51.8,0.949,364.5,0.7,0,,0,0
Palakkad,2001,9,30,151.4,189.2,80.0,58.5,0.909,364.5,0.7,0,,0,0
Palakkad,2002,6,30,335.5,420.8,79.7,85.4,0.719,364.5,0.6,0,,0,0
Palakkad,2002,7,31,194.9,404.8,48.2,48.7,0.9,364.5,0.6,0,,0,0
Palakkad,2002,8,31,282.5,272.7,103.6,120.9,0.844,364.5,0.6,1,3.0,1,1
Palakkad,2002,9,30,86.5,189.2,45.7,54.4,0.909,364.5,0.6,0,,0,0
Palakkad,2003,6,30,458.1,420.8,108.9,135.6,0.604,364.5,0.6,0,,0,0
Palakkad,2003,7,31,312.1,404.8,77.1,66.6,0.947,364.5,0.6,1,4.0,1,1
Palakkad,2003,8,31,166.0,272.7,60.9,49.2,0.971,364.5,0.6,0,,0,0
Palakkad,2003,9,30,34.5,189.2,18.3,12.2,0.929,364.5,0.6,0,,0,0
Palakkad,2004,6,30,428.4,420.8,101.8,97.2,0.949,364.5,0.7,1,25.0,1,1
Palakkad,2004,7,31,253.4,404.8,62.6,52.5,0.969,364.5,0.7,0,,0,0
Palakkad,2004,8,31,247.7,272.7,90.8,108.1,0.961,364.5,0.7,1,31.0,1,1
Palakkad,2004,9,30,163.3,189.2,86.3,64.9,0.916,364.5,0.7,0,,0,0
Palakkad,2005,6,30,426.6,420.8,101.4,125.2,0.61,364.5,0.7,1,7.0,1,1
Palakkad,2005,7,31,392.0,404.8,96.9,63.2,0.921,364.5,0.7,0,,0,0
Palakkad,2005,8,31,163.0,272.7,59.8,52.4,0.974,364.5,0.7,0,,0,0
Palakkad,2005,9,30,212.4,189.2,112.2,59.4,0.904,364.5,0.7,0,,0,0
Palakkad,2006,6,30,488.2,420.8,116.0,140.9,0.82,364.5,0.8,1,10.0,1,1
Palakkad,2006,7,31,342.9,404.8,84.7,101.6,0.99,364.5,0.8,0,,0,0
Palakkad,2006,8,31,299.6,272.7,109.9,118.9,0.96,364.5,0.8,0,,0,0
Palakkad,2006,9,30,397.4,189.2,210.0,111.2,0.947,364.5,0.8,1,2.0,1,1
Palakkad,2007,6,30,581.0,420.8,138.1,139.1,0.696,364.5,0.8,1,77.0,1,1
Palakkad,2007,7,31,636.7,404.8,157.3,142.2,0.987,364.5,0.8,0,,0,0
Palakkad,2007,8,31,364.7,272.7,133.7,99.2,0.99,364.5,0.8,0,,0,0
Palakkad,2007,9,30,418.0,189.2,220.9,93.9,0.974,364.5,0.8,0,,0,0
Palakkad,2008,6,30,389.6,420.8,92.6,75.7,0.661,364.5,0.9,0,,0,0
Palakkad,2008,7,31,317.6,404.8,78.5,76.2,0.884,364.5,0.9,1,1.0,1,1
Palakkad,2008,8,31,232.3,272.7,85.2,73.8,0.964,364.5,0.9,1,2.0,1,1
Palakkad,2008,9,30,270.2,189.2,142.8,96.7,0.943,364.5,0.9,0,,0,0
Palakkad,2009,6,30,356.1,420.8,84.6,112.9,0.713,364.5,0.9,0,,0,0
Palakkad,2009,7,31,716.3,404.8,177.0,227.2,0.871,364.5,0.9,0,,0,0
Palakkad,2009,8,31,180.2,272.7,66.1,43.8,0.981,364.5,0.9,0,,0,0
Palakkad,2009,9,30,245.8,189.2,129.9,52.8,0.949,364.5,0.9,0,,0,0
Palakkad,2010,6,30,539.2,420.8,128.1,155.9,0.699,364.5,0.8,1,,0,1
Palakkad,2010,7,31,431.5,404.8,106.6,95.1,0.966,364.5,0.8,0,,0,0
Palakkad,2010,8,31,228.4,272.7,83.7,47.2,0.989,364.5,0.8,0,,0,0
Palakkad,2010,9,30,219.1,189.2,115.8,70.0,0.97,364.5,0.8,0,,0,0
Palakkad,2011,6,30,435.9,420.8,103.6,132.4,0.639,364.5,0.8,0,,0,0
Palakkad,2011,7,31,368.1,404.8,90.9,89.1,0.926,364.5,0.8,0,,0,0
Palakkad,2011,8,31,320.0,272.7,117.3,83.5,0.967,364.5,0.8,1,2.0,1,1
Palakkad,2011,9,30,252.2,189.2,133.3,88.0,0.951,364.5,0.8,1,2.0,1,1
Palakkad,2012,6,30,339.0,420.8,80.6,82.6,0.626,364.5,0.9,0,,0,0
Palakkad,2012,7,31,198.0,404.8,48.9,47.6,0.85,364.5,0.9,0,,0,0
Palakkad,2012,8,31,278.4,272.7,102.1,64.8,0.863,364.5,0.9,0,,0,0
Palakkad,2012,9,30,134.2,189.2,70.9,39.5,0.886,364.5,0.9,0,,0,0
Palakkad,2013,6,30,643.4,420.8,152.9,136.6,0.6,364.5,0.8,1,2.0,1,1
Palakkad,2013,7,31,548.1,404.8,135.4,92.8,0.986,364.5,0.8,0,,0,0
Palakkad,2013,8,31,230.5,272.7,84.5,91.0,0.994,364.5,0.8,0,,0,0
Palakkad,2013,9,30,158.7,189.2,83.9,42.4,0.924,364.5,0.8,0,,0,0
Palakkad,2014,6,30,276.0,420.8,65.6,65.8,0.739,364.5,0.8,0,,0,0
Palakkad,2014,7,31,541.1,404.8,133.7,120.7,0.859,364.5,0.8,0,,0,0
Palakkad,2014,8,31,479.4,272.7,175.8,111.0,0.989,364.5,0.8,1,,0,1
Palakkad,2014,9,30,202.0,189.2,106.8,51.8,0.99,364.5,0.8,0,,0,0
Palakkad,2015,6,30,270.0,420.8,64.2,59.2,0.7,364.5,0.8,1,11.0,1,1
Palakkad,2015,7,31,168.8,404.8,41.7,52.0,0.844,364.5,0.8,0,,0,0
Palakkad,2015,8,31,137.0,272.7,50.2,24.4,0.844,364.5,0.8,0,,0,0
Palakkad,2015,9,30,161.5,189.2,85.3,55.3,0.796,364.5,0.8,0,,0,0
Palakkad,2016,6,30,348.4,420.8,82.8,67.5,0.63,364.5,0.8,0,,0,0
Palakkad,2016,7,31,334.1,404.8,82.5,57.8,0.849,364.5,0.8,0,,0,0
Palakkad,2016,8,31,131.2,272.7,48.1,21.3,0.937,364.5,0.8,0,,0,0
Palakkad,2016,9,30,45.8,189.2,24.2,11.6,0.844,364.5,0.8,0,,0,0
Palakkad,2017,6,30,306.8,420.8,72.9,85.2,0.7,364.5,0.7,0,,0,0
Palakkad,2017,7,31,223.1,404.8,55.1,65.4,0.864,364.5,0.7,0,,0,0
Palakkad,2017,8,31,288.8,272.7,105.9,62.5,0.887,364.5,0.7,0,,0,0
Palakkad,2017,9,30,361.0,189.2,190.8,93.1,0.923,364.5,0.7,0,,0,0
Palakkad,2018,6,30,395.1,420.8,93.9,96.5,0.786,364.5,0.6,1,138.0,1,1
Palakkad,2018,7,31,494.4,404.8,122.1,134.4,0.93,364.5,0.6,1,138.0,1,1
Palakkad,2018,8,31,475.1,272.7,174.2,180.5,0.974,364.5,0.6,1,339.0,1,1
Palakkad,2018,9,30,115.5,189.2,61.0,43.6,0.959,364.5,0.6,0,,0,0
Palakkad,2019,6,30,191.7,420.8,45.6,44.1,0.587,364.5,0.6,0,,0,0
Palakkad,2019,7,31,317.3,404.8,78.4,83.5,0.736,364.5,0.6,0,,0,0
Palakkad,2019,8,31,582.0,272.7,213.4,211.5,0.891,364.5,0.6,3,50.0,1,1
Palakkad,2019,9,30,306.4,189.2,161.9,47.3,0.98,364.5,0.6,0,,0,0
Palakkad,2020,6,30,243.4,420.8,57.9,41.3,0.619,364.5,0.7,0,,0,0
Palakkad,2020,7,31,407.1,404.8,100.6,77.9,0.771,364.5,0.7,0,,0,0
Palakkad,2020,8,31,388.6,272.7,142.5,156.3,0.944,364.5,0.7,0,,0,0
Palakkad,2020,9,30,353.9,189.2,187.0,79.1,0.937,364.5,0.7,1,2.0,1,1
Palakkad,2021,6,30,248.4,420.8,59.0,78.1,0.831,364.5,0.7,0,,0,0
Palakkad,2021,7,31,380.4,404.8,94.0,77.0,0.889,364.5,0.7,0,,0,0
Palakkad,2021,8,31,261.5,272.7,95.9,66.9,0.97,364.5,0.7,0,,0,0
Palakkad,2021,9,30,217.6,189.2,115.0,38.7,0.953,364.5,0.7,0,,0,0
Palakkad,2022,6,30,230.0,420.8,54.7,48.0,0.829,364.5,0.6,0,,0,0
Palakkad,2022,7,31,456.1,404.8,112.7,75.7,0.861,364.5,0.6,2,4.0,1,1
Palakkad,2022,8,31,475.7,272.7,174.4,120.1,0.967,364.5,0.6,0,,0,0
Palakkad,2022,9,30,193.9,189.2,102.4,82.7,0.971,364.5,0.6,0,,0,0
Palakkad,2023,6,30,203.3,420.8,48.3,48.3,0.61,364.5,0.7,0,,0,0
Palakkad,2023,7,31,342.2,404.8,84.5,104.3,0.736,364.5,0.7,0,,0,0
Palakkad,2023,8,31,61.2,272.7,22.4,17.9,0.899,364.5,0.7,0,,0,0
Palakkad,2023,9,30,283.6,189.2,149.8,57.8,0.72,364.5,0.7,0,,0,0
Thrissur,1981,6,30,809.5,461.0,175.6,177.1,0.624,147.0,0.5,2,39.0,1,1
Thrissur,1981,7,31,469.3,415.1,113.1,115.5,0.974,147.0,0.5,0,,0,0
Thrissur,1981,8,31,447.6,303.9,147.3,144.3,0.986,147.0,0.5,0,,0,0
Thrissur,1981,9,30,354.8,223.5,158.7,79.5,0.973,147.0,0.5,0,,0,0
Thrissur,1982,6,30,717.8,461.0,155.7,190.9,0.691,147.0,0.6,0,,0,0
Thrissur,1982,7,31,509.0,415.1,122.6,106.8,0.983,147.0,0.6,0,,0,0
Thrissur,1982,8,31,436.9,303.9,143.7,102.9,0.977,147.0,0.6,0,,0,0
Thrissur,1982,9,30,73.4,223.5,32.9,22.4,0.963,147.0,0.6,0,,0,0
Thrissur,1983,6,30,314.5,461.0,68.2,121.8,0.53,147.0,0.6,0,,0,0
Thrissur,1983,7,31,356.7,415.1,85.9,129.4,0.791,147.0,0.6,0,,0,0
Thrissur,1983,8,31,312.8,303.9,102.9,76.0,0.937,147.0,0.6,0,,0,0
Thrissur,1983,9,30,293.3,223.5,131.2,106.2,0.949,147.0,0.6,0,,0,0
Thrissur,1984,6,30,411.2,461.0,89.2,108.6,0.641,147.0,0.6,0,,0,0
Thrissur,1984,7,31,438.9,415.1,105.7,93.4,0.916,147.0,0.6,0,,0,0
Thrissur,1984,8,31,181.0,303.9,59.5,42.1,0.959,147.0,0.6,0,,0,0
Thrissur,1984,9,30,110.5,223.5,49.4,50.3,0.87,147.0,0.6,0,,0,0
Thrissur,1985,6,30,610.7,461.0,132.5,130.4,0.737,147.0,0.5,1,16.0,1,1
Thrissur,1985,7,31,280.4,415.1,67.5,83.6,0.976,147.0,0.5,0,,0,0
Thrissur,1985,8,31,221.6,303.9,72.9,54.1,0.951,147.0,0.5,0,,0,0
Thrissur,1985,9,30,97.7,223.5,43.7,40.5,0.927,147.0,0.5,0,,0,0
Thrissur,1986,6,30,368.3,461.0,79.9,108.0,0.596,147.0,0.5,0,,0,0
Thrissur,1986,7,31,175.5,415.1,42.3,61.9,0.841,147.0,0.5,0,,0,0
Thrissur,1986,8,31,267.1,303.9,87.9,122.2,0.881,147.0,0.5,0,,0,0
Thrissur,1986,9,30,162.1,223.5,72.5,45.6,0.84,147.0,0.5,0,,0,0
Thrissur,1987,6,30,373.6,461.0,81.0,71.7,0.61,147.0,0.4,0,,0,0
Thrissur,1987,7,31,138.7,415.1,33.4,36.0,0.864,147.0,0.4,0,,0,0
Thrissur,1987,8,31,372.9,303.9,122.7,117.7,0.794,147.0,0.4,0,,0,0
Thrissur,1987,9,30,77.1,223.5,34.5,32.2,0.931,147.0,0.4,0,,0,0
Thrissur,1988,6,30,442.9,461.0,96.1,120.2,0.639,147.0,0.4,0,,0,0
Thrissur,1988,7,31,465.4,415.1,112.1,89.9,0.9,147.0,0.4,0,,0,0
Thrissur,1988,8,31,341.0,303.9,112.2,67.2,0.974,147.0,0.4,0,,0,0
Thrissur,1988,9,30,429.5,223.5,192.1,105.0,0.967,147.0,0.4,0,,0,0
Thrissur,1989,6,30,545.7,461.0,118.4,106.2,0.696,147.0,0.3,1,,0,1
Thrissur,1989,7,31,345.0,415.1,83.1,119.5,0.969,147.0,0.3,0,,0,0
Thrissur,1989,8,31,187.8,303.9,61.8,58.8,0.976,147.0,0.3,0,,0,0
Thrissur,1989,9,30,193.8,223.5,86.7,71.5,0.923,147.0,0.3,0,,0,0
Thrissur,1990,6,30,284.0,461.0,61.6,81.9,0.807,147.0,0.4,0,,0,0
Thrissur,1990,7,31,458.9,415.1,110.5,115.8,0.9,147.0,0.4,0,,0,0
Thrissur,1990,8,31,165.6,303.9,54.5,58.4,0.96,147.0,0.4,0,,0,0
Thrissur,1990,9,30,63.6,223.5,28.4,26.4,0.881,147.0,0.4,0,,0,0
Thrissur,1991,6,30,916.7,461.0,198.9,308.6,0.536,147.0,0.3,0,,0,0
Thrissur,1991,7,31,417.1,415.1,100.5,114.8,0.976,147.0,0.3,0,,0,0
Thrissur,1991,8,31,358.8,303.9,118.0,97.4,0.974,147.0,0.3,0,,0,0
Thrissur,1991,9,30,37.9,223.5,17.0,20.2,0.957,147.0,0.3,0,,0,0
Thrissur,1992,6,30,523.8,461.0,113.6,149.7,0.691,147.0,0.2,1,7.0,1,1
Thrissur,1992,7,31,450.2,415.1,108.5,105.5,0.949,147.0,0.2,1,55.0,1,1
Thrissur,1992,8,31,289.8,303.9,95.4,55.7,0.976,147.0,0.2,0,,0,0
Thrissur,1992,9,30,235.8,223.5,105.5,75.5,0.947,147.0,0.2,0,,0,0
Thrissur,1993,6,30,514.0,461.0,111.5,214.4,0.677,147.0,0.3,0,,0,0
Thrissur,1993,7,31,447.7,415.1,107.8,90.7,0.939,147.0,0.3,0,,0,0
Thrissur,1993,8,31,139.6,303.9,45.9,34.0,0.973,147.0,0.3,0,,0,0
Thrissur,1993,9,30,53.8,223.5,24.1,11.6,0.869,147.0,0.3,0,,0,0
Thrissur,1994,6,30,482.8,461.0,104.7,107.0,0.666,147.0,0.3,1,30.0,1,1
Thrissur,1994,7,31,607.3,415.1,146.3,142.4,0.929,147.0,0.3,3,18.0,1,1
Thrissur,1994,8,31,323.3,303.9,106.4,130.6,0.984,147.0,0.3,2,,0,1
Thrissur,1994,9,30,147.7,223.5,66.1,54.3,0.953,147.0,0.3,0,,0,0
Thrissur,1995,6,30,439.0,461.0,95.2,117.9,0.756,147.0,0.4,0,,0,0
Thrissur,1995,7,31,412.2,415.1,99.3,74.5,0.94,147.0,0.4,0,,0,0
Thrissur,1995,8,31,294.2,303.9,96.8,80.1,0.974,147.0,0.4,0,,0,0
Thrissur,1995,9,30,184.5,223.5,82.5,54.8,0.961,147.0,0.4,0,,0,0
Thrissur,1996,6,30,439.9,461.0,95.4,136.7,0.584,147.0,0.3,2,25.0,1,1
Thrissur,1996,7,31,513.7,415.1,123.8,99.3,0.927,147.0,0.3,0,,0,0
Thrissur,1996,8,31,243.8,303.9,80.2,44.7,0.98,147.0,0.3,0,,0,0
Thrissur,1996,9,30,260.6,223.5,116.6,121.4,0.961,147.0,0.3,0,,0,0
Thrissur,1997,6,30,516.7,461.0,112.1,208.5,0.564,147.0,0.4,0,,0,0
Thrissur,1997,7,31,759.0,415.1,182.8,140.8,0.839,147.0,0.4,0,,0,0
Thrissur,1997,8,31,401.5,303.9,132.1,119.2,0.991,147.0,0.4,1,,0,1
Thrissur,1997,9,30,256.6,223.5,114.8,70.5,0.971,147.0,0.4,0,,0,0
Thrissur,1998,6,30,457.6,461.0,99.3,114.5,0.654,147.0,0.5,0,,0,0
Thrissur,1998,7,31,338.0,415.1,81.4,75.0,0.916,147.0,0.5,1,5.0,1,1
Thrissur,1998,8,31,248.8,303.9,81.8,80.6,0.963,147.0,0.5,0,,0,0
Thrissur,1998,9,30,422.3,223.5,188.9,90.0,0.95,147.0,0.5,0,,0,0
Thrissur,1999,6,30,399.7,461.0,86.7,114.2,0.814,147.0,0.6,1,18.0,1,1
Thrissur,1999,7,31,306.6,415.1,73.9,88.1,0.933,147.0,0.6,1,19.0,1,1
Thrissur,1999,8,31,123.4,303.9,40.6,40.1,0.956,147.0,0.6,0,,0,0
Thrissur,1999,9,30,40.4,223.5,18.1,12.0,0.883,147.0,0.6,0,,0,0
Thrissur,2000,6,30,367.9,461.0,79.8,122.9,0.62,147.0,0.6,0,,0,0
Thrissur,2000,7,31,149.7,415.1,36.1,40.8,0.839,147.0,0.6,0,,0,0
Thrissur,2000,8,31,396.5,303.9,130.4,140.7,0.8,147.0,0.6,1,37.0,1,1
Thrissur,2000,9,30,110.4,223.5,49.4,39.4,0.956,147.0,0.6,0,,0,0
Thrissur,2001,6,30,530.5,461.0,115.1,110.4,0.789,147.0,0.7,0,,0,0
Thrissur,2001,7,31,324.0,415.1,78.1,116.5,0.97,147.0,0.7,1,22.0,1,1
Thrissur,2001,8,31,167.8,303.9,55.2,50.9,0.939,147.0,0.7,0,,0,0
Thrissur,2001,9,30,193.6,223.5,86.6,59.1,0.89,147.0,0.7,0,,0,0
Thrissur,2002,6,30,356.2,461.0,77.3,126.0,0.767,147.0,0.8,1,2.0,1,1
Thrissur,2002,7,31,210.1,415.1,50.6,67.1,0.914,147.0,0.8,0,,0,0
Thrissur,2002,8,31,381.5,303.9,125.5,188.1,0.846,147.0,0.8,0,,0,0
Thrissur,2002,9,30,111.6,223.5,49.9,64.6,0.926,147.0,0.8,0,,0,0
Thrissur,2003,6,30,464.1,461.0,100.7,148.6,0.663,147.0,0.8,0,,0,0
Thrissur,2003,7,31,345.9,415.1,83.3,80.2,0.954,147.0,0.8,0,,0,0
Thrissur,2003,8,31,236.8,303.9,77.9,75.2,0.971,147.0,0.8,0,,0,0
Thrissur,2003,9,30,46.6,223.5,20.8,13.2,0.949,147.0,0.8,0,,0,0
Thrissur,2004,6,30,431.4,461.0,93.6,112.2,0.963,147.0,0.8,1,25.0,1,1
Thrissur,2004,7,31,276.6,415.1,66.6,81.8,0.956,147.0,0.8,0,,0,0
Thrissur,2004,8,31,248.3,303.9,81.7,106.3,0.953,147.0,0.8,0,,0,0
Thrissur,2004,9,30,196.9,223.5,88.1,55.8,0.909,147.0,0.8,0,,0,0
Thrissur,2005,6,30,507.7,461.0,110.1,143.5,0.669,147.0,0.8,0,,0,0
Thrissur,2005,7,31,434.2,415.1,104.6,82.8,0.96,147.0,0.8,1,28.0,1,1
Thrissur,2005,8,31,184.2,303.9,60.6,70.3,0.979,147.0,0.8,0,,0,0
Thrissur,2005,9,30,268.2,223.5,120.0,95.3,0.903,147.0,0.8,0,,0,0
Thrissur,2006,6,30,497.6,461.0,107.9,181.3,0.867,147.0,0.9,1,10.0,1,1
Thrissur,2006,7,31,385.6,415.1,92.9,133.9,0.987,147.0,0.9,0,,0,0
Thrissur,2006,8,31,345.9,303.9,113.8,141.9,0.956,147.0,0.9,0,,0,0
Thrissur,2006,9,30,416.1,223.5,186.1,107.3,0.944,147.0,0.9,0,,0,0
Thrissur,2007,6,30,576.5,461.0,125.1,146.9,0.701,147.0,0.9,1,77.0,1,1
Thrissur,2007,7,31,685.4,415.1,165.1,138.4,0.981,147.0,0.9,0,,0,0
Thrissur,2007,8,31,349.8,303.9,115.1,100.6,0.99,147.0,0.9,0,,0,0
Thrissur,2007,9,30,493.9,223.5,221.0,95.3,0.963,147.0,0.9,0,,0,0
Thrissur,2008,6,30,366.1,461.0,79.4,73.3,0.696,147.0,0.9,0,,0,0
Thrissur,2008,7,31,357.7,415.1,86.2,76.4,0.906,147.0,0.9,0,,0,0
Thrissur,2008,8,31,255.1,303.9,83.9,77.6,0.973,147.0,0.9,0,,0,0
Thrissur,2008,9,30,314.4,223.5,140.7,111.4,0.943,147.0,0.9,0,,0,0
Thrissur,2009,6,30,426.1,461.0,92.4,117.0,0.806,147.0,0.8,0,,0,0
Thrissur,2009,7,31,658.5,415.1,158.6,194.5,0.931,147.0,0.8,2,38.0,1,1
Thrissur,2009,8,31,177.7,303.9,58.5,40.3,0.977,147.0,0.8,0,,0,0
Thrissur,2009,9,30,271.9,223.5,121.6,59.2,0.931,147.0,0.8,0,,0,0
Thrissur,2010,6,30,575.8,461.0,124.9,157.0,0.75,147.0,0.8,1,,0,1
Thrissur,2010,7,31,439.7,415.1,105.9,91.5,0.973,147.0,0.8,0,,0,0
Thrissur,2010,8,31,226.2,303.9,74.4,51.1,0.983,147.0,0.8,0,,0,0
Thrissur,2010,9,30,272.4,223.5,121.9,95.4,0.959,147.0,0.8,0,,0,0
Thrissur,2011,6,30,472.0,461.0,102.4,157.3,0.67,147.0,0.8,2,5.0,1,1
Thrissur,2011,7,31,348.3,415.1,83.9,78.1,0.949,147.0,0.8,0,,0,0
Thrissur,2011,8,31,331.0,303.9,108.9,94.5,0.963,147.0,0.8,1,2.0,1,1
Thrissur,2011,9,30,279.8,223.5,125.2,94.4,0.943,147.0,0.8,1,2.0,1,1
Thrissur,2012,6,30,316.9,461.0,68.7,79.0,0.701,147.0,0.8,0,,0,0
Thrissur,2012,7,31,199.2,415.1,48.0,59.7,0.869,147.0,0.8,0,,0,0
Thrissur,2012,8,31,293.7,303.9,96.6,61.3,0.879,147.0,0.8,0,,0,0
Thrissur,2012,9,30,142.1,223.5,63.6,38.5,0.909,147.0,0.8,0,,0,0
Thrissur,2013,6,30,739.0,461.0,160.3,159.4,0.637,147.0,0.7,1,,0,1
Thrissur,2013,7,31,509.5,415.1,122.7,93.1,0.987,147.0,0.7,0,,0,0
Thrissur,2013,8,31,235.2,303.9,77.4,115.5,0.986,147.0,0.7,0,,0,0
Thrissur,2013,9,30,166.8,223.5,74.6,53.5,0.911,147.0,0.7,0,,0,0
Thrissur,2014,6,30,281.0,461.0,61.0,76.7,0.746,147.0,0.8,0,,0,0
Thrissur,2014,7,31,490.2,415.1,118.1,119.8,0.863,147.0,0.8,0,,0,0
Thrissur,2014,8,31,552.9,303.9,181.9,114.4,0.979,147.0,0.8,1,,0,1
Thrissur,2014,9,30,205.7,223.5,92.0,58.5,0.983,147.0,0.8,0,,0,0
Thrissur,2015,6,30,335.7,461.0,72.8,74.1,0.746,147.0,0.8,2,12.0,1,1
Thrissur,2015,7,31,198.6,415.1,47.8,58.2,0.907,147.0,0.8,0,,0,0
Thrissur,2015,8,31,153.5,303.9,50.5,31.7,0.907,147.0,0.8,0,,0,0
Thrissur,2015,9,30,215.1,223.5,96.2,65.9,0.856,147.0,0.8,0,,0,0
Thrissur,2016,6,30,416.5,461.0,90.3,76.9,0.683,147.0,0.8,1,,0,1
Thrissur,2016,7,31,401.8,415.1,96.8,66.9,0.911,147.0,0.8,0,,0,0
Thrissur,2016,8,31,158.8,303.9,52.3,26.6,0.971,147.0,0.8,0,,0,0
Thrissur,2016,9,30,54.8,223.5,24.5,11.8,0.886,147.0,0.8,0,,0,0
Thrissur,2017,6,30,396.0,461.0,85.9,109.5,0.734,147.0,0.8,0,,0,0
Thrissur,2017,7,31,279.7,415.1,67.4,69.3,0.933,147.0,0.8,0,,0,0
Thrissur,2017,8,31,353.0,303.9,116.2,73.0,0.941,147.0,0.8,0,,0,0
Thrissur,2017,9,30,378.3,223.5,169.2,117.9,0.969,147.0,0.8,1,5.0,1,1
Thrissur,2018,6,30,505.8,461.0,109.7,111.4,0.833,147.0,0.8,1,138.0,1,1
Thrissur,2018,7,31,636.2,415.1,153.3,167.5,0.966,147.0,0.8,1,138.0,1,1
Thrissur,2018,8,31,546.1,303.9,179.7,207.4,0.981,147.0,0.8,1,339.0,1,1
Thrissur,2018,9,30,102.2,223.5,45.7,46.5,0.959,147.0,0.8,0,,0,0
Thrissur,2019,6,30,263.2,461.0,57.1,67.1,0.594,147.0,0.9,0,,0,0
Thrissur,2019,7,31,381.8,415.1,92.0,118.6,0.8,147.0,0.9,1,12.0,1,1
Thrissur,2019,8,31,662.2,303.9,217.9,204.7,0.936,147.0,0.9,3,50.0,1,1
Thrissur,2019,9,30,393.8,223.5,176.2,57.0,0.983,147.0,0.9,0,,0,0
Thrissur,2020,6,30,313.1,461.0,67.9,47.5,0.683,147.0,0.9,0,,0,0
Thrissur,2020,7,31,488.8,415.1,117.8,113.4,0.85,147.0,0.9,0,,0,0
Thrissur,2020,8,31,438.7,303.9,144.3,184.2,0.969,147.0,0.9,0,,0,0
Thrissur,2020,9,30,431.4,223.5,193.0,96.2,0.929,147.0,0.9,1,,0,1
Thrissur,2021,6,30,297.0,461.0,64.4,91.0,0.897,147.0,0.9,0,,0,0
Thrissur,2021,7,31,420.4,415.1,101.3,92.0,0.939,147.0,0.9,0,,0,0
Thrissur,2021,8,31,325.0,303.9,106.9,88.1,0.974,147.0,0.9,0,,0,0
Thrissur,2021,9,30,262.0,223.5,117.2,47.9,0.963,147.0,0.9,0,,0,0
Thrissur,2022,6,30,278.0,461.0,60.3,59.3,0.907,147.0,0.8,0,,0,0
Thrissur,2022,7,31,477.8,415.1,115.1,78.4,0.924,147.0,0.8,2,4.0,1,1
Thrissur,2022,8,31,513.1,303.9,168.8,147.7,0.97,147.0,0.8,1,,0,1
Thrissur,2022,9,30,201.9,223.5,90.3,76.6,0.964,147.0,0.8,0,,0,0
Thrissur,2023,6,30,246.8,461.0,53.5,46.0,0.62,147.0,0.9,0,,0,0
Thrissur,2023,7,31,393.9,415.1,94.9,130.9,0.773,147.0,0.9,1,1.0,1,1
Thrissur,2023,8,31,74.2,303.9,24.4,26.6,0.931,147.0,0.9,0,,0,0
Thrissur,2023,9,30,375.3,223.5,167.9,92.6,0.739,147.0,0.9,0,,0,0
Ernakulam,1981,6,30,973.3,520.5,187.0,261.9,0.639,176.5,0.4,1,39.0,1,1
Ernakulam,1981,7,31,499.4,438.2,114.0,142.3,0.966,176.5,0.4,0,,0,0
Ernakulam,1981,8,31,496.9,341.9,145.4,192.9,0.981,176.5,0.4,0,,0,0
Ernakulam,1981,9,30,451.7,271.4,166.4,107.9,0.969,176.5,0.4,0,,0,0
Ernakulam,1982,6,30,887.3,520.5,170.5,233.3,0.757,176.5,0.5,0,,0,0
Ernakulam,1982,7,31,585.2,438.2,133.5,176.0,0.984,176.5,0.5,0,,0,0
Ernakulam,1982,8,31,494.1,341.9,144.5,114.0,0.973,176.5,0.5,0,,0,0
Ernakulam,1982,9,30,68.4,271.4,25.2,28.4,0.96,176.5,0.5,0,,0,0
Ernakulam,1983,6,30,295.4,520.5,56.8,132.8,0.52,176.5,0.5,0,,0,0
Ernakulam,1983,7,31,315.6,438.2,72.0,132.7,0.751,176.5,0.5,0,,0,0
Ernakulam,1983,8,31,287.9,341.9,84.2,73.7,0.903,176.5,0.5,1,,0,1
Ernakulam,1983,9,30,302.5,271.4,111.4,117.6,0.929,176.5,0.5,0,,0,0
Ernakulam,1984,6,30,439.4,520.5,84.4,120.3,0.671,176.5,0.6,1,17.0,1,1
Ernakulam,1984,7,31,507.7,438.2,115.9,118.1,0.927,176.5,0.6,0,,0,0
Ernakulam,1984,8,31,167.1,341.9,48.9,46.6,0.954,176.5,0.6,0,,0,0
Ernakulam,1984,9,30,108.5,271.4,40.0,63.6,0.874,176.5,0.6,0,,0,0
Ernakulam,1985,6,30,713.5,520.5,137.1,161.5,0.806,176.5,0.6,0,,0,0
Ernakulam,1985,7,31,288.3,438.2,65.8,96.0,0.977,176.5,0.6,0,,0,0
Ernakulam,1985,8,31,209.8,341.9,61.4,66.1,0.947,176.5,0.6,0,,0,0
Ernakulam,1985,9,30,100.8,271.4,37.1,48.2,0.924,176.5,0.6,0,,0,0
Ernakulam,1986,6,30,364.9,520.5,70.1,148.2,0.647,176.5,0.5,1,28.0,1,1
Ernakulam,1986,7,31,148.0,438.2,33.8,61.8,0.836,176.5,0.5,1,28.0,1,1
Ernakulam,1986,8,31,344.6,341.9,100.8,182.9,0.86,176.5,0.5,1,28.0,1,1
Ernakulam,1986,9,30,181.4,271.4,66.9,67.6,0.85,176.5,0.5,0,,0,0
Ernakulam,1987,6,30,402.5,520.5,77.3,90.6,0.631,176.5,0.5,1,3.0,1,1
Ernakulam,1987,7,31,119.8,438.2,27.3,34.8,0.877,176.5,0.5,0,,0,0
Ernakulam,1987,8,31,507.3,341.9,148.4,177.0,0.787,176.5,0.5,0,,0,0
Ernakulam,1987,9,30,107.5,271.4,39.6,48.9,0.953,176.5,0.5,0,,0,0
Ernakulam,1988,6,30,522.5,520.5,100.4,158.2,0.656,176.5,0.6,0,,0,0
Ernakulam,1988,7,31,489.9,438.2,111.8,113.0,0.911,176.5,0.6,0,,0,0
Ernakulam,1988,8,31,372.2,341.9,108.9,90.3,0.97,176.5,0.6,0,,0,0
Ernakulam,1988,9,30,633.5,271.4,233.4,197.3,0.963,176.5,0.6,0,,0,0
Ernakulam,1989,6,30,638.1,520.5,122.6,128.7,0.759,176.5,0.6,0,,0,0
Ernakulam,1989,7,31,381.0,438.2,87.0,167.2,0.974,176.5,0.6,1,17.0,1,1
Ernakulam,1989,8,31,192.3,341.9,56.3,54.6,0.976,176.5,0.6,0,,0,0
Ernakulam,1989,9,30,232.2,271.4,85.6,90.0,0.93,176.5,0.6,0,,0,0
Ernakulam,1990,6,30,267.6,520.5,51.4,95.5,0.831,176.5,0.6,0,,0,0
Ernakulam,1990,7,31,521.3,438.2,119.0,176.2,0.894,176.5,0.6,0,,0,0
Ernakulam,1990,8,31,140.1,341.9,41.0,50.5,0.95,176.5,0.6,0,,0,0
Ernakulam,1990,9,30,56.4,271.4,20.8,22.2,0.861,176.5,0.6,0,,0,0
Ernakulam,1991,6,30,1228.7,520.5,236.1,432.8,0.533,176.5,0.6,2,,0,1
Ernakulam,1991,7,31,415.9,438.2,94.9,129.6,0.979,176.5,0.6,0,,0,0
Ernakulam,1991,8,31,428.3,341.9,125.3,121.6,0.966,176.5,0.6,0,,0,0
Ernakulam,1991,9,30,39.8,271.4,14.7,24.5,0.959,176.5,0.6,0,,0,0
Ernakulam,1992,6,30,590.0,520.5,113.3,222.5,0.711,176.5,0.6,1,7.0,1,1
Ernakulam,1992,7,31,401.9,438.2,91.7,93.0,0.944,176.5,0.6,2,56.0,1,1
Ernakulam,1992,8,31,305.6,341.9,89.4,75.9,0.967,176.5,0.6,0,,0,0
Ernakulam,1992,9,30,294.4,271.4,108.5,109.8,0.933,176.5,0.6,0,,0,0
Ernakulam,1993,6,30,561.5,520.5,107.9,214.3,0.694,176.5,0.7,0,,0,0
Ernakulam,1993,7,31,497.8,438.2,113.6,108.0,0.936,176.5,0.7,0,,0,0
Ernakulam,1993,8,31,110.2,341.9,32.2,22.4,0.971,176.5,0.7,0,,0,0
Ernakulam,1993,9,30,59.4,271.4,21.9,17.5,0.859,176.5,0.7,0,,0,0
Ernakulam,1994,6,30,477.8,520.5,91.8,138.1,0.699,176.5,0.6,1,30.0,1,1
Ernakulam,1994,7,31,586.3,438.2,133.8,163.2,0.917,176.5,0.6,1,14.0,1,1
Ernakulam,1994,8,31,450.9,341.9,131.9,208.3,0.976,176.5,0.6,2,3.0,1,1
Ernakulam,1994,9,30,190.8,271.4,70.3,78.8,0.961,176.5,0.6,0,,0,0
Ernakulam,1995,6,30,466.2,520.5,89.6,151.4,0.827,176.5,0.6,1,2.0,1,1
Ernakulam,1995,7,31,437.7,438.2,99.9,96.2,0.947,176.5,0.6,0,,0,0
Ernakulam,1995,8,31,362.1,341.9,105.9,105.7,0.967,176.5,0.6,0,,0,0
Ernakulam,1995,9,30,230.7,271.4,85.0,74.0,0.967,176.5,0.6,0,,0,0
Ernakulam,1996,6,30,471.2,520.5,90.5,168.8,0.56,176.5,0.7,2,25.0,1,1
Ernakulam,1996,7,31,585.1,438.2,133.5,129.9,0.924,176.5,0.7,0,,0,0
Ernakulam,1996,8,31,242.0,341.9,70.8,57.3,0.977,176.5,0.7,0,,0,0
Ernakulam,1996,9,30,326.3,271.4,120.2,158.5,0.959,176.5,0.7,0,,0,0
Ernakulam,1997,6,30,602.0,520.5,115.7,255.6,0.584,176.5,0.7,1,,0,1
Ernakulam,1997,7,31,778.3,438.2,177.6,166.6,0.85,176.5,0.7,0,,0,0
Ernakulam,1997,8,31,471.4,341.9,137.9,146.3,0.989,176.5,0.7,0,,0,0
Ernakulam,1997,9,30,408.9,271.4,150.7,108.2,0.974,176.5,0.7,0,,0,0
Ernakulam,1998,6,30,480.8,520.5,92.4,144.8,0.671,176.5,0.7,0,,0,0
Ernakulam,1998,7,31,269.4,438.2,61.5,75.4,0.916,176.5,0.7,1,5.0,1,1
Ernakulam,1998,8,31,306.6,341.9,89.7,124.8,0.943,176.5,0.7,0,,0,0
Ernakulam,1998,9,30,553.8,271.4,204.0,135.1,0.94,176.5,0.7,0,,0,0
Ernakulam,1999,6,30,459.2,520.5,88.2,186.5,0.864,176.5,0.8,2,32.0,1,1
Ernakulam,1999,7,31,282.5,438.2,64.5,84.1,0.93,176.5,0.8,0,,0,0
Ernakulam,1999,8,31,126.2,341.9,36.9,47.8,0.944,176.5,0.8,0,,0,0
Ernakulam,1999,9,30,43.5,271.4,16.0,16.7,0.877,176.5,0.8,0,,0,0
Ernakulam,2000,6,30,394.8,520.5,75.8,153.5,0.651,176.5,0.8,0,,0,0
Ernakulam,2000,7,31,116.7,438.2,26.6,30.8,0.863,176.5,0.8,0,,0,0
Ernakulam,2000,8,31,458.9,341.9,134.2,210.3,0.787,176.5,0.8,0,,0,0
Ernakulam,2000,9,30,123.7,271.4,45.6,56.0,0.96,176.5,0.8,0,,0,0
Ernakulam,2001,6,30,678.9,520.5,130.4,148.1,0.829,176.5,0.8,0,,0,0
Ernakulam,2001,7,31,372.6,438.2,85.0,189.0,0.971,176.5,0.8,0,,0,0
Ernakulam,2001,8,31,157.9,341.9,46.2,58.9,0.923,176.5,0.8,0,,0,0
Ernakulam,2001,9,30,273.7,271.4,100.8,79.8,0.883,176.5,0.8,0,,0,0
Ernakulam,2002,6,30,391.6,520.5,75.2,189.2,0.819,176.5,0.7,0,,0,0
Ernakulam,2002,7,31,216.3,438.2,49.4,92.6,0.913,176.5,0.7,0,,0,0
Ernakulam,2002,8,31,512.4,341.9,149.9,279.2,0.844,176.5,0.7,0,,0,0
Ernakulam,2002,9,30,147.1,271.4,54.2,78.4,0.934,176.5,0.7,0,,0,0
Ernakulam,2003,6,30,495.0,520.5,95.1,185.3,0.733,176.5,0.6,0,,0,0
Ernakulam,2003,7,31,389.1,438.2,88.8,107.2,0.957,176.5,0.6,0,,0,0
Ernakulam,2003,8,31,318.0,341.9,93.0,113.9,0.969,176.5,0.6,0,,0,0
Ernakulam,2003,9,30,59.2,271.4,21.8,18.6,0.96,176.5,0.6,0,,0,0
Ernakulam,2004,6,30,443.9,520.5,85.3,145.4,0.969,176.5,0.6,0,,0,0
Ernakulam,2004,7,31,314.2,438.2,71.7,127.7,0.947,176.5,0.6,0,,0,0
Ernakulam,2004,8,31,264.7,341.9,77.4,116.5,0.951,176.5,0.6,0,,0,0
Ernakulam,2004,9,30,237.5,271.4,87.5,73.0,0.911,176.5,0.6,0,,0,0
Ernakulam,2005,6,30,623.8,520.5,119.8,185.5,0.73,176.5,0.5,1,7.0,1,1
Ernakulam,2005,7,31,494.2,438.2,112.8,121.5,0.966,176.5,0.5,1,28.0,1,1
Ernakulam,2005,8,31,208.5,341.9,61.0,96.2,0.98,176.5,0.5,0,,0,0
Ernakulam,2005,9,30,364.1,271.4,134.2,165.6,0.909,176.5,0.5,0,,0,0
Ernakulam,2006,6,30,538.2,520.5,103.4,243.7,0.901,176.5,0.5,1,10.0,1,1
Ernakulam,2006,7,31,448.0,438.2,102.2,197.0,0.984,176.5,0.5,0,,0,0
Ernakulam,2006,8,31,424.2,341.9,124.1,186.1,0.954,176.5,0.5,0,,0,0
Ernakulam,2006,9,30,496.1,271.4,182.8,119.3,0.946,176.5,0.5,0,,0,0
Ernakulam,2007,6,30,593.1,520.5,113.9,166.4,0.707,176.5,0.5,1,77.0,1,1
Ernakulam,2007,7,31,752.1,438.2,171.6,150.1,0.973,176.5,0.5,1,1.0,1,1
Ernakulam,2007,8,31,342.4,341.9,100.1,104.7,0.99,176.5,0.5,0,,0,0
Ernakulam,2007,9,30,593.5,271.4,218.7,145.6,0.956,176.5,0.5,0,,0,0
Ernakulam,2008,6,30,356.1,520.5,68.4,75.5,0.733,176.5,0.5,0,,0,0
Ernakulam,2008,7,31,411.1,438.2,93.8,82.3,0.924,176.5,0.5,0,,0,0
Ernakulam,2008,8,31,278.9,341.9,81.6,92.5,0.973,176.5,0.5,0,,0,0
Ernakulam,2008,9,30,374.9,271.4,138.1,133.2,0.943,176.5,0.5,0,,0,0
Ernakulam,2009,6,30,513.8,520.5,98.7,127.0,0.884,176.5,0.4,0,,0,0
Ernakulam,2009,7,31,624.3,438.2,142.5,171.7,0.96,176.5,0.4,1,33.0,1,1
Ernakulam,2009,8,31,175.3,341.9,51.3,35.5,0.973,176.5,0.4,0,,0,0
Ernakulam,2009,9,30,320.2,271.4,118.0,74.0,0.923,176.5,0.4,0,,0,0
Ernakulam,2010,6,30,595.9,520.5,114.5,147.4,0.801,176.5,0.4,1,,0,1
Ernakulam,2010,7,31,491.0,438.2,112.1,121.7,0.969,176.5,0.4,0,,0,0
Ernakulam,2010,8,31,251.7,341.9,73.6,62.0,0.98,176.5,0.4,0,,0,0
Ernakulam,2010,9,30,339.9,271.4,125.2,152.0,0.959,176.5,0.4,1,2.0,1,1
Ernakulam,2011,6,30,494.8,520.5,95.1,177.6,0.697,176.5,0.5,1,4.0,1,1
Ernakulam,2011,7,31,356.9,438.2,81.4,71.8,0.943,176.5,0.5,0,,0,0
Ernakulam,2011,8,31,367.4,341.9,107.5,111.2,0.963,176.5,0.5,0,,0,0
Ernakulam,2011,9,30,316.2,271.4,116.5,100.8,0.95,176.5,0.5,0,,0,0
Ernakulam,2012,6,30,307.9,520.5,59.1,84.7,0.774,176.5,0.6,0,,0,0
Ernakulam,2012,7,31,224.0,438.2,51.1,78.0,0.89,176.5,0.6,0,,0,0
Ernakulam,2012,8,31,339.5,341.9,99.3,67.8,0.9,176.5,0.6,0,,0,0
Ernakulam,2012,9,30,176.1,271.4,64.9,66.0,0.937,176.5,0.6,0,,0,0
Ernakulam,2013,6,30,899.1,520.5,172.7,185.8,0.674,176.5,0.6,1,2.0,1,1
Ernakulam,2013,7,31,579.9,438.2,132.3,137.5,0.987,176.5,0.6,2,5.0,1,1
Ernakulam,2013,8,31,277.9,341.9,81.3,153.8,0.984,176.5,0.6,1,17.0,1,1
Ernakulam,2013,9,30,201.0,271.4,74.0,67.3,0.91,176.5,0.6,0,,0,0
Ernakulam,2014,6,30,306.7,520.5,58.9,90.3,0.759,176.5,0.7,0,,0,0
Ernakulam,2014,7,31,477.0,438.2,108.9,124.1,0.873,176.5,0.7,0,,0,0
Ernakulam,2014,8,31,654.6,341.9,191.5,149.6,0.976,176.5,0.7,0,,0,0
Ernakulam,2014,9,30,228.9,271.4,84.3,81.6,0.979,176.5,0.7,0,,0,0
Ernakulam,2015,6,30,415.2,520.5,79.8,94.9,0.779,176.5,0.7,1,11.0,1,1
Ernakulam,2015,7,31,231.2,438.2,52.8,64.3,0.946,176.5,0.7,0,,0,0
Ernakulam,2015,8,31,178.8,341.9,52.3,46.7,0.939,176.5,0.7,0,,0,0
Ernakulam,2015,9,30,264.0,271.4,97.3,64.1,0.901,176.5,0.7,0,,0,0
Ernakulam,2016,6,30,477.8,520.5,91.8,115.3,0.733,176.5,0.7,1,,0,1
Ernakulam,2016,7,31,431.3,438.2,98.4,75.6,0.943,176.5,0.7,0,,0,0
Ernakulam,2016,8,31,182.9,341.9,53.5,31.0,0.974,176.5,0.7,0,,0,0
Ernakulam,2016,9,30,60.6,271.4,22.3,13.5,0.907,176.5,0.7,0,,0,0
Ernakulam,2017,6,30,457.9,520.5,88.0,124.4,0.77,176.5,0.7,0,,0,0
Ernakulam,2017,7,31,308.1,438.2,70.3,64.2,0.96,176.5,0.7,0,,0,0
Ernakulam,2017,8,31,379.6,341.9,111.0,74.3,0.95,176.5,0.7,0,,0,0
Ernakulam,2017,9,30,385.7,271.4,142.1,129.7,0.97,176.5,0.7,0,,0,0
Ernakulam,2018,6,30,566.7,520.5,108.9,109.6,0.86,176.5,0.6,1,138.0,1,1
Ernakulam,2018,7,31,707.0,438.2,161.3,180.1,0.971,176.5,0.6,1,138.0,1,1
Ernakulam,2018,8,31,547.3,341.9,160.1,210.2,0.98,176.5,0.6,1,339.0,1,1
Ernakulam,2018,9,30,99.6,271.4,36.7,50.6,0.96,176.5,0.6,0,,0,0
Ernakulam,2019,6,30,329.0,520.5,63.2,99.2,0.599,176.5,0.7,1,,0,1
Ernakulam,2019,7,31,423.8,438.2,96.7,155.9,0.861,176.5,0.7,1,12.0,1,1
Ernakulam,2019,8,31,692.3,341.9,202.5,193.1,0.946,176.5,0.7,3,50.0,1,1
Ernakulam,2019,9,30,429.8,271.4,158.4,59.5,0.984,176.5,0.7,0,,0,0
Ernakulam,2020,6,30,398.4,520.5,76.5,59.1,0.773,176.5,0.7,0,,0,0
Ernakulam,2020,7,31,522.2,438.2,119.2,159.4,0.923,176.5,0.7,0,,0,0
Ernakulam,2020,8,31,439.2,341.9,128.5,207.1,0.97,176.5,0.7,1,2.0,1,1
Ernakulam,2020,9,30,502.6,271.4,185.2,100.9,0.919,176.5,0.7,1,,0,1
Ernakulam,2021,6,30,331.0,520.5,63.6,104.9,0.949,176.5,0.7,0,,0,0
Ernakulam,2021,7,31,438.8,438.2,100.1,99.9,0.956,176.5,0.7,0,,0,0
Ernakulam,2021,8,31,384.4,341.9,112.5,108.0,0.974,176.5,0.7,0,,0,0
Ernakulam,2021,9,30,301.0,271.4,110.9,57.4,0.97,176.5,0.7,0,,0,0
Ernakulam,2022,6,30,321.4,520.5,61.7,65.0,0.953,176.5,0.6,0,,0,0
Ernakulam,2022,7,31,447.5,438.2,102.1,73.8,0.956,176.5,0.6,3,6.0,1,1
Ernakulam,2022,8,31,518.7,341.9,151.7,141.8,0.97,176.5,0.6,1,1.0,1,1
Ernakulam,2022,9,30,185.3,271.4,68.3,65.4,0.964,176.5,0.6,0,,0,0
Ernakulam,2023,6,30,279.2,520.5,53.6,55.9,0.646,176.5,0.7,0,,0,0
Ernakulam,2023,7,31,425.7,438.2,97.1,164.6,0.806,176.5,0.7,0,,0,0
Ernakulam,2023,8,31,91.7,341.9,26.8,37.4,0.939,176.5,0.7,0,,0,0
Ernakulam,2023,9,30,472.6,271.4,174.2,131.6,0.76,176.5,0.7,0,,0,0
Idukki,1981,6,30,703.6,362.7,194.0,189.6,0.617,991.2,0.2,0,,0,0
Idukki,1981,7,31,363.2,301.1,120.6,108.6,0.973,991.2,0.2,1,,0,1
Idukki,1981,8,31,372.1,248.1,150.0,149.6,0.987,991.2,0.2,0,,0,0
Idukki,1981,9,30,397.5,212.3,187.2,90.7,0.974,991.2,0.2,0,,0,0
Idukki,1982,6,30,650.5,362.7,179.3,177.1,0.71,991.2,0.3,0,,0,0
Idukki,1982,7,31,410.9,301.1,136.5,125.8,0.986,991.2,0.3,0,,0,0
Idukki,1982,8,31,338.8,248.1,136.5,78.0,0.976,991.2,0.3,0,,0,0
Idukki,1982,9,30,50.1,212.3,23.6,22.5,0.963,991.2,0.3,0,,0,0
Idukki,1983,6,30,241.1,362.7,66.5,113.7,0.501,991.2,0.3,0,,0,0
Idukki,1983,7,31,193.8,301.1,64.4,92.4,0.689,991.2,0.3,0,,0,0
Idukki,1983,8,31,197.8,248.1,79.7,46.7,0.77,991.2,0.3,0,,0,0
Idukki,1983,9,30,248.9,212.3,117.2,101.5,0.811,991.2,0.3,0,,0,0
Idukki,1984,6,30,299.4,362.7,82.5,86.6,0.621,991.2,0.3,0,,0,0
Idukki,1984,7,31,369.8,301.1,122.8,86.8,0.809,991.2,0.3,0,,0,0
Idukki,1984,8,31,119.4,248.1,48.1,33.6,0.933,991.2,0.3,0,,0,0
Idukki,1984,9,30,102.3,212.3,48.2,53.1,0.856,991.2,0.3,0,,0,0
Idukki,1985,6,30,533.4,362.7,147.0,134.4,0.719,991.2,0.2,1,28.0,1,1
Idukki,1985,7,31,194.3,301.1,64.5,66.2,0.947,991.2,0.2,0,,0,0
Idukki,1985,8,31,149.7,248.1,60.3,50.1,0.941,991.2,0.2,0,,0,0
Idukki,1985,9,30,101.9,212.3,48.0,51.8,0.903,991.2,0.2,0,,0,0
Idukki,1986,6,30,252.0,362.7,69.5,107.4,0.6,991.2,0.2,1,28.0,1,1
Idukki,1986,7,31,101.8,301.1,33.8,46.9,0.727,991.2,0.2,1,28.0,1,1
Idukki,1986,8,31,269.9,248.1,108.8,153.5,0.751,991.2,0.2,1,28.0,1,1
Idukki,1986,9,30,154.1,212.3,72.6,56.0,0.826,991.2,0.2,0,,0,0
Idukki,1987,6,30,279.0,362.7,76.9,69.2,0.584,991.2,0.3,0,,0,0
Idukki,1987,7,31,83.8,301.1,27.8,23.4,0.764,991.2,0.3,0,,0,0
Idukki,1987,8,31,384.3,248.1,154.8,136.1,0.713,991.2,0.3,0,,0,0
Idukki,1987,9,30,96.6,212.3,45.5,44.8,0.913,991.2,0.3,0,,0,0
Idukki,1988,6,30,393.4,362.7,108.5,117.3,0.614,991.2,0.3,0,,0,0
Idukki,1988,7,31,374.1,301.1,124.2,84.3,0.851,991.2,0.3,2,,0,1
Idukki,1988,8,31,289.7,248.1,116.7,62.9,0.97,991.2,0.3,0,,0,0
Idukki,1988,9,30,510.7,212.3,240.5,157.7,0.976,991.2,0.3,1,,0,1
Idukki,1989,6,30,452.5,362.7,124.8,94.4,0.677,991.2,0.4,1,1.0,1,1
Idukki,1989,7,31,299.3,301.1,99.4,127.5,0.931,991.2,0.4,2,17.0,1,1
Idukki,1989,8,31,130.9,248.1,52.7,39.8,0.974,991.2,0.4,0,,0,0
Idukki,1989,9,30,204.2,212.3,96.2,81.9,0.913,991.2,0.4,0,,0,0
Idukki,1990,6,30,177.6,362.7,49.0,67.1,0.727,991.2,0.5,0,,0,0
Idukki,1990,7,31,372.1,301.1,123.6,131.7,0.766,991.2,0.5,0,,0,0
Idukki,1990,8,31,108.6,248.1,43.8,42.6,0.904,991.2,0.5,0,,0,0
Idukki,1990,9,30,48.5,212.3,22.8,14.3,0.836,991.2,0.5,0,,0,0
Idukki,1991,6,30,974.8,362.7,268.7,374.0,0.497,991.2,0.5,1,22.0,1,1
Idukki,1991,7,31,302.1,301.1,100.3,104.0,0.981,991.2,0.5,0,,0,0
Idukki,1991,8,31,308.1,248.1,124.2,87.8,0.957,991.2,0.5,0,,0,0
Idukki,1991,9,30,41.7,212.3,19.6,20.2,0.961,991.2,0.5,0,,0,0
Idukki,1992,6,30,465.3,362.7,128.3,193.5,0.621,991.2,0.5,1,7.0,1,1
Idukki,1992,7,31,291.2,301.1,96.7,79.3,0.899,991.2,0.5,1,55.0,1,1
Idukki,1992,8,31,220.7,248.1,88.9,56.1,0.941,991.2,0.5,0,,0,0
Idukki,1992,9,30,247.9,212.3,116.8,80.6,0.923,991.2,0.5,0,,0,0
Idukki,1993,6,30,420.5,362.7,115.9,171.5,0.623,991.2,0.6,0,,0,0
Idukki,1993,7,31,366.4,301.1,121.7,77.3,0.864,991.2,0.6,0,,0,0
Idukki,1993,8,31,86.2,248.1,34.7,25.7,0.973,991.2,0.6,0,,0,0
Idukki,1993,9,30,46.2,212.3,21.8,14.0,0.859,991.2,0.6,0,,0,0
Idukki,1994,6,30,341.5,362.7,94.2,102.3,0.654,991.2,0.6,1,30.0,1,1
Idukki,1994,7,31,416.5,301.1,138.3,113.2,0.849,991.2,0.6,2,26.0,1,1
Idukki,1994,8,31,330.0,248.1,133.0,163.0,0.961,991.2,0.6,2,3.0,1,1
Idukki,1994,9,30,150.7,212.3,71.0,59.2,0.959,991.2,0.6,0,,0,0
Idukki,1995,6,30,326.9,362.7,90.1,105.8,0.743,991.2,0.7,1,2.0,1,1
Idukki,1995,7,31,300.4,301.1,99.8,66.6,0.876,991.2,0.7,2,,0,1
Idukki,1995,8,31,255.2,248.1,102.9,74.7,0.953,991.2,0.7,0,,0,0
Idukki,1995,9,30,170.2,212.3,80.2,55.7,0.951,991.2,0.7,1,2.0,1,1
Idukki,1996,6,30,364.3,362.7,100.4,132.8,0.541,991.2,0.7,2,25.0,1,1
Idukki,1996,7,31,420.9,301.1,139.8,95.1,0.843,991.2,0.7,2,,0,1
Idukki,1996,8,31,203.0,248.1,81.8,45.5,0.976,991.2,0.7,1,,0,1
Idukki,1996,9,30,250.6,212.3,118.0,119.3,0.959,991.2,0.7,1,,0,1
Idukki,1997,6,30,436.6,362.7,120.4,179.7,0.554,991.2,0.7,0,,0,0
Idukki,1997,7,31,528.2,301.1,175.4,126.7,0.766,991.2,0.7,1,18.0,1,1
Idukki,1997,8,31,329.8,248.1,132.9,104.2,0.996,991.2,0.7,0,,0,0
Idukki,1997,9,30,321.1,212.3,151.2,84.2,0.974,991.2,0.7,0,,0,0
Idukki,1998,6,30,336.6,362.7,92.8,110.3,0.616,991.2,0.8,1,,0,1
Idukki,1998,7,31,191.4,301.1,63.6,53.3,0.8,991.2,0.8,2,50.0,1,1
Idukki,1998,8,31,247.8,248.1,99.9,101.4,0.876,991.2,0.8,0,,0,0
Idukki,1998,9,30,427.5,212.3,201.3,103.0,0.907,991.2,0.8,0,,0,0
Idukki,1999,6,30,344.1,362.7,94.9,143.9,0.766,991.2,0.8,2,32.0,1,1
Idukki,1999,7,31,193.1,301.1,64.1,59.9,0.89,991.2,0.8,1,19.0,1,1
Idukki,1999,8,31,91.1,248.1,36.7,34.3,0.897,991.2,0.8,0,,0,0
Idukki,1999,9,30,34.9,212.3,16.4,12.6,0.834,991.2,0.8,0,,0,0
Idukki,2000,6,30,277.8,362.7,76.6,117.7,0.593,991.2,0.8,1,,0,1
Idukki,2000,7,31,85.8,301.1,28.5,21.4,0.757,991.2,0.8,1,63.0,1,1
Idukki,2000,8,31,367.4,248.1,148.0,165.1,0.703,991.2,0.8,1,37.0,1,1
Idukki,2000,9,30,111.1,212.3,52.3,46.2,0.921,991.2,0.8,0,,0,0
Idukki,2001,6,30,493.4,362.7,136.0,111.4,0.721,991.2,0.9,0,,0,0
Idukki,2001,7,31,289.1,301.1,96.0,148.6,0.961,991.2,0.9,1,22.0,1,1
Idukki,2001,8,31,115.6,248.1,46.6,39.8,0.929,991.2,0.9,0,,0,0
Idukki,2001,9,30,252.3,212.3,118.8,75.5,0.877,991.2,0.9,0,,0,0
Idukki,2002,6,30,292.4,362.7,80.6,141.4,0.703,991.2,0.9,0,,0,0
Idukki,2002,7,31,147.1,301.1,48.9,65.2,0.844,991.2,0.9,0,,0,0
Idukki,2002,8,31,364.2,248.1,146.8,203.3,0.784,991.2,0.9,0,,0,0
Idukki,2002,9,30,110.2,212.3,51.9,52.3,0.919,991.2,0.9,0,,0,0
Idukki,2003,6,30,345.8,362.7,95.3,131.3,0.677,991.2,0.8,0,,0,0
Idukki,2003,7,31,277.2,301.1,92.1,78.6,0.884,991.2,0.8,0,,0,0
Idukki,2003,8,31,235.3,248.1,94.8,83.5,0.937,991.2,0.8,0,,0,0
Idukki,2003,9,30,48.0,212.3,22.6,15.4,0.949,991.2,0.8,0,,0,0
Idukki,2004,6,30,317.4,362.7,87.5,103.6,0.951,991.2,0.8,1,25.0,1,1
Idukki,2004,7,31,241.9,301.1,80.3,103.2,0.941,991.2,0.8,0,,0,0
Idukki,2004,8,31,191.3,248.1,77.1,92.1,0.946,991.2,0.8,1,31.0,1,1
Idukki,2004,9,30,241.8,212.3,113.9,64.5,0.91,991.2,0.8,0,,0,0
Idukki,2005,6,30,437.6,362.7,120.7,130.4,0.681,991.2,0.8,0,,0,0
Idukki,2005,7,31,355.4,301.1,118.0,90.2,0.933,991.2,0.8,1,28.0,1,1
Idukki,2005,8,31,151.2,248.1,60.9,68.5,0.969,991.2,0.8,0,,0,0
Idukki,2005,9,30,273.9,212.3,129.0,127.3,0.909,991.2,0.8,0,,0,0
Idukki,2006,6,30,379.9,362.7,104.7,176.9,0.793,991.2,0.8,0,,0,0
Idukki,2006,7,31,309.9,301.1,102.9,140.7,0.969,991.2,0.8,0,,0,0
Idukki,2006,8,31,304.1,248.1,122.5,127.5,0.949,991.2,0.8,0,,0,0
Idukki,2006,9,30,389.4,212.3,183.4,97.0,0.953,991.2,0.8,0,,0,0
Idukki,2007,6,30,394.8,362.7,108.8,121.9,0.623,991.2,0.7,1,77.0,1,1
Idukki,2007,7,31,511.8,301.1,170.0,106.0,0.896,991.2,0.7,3,31.0,1,1
Idukki,2007,8,31,240.7,248.1,97.0,75.1,0.99,991.2,0.7,0,,0,0
Idukki,2007,9,30,412.4,212.3,194.2,107.5,0.956,991.2,0.7,0,,0,0
Idukki,2008,6,30,221.0,362.7,60.9,50.7,0.647,991.2,0.7,0,,0,0
Idukki,2008,7,31,296.0,301.1,98.3,64.6,0.767,991.2,0.7,1,1.0,1,1
Idukki,2008,8,31,215.3,248.1,86.8,81.2,0.891,991.2,0.7,0,,0,0
Idukki,2008,9,30,258.1,212.3,121.6,92.6,0.9,991.2,0.7,1,,0,1
Idukki,2009,6,30,348.4,362.7,96.1,86.0,0.76,991.2,0.7,0,,0,0
Idukki,2009,7,31,399.9,301.1,132.8,115.0,0.884,991.2,0.7,1,33.0,1,1
Idukki,2009,8,31,135.0,248.1,54.4,35.5,0.959,991.2,0.7,0,,0,0
Idukki,2009,9,30,231.0,212.3,108.8,51.0,0.916,991.2,0.7,0,,0,0
Idukki,2010,6,30,391.2,362.7,107.9,92.9,0.671,991.2,0.7,2,,0,1
Idukki,2010,7,31,327.8,301.1,108.9,76.7,0.887,991.2,0.7,0,,0,0
Idukki,2010,8,31,185.0,248.1,74.6,44.9,0.96,991.2,0.7,0,,0,0
Idukki,2010,9,30,251.5,212.3,118.5,113.5,0.943,991.2,0.7,0,,0,0
Idukki,2011,6,30,323.2,362.7,89.1,124.9,0.639,991.2,0.7,2,5.0,1,1
Idukki,2011,7,31,233.0,301.1,77.4,49.6,0.856,991.2,0.7,0,,0,0
Idukki,2011,8,31,245.3,248.1,98.8,70.9,0.894,991.2,0.7,1,1.0,1,1
Idukki,2011,9,30,220.2,212.3,103.7,65.8,0.901,991.2,0.7,0,,0,0
Idukki,2012,6,30,192.2,362.7,53.0,56.1,0.676,991.2,0.7,0,,0,0
Idukki,2012,7,31,144.7,301.1,48.1,53.0,0.737,991.2,0.7,0,,0,0
Idukki,2012,8,31,239.9,248.1,96.7,51.7,0.759,991.2,0.7,0,,0,0
Idukki,2012,9,30,126.0,212.3,59.4,48.8,0.82,991.2,0.7,0,,0,0
Idukki,2013,6,30,579.6,362.7,159.8,120.1,0.593,991.2,0.7,1,2.0,1,1
Idukki,2013,7,31,370.3,301.1,123.0,96.0,0.961,991.2,0.7,1,,0,1
Idukki,2013,8,31,221.9,248.1,89.4,105.0,0.98,991.2,0.7,1,17.0,1,1
Idukki,2013,9,30,150.0,212.3,70.7,44.1,0.929,991.2,0.7,1,,0,1
Idukki,2014,6,30,198.4,362.7,54.7,55.9,0.683,991.2,0.8,1,,0,1
Idukki,2014,7,31,286.0,301.1,95.0,79.6,0.741,991.2,0.8,0,,0,0
Idukki,2014,8,31,462.0,248.1,186.2,97.8,0.847,991.2,0.8,0,,0,0
Idukki,2014,9,30,181.4,212.3,85.4,55.3,0.974,991.2,0.8,0,,0,0
Idukki,2015,6,30,278.8,362.7,76.9,59.4,0.699,991.2,0.8,1,11.0,1,1
Idukki,2015,7,31,143.5,301.1,47.6,40.8,0.817,991.2,0.8,0,,0,0
Idukki,2015,8,31,133.3,248.1,53.7,31.4,0.824,991.2,0.8,0,,0,0
Idukki,2015,9,30,213.9,212.3,100.8,74.0,0.801,991.2,0.8,0,,0,0
Idukki,2016,6,30,284.5,362.7,78.4,76.0,0.646,991.2,0.8,3,4.0,1,1
Idukki,2016,7,31,311.9,301.1,103.6,74.0,0.803,991.2,0.8,1,1.0,1,1
Idukki,2016,8,31,144.0,248.1,58.0,31.6,0.924,991.2,0.8,0,,0,0
Idukki,2016,9,30,44.0,212.3,20.7,10.4,0.864,991.2,0.8,0,,0,0
Idukki,2017,6,30,311.7,362.7,85.9,81.8,0.69,991.2,0.9,0,,0,0
Idukki,2017,7,31,191.2,301.1,63.5,36.6,0.861,991.2,0.9,0,,0,0
Idukki,2017,8,31,316.0,248.1,127.4,46.6,0.861,991.2,0.9,1,2.0,1,1
Idukki,2017,9,30,339.7,212.3,160.0,87.3,0.95,991.2,0.9,3,15.0,1,1
Idukki,2018,6,30,325.9,362.7,89.8,62.7,0.754,991.2,0.9,1,138.0,1,1
Idukki,2018,7,31,434.8,301.1,144.4,109.2,0.886,991.2,0.9,1,138.0,1,1
Idukki,2018,8,31,364.9,248.1,147.1,143.8,0.967,991.2,0.9,1,339.0,1,1
Idukki,2018,9,30,124.3,212.3,58.6,61.3,0.961,991.2,0.9,0,,0,0
Idukki,2019,6,30,215.7,362.7,59.5,62.2,0.561,991.2,0.9,0,,0,0
Idukki,2019,7,31,270.1,301.1,89.7,101.1,0.719,991.2,0.9,2,12.0,1,1
Idukki,2019,8,31,454.3,248.1,183.1,143.7,0.834,991.2,0.9,4,52.0,1,1
Idukki,2019,9,30,357.6,212.3,168.4,62.9,0.97,991.2,0.9,0,,0,0
Idukki,2020,6,30,261.5,362.7,72.1,45.1,0.651,991.2,0.9,0,,0,0
Idukki,2020,7,31,395.0,301.1,131.2,107.5,0.777,991.2,0.9,0,,0,0
Idukki,2020,8,31,285.8,248.1,115.2,123.4,0.941,991.2,0.9,1,65.0,1,1
Idukki,2020,9,30,341.9,212.3,161.0,72.8,0.936,991.2,0.9,0,,0,0
Idukki,2021,6,30,249.9,362.7,68.9,62.1,0.88,991.2,0.9,0,,0,0
Idukki,2021,7,31,307.4,301.1,102.1,66.0,0.921,991.2,0.9,0,,0,0
Idukki,2021,8,31,296.8,248.1,119.6,73.9,0.954,991.2,0.9,1,,0,1
Idukki,2021,9,30,266.5,212.3,125.5,64.7,0.967,991.2,0.9,1,,0,1
Idukki,2022,6,30,244.6,362.7,67.4,45.2,0.823,991.2,0.9,0,,0,0
Idukki,2022,7,31,409.5,301.1,136.0,88.0,0.886,991.2,0.9,4,7.0,1,1
Idukki,2022,8,31,416.2,248.1,167.7,128.7,0.976,991.2,0.9,1,5.0,1,1
Idukki,2022,9,30,151.1,212.3,71.2,57.4,0.971,991.2,0.9,0,,0,0
Idukki,2023,6,30,202.9,362.7,55.9,33.5,0.646,991.2,1.0,0,,0,0
Idukki,2023,7,31,281.0,301.1,93.3,105.9,0.73,991.2,1.0,0,,0,0
Idukki,2023,8,31,117.7,248.1,47.4,36.9,0.856,991.2,1.0,0,,0,0
Idukki,2023,9,30,347.1,212.3,163.5,75.4,0.764,991.2,1.0,0,,0,0
Kottayam,1981,6,30,805.5,398.2,202.3,239.4,0.643,62.9,0.4,1,39.0,1,1
Kottayam,1981,7,31,353.3,306.7,115.2,116.9,0.967,62.9,0.4,0,,0,0
Kottayam,1981,8,31,377.5,256.7,147.1,177.2,0.98,62.9,0.4,0,,0,0
Kottayam,1981,9,30,497.8,236.0,210.9,146.8,0.967,62.9,0.4,0,,0,0
Kottayam,1982,6,30,787.1,398.2,197.7,205.8,0.79,62.9,0.5,0,,0,0
Kottayam,1982,7,31,434.8,306.7,141.7,143.8,0.994,62.9,0.5,0,,0,0
Kottayam,1982,8,31,351.9,256.7,137.1,78.0,0.971,62.9,0.5,0,,0,0
Kottayam,1982,9,30,42.8,236.0,18.1,21.3,0.956,62.9,0.5,0,,0,0
Kottayam,1983,6,30,200.8,398.2,50.4,126.7,0.52,62.9,0.5,0,,0,0
Kottayam,1983,7,31,187.0,306.7,61.0,101.3,0.64,62.9,0.5,0,,0,0
Kottayam,1983,8,31,186.8,256.7,72.8,52.0,0.727,62.9,0.5,0,,0,0
Kottayam,1983,9,30,259.3,236.0,109.9,105.3,0.763,62.9,0.5,0,,0,0
Kottayam,1984,6,30,309.5,398.2,77.7,96.2,0.66,62.9,0.5,1,8.0,1,1
Kottayam,1984,7,31,371.1,306.7,121.0,89.9,0.827,62.9,0.5,0,,0,0
Kottayam,1984,8,31,105.0,256.7,40.9,30.6,0.92,62.9,0.5,0,,0,0
Kottayam,1984,9,30,82.6,236.0,35.0,53.5,0.824,62.9,0.5,0,,0,0
Kottayam,1985,6,30,639.6,398.2,160.7,186.6,0.753,62.9,0.5,1,16.0,1,1
Kottayam,1985,7,31,202.1,306.7,65.9,78.2,0.983,62.9,0.5,0,,0,0
Kottayam,1985,8,31,139.8,256.7,54.5,52.8,0.929,62.9,0.5,0,,0,0
Kottayam,1985,9,30,93.1,236.0,39.4,53.9,0.871,62.9,0.5,0,,0,0
Kottayam,1986,6,30,244.7,398.2,61.5,110.5,0.64,62.9,0.5,1,28.0,1,1
Kottayam,1986,7,31,92.6,306.7,30.2,48.0,0.736,62.9,0.5,1,28.0,1,1
Kottayam,1986,8,31,302.7,256.7,117.9,185.2,0.739,62.9,0.5,1,28.0,1,1
Kottayam,1986,9,30,142.5,236.0,60.4,58.0,0.819,62.9,0.5,0,,0,0
Kottayam,1987,6,30,293.7,398.2,73.8,78.9,0.619,62.9,0.5,0,,0,0
Kottayam,1987,7,31,71.2,306.7,23.2,21.8,0.774,62.9,0.5,0,,0,0
Kottayam,1987,8,31,471.9,256.7,183.8,161.4,0.696,62.9,0.5,0,,0,0
Kottayam,1987,9,30,133.1,236.0,56.4,68.6,0.949,62.9,0.5,0,,0,0
Kottayam,1988,6,30,505.5,398.2,127.0,142.7,0.604,62.9,0.5,0,,0,0
Kottayam,1988,7,31,377.3,306.7,123.0,90.3,0.906,62.9,0.5,0,,0,0
Kottayam,1988,8,31,269.5,256.7,105.0,65.0,0.976,62.9,0.5,0,,0,0
Kottayam,1988,9,30,612.2,236.0,259.4,188.9,0.954,62.9,0.5,0,,0,0
Kottayam,1989,6,30,524.9,398.2,131.8,114.1,0.693,62.9,0.5,1,1.0,1,1
Kottayam,1989,7,31,319.4,306.7,104.1,139.2,0.966,62.9,0.5,0,,0,0
Kottayam,1989,8,31,136.0,256.7,53.0,45.1,0.98,62.9,0.5,0,,0,0
Kottayam,1989,9,30,254.5,236.0,107.8,101.7,0.907,62.9,0.5,0,,0,0
Kottayam,1990,6,30,184.6,398.2,46.4,73.5,0.75,62.9,0.6,0,,0,0
Kottayam,1990,7,31,420.3,306.7,137.0,157.8,0.769,62.9,0.6,0,,0,0
Kottayam,1990,8,31,87.4,256.7,34.0,43.0,0.91,62.9,0.6,0,,0,0
Kottayam,1990,9,30,43.6,236.0,18.5,13.2,0.801,62.9,0.6,0,,0,0
Kottayam,1991,6,30,1165.3,398.2,292.7,403.3,0.497,62.9,0.5,1,22.0,1,1
Kottayam,1991,7,31,335.2,306.7,109.3,132.1,0.991,62.9,0.5,0,,0,0
Kottayam,1991,8,31,329.0,256.7,128.2,97.7,0.953,62.9,0.5,0,,0,0
Kottayam,1991,9,30,30.5,236.0,12.9,17.3,0.953,62.9,0.5,0,,0,0
Kottayam,1992,6,30,550.8,398.2,138.3,261.5,0.624,62.9,0.5,1,7.0,1,1
Kottayam,1992,7,31,286.7,306.7,93.5,83.3,0.926,62.9,0.5,1,55.0,1,1
Kottayam,1992,8,31,217.9,256.7,84.9,62.6,0.941,62.9,0.5,0,,0,0
Kottayam,1992,9,30,250.3,236.0,106.0,87.1,0.903,62.9,0.5,0,,0,0
Kottayam,1993,6,30,454.3,398.2,114.1,175.6,0.616,62.9,0.6,0,,0,0
Kottayam,1993,7,31,405.5,306.7,132.2,86.8,0.871,62.9,0.6,1,,0,1
Kottayam,1993,8,31,63.9,256.7,24.9,16.1,0.973,62.9,0.6,0,,0,0
Kottayam,1993,9,30,44.5,236.0,18.9,15.3,0.831,62.9,0.6,0,,0,0
Kottayam,1994,6,30,370.4,398.2,93.0,122.8,0.65,62.9,0.7,1,30.0,1,1
Kottayam,1994,7,31,422.3,306.7,137.7,128.5,0.87,62.9,0.7,0,,0,0
Kottayam,1994,8,31,383.0,256.7,149.2,208.7,0.957,62.9,0.7,2,3.0,1,1
Kottayam,1994,9,30,163.2,236.0,69.1,71.4,0.949,62.9,0.7,0,,0,0
Kottayam,1995,6,30,328.9,398.2,82.6,113.2,0.797,62.9,0.7,1,2.0,1,1
Kottayam,1995,7,31,289.4,306.7,94.4,71.9,0.901,62.9,0.7,2,,0,1
Kottayam,1995,8,31,256.9,256.7,100.1,83.0,0.946,62.9,0.7,0,,0,0
Kottayam,1995,9,30,178.1,236.0,75.5,60.8,0.933,62.9,0.7,0,,0,0
Kottayam,1996,6,30,408.1,398.2,102.5,148.5,0.514,62.9,0.7,2,25.0,1,1
Kottayam,1996,7,31,452.4,306.7,147.5,102.5,0.859,62.9,0.7,0,,0,0
Kottayam,1996,8,31,189.2,256.7,73.7,48.2,0.983,62.9,0.7,1,,0,1
Kottayam,1996,9,30,272.0,236.0,115.2,135.0,0.949,62.9,0.7,0,,0,0
Kottayam,1997,6,30,522.5,398.2,131.2,215.3,0.569,62.9,0.7,0,,0,0
Kottayam,1997,7,31,537.9,306.7,175.4,137.9,0.804,62.9,0.7,2,48.0,1,1
Kottayam,1997,8,31,356.1,256.7,138.7,113.2,0.996,62.9,0.7,0,,0,0
Kottayam,1997,9,30,426.2,236.0,180.6,101.6,0.97,62.9,0.7,1,,0,1
Kottayam,1998,6,30,374.1,398.2,94.0,126.6,0.654,62.9,0.8,0,,0,0
Kottayam,1998,7,31,169.5,306.7,55.3,56.6,0.841,62.9,0.8,1,45.0,1,1
Kottayam,1998,8,31,283.4,256.7,110.4,127.3,0.876,62.9,0.8,0,,0,0
Kottayam,1998,9,30,513.8,236.0,217.7,133.7,0.914,62.9,0.8,0,,0,0
Kottayam,1999,6,30,419.5,398.2,105.3,195.0,0.826,62.9,0.9,1,18.0,1,1
Kottayam,1999,7,31,195.1,306.7,63.6,62.5,0.929,62.9,0.9,0,,0,0
Kottayam,1999,8,31,90.4,256.7,35.2,33.0,0.914,62.9,0.9,0,,0,0
Kottayam,1999,9,30,35.9,236.0,15.2,13.7,0.833,62.9,0.9,0,,0,0
Kottayam,2000,6,30,308.0,398.2,77.4,139.1,0.59,62.9,0.9,0,,0,0
Kottayam,2000,7,31,71.6,306.7,23.4,18.9,0.763,62.9,0.9,0,,0,0
Kottayam,2000,8,31,408.3,256.7,159.1,200.3,0.677,62.9,0.9,2,37.0,1,1
Kottayam,2000,9,30,122.8,236.0,52.0,58.7,0.921,62.9,0.9,0,,0,0
Kottayam,2001,6,30,543.3,398.2,136.5,129.2,0.754,62.9,1.0,0,,0,0
Kottayam,2001,7,31,348.2,306.7,113.5,195.1,0.98,62.9,1.0,1,22.0,1,1
Kottayam,2001,8,31,138.9,256.7,54.1,41.2,0.919,62.9,1.0,0,,0,0
Kottayam,2001,9,30,363.5,236.0,154.0,129.6,0.879,62.9,1.0,0,,0,0
Kottayam,2002,6,30,301.7,398.2,75.8,171.1,0.747,62.9,1.0,0,,0,0
Kottayam,2002,7,31,137.1,306.7,44.7,67.2,0.866,62.9,1.0,0,,0,0
Kottayam,2002,8,31,383.4,256.7,149.4,222.7,0.773,62.9,1.0,1,3.0,1,1
Kottayam,2002,9,30,112.6,236.0,47.7,53.6,0.904,62.9,1.0,0,,0,0
Kottayam,2003,6,30,374.7,398.2,94.1,148.8,0.681,62.9,1.0,0,,0,0
Kottayam,2003,7,31,281.9,306.7,91.9,88.0,0.9,62.9,1.0,2,5.0,1,1
Kottayam,2003,8,31,249.4,256.7,97.1,98.4,0.937,62.9,1.0,0,,0,0
Kottayam,2003,9,30,44.6,236.0,18.9,14.8,0.946,62.9,1.0,0,,0,0
Kottayam,2004,6,30,346.0,398.2,86.9,121.4,0.981,62.9,1.0,1,25.0,1,1
Kottayam,2004,7,31,281.1,306.7,91.6,121.8,0.941,62.9,1.0,0,,0,0
Kottayam,2004,8,31,204.5,256.7,79.7,100.2,0.947,62.9,1.0,0,,0,0
Kottayam,2004,9,30,284.7,236.0,120.6,85.6,0.9,62.9,1.0,0,,0,0
Kottayam,2005,6,30,487.9,398.2,122.5,141.8,0.714,62.9,1.0,1,7.0,1,1
Kottayam,2005,7,31,383.8,306.7,125.1,110.0,0.966,62.9,1.0,1,28.0,1,1
Kottayam,2005,8,31,143.3,256.7,55.8,72.4,0.977,62.9,1.0,0,,0,0
Kottayam,2005,9,30,325.9,236.0,138.1,160.4,0.889,62.9,1.0,0,,0,0
Kottayam,2006,6,30,398.5,398.2,100.1,213.8,0.817,62.9,1.0,0,,0,0
Kottayam,2006,7,31,330.4,306.7,107.7,155.1,0.983,62.9,1.0,0,,0,0
Kottayam,2006,8,31,321.5,256.7,125.2,138.6,0.939,62.9,1.0,0,,0,0
Kottayam,2006,9,30,482.2,236.0,204.3,135.2,0.941,62.9,1.0,1,2.0,1,1
Kottayam,2007,6,30,441.3,398.2,110.8,149.5,0.65,62.9,1.0,1,77.0,1,1
Kottayam,2007,7,31,545.3,306.7,177.8,111.4,0.934,62.9,1.0,1,30.0,1,1
Kottayam,2007,8,31,243.5,256.7,94.9,73.6,0.996,62.9,1.0,0,,0,0
Kottayam,2007,9,30,452.1,236.0,191.5,107.0,0.943,62.9,1.0,0,,0,0
Kottayam,2008,6,30,225.2,398.2,56.6,55.0,0.669,62.9,1.0,0,,0,0
Kottayam,2008,7,31,332.8,306.7,108.5,82.1,0.787,62.9,1.0,1,1.0,1,1
Kottayam,2008,8,31,233.1,256.7,90.8,110.3,0.911,62.9,1.0,0,,0,0
Kottayam,2008,9,30,279.9,236.0,118.6,101.0,0.9,62.9,1.0,1,,0,1
Kottayam,2009,6,30,378.8,398.2,95.2,91.7,0.781,62.9,1.0,0,,0,0
Kottayam,2009,7,31,391.6,306.7,127.7,114.2,0.906,62.9,1.0,0,,0,0
Kottayam,2009,8,31,132.0,256.7,51.4,31.0,0.957,62.9,1.0,0,,0,0
Kottayam,2009,9,30,254.7,236.0,107.9,61.2,0.903,62.9,1.0,1,1.0,1,1
Kottayam,2010,6,30,376.2,398.2,94.5,85.9,0.689,62.9,1.0,1,,0,1
Kottayam,2010,7,31,340.6,306.7,111.1,98.4,0.884,62.9,1.0,0,,0,0
Kottayam,2010,8,31,186.1,256.7,72.5,45.2,0.959,62.9,1.0,0,,0,0
Kottayam,2010,9,30,264.3,236.0,112.0,118.4,0.921,62.9,1.0,1,,0,1
Kottayam,2011,6,30,316.4,398.2,79.5,133.2,0.62,62.9,1.0,2,5.0,1,1
Kottayam,2011,7,31,222.9,306.7,72.7,50.0,0.821,62.9,1.0,0,,0,0
Kottayam,2011,8,31,242.9,256.7,94.6,75.7,0.851,62.9,1.0,1,1.0,1,1
Kottayam,2011,9,30,218.8,236.0,92.7,61.1,0.853,62.9,1.0,0,,0,0
Kottayam,2012,6,30,186.5,398.2,46.8,55.7,0.667,62.9,1.0,1,40.0,1,1
Kottayam,2012,7,31,160.7,306.7,52.4,63.4,0.717,62.9,1.0,0,,0,0
Kottayam,2012,8,31,255.2,256.7,99.4,52.7,0.747,62.9,1.0,0,,0,0
Kottayam,2012,9,30,141.5,236.0,59.9,61.5,0.811,62.9,1.0,0,,0,0
Kottayam,2013,6,30,640.7,398.2,160.9,122.7,0.611,62.9,1.0,0,,0,0
Kottayam,2013,7,31,403.2,306.7,131.4,109.8,0.977,62.9,1.0,1,1.0,1,1
Kottayam,2013,8,31,231.9,256.7,90.3,115.9,0.981,62.9,1.0,0,,0,0
Kottayam,2013,9,30,172.8,236.0,73.2,46.6,0.917,62.9,1.0,0,,0,0
Kottayam,2014,6,30,204.0,398.2,51.2,59.0,0.713,62.9,1.0,0,,0,0
Kottayam,2014,7,31,270.6,306.7,88.2,73.9,0.753,62.9,1.0,0,,0,0
Kottayam,2014,8,31,498.9,256.7,194.3,110.7,0.83,62.9,1.0,2,4.0,1,1
Kottayam,2014,9,30,195.2,236.0,82.7,75.9,0.974,62.9,1.0,0,,0,0
Kottayam,2015,6,30,318.4,398.2,80.0,80.6,0.739,62.9,1.0,1,11.0,1,1
Kottayam,2015,7,31,145.9,306.7,47.6,40.3,0.859,62.9,1.0,0,,0,0
Kottayam,2015,8,31,133.7,256.7,52.1,34.6,0.853,62.9,1.0,0,,0,0
Kottayam,2015,9,30,236.0,236.0,100.0,59.5,0.814,62.9,1.0,0,,0,0
Kottayam,2016,6,30,324.8,398.2,81.6,109.7,0.687,62.9,1.0,2,2.0,1,1
Kottayam,2016,7,31,269.7,306.7,87.9,56.9,0.849,62.9,1.0,0,,0,0
Kottayam,2016,8,31,132.0,256.7,51.4,25.8,0.916,62.9,1.0,0,,0,0
Kottayam,2016,9,30,42.8,236.0,18.1,13.5,0.843,62.9,1.0,0,,0,0
Kottayam,2017,6,30,333.8,398.2,83.8,99.1,0.679,62.9,1.0,0,,0,0
Kottayam,2017,7,31,166.4,306.7,54.2,31.8,0.86,62.9,1.0,0,,0,0
Kottayam,2017,8,31,273.4,256.7,106.5,40.4,0.836,62.9,1.0,0,,0,0
Kottayam,2017,9,30,337.9,236.0,143.2,93.5,0.906,62.9,1.0,2,9.0,1,1
Kottayam,2018,6,30,337.4,398.2,84.7,64.4,0.706,62.9,1.0,1,138.0,1,1
Kottayam,2018,7,31,432.0,306.7,140.9,110.3,0.86,62.9,1.0,1,138.0,1,1
Kottayam,2018,8,31,392.8,256.7,153.0,160.4,0.953,62.9,1.0,1,339.0,1,1
Kottayam,2018,9,30,129.7,236.0,54.9,57.0,0.954,62.9,1.0,0,,0,0
Kottayam,2019,6,30,225.4,398.2,56.6,77.4,0.553,62.9,1.0,0,,0,0
Kottayam,2019,7,31,249.8,306.7,81.4,109.3,0.716,62.9,1.0,2,12.0,1,1
Kottayam,2019,8,31,465.0,256.7,181.1,142.2,0.804,62.9,1.0,1,8.0,1,1
Kottayam,2019,9,30,324.1,236.0,137.3,66.1,0.957,62.9,1.0,0,,0,0
Kottayam,2020,6,30,281.7,398.2,70.8,52.8,0.711,62.9,1.0,0,,0,0
Kottayam,2020,7,31,342.2,306.7,111.5,115.1,0.82,62.9,1.0,0,,0,0
Kottayam,2020,8,31,261.2,256.7,101.7,128.2,0.921,62.9,1.0,2,2.0,1,1
Kottayam,2020,9,30,380.6,236.0,161.2,91.7,0.911,62.9,1.0,0,,0,0
Kottayam,2021,6,30,239.6,398.2,60.2,68.7,0.956,62.9,1.0,0,,0,0
Kottayam,2021,7,31,294.7,306.7,96.1,73.6,0.946,62.9,1.0,0,,0,0
Kottayam,2021,8,31,288.0,256.7,112.2,78.6,0.95,62.9,1.0,0,,0,0
Kottayam,2021,9,30,270.6,236.0,114.6,63.1,0.95,62.9,1.0,0,,0,0
Kottayam,2022,6,30,228.9,398.2,57.5,39.5,0.816,62.9,0.9,0,,0,0
Kottayam,2022,7,31,336.9,306.7,109.8,68.6,0.859,62.9,0.9,1,4.0,1,1
Kottayam,2022,8,31,365.8,256.7,142.5,113.3,0.933,62.9,0.9,3,2.0,1,1
Kottayam,2022,9,30,129.2,236.0,54.8,43.9,0.944,62.9,0.9,0,,0,0
Kottayam,2023,6,30,196.4,398.2,49.3,37.2,0.641,62.9,0.9,1,,0,1
Kottayam,2023,7,31,278.8,306.7,90.9,112.5,0.711,62.9,0.9,1,,0,1
Kottayam,2023,8,31,95.0,256.7,37.0,34.8,0.827,62.9,0.9,0,,0,0
Kottayam,2023,9,30,366.0,236.0,155.1,94.0,0.709,62.9,0.9,0,,0,0
Alappuzha,1981,6,30,977.7,506.8,192.9,290.7,0.699,8.9,0.5,2,41.0,1,1
Alappuzha,1981,7,31,439.7,403.7,108.9,138.0,0.973,8.9,0.5,0,,0,0
Alappuzha,1981,8,31,468.0,328.6,142.4,202.1,0.983,8.9,0.5,0,,0,0
Alappuzha,1981,9,30,511.9,281.0,182.2,138.4,0.969,8.9,0.5,1,,0,1
Alappuzha,1982,6,30,925.7,506.8,182.6,239.7,0.857,8.9,0.6,0,,0,0
Alappuzha,1982,7,31,552.5,403.7,136.9,179.9,0.99,8.9,0.6,0,,0,0
Alappuzha,1982,8,31,468.9,328.6,142.7,105.8,0.977,8.9,0.6,0,,0,0
Alappuzha,1982,9,30,54.1,281.0,19.3,27.1,0.964,8.9,0.6,0,,0,0
Alappuzha,1983,6,30,226.0,506.8,44.6,132.4,0.54,8.9,0.6,0,,0,0
Alappuzha,1983,7,31,256.1,403.7,63.4,121.0,0.73,8.9,0.6,0,,0,0
Alappuzha,1983,8,31,232.9,328.6,70.9,61.6,0.87,8.9,0.6,0,,0,0
Alappuzha,1983,9,30,280.2,281.0,99.7,107.4,0.896,8.9,0.6,0,,0,0
Alappuzha,1984,6,30,397.2,506.8,78.4,115.0,0.757,8.9,0.6,2,6.0,1,1
Alappuzha,1984,7,31,470.4,403.7,116.5,113.4,0.951,8.9,0.6,0,,0,0
Alappuzha,1984,8,31,132.8,328.6,40.4,38.5,0.953,8.9,0.6,0,,0,0
Alappuzha,1984,9,30,96.0,281.0,34.2,64.7,0.873,8.9,0.6,0,,0,0
Alappuzha,1985,6,30,728.2,506.8,143.7,191.5,0.86,8.9,0.6,1,16.0,1,1
Alappuzha,1985,7,31,259.6,403.7,64.3,101.8,0.99,8.9,0.6,0,,0,0
Alappuzha,1985,8,31,182.2,328.6,55.4,67.1,0.946,8.9,0.6,0,,0,0
Alappuzha,1985,9,30,93.0,281.0,33.1,50.7,0.917,8.9,0.6,0,,0,0
Alappuzha,1986,6,30,314.5,506.8,62.1,146.1,0.721,8.9,0.6,1,28.0,1,1
Alappuzha,1986,7,31,116.0,403.7,28.7,54.2,0.853,8.9,0.6,1,28.0,1,1
Alappuzha,1986,8,31,357.3,328.6,108.7,197.6,0.859,8.9,0.6,1,28.0,1,1
Alappuzha,1986,9,30,168.6,281.0,60.0,67.2,0.869,8.9,0.6,0,,0,0
Alappuzha,1987,6,30,371.1,506.8,73.2,92.2,0.68,8.9,0.7,0,,0,0
Alappuzha,1987,7,31,91.5,403.7,22.7,28.2,0.893,8.9,0.7,0,,0,0
Alappuzha,1987,8,31,550.6,328.6,167.6,191.4,0.789,8.9,0.7,0,,0,0
Alappuzha,1987,9,30,134.8,281.0,48.0,66.4,0.977,8.9,0.7,0,,0,0
Alappuzha,1988,6,30,565.1,506.8,111.5,163.3,0.693,8.9,0.7,0,,0,0
Alappuzha,1988,7,31,449.1,403.7,111.2,116.2,0.946,8.9,0.7,0,,0,0
Alappuzha,1988,8,31,333.3,328.6,101.4,89.1,0.977,8.9,0.7,0,,0,0
Alappuzha,1988,9,30,705.7,281.0,251.2,224.6,0.963,8.9,0.7,0,,0,0
Alappuzha,1989,6,30,634.9,506.8,125.3,131.1,0.801,8.9,0.6,1,,0,1
Alappuzha,1989,7,31,368.6,403.7,91.3,177.2,0.983,8.9,0.6,1,17.0,1,1
Alappuzha,1989,8,31,172.5,328.6,52.5,48.9,0.984,8.9,0.6,0,,0,0
Alappuzha,1989,9,30,261.3,281.0,93.0,95.5,0.939,8.9,0.6,0,,0,0
Alappuzha,1990,6,30,231.4,506.8,45.7,89.6,0.857,8.9,0.6,0,,0,0
Alappuzha,1990,7,31,511.4,403.7,126.7,191.1,0.886,8.9,0.6,0,,0,0
Alappuzha,1990,8,31,105.6,328.6,32.1,47.0,0.944,8.9,0.6,0,,0,0
Alappuzha,1990,9,30,48.3,281.0,17.2,17.3,0.837,8.9,0.6,0,,0,0
Alappuzha,1991,6,30,1335.6,506.8,263.5,448.9,0.546,8.9,0.5,2,30.0,1,1
Alappuzha,1991,7,31,392.2,403.7,97.2,137.1,0.99,8.9,0.5,0,,0,0
Alappuzha,1991,8,31,414.7,328.6,126.2,123.2,0.967,8.9,0.5,0,,0,0
Alappuzha,1991,9,30,33.5,281.0,11.9,22.0,0.963,8.9,0.5,0,,0,0
Alappuzha,1992,6,30,601.1,506.8,118.6,259.0,0.736,8.9,0.5,1,7.0,1,1
Alappuzha,1992,7,31,339.7,403.7,84.2,84.0,0.961,8.9,0.5,2,64.0,1,1
Alappuzha,1992,8,31,273.3,328.6,83.2,77.2,0.97,8.9,0.5,0,,0,0
Alappuzha,1992,9,30,293.0,281.0,104.3,110.5,0.923,8.9,0.5,0,,0,0
Alappuzha,1993,6,30,532.1,506.8,105.0,192.6,0.709,8.9,0.6,1,,0,1
Alappuzha,1993,7,31,476.5,403.7,118.0,103.2,0.943,8.9,0.6,0,,0,0
Alappuzha,1993,8,31,77.4,328.6,23.6,19.5,0.98,8.9,0.6,0,,0,0
Alappuzha,1993,9,30,53.0,281.0,18.8,18.3,0.843,8.9,0.6,0,,0,0
Alappuzha,1994,6,30,432.9,506.8,85.4,145.9,0.721,8.9,0.7,1,30.0,1,1
Alappuzha,1994,7,31,525.0,403.7,130.1,161.1,0.926,8.9,0.7,1,14.0,1,1
Alappuzha,1994,8,31,464.7,328.6,141.4,231.4,0.977,8.9,0.7,2,,0,1
Alappuzha,1994,9,30,194.8,281.0,69.3,84.9,0.969,8.9,0.7,0,,0,0
Alappuzha,1995,6,30,420.0,506.8,82.9,144.2,0.909,8.9,0.7,0,,0,0
Alappuzha,1995,7,31,385.8,403.7,95.6,93.8,0.964,8.9,0.7,0,,0,0
Alappuzha,1995,8,31,341.3,328.6,103.9,108.4,0.971,8.9,0.7,0,,0,0
Alappuzha,1995,9,30,226.2,281.0,80.5,79.7,0.97,8.9,0.7,1,2.0,1,1
Alappuzha,1996,6,30,460.0,506.8,90.8,168.2,0.544,8.9,0.7,2,25.0,1,1
Alappuzha,1996,7,31,560.0,403.7,138.7,132.5,0.947,8.9,0.7,0,,0,0
Alappuzha,1996,8,31,214.7,328.6,65.3,54.7,0.986,8.9,0.7,0,,0,0
Alappuzha,1996,9,30,327.4,281.0,116.5,160.7,0.966,8.9,0.7,0,,0,0
Alappuzha,1997,6,30,614.6,506.8,121.3,262.7,0.624,8.9,0.7,0,,0,0
Alappuzha,1997,7,31,708.9,403.7,175.6,163.1,0.884,8.9,0.7,1,,0,1
Alappuzha,1997,8,31,456.2,328.6,138.8,143.7,0.99,8.9,0.7,0,,0,0
Alappuzha,1997,9,30,485.1,281.0,172.7,116.9,0.981,8.9,0.7,0,,0,0
Alappuzha,1998,6,30,454.1,506.8,89.6,149.7,0.726,8.9,0.8,0,,0,0
Alappuzha,1998,7,31,199.1,403.7,49.3,69.1,0.941,8.9,0.8,0,,0,0
Alappuzha,1998,8,31,316.9,328.6,96.4,144.6,0.934,8.9,0.8,0,,0,0
Alappuzha,1998,9,30,595.1,281.0,211.8,149.6,0.949,8.9,0.8,0,,0,0
Alappuzha,1999,6,30,476.8,506.8,94.1,220.8,0.93,8.9,0.8,1,18.0,1,1
Alappuzha,1999,7,31,242.6,403.7,60.1,75.7,0.941,8.9,0.8,0,,0,0
Alappuzha,1999,8,31,112.1,328.6,34.1,42.7,0.949,8.9,0.8,0,,0,0
Alappuzha,1999,9,30,41.0,281.0,14.6,16.8,0.874,8.9,0.8,0,,0,0
Alappuzha,2000,6,30,373.1,506.8,73.6,154.6,0.677,8.9,0.8,2,,0,1
Alappuzha,2000,7,31,85.8,403.7,21.3,20.6,0.887,8.9,0.8,0,,0,0
Alappuzha,2000,8,31,470.6,328.6,143.2,230.9,0.779,8.9,0.8,1,37.0,1,1
Alappuzha,2000,9,30,131.4,281.0,46.8,63.4,0.973,8.9,0.8,0,,0,0
Alappuzha,2001,6,30,680.1,506.8,134.2,149.9,0.894,8.9,0.9,1,5.0,1,1
Alappuzha,2001,7,31,386.6,403.7,95.8,216.2,0.986,8.9,0.9,1,22.0,1,1
Alappuzha,2001,8,31,157.9,328.6,48.1,54.3,0.919,8.9,0.9,0,,0,0
Alappuzha,2001,9,30,351.1,281.0,125.0,120.4,0.897,8.9,0.9,0,,0,0
Alappuzha,2002,6,30,362.7,506.8,71.6,202.7,0.879,8.9,0.9,0,,0,0
Alappuzha,2002,7,31,182.8,403.7,45.3,89.2,0.927,8.9,0.9,0,,0,0
Alappuzha,2002,8,31,509.6,328.6,155.1,283.0,0.84,8.9,0.9,0,,0,0
Alappuzha,2002,9,30,141.1,281.0,50.2,65.3,0.941,8.9,0.9,0,,0,0
Alappuzha,2003,6,30,464.9,506.8,91.7,184.6,0.801,8.9,0.8,0,,0,0
Alappuzha,2003,7,31,360.3,403.7,89.2,108.3,0.973,8.9,0.8,0,,0,0
Alappuzha,2003,8,31,320.3,328.6,97.5,124.7,0.969,8.9,0.8,0,,0,0
Alappuzha,2003,9,30,57.6,281.0,20.5,17.9,0.97,8.9,0.8,0,,0,0
Alappuzha,2004,6,30,412.2,506.8,81.3,149.2,0.983,8.9,0.7,0,,0,0
Alappuzha,2004,7,31,319.2,403.7,79.1,137.1,0.947,8.9,0.7,0,,0,0
Alappuzha,2004,8,31,250.2,328.6,76.1,112.0,0.96,8.9,0.7,0,,0,0
Alappuzha,2004,9,30,271.4,281.0,96.6,89.3,0.917,8.9,0.7,0,,0,0
Alappuzha,2005,6,30,620.5,506.8,122.4,183.9,0.806,8.9,0.6,1,7.0,1,1
Alappuzha,2005,7,31,476.4,403.7,118.0,130.3,0.981,8.9,0.6,1,28.0,1,1
Alappuzha,2005,8,31,190.6,328.6,58.0,97.2,0.983,8.9,0.6,0,,0,0
Alappuzha,2005,9,30,391.2,281.0,139.2,190.8,0.904,8.9,0.6,0,,0,0
Alappuzha,2006,6,30,501.2,506.8,98.9,261.4,0.927,8.9,0.6,2,13.0,1,1
Alappuzha,2006,7,31,425.6,403.7,105.4,200.5,0.989,8.9,0.6,0,,0,0
Alappuzha,2006,8,31,417.5,328.6,127.1,185.5,0.954,8.9,0.6,0,,0,0
Alappuzha,2006,9,30,535.9,281.0,190.7,141.8,0.944,8.9,0.6,0,,0,0
Alappuzha,2007,6,30,576.0,506.8,113.7,177.9,0.756,8.9,0.6,1,77.0,1,1
Alappuzha,2007,7,31,725.2,403.7,179.6,144.9,0.984,8.9,0.6,1,30.0,1,1
Alappuzha,2007,8,31,315.6,328.6,96.0,93.8,0.99,8.9,0.6,0,,0,0
Alappuzha,2007,9,30,596.6,281.0,212.3,140.3,0.96,8.9,0.6,0,,0,0
Alappuzha,2008,6,30,314.9,506.8,62.1,71.3,0.809,8.9,0.6,0,,0,0
Alappuzha,2008,7,31,419.9,403.7,104.0,89.8,0.95,8.9,0.6,1,1.0,1,1
Alappuzha,2008,8,31,278.2,328.6,84.7,112.8,0.986,8.9,0.6,0,,0,0
Alappuzha,2008,9,30,373.6,281.0,133.0,132.0,0.949,8.9,0.6,0,,0,0
Alappuzha,2009,6,30,508.9,506.8,100.4,120.5,0.94,8.9,0.7,0,,0,0
Alappuzha,2009,7,31,545.8,403.7,135.2,145.4,0.98,8.9,0.7,1,33.0,1,1
Alappuzha,2009,8,31,161.2,328.6,49.1,31.7,0.976,8.9,0.7,0,,0,0
Alappuzha,2009,9,30,332.3,281.0,118.3,73.4,0.933,8.9,0.7,0,,0,0
Alappuzha,2010,6,30,521.9,506.8,103.0,122.3,0.859,8.9,0.7,1,,0,1
Alappuzha,2010,7,31,470.2,403.7,116.5,137.6,0.98,8.9,0.7,0,,0,0
Alappuzha,2010,8,31,247.2,328.6,75.2,60.9,0.987,8.9,0.7,0,,0,0
Alappuzha,2010,9,30,335.4,281.0,119.4,155.9,0.966,8.9,0.7,1,2.0,1,1
Alappuzha,2011,6,30,436.1,506.8,86.1,173.8,0.726,8.9,0.7,2,5.0,1,1
Alappuzha,2011,7,31,313.7,403.7,77.7,70.8,0.947,8.9,0.7,0,,0,0
Alappuzha,2011,8,31,340.7,328.6,103.7,101.0,0.96,8.9,0.7,0,,0,0
Alappuzha,2011,9,30,299.0,281.0,106.4,91.3,0.95,8.9,0.7,0,,0,0
Alappuzha,2012,6,30,268.2,506.8,52.9,77.5,0.821,8.9,0.7,0,,0,0
Alappuzha,2012,7,31,222.8,403.7,55.2,79.9,0.907,8.9,0.7,0,,0,0
Alappuzha,2012,8,31,331.6,328.6,100.9,66.8,0.917,8.9,0.7,0,,0,0
Alappuzha,2012,9,30,190.1,281.0,67.7,79.8,0.954,8.9,0.7,0,,0,0
Alappuzha,2013,6,30,913.5,506.8,180.3,174.6,0.733,8.9,0.7,1,7.0,1,1
Alappuzha,2013,7,31,577.6,403.7,143.1,146.9,0.99,8.9,0.7,1,1.0,1,1
Alappuzha,2013,8,31,279.9,328.6,85.2,158.2,0.987,8.9,0.7,1,17.0,1,1
Alappuzha,2013,9,30,218.3,281.0,77.7,68.2,0.914,8.9,0.7,0,,0,0
Alappuzha,2014,6,30,286.6,506.8,56.6,84.9,0.833,8.9,0.8,0,,0,0
Alappuzha,2014,7,31,406.4,403.7,100.7,104.7,0.914,8.9,0.8,0,,0,0
Alappuzha,2014,8,31,649.4,328.6,197.6,158.2,0.97,8.9,0.8,1,,0,1
Alappuzha,2014,9,30,231.9,281.0,82.5,101.0,0.984,8.9,0.8,0,,0,0
Alappuzha,2015,6,30,426.6,506.8,84.2,104.4,0.833,8.9,0.9,2,12.0,1,1
Alappuzha,2015,7,31,221.1,403.7,54.8,59.6,0.97,8.9,0.9,0,,0,0
Alappuzha,2015,8,31,181.5,328.6,55.2,54.5,0.953,8.9,0.9,0,,0,0
Alappuzha,2015,9,30,266.4,281.0,94.8,48.2,0.921,8.9,0.9,0,,0,0
Alappuzha,2016,6,30,487.1,506.8,96.1,141.0,0.816,8.9,0.9,1,,0,1
Alappuzha,2016,7,31,373.4,403.7,92.5,73.6,0.969,8.9,0.9,0,,0,0
Alappuzha,2016,8,31,176.1,328.6,53.6,30.7,0.979,8.9,0.9,0,,0,0
Alappuzha,2016,9,30,58.3,281.0,20.7,19.8,0.916,8.9,0.9,0,,0,0
Alappuzha,2017,6,30,450.0,506.8,88.8,129.3,0.809,8.9,0.9,0,,0,0
Alappuzha,2017,7,31,266.9,403.7,66.1,54.0,0.973,8.9,0.9,0,,0,0
Alappuzha,2017,8,31,347.0,328.6,105.6,68.2,0.946,8.9,0.9,0,,0,0
Alappuzha,2017,9,30,374.2,281.0,133.2,130.5,0.969,8.9,0.9,0,,0,0
Alappuzha,2018,6,30,531.3,506.8,104.8,105.6,0.879,8.9,0.8,1,138.0,1,1
Alappuzha,2018,7,31,648.7,403.7,160.7,171.5,0.977,8.9,0.8,1,138.0,1,1
Alappuzha,2018,8,31,541.2,328.6,164.7,211.1,0.98,8.9,0.8,1,339.0,1,1
Alappuzha,2018,9,30,102.8,281.0,36.6,49.9,0.966,8.9,0.8,0,,0,0
Alappuzha,2019,6,30,327.8,506.8,64.7,101.3,0.623,8.9,0.8,0,,0,0
Alappuzha,2019,7,31,400.0,403.7,99.1,178.8,0.904,8.9,0.8,1,12.0,1,1
Alappuzha,2019,8,31,636.8,328.6,193.8,167.7,0.959,8.9,0.8,3,10.0,1,1
Alappuzha,2019,9,30,401.0,281.0,142.7,83.6,0.989,8.9,0.8,0,,0,0
Alappuzha,2020,6,30,413.2,506.8,81.5,67.1,0.883,8.9,0.8,0,,0,0
Alappuzha,2020,7,31,452.3,403.7,112.1,158.4,0.967,8.9,0.8,0,,0,0
Alappuzha,2020,8,31,384.1,328.6,116.9,194.2,0.979,8.9,0.8,3,4.0,1,1
Alappuzha,2020,9,30,519.9,281.0,185.0,111.1,0.911,8.9,0.8,1,,0,1
Alappuzha,2021,6,30,306.0,506.8,60.4,103.1,0.991,8.9,0.8,0,,0,0
Alappuzha,2021,7,31,405.4,403.7,100.4,88.6,0.969,8.9,0.8,0,,0,0
Alappuzha,2021,8,31,382.2,328.6,116.3,110.8,0.974,8.9,0.8,0,,0,0
Alappuzha,2021,9,30,308.8,281.0,109.9,70.2,0.973,8.9,0.8,0,,0,0
Alappuzha,2022,6,30,305.5,506.8,60.3,65.8,0.97,8.9,0.7,0,,0,0
Alappuzha,2022,7,31,363.2,403.7,90.0,67.7,0.967,8.9,0.7,1,4.0,1,1
Alappuzha,2022,8,31,469.5,328.6,142.9,164.9,0.966,8.9,0.7,1,,0,1
Alappuzha,2022,9,30,150.3,281.0,53.5,49.7,0.973,8.9,0.7,0,,0,0
Alappuzha,2023,6,30,256.0,506.8,50.5,52.0,0.703,8.9,0.8,1,,0,1
Alappuzha,2023,7,31,378.5,403.7,93.8,150.1,0.836,8.9,0.8,1,,0,1
Alappuzha,2023,8,31,89.4,328.6,27.2,41.1,0.936,8.9,0.8,0,,0,0
Alappuzha,2023,9,30,484.5,281.0,172.5,138.1,0.766,8.9,0.8,0,,0,0
Pathanamthitta,1981,6,30,805.5,398.2,202.3,239.4,0.643,381.3,0.2,0,,0,0
Pathanamthitta,1981,7,31,353.3,306.7,115.2,116.9,0.967,381.3,0.2,0,,0,0
Pathanamthitta,1981,8,31,377.5,256.7,147.1,177.2,0.98,381.3,0.2,0,,0,0
Pathanamthitta,1981,9,30,497.8,236.0,210.9,146.8,0.967,381.3,0.2,0,,0,0
Pathanamthitta,1982,6,30,787.1,398.2,197.7,205.8,0.79,381.3,0.2,0,,0,0
Pathanamthitta,1982,7,31,434.8,306.7,141.7,143.8,0.994,381.3,0.2,0,,0,0
Pathanamthitta,1982,8,31,351.9,256.7,137.1,78.0,0.971,381.3,0.2,0,,0,0
Pathanamthitta,1982,9,30,42.8,236.0,18.1,21.3,0.956,381.3,0.2,0,,0,0
Pathanamthitta,1983,6,30,200.8,398.2,50.4,126.7,0.52,381.3,0.2,0,,0,0
Pathanamthitta,1983,7,31,187.0,306.7,61.0,101.3,0.64,381.3,0.2,0,,0,0
Pathanamthitta,1983,8,31,186.8,256.7,72.8,52.0,0.727,381.3,0.2,0,,0,0
Pathanamthitta,1983,9,30,259.3,236.0,109.9,105.3,0.763,381.3,0.2,0,,0,0
Pathanamthitta,1984,6,30,309.5,398.2,77.7,96.2,0.66,381.3,0.2,0,,0,0
Pathanamthitta,1984,7,31,371.1,306.7,121.0,89.9,0.827,381.3,0.2,0,,0,0
Pathanamthitta,1984,8,31,105.0,256.7,40.9,30.6,0.92,381.3,0.2,0,,0,0
Pathanamthitta,1984,9,30,82.6,236.0,35.0,53.5,0.824,381.3,0.2,0,,0,0
Pathanamthitta,1985,6,30,639.6,398.2,160.7,186.6,0.753,381.3,0.1,0,,0,0
Pathanamthitta,1985,7,31,202.1,306.7,65.9,78.2,0.983,381.3,0.1,0,,0,0
Pathanamthitta,1985,8,31,139.8,256.7,54.5,52.8,0.929,381.3,0.1,0,,0,0
Pathanamthitta,1985,9,30,93.1,236.0,39.4,53.9,0.871,381.3,0.1,0,,0,0
Pathanamthitta,1986,6,30,244.7,398.2,61.5,110.5,0.64,381.3,0.0,0,,0,0
Pathanamthitta,1986,7,31,92.6,306.7,30.2,48.0,0.736,381.3,0.0,0,,0,0
Pathanamthitta,1986,8,31,302.7,256.7,117.9,185.2,0.739,381.3,0.0,0,,0,0
Pathanamthitta,1986,9,30,142.5,236.0,60.4,58.0,0.819,381.3,0.0,0,,0,0
Pathanamthitta,1987,6,30,293.7,398.2,73.8,78.9,0.619,381.3,0.0,0,,0,0
Pathanamthitta,1987,7,31,71.2,306.7,23.2,21.8,0.774,381.3,0.0,0,,0,0
Pathanamthitta,1987,8,31,471.9,256.7,183.8,161.4,0.696,381.3,0.0,0,,0,0
Pathanamthitta,1987,9,30,133.1,236.0,56.4,68.6,0.949,381.3,0.0,0,,0,0
Pathanamthitta,1988,6,30,505.5,398.2,127.0,142.7,0.604,381.3,0.0,0,,0,0
Pathanamthitta,1988,7,31,377.3,306.7,123.0,90.3,0.906,381.3,0.0,0,,0,0
Pathanamthitta,1988,8,31,269.5,256.7,105.0,65.0,0.976,381.3,0.0,0,,0,0
Pathanamthitta,1988,9,30,612.2,236.0,259.4,188.9,0.954,381.3,0.0,0,,0,0
Pathanamthitta,1989,6,30,524.9,398.2,131.8,114.1,0.693,381.3,0.0,0,,0,0
Pathanamthitta,1989,7,31,319.4,306.7,104.1,139.2,0.966,381.3,0.0,1,,0,1
Pathanamthitta,1989,8,31,136.0,256.7,53.0,45.1,0.98,381.3,0.0,0,,0,0
Pathanamthitta,1989,9,30,254.5,236.0,107.8,101.7,0.907,381.3,0.0,0,,0,0
Pathanamthitta,1990,6,30,184.6,398.2,46.4,73.5,0.75,381.3,0.1,0,,0,0
Pathanamthitta,1990,7,31,420.3,306.7,137.0,157.8,0.769,381.3,0.1,0,,0,0
Pathanamthitta,1990,8,31,87.4,256.7,34.0,43.0,0.91,381.3,0.1,0,,0,0
Pathanamthitta,1990,9,30,43.6,236.0,18.5,13.2,0.801,381.3,0.1,0,,0,0
Pathanamthitta,1991,6,30,1165.3,398.2,292.7,403.3,0.497,381.3,0.1,1,22.0,1,1
Pathanamthitta,1991,7,31,335.2,306.7,109.3,132.1,0.991,381.3,0.1,0,,0,0
Pathanamthitta,1991,8,31,329.0,256.7,128.2,97.7,0.953,381.3,0.1,0,,0,0
Pathanamthitta,1991,9,30,30.5,236.0,12.9,17.3,0.953,381.3,0.1,0,,0,0
Pathanamthitta,1992,6,30,550.8,398.2,138.3,261.5,0.624,381.3,0.2,1,7.0,1,1
Pathanamthitta,1992,7,31,286.7,306.7,93.5,83.3,0.926,381.3,0.2,1,55.0,1,1
Pathanamthitta,1992,8,31,217.9,256.7,84.9,62.6,0.941,381.3,0.2,0,,0,0
Pathanamthitta,1992,9,30,250.3,236.0,106.0,87.1,0.903,381.3,0.2,0,,0,0
Pathanamthitta,1993,6,30,454.3,398.2,114.1,175.6,0.616,381.3,0.3,0,,0,0
Pathanamthitta,1993,7,31,405.5,306.7,132.2,86.8,0.871,381.3,0.3,0,,0,0
Pathanamthitta,1993,8,31,63.9,256.7,24.9,16.1,0.973,381.3,0.3,0,,0,0
Pathanamthitta,1993,9,30,44.5,236.0,18.9,15.3,0.831,381.3,0.3,0,,0,0
Pathanamthitta,1994,6,30,370.4,398.2,93.0,122.8,0.65,381.3,0.3,1,30.0,1,1
Pathanamthitta,1994,7,31,422.3,306.7,137.7,128.5,0.87,381.3,0.3,1,,0,1
Pathanamthitta,1994,8,31,383.0,256.7,149.2,208.7,0.957,381.3,0.3,1,,0,1
Pathanamthitta,1994,9,30,163.2,236.0,69.1,71.4,0.949,381.3,0.3,0,,0,0
Pathanamthitta,1995,6,30,328.9,398.2,82.6,113.2,0.797,381.3,0.4,0,,0,0
Pathanamthitta,1995,7,31,289.4,306.7,94.4,71.9,0.901,381.3,0.4,0,,0,0
Pathanamthitta,1995,8,31,256.9,256.7,100.1,83.0,0.946,381.3,0.4,0,,0,0
Pathanamthitta,1995,9,30,178.1,236.0,75.5,60.8,0.933,381.3,0.4,0,,0,0
Pathanamthitta,1996,6,30,408.1,398.2,102.5,148.5,0.514,381.3,0.4,1,24.0,1,1
Pathanamthitta,1996,7,31,452.4,306.7,147.5,102.5,0.859,381.3,0.4,1,,0,1
Pathanamthitta,1996,8,31,189.2,256.7,73.7,48.2,0.983,381.3,0.4,0,,0,0
Pathanamthitta,1996,9,30,272.0,236.0,115.2,135.0,0.949,381.3,0.4,0,,0,0
Pathanamthitta,1997,6,30,522.5,398.2,131.2,215.3,0.569,381.3,0.5,0,,0,0
Pathanamthitta,1997,7,31,537.9,306.7,175.4,137.9,0.804,381.3,0.5,0,,0,0
Pathanamthitta,1997,8,31,356.1,256.7,138.7,113.2,0.996,381.3,0.5,0,,0,0
Pathanamthitta,1997,9,30,426.2,236.0,180.6,101.6,0.97,381.3,0.5,0,,0,0
Pathanamthitta,1998,6,30,374.1,398.2,94.0,126.6,0.654,381.3,0.5,0,,0,0
Pathanamthitta,1998,7,31,169.5,306.7,55.3,56.6,0.841,381.3,0.5,1,5.0,1,1
Pathanamthitta,1998,8,31,283.4,256.7,110.4,127.3,0.876,381.3,0.5,0,,0,0
Pathanamthitta,1998,9,30,513.8,236.0,217.7,133.7,0.914,381.3,0.5,0,,0,0
Pathanamthitta,1999,6,30,419.5,398.2,105.3,195.0,0.826,381.3,0.6,2,32.0,1,1
Pathanamthitta,1999,7,31,195.1,306.7,63.6,62.5,0.929,381.3,0.6,1,19.0,1,1
Pathanamthitta,1999,8,31,90.4,256.7,35.2,33.0,0.914,381.3,0.6,0,,0,0
Pathanamthitta,1999,9,30,35.9,236.0,15.2,13.7,0.833,381.3,0.6,0,,0,0
Pathanamthitta,2000,6,30,308.0,398.2,77.4,139.1,0.59,381.3,0.6,0,,0,0
Pathanamthitta,2000,7,31,71.6,306.7,23.4,18.9,0.763,381.3,0.6,1,63.0,1,1
Pathanamthitta,2000,8,31,408.3,256.7,159.1,200.3,0.677,381.3,0.6,1,37.0,1,1
Pathanamthitta,2000,9,30,122.8,236.0,52.0,58.7,0.921,381.3,0.6,0,,0,0
Pathanamthitta,2001,6,30,543.3,398.2,136.5,129.2,0.754,381.3,0.7,0,,0,0
Pathanamthitta,2001,7,31,348.2,306.7,113.5,195.1,0.98,381.3,0.7,0,,0,0
Pathanamthitta,2001,8,31,138.9,256.7,54.1,41.2,0.919,381.3,0.7,0,,0,0
Pathanamthitta,2001,9,30,363.5,236.0,154.0,129.6,0.879,381.3,0.7,0,,0,0
Pathanamthitta,2002,6,30,301.7,398.2,75.8,171.1,0.747,381.3,0.6,0,,0,0
Pathanamthitta,2002,7,31,137.1,306.7,44.7,67.2,0.866,381.3,0.6,0,,0,0
Pathanamthitta,2002,8,31,383.4,256.7,149.4,222.7,0.773,381.3,0.6,0,,0,0
Pathanamthitta,2002,9,30,112.6,236.0,47.7,53.6,0.904,381.3,0.6,0,,0,0
Pathanamthitta,2003,6,30,374.7,398.2,94.1,148.8,0.681,381.3,0.5,0,,0,0
Pathanamthitta,2003,7,31,281.9,306.7,91.9,88.0,0.9,381.3,0.5,0,,0,0
Pathanamthitta,2003,8,31,249.4,256.7,97.1,98.4,0.937,381.3,0.5,0,,0,0
Pathanamthitta,2003,9,30,44.6,236.0,18.9,14.8,0.946,381.3,0.5,0,,0,0
Pathanamthitta,2004,6,30,346.0,398.2,86.9,121.4,0.981,381.3,0.5,0,,0,0
Pathanamthitta,2004,7,31,281.1,306.7,91.6,121.8,0.941,381.3,0.5,0,,0,0
Pathanamthitta,2004,8,31,204.5,256.7,79.7,100.2,0.947,381.3,0.5,0,,0,0
Pathanamthitta,2004,9,30,284.7,236.0,120.6,85.6,0.9,381.3,0.5,0,,0,0
Pathanamthitta,2005,6,30,487.9,398.2,122.5,141.8,0.714,381.3,0.4,0,,0,0
Pathanamthitta,2005,7,31,383.8,306.7,125.1,110.0,0.966,381.3,0.4,0,,0,0
Pathanamthitta,2005,8,31,143.3,256.7,55.8,72.4,0.977,381.3,0.4,0,,0,0
Pathanamthitta,2005,9,30,325.9,236.0,138.1,160.4,0.889,381.3,0.4,0,,0,0
Pathanamthitta,2006,6,30,398.5,398.2,100.1,213.8,0.817,381.3,0.4,0,,0,0
Pathanamthitta,2006,7,31,330.4,306.7,107.7,155.1,0.983,381.3,0.4,0,,0,0
Pathanamthitta,2006,8,31,321.5,256.7,125.2,138.6,0.939,381.3,0.4,0,,0,0
Pathanamthitta,2006,9,30,482.2,236.0,204.3,135.2,0.941,381.3,0.4,1,2.0,1,1
Pathanamthitta,2007,6,30,441.3,398.2,110.8,149.5,0.65,381.3,0.4,1,77.0,1,1
Pathanamthitta,2007,7,31,545.3,306.7,177.8,111.4,0.934,381.3,0.4,1,30.0,1,1
Pathanamthitta,2007,8,31,243.5,256.7,94.9,73.6,0.996,381.3,0.4,0,,0,0
Pathanamthitta,2007,9,30,452.1,236.0,191.5,107.0,0.943,381.3,0.4,0,,0,0
Pathanamthitta,2008,6,30,225.2,398.2,56.6,55.0,0.669,381.3,0.5,0,,0,0
Pathanamthitta,2008,7,31,332.8,306.7,108.5,82.1,0.787,381.3,0.5,1,1.0,1,1
Pathanamthitta,2008,8,31,233.1,256.7,90.8,110.3,0.911,381.3,0.5,0,,0,0
Pathanamthitta,2008,9,30,279.9,236.0,118.6,101.0,0.9,381.3,0.5,1,1.0,1,1
Pathanamthitta,2009,6,30,378.8,398.2,95.2,91.7,0.781,381.3,0.5,0,,0,0
Pathanamthitta,2009,7,31,391.6,306.7,127.7,114.2,0.906,381.3,0.5,1,33.0,1,1
Pathanamthitta,2009,8,31,132.0,256.7,51.4,31.0,0.957,381.3,0.5,0,,0,0
Pathanamthitta,2009,9,30,254.7,236.0,107.9,61.2,0.903,381.3,0.5,0,,0,0
Pathanamthitta,2010,6,30,376.2,398.2,94.5,85.9,0.689,381.3,0.5,1,,0,1
Pathanamthitta,2010,7,31,340.6,306.7,111.1,98.4,0.884,381.3,0.5,0,,0,0
Pathanamthitta,2010,8,31,186.1,256.7,72.5,45.2,0.959,381.3,0.5,0,,0,0
Pathanamthitta,2010,9,30,264.3,236.0,112.0,118.4,0.921,381.3,0.5,0,,0,0
Pathanamthitta,2011,6,30,316.4,398.2,79.5,133.2,0.62,381.3,0.5,2,5.0,1,1
Pathanamthitta,2011,7,31,222.9,306.7,72.7,50.0,0.821,381.3,0.5,0,,0,0
Pathanamthitta,2011,8,31,242.9,256.7,94.6,75.7,0.851,381.3,0.5,1,1.0,1,1
Pathanamthitta,2011,9,30,218.8,236.0,92.7,61.1,0.853,381.3,0.5,0,,0,0
Pathanamthitta,2012,6,30,186.5,398.2,46.8,55.7,0.667,381.3,0.6,0,,0,0
Pathanamthitta,2012,7,31,160.7,306.7,52.4,63.4,0.717,381.3,0.6,0,,0,0
Pathanamthitta,2012,8,31,255.2,256.7,99.4,52.7,0.747,381.3,0.6,0,,0,0
Pathanamthitta,2012,9,30,141.5,236.0,59.9,61.5,0.811,381.3,0.6,0,,0,0
Pathanamthitta,2013,6,30,640.7,398.2,160.9,122.7,0.611,381.3,0.6,1,2.0,1,1
Pathanamthitta,2013,7,31,403.2,306.7,131.4,109.8,0.977,381.3,0.6,1,1.0,1,1
Pathanamthitta,2013,8,31,231.9,256.7,90.3,115.9,0.981,381.3,0.6,0,,0,0
Pathanamthitta,2013,9,30,172.8,236.0,73.2,46.6,0.917,381.3,0.6,0,,0,0
Pathanamthitta,2014,6,30,204.0,398.2,51.2,59.0,0.713,381.3,0.7,0,,0,0
Pathanamthitta,2014,7,31,270.6,306.7,88.2,73.9,0.753,381.3,0.7,0,,0,0
Pathanamthitta,2014,8,31,498.9,256.7,194.3,110.7,0.83,381.3,0.7,2,4.0,1,1
Pathanamthitta,2014,9,30,195.2,236.0,82.7,75.9,0.974,381.3,0.7,0,,0,0
Pathanamthitta,2015,6,30,318.4,398.2,80.0,80.6,0.739,381.3,0.8,1,11.0,1,1
Pathanamthitta,2015,7,31,145.9,306.7,47.6,40.3,0.859,381.3,0.8,0,,0,0
Pathanamthitta,2015,8,31,133.7,256.7,52.1,34.6,0.853,381.3,0.8,0,,0,0
Pathanamthitta,2015,9,30,236.0,236.0,100.0,59.5,0.814,381.3,0.8,1,,0,1
Pathanamthitta,2016,6,30,324.8,398.2,81.6,109.7,0.687,381.3,0.9,1,2.0,1,1
Pathanamthitta,2016,7,31,269.7,306.7,87.9,56.9,0.849,381.3,0.9,0,,0,0
Pathanamthitta,2016,8,31,132.0,256.7,51.4,25.8,0.916,381.3,0.9,0,,0,0
Pathanamthitta,2016,9,30,42.8,236.0,18.1,13.5,0.843,381.3,0.9,0,,0,0
Pathanamthitta,2017,6,30,333.8,398.2,83.8,99.1,0.679,381.3,0.9,0,,0,0
Pathanamthitta,2017,7,31,166.4,306.7,54.2,31.8,0.86,381.3,0.9,0,,0,0
Pathanamthitta,2017,8,31,273.4,256.7,106.5,40.4,0.836,381.3,0.9,1,1.0,1,1
Pathanamthitta,2017,9,30,337.9,236.0,143.2,93.5,0.906,381.3,0.9,0,,0,0
Pathanamthitta,2018,6,30,337.4,398.2,84.7,64.4,0.706,381.3,0.9,1,138.0,1,1
Pathanamthitta,2018,7,31,432.0,306.7,140.9,110.3,0.86,381.3,0.9,1,138.0,1,1
Pathanamthitta,2018,8,31,392.8,256.7,153.0,160.4,0.953,381.3,0.9,1,339.0,1,1
Pathanamthitta,2018,9,30,129.7,236.0,54.9,57.0,0.954,381.3,0.9,0,,0,0
Pathanamthitta,2019,6,30,225.4,398.2,56.6,77.4,0.553,381.3,0.9,0,,0,0
Pathanamthitta,2019,7,31,249.8,306.7,81.4,109.3,0.716,381.3,0.9,1,12.0,1,1
Pathanamthitta,2019,8,31,465.0,256.7,181.1,142.2,0.804,381.3,0.9,1,8.0,1,1
Pathanamthitta,2019,9,30,324.1,236.0,137.3,66.1,0.957,381.3,0.9,0,,0,0
Pathanamthitta,2020,6,30,281.7,398.2,70.8,52.8,0.711,381.3,0.9,0,,0,0
Pathanamthitta,2020,7,31,342.2,306.7,111.5,115.1,0.82,381.3,0.9,0,,0,0
Pathanamthitta,2020,8,31,261.2,256.7,101.7,128.2,0.921,381.3,0.9,2,,0,1
Pathanamthitta,2020,9,30,380.6,236.0,161.2,91.7,0.911,381.3,0.9,0,,0,0
Pathanamthitta,2021,6,30,239.6,398.2,60.2,68.7,0.956,381.3,0.9,0,,0,0
Pathanamthitta,2021,7,31,294.7,306.7,96.1,73.6,0.946,381.3,0.9,0,,0,0
Pathanamthitta,2021,8,31,288.0,256.7,112.2,78.6,0.95,381.3,0.9,0,,0,0
Pathanamthitta,2021,9,30,270.6,236.0,114.6,63.1,0.95,381.3,0.9,0,,0,0
Pathanamthitta,2022,6,30,228.9,398.2,57.5,39.5,0.816,381.3,0.8,0,,0,0
Pathanamthitta,2022,7,31,336.9,306.7,109.8,68.6,0.859,381.3,0.8,1,4.0,1,1
Pathanamthitta,2022,8,31,365.8,256.7,142.5,113.3,0.933,381.3,0.8,2,4.0,1,1
Pathanamthitta,2022,9,30,129.2,236.0,54.8,43.9,0.944,381.3,0.8,0,,0,0
Pathanamthitta,2023,6,30,196.4,398.2,49.3,37.2,0.641,381.3,0.9,1,,0,1
Pathanamthitta,2023,7,31,278.8,306.7,90.9,112.5,0.711,381.3,0.9,1,,0,1
Pathanamthitta,2023,8,31,95.0,256.7,37.0,34.8,0.827,381.3,0.9,0,,0,0
Pathanamthitta,2023,9,30,366.0,236.0,155.1,94.0,0.709,381.3,0.9,0,,0,0
Kollam,1981,6,30,659.4,348.7,189.1,205.9,0.634,132.0,0.3,2,39.0,1,1
Kollam,1981,7,31,255.1,248.9,102.5,81.8,0.923,132.0,0.3,0,,0,0
Kollam,1981,8,31,276.9,208.7,132.7,131.6,0.917,132.0,0.3,0,,0,0
Kollam,1981,9,30,520.0,214.0,243.0,197.6,0.907,132.0,0.3,0,,0,0
Kollam,1982,6,30,714.1,348.7,204.8,171.3,0.786,132.0,0.4,0,,0,0
Kollam,1982,7,31,321.1,248.9,129.0,98.3,0.973,132.0,0.4,0,,0,0
Kollam,1982,8,31,244.8,208.7,117.3,49.4,0.934,132.0,0.4,0,,0,0
Kollam,1982,9,30,32.0,214.0,14.9,12.2,0.907,132.0,0.4,0,,0,0
Kollam,1983,6,30,159.3,348.7,45.7,130.3,0.496,132.0,0.4,0,,0,0
Kollam,1983,7,31,159.6,248.9,64.1,88.9,0.576,132.0,0.4,0,,0,0
Kollam,1983,8,31,158.2,208.7,75.8,48.6,0.654,132.0,0.4,0,,0,0
Kollam,1983,9,30,229.7,214.0,107.4,87.4,0.676,132.0,0.4,0,,0,0
Kollam,1984,6,30,246.3,348.7,70.6,80.5,0.673,132.0,0.4,0,,0,0
Kollam,1984,7,31,248.3,248.9,99.8,58.4,0.781,132.0,0.4,0,,0,0
Kollam,1984,8,31,76.8,208.7,36.8,30.2,0.827,132.0,0.4,0,,0,0
Kollam,1984,9,30,57.0,214.0,26.6,36.3,0.707,132.0,0.4,0,,0,0
Kollam,1985,6,30,599.7,348.7,172.0,206.7,0.694,132.0,0.4,0,,0,0
Kollam,1985,7,31,164.2,248.9,66.0,61.0,0.937,132.0,0.4,0,,0,0
Kollam,1985,8,31,109.1,208.7,52.3,41.8,0.884,132.0,0.4,0,,0,0
Kollam,1985,9,30,80.8,214.0,37.8,50.6,0.794,132.0,0.4,0,,0,0
Kollam,1986,6,30,182.3,348.7,52.3,65.3,0.627,132.0,0.3,2,31.0,1,1
Kollam,1986,7,31,80.8,248.9,32.5,39.5,0.687,132.0,0.3,1,28.0,1,1
Kollam,1986,8,31,249.9,208.7,119.7,151.2,0.66,132.0,0.3,1,28.0,1,1
Kollam,1986,9,30,101.0,214.0,47.2,36.0,0.726,132.0,0.3,0,,0,0
Kollam,1987,6,30,230.7,348.7,66.1,60.8,0.62,132.0,0.4,0,,0,0
Kollam,1987,7,31,55.7,248.9,22.4,21.4,0.704,132.0,0.4,0,,0,0
Kollam,1987,8,31,424.1,208.7,203.2,141.0,0.609,132.0,0.4,0,,0,0
Kollam,1987,9,30,150.3,214.0,70.2,81.9,0.874,132.0,0.4,0,,0,0
Kollam,1988,6,30,530.8,348.7,152.2,170.1,0.546,132.0,0.4,0,,0,0
Kollam,1988,7,31,299.2,248.9,120.2,73.2,0.887,132.0,0.4,0,,0,0
Kollam,1988,8,31,181.4,208.7,86.9,42.4,0.93,132.0,0.4,0,,0,0
Kollam,1988,9,30,513.2,214.0,239.8,132.8,0.877,132.0,0.4,1,,0,1
Kollam,1989,6,30,465.6,348.7,133.5,106.7,0.627,132.0,0.4,0,,0,0
Kollam,1989,7,31,274.2,248.9,110.2,86.6,0.913,132.0,0.4,0,,0,0
Kollam,1989,8,31,119.5,208.7,57.3,38.5,0.934,132.0,0.4,0,,0,0
Kollam,1989,9,30,274.3,214.0,128.2,95.9,0.847,132.0,0.4,0,,0,0
Kollam,1990,6,30,169.9,348.7,48.7,55.4,0.693,132.0,0.4,0,,0,0
Kollam,1990,7,31,363.0,248.9,145.8,132.6,0.703,132.0,0.4,0,,0,0
Kollam,1990,8,31,70.4,208.7,33.7,35.8,0.84,132.0,0.4,0,,0,0
Kollam,1990,9,30,37.3,214.0,17.4,12.8,0.709,132.0,0.4,0,,0,0
Kollam,1991,6,30,1046.9,348.7,300.2,300.2,0.45,132.0,0.3,1,22.0,1,1
Kollam,1991,7,31,316.1,248.9,127.0,135.9,0.967,132.0,0.3,1,,0,1
Kollam,1991,8,31,247.7,208.7,118.7,74.7,0.93,132.0,0.3,0,,0,0
Kollam,1991,9,30,15.9,214.0,7.4,9.0,0.903,132.0,0.3,0,,0,0
Kollam,1992,6,30,540.2,348.7,154.9,265.8,0.564,132.0,0.3,1,7.0,1,1
Kollam,1992,7,31,250.8,248.9,100.8,81.8,0.889,132.0,0.3,3,65.0,1,1
Kollam,1992,8,31,163.3,208.7,78.2,41.9,0.887,132.0,0.3,2,4.0,1,1
Kollam,1992,9,30,181.6,214.0,84.8,53.2,0.827,132.0,0.3,0,,0,0
Kollam,1993,6,30,395.9,348.7,113.5,138.6,0.554,132.0,0.4,0,,0,0
Kollam,1993,7,31,347.2,248.9,139.5,106.2,0.814,132.0,0.4,2,1.0,1,1
Kollam,1993,8,31,54.0,208.7,25.9,15.2,0.911,132.0,0.4,0,,0,0
Kollam,1993,9,30,40.3,214.0,18.8,12.0,0.751,132.0,0.4,0,,0,0
Kollam,1994,6,30,317.4,348.7,91.0,101.3,0.586,132.0,0.5,1,30.0,1,1
Kollam,1994,7,31,351.4,248.9,141.2,103.9,0.82,132.0,0.5,1,,0,1
Kollam,1994,8,31,299.4,208.7,143.4,176.9,0.89,132.0,0.5,2,3.0,1,1
Kollam,1994,9,30,130.2,214.0,60.8,58.8,0.893,132.0,0.5,0,,0,0
Kollam,1995,6,30,255.9,348.7,73.4,82.3,0.774,132.0,0.6,1,2.0,1,1
Kollam,1995,7,31,208.0,248.9,83.6,47.5,0.837,132.0,0.6,0,,0,0
Kollam,1995,8,31,167.8,208.7,80.4,60.2,0.854,132.0,0.6,0,,0,0
Kollam,1995,9,30,122.7,214.0,57.3,34.4,0.809,132.0,0.6,0,,0,0
Kollam,1996,6,30,373.2,348.7,107.0,117.2,0.476,132.0,0.7,1,24.0,1,1
Kollam,1996,7,31,351.8,248.9,141.4,78.1,0.809,132.0,0.7,0,,0,0
Kollam,1996,8,31,162.0,208.7,77.6,48.4,0.921,132.0,0.7,0,,0,0
Kollam,1996,9,30,215.7,214.0,100.8,100.4,0.879,132.0,0.7,0,,0,0
Kollam,1997,6,30,464.3,348.7,133.1,173.3,0.529,132.0,0.7,0,,0,0
Kollam,1997,7,31,393.4,248.9,158.1,99.6,0.757,132.0,0.7,0,,0,0
Kollam,1997,8,31,254.6,208.7,122.0,75.3,0.949,132.0,0.7,0,,0,0
Kollam,1997,9,30,425.4,214.0,198.8,105.6,0.904,132.0,0.7,0,,0,0
Kollam,1998,6,30,334.1,348.7,95.8,101.6,0.656,132.0,0.7,0,,0,0
Kollam,1998,7,31,141.1,248.9,56.7,49.8,0.816,132.0,0.7,0,,0,0
Kollam,1998,8,31,246.8,208.7,118.2,127.3,0.816,132.0,0.7,0,,0,0
Kollam,1998,9,30,460.9,214.0,215.4,120.8,0.849,132.0,0.7,0,,0,0
Kollam,1999,6,30,408.5,348.7,117.2,191.8,0.797,132.0,0.6,1,18.0,1,1
Kollam,1999,7,31,171.3,248.9,68.8,54.9,0.899,132.0,0.6,1,19.0,1,1
Kollam,1999,8,31,81.1,208.7,38.8,24.5,0.867,132.0,0.6,0,,0,0
Kollam,1999,9,30,35.6,214.0,16.6,17.9,0.769,132.0,0.6,0,,0,0
Kollam,2000,6,30,277.7,348.7,79.6,117.6,0.521,132.0,0.7,0,,0,0
Kollam,2000,7,31,63.8,248.9,25.6,23.0,0.699,132.0,0.7,1,63.0,1,1
Kollam,2000,8,31,379.3,208.7,181.7,169.2,0.609,132.0,0.7,1,37.0,1,1
Kollam,2000,9,30,127.9,214.0,59.7,55.7,0.867,132.0,0.7,0,,0,0
Kollam,2001,6,30,419.1,348.7,120.2,102.8,0.727,132.0,0.8,1,5.0,1,1
Kollam,2001,7,31,340.0,248.9,136.6,178.7,0.914,132.0,0.8,1,22.0,1,1
Kollam,2001,8,31,160.7,208.7,77.0,70.0,0.884,132.0,0.8,0,,0,0
Kollam,2001,9,30,431.0,214.0,201.4,169.6,0.85,132.0,0.8,0,,0,0
Kollam,2002,6,30,229.8,348.7,65.9,133.5,0.709,132.0,0.8,1,2.0,1,1
Kollam,2002,7,31,98.9,248.9,39.7,38.3,0.789,132.0,0.8,0,,0,0
Kollam,2002,8,31,245.7,208.7,117.7,141.0,0.661,132.0,0.8,0,,0,0
Kollam,2002,9,30,69.7,214.0,32.6,28.3,0.77,132.0,0.8,0,,0,0
Kollam,2003,6,30,310.7,348.7,89.1,111.2,0.59,132.0,0.8,0,,0,0
Kollam,2003,7,31,209.9,248.9,84.3,70.8,0.814,132.0,0.8,0,,0,0
Kollam,2003,8,31,180.6,208.7,86.5,74.5,0.837,132.0,0.8,0,,0,0
Kollam,2003,9,30,28.9,214.0,13.5,7.9,0.839,132.0,0.8,0,,0,0
Kollam,2004,6,30,312.6,348.7,89.6,95.6,0.931,132.0,0.7,1,25.0,1,1
Kollam,2004,7,31,277.8,248.9,111.6,98.5,0.903,132.0,0.7,0,,0,0
Kollam,2004,8,31,168.4,208.7,80.7,85.2,0.914,132.0,0.7,1,31.0,1,1
Kollam,2004,9,30,310.5,214.0,145.1,103.1,0.846,132.0,0.7,0,,0,0
Kollam,2005,6,30,393.7,348.7,112.9,93.6,0.683,132.0,0.7,2,9.0,1,1
Kollam,2005,7,31,322.9,248.9,129.7,94.1,0.91,132.0,0.7,2,33.0,1,1
Kollam,2005,8,31,95.3,208.7,45.7,46.0,0.919,132.0,0.7,0,,0,0
Kollam,2005,9,30,275.8,214.0,128.9,130.0,0.811,132.0,0.7,0,,0,0
Kollam,2006,6,30,304.9,348.7,87.4,184.3,0.737,132.0,0.7,1,10.0,1,1
Kollam,2006,7,31,256.1,248.9,102.9,97.3,0.91,132.0,0.7,0,,0,0
Kollam,2006,8,31,221.8,208.7,106.3,88.2,0.879,132.0,0.7,0,,0,0
Kollam,2006,9,30,461.8,214.0,215.8,137.2,0.869,132.0,0.7,1,2.0,1,1
Kollam,2007,6,30,416.3,348.7,119.4,160.7,0.644,132.0,0.7,0,,0,0
Kollam,2007,7,31,462.9,248.9,186.0,96.2,0.919,132.0,0.7,1,1.0,1,1
Kollam,2007,8,31,210.2,208.7,100.7,55.6,0.961,132.0,0.7,0,,0,0
Kollam,2007,9,30,375.0,214.0,175.2,91.3,0.899,132.0,0.7,0,,0,0
Kollam,2008,6,30,176.3,348.7,50.5,49.1,0.669,132.0,0.8,0,,0,0
Kollam,2008,7,31,308.4,248.9,123.9,92.6,0.743,132.0,0.8,1,1.0,1,1
Kollam,2008,8,31,219.2,208.7,105.0,129.7,0.859,132.0,0.8,0,,0,0
Kollam,2008,9,30,229.9,214.0,107.4,82.4,0.827,132.0,0.8,0,,0,0
Kollam,2009,6,30,307.6,348.7,88.2,75.9,0.723,132.0,0.9,0,,0,0
Kollam,2009,7,31,306.5,248.9,123.2,95.9,0.831,132.0,0.9,1,33.0,1,1
Kollam,2009,8,31,115.7,208.7,55.4,40.7,0.887,132.0,0.9,0,,0,0
Kollam,2009,9,30,232.4,214.0,108.6,51.3,0.826,132.0,0.9,0,,0,0
Kollam,2010,6,30,299.8,348.7,86.0,78.6,0.654,132.0,0.9,0,,0,0
Kollam,2010,7,31,278.8,248.9,112.0,106.1,0.814,132.0,0.9,0,,0,0
Kollam,2010,8,31,146.3,208.7,70.1,33.9,0.879,132.0,0.9,0,,0,0
Kollam,2010,9,30,206.5,214.0,96.5,73.6,0.829,132.0,0.9,0,,0,0
Kollam,2011,6,30,267.9,348.7,76.8,124.5,0.553,132.0,0.8,1,1.0,1,1
Kollam,2011,7,31,158.3,248.9,63.6,34.5,0.729,132.0,0.8,0,,0,0
Kollam,2011,8,31,173.6,208.7,83.2,65.7,0.731,132.0,0.8,0,,0,0
Kollam,2011,9,30,163.9,214.0,76.6,43.2,0.697,132.0,0.8,0,,0,0
Kollam,2012,6,30,143.0,348.7,41.0,41.3,0.604,132.0,0.8,0,,0,0
Kollam,2012,7,31,151.9,248.9,61.0,62.2,0.633,132.0,0.8,0,,0,0
Kollam,2012,8,31,209.5,208.7,100.3,55.2,0.671,132.0,0.8,0,,0,0
Kollam,2012,9,30,113.1,214.0,52.9,53.0,0.71,132.0,0.8,0,,0,0
Kollam,2013,6,30,552.2,348.7,158.3,98.2,0.567,132.0,0.7,1,2.0,1,1
Kollam,2013,7,31,324.0,248.9,130.2,78.9,0.93,132.0,0.7,1,1.0,1,1
Kollam,2013,8,31,183.0,208.7,87.7,96.3,0.941,132.0,0.7,0,,0,0
Kollam,2013,9,30,173.7,214.0,81.2,42.0,0.86,132.0,0.7,0,,0,0
Kollam,2014,6,30,166.1,348.7,47.6,49.2,0.691,132.0,0.8,0,,0,0
Kollam,2014,7,31,201.5,248.9,81.0,48.7,0.703,132.0,0.8,0,,0,0
Kollam,2014,8,31,468.4,208.7,224.4,155.6,0.731,132.0,0.8,0,,0,0
Kollam,2014,9,30,188.8,214.0,88.2,85.1,0.923,132.0,0.8,0,,0,0
Kollam,2015,6,30,321.6,348.7,92.2,102.9,0.803,132.0,0.7,1,1.0,1,1
Kollam,2015,7,31,99.8,248.9,40.1,35.2,0.889,132.0,0.7,0,,0,0
Kollam,2015,8,31,93.2,208.7,44.7,23.1,0.837,132.0,0.7,0,,0,0
Kollam,2015,9,30,232.4,214.0,108.6,45.5,0.753,132.0,0.7,0,,0,0
Kollam,2016,6,30,326.7,348.7,93.7,119.3,0.707,132.0,0.7,2,2.0,1,1
Kollam,2016,7,31,178.0,248.9,71.5,38.6,0.856,132.0,0.7,0,,0,0
Kollam,2016,8,31,89.3,208.7,42.8,22.1,0.851,132.0,0.7,0,,0,0
Kollam,2016,9,30,31.2,214.0,14.6,9.7,0.743,132.0,0.7,0,,0,0
Kollam,2017,6,30,313.9,348.7,90.0,107.8,0.626,132.0,0.7,0,,0,0
Kollam,2017,7,31,107.2,248.9,43.1,21.1,0.804,132.0,0.7,0,,0,0
Kollam,2017,8,31,187.0,208.7,89.6,36.3,0.749,132.0,0.7,0,,0,0
Kollam,2017,9,30,313.6,214.0,146.5,90.1,0.774,132.0,0.7,0,,0,0
Kollam,2018,6,30,314.4,348.7,90.2,56.0,0.631,132.0,0.6,1,138.0,1,1
Kollam,2018,7,31,361.0,248.9,145.0,87.4,0.813,132.0,0.6,1,138.0,1,1
Kollam,2018,8,31,402.7,208.7,192.9,166.5,0.894,132.0,0.6,1,339.0,1,1
Kollam,2018,9,30,121.9,214.0,56.9,51.3,0.917,132.0,0.6,0,,0,0
Kollam,2019,6,30,214.1,348.7,61.4,77.7,0.534,132.0,0.6,0,,0,0
Kollam,2019,7,31,187.4,248.9,75.3,94.1,0.689,132.0,0.6,1,12.0,1,1
Kollam,2019,8,31,418.0,208.7,200.2,128.6,0.729,132.0,0.6,2,10.0,1,1
Kollam,2019,9,30,285.7,214.0,133.5,79.6,0.891,132.0,0.6,0,,0,0
Kollam,2020,6,30,257.1,348.7,73.7,64.3,0.736,132.0,0.6,0,,0,0
Kollam,2020,7,31,240.4,248.9,96.6,84.6,0.821,132.0,0.6,0,,0,0
Kollam,2020,8,31,217.9,208.7,104.4,110.9,0.857,132.0,0.6,1,2.0,1,1
Kollam,2020,9,30,418.4,214.0,195.5,136.8,0.846,132.0,0.6,1,1.0,1,1
Kollam,2021,6,30,172.8,348.7,49.5,56.0,0.957,132.0,0.7,0,,0,0
Kollam,2021,7,31,243.7,248.9,97.9,67.7,0.901,132.0,0.7,0,,0,0
Kollam,2021,8,31,223.8,208.7,107.2,67.6,0.897,132.0,0.7,0,,0,0
Kollam,2021,9,30,238.3,214.0,111.4,78.8,0.87,132.0,0.7,0,,0,0
Kollam,2022,6,30,173.0,348.7,49.6,37.4,0.777,132.0,0.6,0,,0,0
Kollam,2022,7,31,233.1,248.9,93.7,61.1,0.78,132.0,0.6,1,4.0,1,1
Kollam,2022,8,31,285.2,208.7,136.6,117.8,0.814,132.0,0.6,2,1.0,1,1
Kollam,2022,9,30,99.0,214.0,46.2,36.3,0.843,132.0,0.6,0,,0,0
Kollam,2023,6,30,150.0,348.7,43.0,35.0,0.606,132.0,0.7,0,,0,0
Kollam,2023,7,31,214.5,248.9,86.2,91.0,0.641,132.0,0.7,0,,0,0
Kollam,2023,8,31,55.2,208.7,26.4,30.0,0.729,132.0,0.7,0,,0,0
Kollam,2023,9,30,343.3,214.0,160.4,90.2,0.584,132.0,0.7,0,,0,0
Thiruvananthapuram,1981,6,30,504.1,294.6,171.1,163.1,0.516,166.7,0.4,0,,0,0
Thiruvananthapuram,1981,7,31,187.8,197.3,95.2,49.5,0.777,166.7,0.4,0,,0,0
Thiruvananthapuram,1981,8,31,194.4,161.6,120.3,86.8,0.737,166.7,0.4,0,,0,0
Thiruvananthapuram,1981,9,30,512.2,187.0,273.9,220.0,0.71,166.7,0.4,0,,0,0
Thiruvananthapuram,1982,6,30,623.1,294.6,211.5,144.8,0.61,166.7,0.4,0,,0,0
Thiruvananthapuram,1982,7,31,217.8,197.3,110.4,56.6,0.883,166.7,0.4,0,,0,0
Thiruvananthapuram,1982,8,31,154.2,161.6,95.4,31.9,0.803,166.7,0.4,0,,0,0
Thiruvananthapuram,1982,9,30,26.1,187.0,13.9,9.7,0.747,166.7,0.4,0,,0,0
Thiruvananthapuram,1983,6,30,149.6,294.6,50.8,130.3,0.324,166.7,0.4,0,,0,0
Thiruvananthapuram,1983,7,31,134.1,197.3,68.0,69.7,0.403,166.7,0.4,0,,0,0
Thiruvananthapuram,1983,8,31,135.5,161.6,83.9,45.1,0.466,166.7,0.4,0,,0,0
Thiruvananthapuram,1983,9,30,188.9,187.0,101.0,63.0,0.476,166.7,0.4,0,,0,0
Thiruvananthapuram,1984,6,30,193.4,294.6,65.6,64.2,0.54,166.7,0.4,0,,0,0
Thiruvananthapuram,1984,7,31,153.1,197.3,77.6,37.6,0.591,166.7,0.4,0,,0,0
Thiruvananthapuram,1984,8,31,57.4,161.6,35.5,26.9,0.576,166.7,0.4,0,,0,0
Thiruvananthapuram,1984,9,30,43.6,187.0,23.3,22.1,0.471,166.7,0.4,0,,0,0
Thiruvananthapuram,1985,6,30,527.5,294.6,179.0,202.8,0.499,166.7,0.4,0,,0,0
Thiruvananthapuram,1985,7,31,128.3,197.3,65.0,41.1,0.757,166.7,0.4,1,,0,1
Thiruvananthapuram,1985,8,31,93.5,161.6,57.9,34.1,0.743,166.7,0.4,0,,0,0
Thiruvananthapuram,1985,9,30,79.5,187.0,42.5,46.7,0.614,166.7,0.4,0,,0,0
Thiruvananthapuram,1986,6,30,138.0,294.6,46.8,36.7,0.47,166.7,0.4,1,1.0,1,1
Thiruvananthapuram,1986,7,31,74.5,197.3,37.8,34.0,0.501,166.7,0.4,0,,0,0
Thiruvananthapuram,1986,8,31,199.0,161.6,123.1,119.4,0.46,166.7,0.4,0,,0,0
Thiruvananthapuram,1986,9,30,73.8,187.0,39.5,19.3,0.506,166.7,0.4,0,,0,0
Thiruvananthapuram,1987,6,30,178.3,294.6,60.5,53.1,0.473,166.7,0.4,0,,0,0
Thiruvananthapuram,1987,7,31,48.5,197.3,24.6,22.0,0.49,166.7,0.4,0,,0,0
Thiruvananthapuram,1987,8,31,364.3,161.6,225.4,134.3,0.409,166.7,0.4,0,,0,0
Thiruvananthapuram,1987,9,30,151.9,187.0,81.2,81.8,0.646,166.7,0.4,0,,0,0
Thiruvananthapuram,1988,6,30,525.6,294.6,178.4,176.4,0.376,166.7,0.4,0,,0,0
Thiruvananthapuram,1988,7,31,236.9,197.3,120.1,63.8,0.736,166.7,0.4,0,,0,0
Thiruvananthapuram,1988,8,31,118.4,161.6,73.3,35.0,0.771,166.7,0.4,0,,0,0
Thiruvananthapuram,1988,9,30,399.7,187.0,213.8,93.1,0.673,166.7,0.4,0,,0,0
Thiruvananthapuram,1989,6,30,395.9,294.6,134.4,92.9,0.417,166.7,0.3,0,,0,0
Thiruvananthapuram,1989,7,31,236.1,197.3,119.7,75.7,0.704,166.7,0.3,1,,0,1
Thiruvananthapuram,1989,8,31,106.5,161.6,65.9,29.7,0.754,166.7,0.3,0,,0,0
Thiruvananthapuram,1989,9,30,278.5,187.0,148.9,82.2,0.644,166.7,0.3,0,,0,0
Thiruvananthapuram,1990,6,30,158.9,294.6,53.9,39.7,0.487,166.7,0.4,0,,0,0
Thiruvananthapuram,1990,7,31,303.0,197.3,153.6,108.0,0.497,166.7,0.4,0,,0,0
Thiruvananthapuram,1990,8,31,64.3,161.6,39.8,28.9,0.629,166.7,0.4,0,,0,0
Thiruvananthapuram,1990,9,30,34.1,187.0,18.2,12.5,0.5,166.7,0.4,0,,0,0
Thiruvananthapuram,1991,6,30,886.1,294.6,300.7,208.4,0.26,166.7,0.3,2,22.0,1,1
Thiruvananthapuram,1991,7,31,298.7,197.3,151.4,130.5,0.866,166.7,0.3,1,,0,1
Thiruvananthapuram,1991,8,31,176.9,161.6,109.5,61.4,0.836,166.7,0.3,0,,0,0
Thiruvananthapuram,1991,9,30,8.7,187.0,4.7,2.9,0.76,166.7,0.3,0,,0,0
Thiruvananthapuram,1992,6,30,513.0,294.6,174.1,246.8,0.374,166.7,0.4,1,7.0,1,1
Thiruvananthapuram,1992,7,31,228.0,197.3,115.6,77.4,0.719,166.7,0.4,2,55.0,1,1
Thiruvananthapuram,1992,8,31,121.1,161.6,75.0,26.3,0.714,166.7,0.4,0,,0,0
Thiruvananthapuram,1992,9,30,124.6,187.0,66.6,33.8,0.64,166.7,0.4,0,,0,0
Thiruvananthapuram,1993,6,30,351.2,294.6,119.2,120.1,0.373,166.7,0.5,1,,0,1
Thiruvananthapuram,1993,7,31,290.5,197.3,147.3,111.3,0.623,166.7,0.5,2,2.0,1,1
Thiruvananthapuram,1993,8,31,55.1,161.6,34.1,17.0,0.717,166.7,0.5,0,,0,0
Thiruvananthapuram,1993,9,30,40.2,187.0,21.5,13.5,0.556,166.7,0.5,0,,0,0
Thiruvananthapuram,1994,6,30,268.1,294.6,91.0,77.3,0.41,166.7,0.6,1,30.0,1,1
Thiruvananthapuram,1994,7,31,297.1,197.3,150.6,88.2,0.627,166.7,0.6,2,4.0,1,1
Thiruvananthapuram,1994,8,31,215.7,161.6,133.5,135.0,0.686,166.7,0.6,3,3.0,1,1
Thiruvananthapuram,1994,9,30,102.5,187.0,54.8,44.9,0.719,166.7,0.6,0,,0,0
Thiruvananthapuram,1995,6,30,197.3,294.6,67.0,66.9,0.597,166.7,0.7,1,2.0,1,1
Thiruvananthapuram,1995,7,31,148.7,197.3,75.4,35.5,0.637,166.7,0.7,0,,0,0
Thiruvananthapuram,1995,8,31,96.3,161.6,59.6,38.1,0.609,166.7,0.7,0,,0,0
Thiruvananthapuram,1995,9,30,75.5,187.0,40.4,27.6,0.521,166.7,0.7,0,,0,0
Thiruvananthapuram,1996,6,30,333.1,294.6,113.1,89.3,0.329,166.7,0.7,4,26.0,1,1
Thiruvananthapuram,1996,7,31,259.8,197.3,131.7,66.4,0.616,166.7,0.7,0,,0,0
Thiruvananthapuram,1996,8,31,145.9,161.6,90.3,46.1,0.716,166.7,0.7,1,,0,1
Thiruvananthapuram,1996,9,30,164.3,187.0,87.9,69.1,0.669,166.7,0.7,0,,0,0
Thiruvananthapuram,1997,6,30,391.7,294.6,133.0,141.7,0.369,166.7,0.7,0,,0,0
Thiruvananthapuram,1997,7,31,277.3,197.3,140.6,67.3,0.581,166.7,0.7,1,30.0,1,1
Thiruvananthapuram,1997,8,31,166.3,161.6,102.9,46.1,0.757,166.7,0.7,1,,0,1
Thiruvananthapuram,1997,9,30,403.2,187.0,215.6,114.7,0.696,166.7,0.7,1,,0,1
Thiruvananthapuram,1998,6,30,290.9,294.6,98.7,74.3,0.51,166.7,0.8,0,,0,0
Thiruvananthapuram,1998,7,31,127.5,197.3,64.6,43.6,0.643,166.7,0.8,1,45.0,1,1
Thiruvananthapuram,1998,8,31,208.7,161.6,129.2,131.2,0.623,166.7,0.8,0,,0,0
Thiruvananthapuram,1998,9,30,392.3,187.0,209.8,102.9,0.656,166.7,0.8,0,,0,0
Thiruvananthapuram,1999,6,30,378.0,294.6,128.3,180.0,0.619,166.7,0.9,1,18.0,1,1
Thiruvananthapuram,1999,7,31,156.3,197.3,79.2,52.6,0.767,166.7,0.9,1,19.0,1,1
Thiruvananthapuram,1999,8,31,76.3,161.6,47.2,28.3,0.706,166.7,0.9,0,,0,0
Thiruvananthapuram,1999,9,30,37.6,187.0,20.1,23.2,0.597,166.7,0.9,0,,0,0
Thiruvananthapuram,2000,6,30,251.4,294.6,85.3,98.0,0.339,166.7,0.9,0,,0,0
Thiruvananthapuram,2000,7,31,63.9,197.3,32.4,25.6,0.504,166.7,0.9,1,63.0,1,1
Thiruvananthapuram,2000,8,31,341.0,161.6,211.0,135.1,0.429,166.7,0.9,1,37.0,1,1
Thiruvananthapuram,2000,9,30,131.9,187.0,70.5,48.4,0.676,166.7,0.9,0,,0,0
Thiruvananthapuram,2001,6,30,304.9,294.6,103.5,74.5,0.539,166.7,1.0,0,,0,0
Thiruvananthapuram,2001,7,31,313.9,197.3,159.1,154.0,0.689,166.7,1.0,1,22.0,1,1
Thiruvananthapuram,2001,8,31,177.7,161.6,110.0,87.4,0.74,166.7,1.0,0,,0,0
Thiruvananthapuram,2001,9,30,456.3,187.0,244.0,187.8,0.706,166.7,1.0,1,,0,1
Thiruvananthapuram,2002,6,30,171.6,294.6,58.2,92.8,0.52,166.7,1.0,0,,0,0
Thiruvananthapuram,2002,7,31,72.1,197.3,36.5,28.4,0.557,166.7,1.0,0,,0,0
Thiruvananthapuram,2002,8,31,128.5,161.6,79.5,67.4,0.429,166.7,1.0,0,,0,0
Thiruvananthapuram,2002,9,30,34.4,187.0,18.4,19.8,0.474,166.7,1.0,0,,0,0
Thiruvananthapuram,2003,6,30,250.5,294.6,85.0,74.3,0.374,166.7,0.9,1,6.0,1,1
Thiruvananthapuram,2003,7,31,150.9,197.3,76.5,55.1,0.576,166.7,0.9,0,,0,0
Thiruvananthapuram,2003,8,31,124.3,161.6,76.9,50.6,0.567,166.7,0.9,0,,0,0
Thiruvananthapuram,2003,9,30,19.9,187.0,10.6,8.2,0.541,166.7,0.9,0,,0,0
Thiruvananthapuram,2004,6,30,276.9,294.6,94.0,67.7,0.737,166.7,0.9,1,25.0,1,1
Thiruvananthapuram,2004,7,31,269.6,197.3,136.6,91.4,0.749,166.7,0.9,2,,0,1
Thiruvananthapuram,2004,8,31,134.8,161.6,83.4,71.7,0.777,166.7,0.9,0,,0,0
Thiruvananthapuram,2004,9,30,328.9,187.0,175.9,128.6,0.683,166.7,0.9,0,,0,0
Thiruvananthapuram,2005,6,30,303.4,294.6,103.0,70.1,0.491,166.7,0.9,2,9.0,1,1
Thiruvananthapuram,2005,7,31,263.8,197.3,133.7,81.3,0.704,166.7,0.9,1,28.0,1,1
Thiruvananthapuram,2005,8,31,60.3,161.6,37.3,24.2,0.731,166.7,0.9,0,,0,0
Thiruvananthapuram,2005,9,30,217.9,187.0,116.5,95.1,0.606,166.7,0.9,1,,0,1
Thiruvananthapuram,2006,6,30,222.4,294.6,75.5,151.2,0.51,166.7,0.9,1,3.0,1,1
Thiruvananthapuram,2006,7,31,192.8,197.3,97.7,80.6,0.674,166.7,0.9,0,,0,0
Thiruvananthapuram,2006,8,31,137.7,161.6,85.2,53.5,0.67,166.7,0.9,0,,0,0
Thiruvananthapuram,2006,9,30,414.4,187.0,221.6,126.2,0.616,166.7,0.9,2,2.0,1,1
Thiruvananthapuram,2007,6,30,345.9,294.6,117.4,142.3,0.479,166.7,0.9,1,77.0,1,1
Thiruvananthapuram,2007,7,31,348.7,197.3,176.8,74.4,0.739,166.7,0.9,1,30.0,1,1
Thiruvananthapuram,2007,8,31,168.7,161.6,104.4,44.9,0.829,166.7,0.9,0,,0,0
Thiruvananthapuram,2007,9,30,284.8,187.0,152.3,82.0,0.753,166.7,0.9,1,,0,1
Thiruvananthapuram,2008,6,30,126.0,294.6,42.8,39.1,0.511,166.7,0.9,0,,0,0
Thiruvananthapuram,2008,7,31,246.4,197.3,124.9,81.2,0.537,166.7,0.9,2,2.0,1,1
Thiruvananthapuram,2008,8,31,180.4,161.6,111.6,118.0,0.626,166.7,0.9,1,,0,1
Thiruvananthapuram,2008,9,30,178.1,187.0,95.2,62.6,0.583,166.7,0.9,1,1.0,1,1
Thiruvananthapuram,2009,6,30,226.8,294.6,77.0,56.3,0.514,166.7,0.9,0,,0,0
Thiruvananthapuram,2009,7,31,218.8,197.3,110.9,71.3,0.593,166.7,0.9,1,33.0,1,1
Thiruvananthapuram,2009,8,31,94.5,161.6,58.5,39.7,0.64,166.7,0.9,0,,0,0
Thiruvananthapuram,2009,9,30,191.1,187.0,102.2,49.8,0.574,166.7,0.9,0,,0,0
Thiruvananthapuram,2010,6,30,241.3,294.6,81.9,73.9,0.473,166.7,0.9,1,,0,1
Thiruvananthapuram,2010,7,31,213.0,197.3,108.0,97.5,0.593,166.7,0.9,1,,0,1
Thiruvananthapuram,2010,8,31,103.1,161.6,63.8,24.9,0.641,166.7,0.9,0,,0,0
Thiruvananthapuram,2010,9,30,145.4,187.0,77.7,51.7,0.57,166.7,0.9,0,,0,0
Thiruvananthapuram,2011,6,30,224.4,294.6,76.2,106.4,0.377,166.7,0.9,2,5.0,1,1
Thiruvananthapuram,2011,7,31,106.6,197.3,54.0,30.0,0.509,166.7,0.9,0,,0,0
Thiruvananthapuram,2011,8,31,112.2,161.6,69.4,52.1,0.486,166.7,0.9,2,3.0,1,1
Thiruvananthapuram,2011,9,30,117.9,187.0,63.0,43.1,0.436,166.7,0.9,1,2.0,1,1
Thiruvananthapuram,2012,6,30,103.5,294.6,35.1,28.7,0.406,166.7,0.9,0,,0,0
Thiruvananthapuram,2012,7,31,138.4,197.3,70.1,55.5,0.424,166.7,0.9,1,3.0,1,1
Thiruvananthapuram,2012,8,31,162.1,161.6,100.3,53.8,0.46,166.7,0.9,0,,0,0
Thiruvananthapuram,2012,9,30,77.7,187.0,41.5,36.9,0.473,166.7,0.9,0,,0,0
Thiruvananthapuram,2013,6,30,441.3,294.6,149.8,76.5,0.384,166.7,1.0,3,7.0,1,1
Thiruvananthapuram,2013,7,31,230.4,197.3,116.8,45.2,0.727,166.7,1.0,2,,0,1
Thiruvananthapuram,2013,8,31,133.4,161.6,82.5,77.7,0.763,166.7,1.0,1,,0,1
Thiruvananthapuram,2013,9,30,162.4,187.0,86.9,50.2,0.67,166.7,1.0,1,,0,1
Thiruvananthapuram,2014,6,30,130.1,294.6,44.2,40.3,0.497,166.7,1.0,1,,0,1
Thiruvananthapuram,2014,7,31,145.0,197.3,73.5,40.1,0.493,166.7,1.0,0,,0,0
Thiruvananthapuram,2014,8,31,437.3,161.6,270.6,178.0,0.491,166.7,1.0,2,4.0,1,1
Thiruvananthapuram,2014,9,30,172.3,187.0,92.1,83.5,0.736,166.7,1.0,2,,0,1
Thiruvananthapuram,2015,6,30,305.0,294.6,103.5,113.5,0.653,166.7,1.0,2,12.0,1,1
Thiruvananthapuram,2015,7,31,67.3,197.3,34.1,30.2,0.737,166.7,1.0,0,,0,0
Thiruvananthapuram,2015,8,31,61.8,161.6,38.2,18.0,0.666,166.7,1.0,0,,0,0
Thiruvananthapuram,2015,9,30,225.0,187.0,120.3,55.5,0.551,166.7,1.0,1,,0,1
Thiruvananthapuram,2016,6,30,300.4,294.6,102.0,105.8,0.543,166.7,1.0,3,4.0,1,1
Thiruvananthapuram,2016,7,31,127.5,197.3,64.6,42.0,0.674,166.7,1.0,0,,0,0
Thiruvananthapuram,2016,8,31,55.7,161.6,34.5,16.0,0.634,166.7,1.0,0,,0,0
Thiruvananthapuram,2016,9,30,17.8,187.0,9.5,4.9,0.504,166.7,1.0,0,,0,0
Thiruvananthapuram,2017,6,30,265.1,294.6,90.0,95.9,0.419,166.7,1.0,2,,0,1
Thiruvananthapuram,2017,7,31,67.9,197.3,34.4,13.2,0.574,166.7,1.0,0,,0,0
Thiruvananthapuram,2017,8,31,127.7,161.6,79.0,34.4,0.506,166.7,1.0,0,,0,0
Thiruvananthapuram,2017,9,30,267.9,187.0,143.3,74.5,0.513,166.7,1.0,4,15.0,1,1
Thiruvananthapuram,2018,6,30,288.9,294.6,98.1,62.9,0.487,166.7,1.0,1,138.0,1,1
Thiruvananthapuram,2018,7,31,267.4,197.3,135.6,63.3,0.653,166.7,1.0,1,138.0,1,1
Thiruvananthapuram,2018,8,31,340.4,161.6,210.7,147.9,0.691,166.7,1.0,1,339.0,1,1
Thiruvananthapuram,2018,9,30,85.9,187.0,45.9,39.4,0.773,166.7,1.0,0,,0,0
Thiruvananthapuram,2019,6,30,214.5,294.6,72.8,77.0,0.383,166.7,1.0,1,2.0,1,1
Thiruvananthapuram,2019,7,31,145.9,197.3,73.9,70.6,0.526,166.7,1.0,1,12.0,1,1
Thiruvananthapuram,2019,8,31,335.3,161.6,207.5,109.1,0.529,166.7,1.0,6,52.0,1,1
Thiruvananthapuram,2019,9,30,269.8,187.0,144.3,83.1,0.657,166.7,1.0,1,,0,1
Thiruvananthapuram,2020,6,30,234.9,294.6,79.7,82.8,0.566,166.7,1.0,1,,0,1
Thiruvananthapuram,2020,7,31,183.9,197.3,93.2,70.2,0.641,166.7,1.0,0,,0,0
Thiruvananthapuram,2020,8,31,168.6,161.6,104.3,83.5,0.639,166.7,1.0,1,,0,1
Thiruvananthapuram,2020,9,30,461.2,187.0,246.7,191.6,0.629,166.7,1.0,4,1.0,1,1
Thiruvananthapuram,2021,6,30,113.4,294.6,38.5,45.9,0.819,166.7,1.0,1,,0,1
Thiruvananthapuram,2021,7,31,209.1,197.3,106.0,74.2,0.731,166.7,1.0,0,,0,0
Thiruvananthapuram,2021,8,31,160.1,161.6,99.1,47.7,0.717,166.7,1.0,0,,0,0
Thiruvananthapuram,2021,9,30,212.3,187.0,113.5,93.2,0.643,166.7,1.0,1,,0,1
Thiruvananthapuram,2022,6,30,137.9,294.6,46.8,32.7,0.586,166.7,1.0,0,,0,0
Thiruvananthapuram,2022,7,31,155.4,197.3,78.8,51.4,0.57,166.7,1.0,1,4.0,1,1
Thiruvananthapuram,2022,8,31,226.1,161.6,139.9,96.6,0.554,166.7,1.0,2,2.0,1,1
Thiruvananthapuram,2022,9,30,71.6,187.0,38.3,29.9,0.573,166.7,1.0,1,2.0,1,1
Thiruvananthapuram,2023,6,30,116.9,294.6,39.7,29.5,0.411,166.7,1.0,0,,0,0
Thiruvananthapuram,2023,7,31,160.8,197.3,81.5,75.4,0.434,166.7,1.0,0,,0,0
Thiruvananthapuram,2023,8,31,38.6,161.6,23.9,27.3,0.487,166.7,1.0,0,,0,0
Thiruvananthapuram,2023,9,30,323.9,187.0,173.2,84.9,0.376,166.7,1.0,0,,0,0
